ls_xy,ls_z,os_xyz,ls_t,os_t,ls_ap,mse
0.06,0.5,25.0,5.0,75.0,1000000.0,
0.06,1.0,150.0,0.02,25.0,1000000.0,
0.015,0.5,150.0,5.0,75.0,2.0,63.623390197753906
0.015,1.0,150.0,0.1,25.0,2.0,69.19763946533203
0.015,0.25,25.0,5.0,5.0,2.0,57.53265380859375
0.12,0.25,150.0,5.0,25.0,1.0,
0.24,1.0,150.0,0.1,5.0,0.5,
0.03,0.5,25.0,0.02,5.0,0.5,57.46868896484375
0.12,1.0,75.0,0.02,5.0,0.5,63.83810806274414
0.015,0.5,25.0,50.0,75.0,0.5,52.65255355834961
0.03,0.5,75.0,0.5,25.0,1000000.0,69.11343383789062
0.12,0.25,75.0,50.0,25.0,2.0,
0.03,0.25,25.0,50.0,25.0,1.0,53.328548431396484
0.06,0.25,25.0,0.1,25.0,2.0,71.35026550292969
0.06,0.25,25.0,5.0,25.0,2.0,65.00311279296875
0.03,0.5,25.0,5.0,25.0,0.5,54.160953521728516
0.06,0.25,25.0,0.02,25.0,1000000.0,93.94573974609375
0.06,0.25,75.0,0.1,25.0,0.5,67.79580688476562
0.03,0.5,25.0,0.1,25.0,1000000.0,74.95840454101562
0.015,0.5,75.0,50.0,25.0,1.0,54.96025848388672
0.015,0.5,150.0,50.0,25.0,1.0,57.41450500488281
0.015,0.5,150.0,0.1,75.0,2.0,75.1441879272461
0.12,0.25,25.0,50.0,5.0,2.0,68.82557678222656
0.03,0.25,75.0,0.02,75.0,1.0,79.98457336425781
0.12,1.0,150.0,0.1,25.0,1.0,
0.015,0.25,75.0,50.0,25.0,0.5,53.923709869384766
0.03,0.5,150.0,0.5,75.0,1000000.0,
0.06,0.25,150.0,5.0,25.0,2.0,62.788204193115234
0.12,1.0,150.0,0.02,5.0,1000000.0,
0.24,0.25,25.0,0.1,5.0,2.0,82.00132751464844
0.015,1.0,75.0,5.0,5.0,1.0,56.215240478515625
0.24,1.0,75.0,0.02,5.0,1.0,72.24517059326172
0.24,0.25,25.0,0.1,25.0,0.5,82.22438049316406
0.03,0.25,75.0,50.0,25.0,1000000.0,65.54932403564453
0.12,0.5,75.0,0.02,75.0,1000000.0,
0.24,0.25,150.0,50.0,25.0,1.0,
0.24,0.5,25.0,50.0,25.0,1000000.0,
0.03,0.25,25.0,5.0,5.0,2.0,57.36510467529297
0.015,1.0,150.0,0.5,5.0,1000000.0,68.84358215332031
0.06,0.5,25.0,0.1,75.0,1000000.0,
0.015,0.25,150.0,5.0,5.0,2.0,61.05763244628906
0.12,1.0,25.0,0.1,5.0,2.0,74.63048553466797
0.12,1.0,150.0,5.0,75.0,1.0,
0.03,1.0,75.0,0.1,75.0,1000000.0,75.37994384765625
0.24,0.25,25.0,0.1,25.0,1.0,87.05542755126953
0.015,1.0,75.0,5.0,75.0,1.0,57.833648681640625
0.015,1.0,25.0,0.02,75.0,1000000.0,92.71939849853516
0.03,0.5,25.0,0.1,5.0,1.0,57.24856185913086
0.03,1.0,25.0,0.1,75.0,1.0,69.80146789550781
0.06,0.5,150.0,50.0,75.0,2.0,
0.24,1.0,75.0,5.0,25.0,2.0,
0.24,0.25,150.0,50.0,75.0,1000000.0,
0.015,1.0,75.0,0.1,25.0,1000000.0,71.74330139160156
0.24,0.25,150.0,50.0,75.0,2.0,
0.015,0.25,150.0,0.5,5.0,0.5,56.674373626708984
0.24,0.5,75.0,0.02,25.0,2.0,
0.12,0.5,75.0,5.0,25.0,2.0,
0.24,1.0,75.0,5.0,25.0,0.5,71.37724304199219
0.015,0.5,150.0,0.5,25.0,0.5,58.751224517822266
0.12,0.5,25.0,50.0,5.0,2.0,69.21798706054688
0.03,1.0,150.0,0.02,25.0,1000000.0,82.22862243652344
0.015,0.5,75.0,50.0,5.0,2.0,57.62313461303711
0.12,0.25,75.0,0.5,25.0,0.5,67.81057739257812
0.03,1.0,150.0,0.5,25.0,0.5,62.713680267333984
0.12,0.25,150.0,50.0,25.0,1.0,
0.12,0.25,150.0,0.02,75.0,2.0,
0.03,1.0,150.0,0.02,5.0,2.0,55.59154510498047
0.06,1.0,25.0,5.0,25.0,0.5,63.21932601928711
0.12,0.5,25.0,50.0,75.0,1.0,
0.03,0.5,75.0,0.1,5.0,1.0,54.6554069519043
0.24,0.25,150.0,0.5,5.0,1000000.0,
0.24,0.5,25.0,0.02,5.0,1000000.0,97.63719177246094
0.12,0.5,150.0,50.0,75.0,1000000.0,
0.015,0.25,25.0,0.5,75.0,0.5,56.05272674560547
0.03,0.5,150.0,0.02,5.0,2.0,55.428157806396484
0.24,1.0,25.0,0.02,5.0,2.0,82.87989044189453
0.015,0.25,150.0,0.5,25.0,1.0,60.35188293457031
0.015,0.25,25.0,5.0,25.0,1000000.0,63.323116302490234
0.06,0.25,25.0,0.02,25.0,0.5,76.3622817993164
0.015,1.0,25.0,0.02,25.0,1000000.0,85.50605010986328
0.24,0.5,150.0,5.0,5.0,2.0,
0.015,0.25,75.0,50.0,25.0,2.0,57.94801712036133
0.06,0.5,75.0,0.1,25.0,1.0,67.5653305053711
0.03,0.5,25.0,50.0,25.0,1.0,53.81277084350586
0.06,0.5,25.0,0.02,75.0,1000000.0,103.66436767578125
0.24,0.5,25.0,0.1,5.0,1000000.0,100.18573760986328
0.015,1.0,150.0,5.0,75.0,1000000.0,70.25421905517578
0.06,1.0,25.0,0.5,5.0,1.0,64.26598358154297
0.015,0.5,25.0,5.0,25.0,0.5,52.88246154785156
0.12,0.25,25.0,50.0,5.0,1000000.0,82.27071380615234
0.015,0.5,25.0,0.5,25.0,2.0,60.3572883605957
0.03,0.25,25.0,0.1,5.0,0.5,56.98185729980469
0.24,1.0,75.0,50.0,5.0,1.0,
0.06,1.0,75.0,50.0,75.0,1.0,
0.03,0.5,25.0,0.02,5.0,1000000.0,73.46405029296875
0.24,0.25,25.0,50.0,75.0,1000000.0,
0.12,1.0,25.0,50.0,25.0,1000000.0,
0.24,0.25,25.0,0.02,25.0,0.5,86.65361022949219
0.03,0.25,150.0,0.02,5.0,2.0,55.424888610839844
0.015,1.0,25.0,50.0,75.0,2.0,58.325233459472656
0.24,0.5,75.0,5.0,75.0,0.5,
0.12,0.5,75.0,0.5,75.0,0.5,
0.06,1.0,150.0,0.1,25.0,1000000.0,
0.12,0.5,25.0,5.0,75.0,1.0,
0.03,0.5,25.0,50.0,75.0,2.0,58.172542572021484
0.015,1.0,150.0,0.1,75.0,0.5,76.65338897705078
0.06,0.5,75.0,0.02,5.0,1.0,58.5782585144043
0.06,0.5,75.0,0.5,25.0,1000000.0,
0.03,0.5,150.0,50.0,75.0,2.0,57.83305740356445
0.24,0.25,75.0,0.1,25.0,0.5,81.7778091430664
0.015,1.0,150.0,0.02,75.0,0.5,80.60443878173828
0.24,0.25,75.0,50.0,5.0,0.5,65.29581451416016
0.06,0.25,75.0,0.02,5.0,1.0,58.42164993286133
0.03,1.0,75.0,50.0,75.0,1.0,57.767398834228516
0.015,0.25,75.0,5.0,75.0,0.5,55.91066360473633
0.24,0.25,75.0,50.0,75.0,2.0,
0.06,0.25,25.0,5.0,75.0,2.0,
0.03,0.5,150.0,50.0,25.0,1.0,56.90013885498047
0.015,1.0,25.0,0.5,25.0,1000000.0,66.1878662109375
0.24,0.5,150.0,0.5,25.0,2.0,
0.12,1.0,75.0,5.0,25.0,1.0,
0.12,1.0,75.0,0.1,75.0,1.0,
0.06,1.0,75.0,0.02,5.0,1.0,59.47480773925781
0.015,0.5,150.0,0.5,75.0,2.0,63.07195281982422
0.03,1.0,75.0,50.0,75.0,0.5,57.53403091430664
0.06,0.5,75.0,0.5,5.0,2.0,62.545005798339844
0.06,1.0,150.0,50.0,75.0,2.0,
0.015,1.0,25.0,0.5,5.0,0.5,54.617950439453125
0.24,0.25,25.0,0.5,5.0,0.5,70.60204315185547
0.12,0.5,150.0,0.1,75.0,0.5,
0.03,0.25,25.0,0.5,25.0,1000000.0,69.91085052490234
0.03,1.0,150.0,50.0,25.0,2.0,58.330562591552734
0.12,0.5,25.0,0.02,25.0,2.0,92.14946746826172
0.06,0.5,150.0,0.5,25.0,0.5,
0.24,0.25,25.0,0.5,25.0,0.5,75.14588928222656
0.06,1.0,75.0,0.5,5.0,1.0,60.96862030029297
0.12,0.5,25.0,0.1,75.0,1000000.0,
0.06,0.5,25.0,50.0,5.0,2.0,63.594852447509766
0.03,0.25,25.0,5.0,5.0,1.0,53.34661102294922
0.12,1.0,25.0,0.02,75.0,2.0,103.68684387207031
0.12,0.5,75.0,50.0,25.0,0.5,64.89022064208984
0.03,1.0,25.0,0.5,25.0,0.5,57.559200286865234
0.015,0.25,75.0,0.02,25.0,2.0,74.73509216308594
0.015,0.5,75.0,0.5,75.0,1.0,58.189781188964844
0.12,1.0,25.0,50.0,5.0,1000000.0,84.303955078125
0.12,1.0,75.0,0.02,5.0,1.0,67.19847869873047
0.24,0.25,25.0,5.0,75.0,1000000.0,
0.03,1.0,150.0,50.0,75.0,1.0,60.480384826660156
0.015,0.25,75.0,0.02,5.0,2.0,61.693450927734375
0.24,0.25,150.0,0.5,5.0,1.0,
0.06,0.25,25.0,5.0,5.0,0.5,58.16620635986328
0.03,1.0,150.0,0.02,25.0,1.0,64.30081176757812
0.03,0.25,25.0,0.1,5.0,2.0,61.5106086730957
0.24,0.5,25.0,0.02,5.0,2.0,81.81065368652344
0.015,0.25,150.0,0.02,5.0,1000000.0,69.64214324951172
0.24,0.5,25.0,0.1,75.0,1000000.0,119.35433959960938
0.24,0.25,25.0,0.1,5.0,1000000.0,99.94987487792969
0.06,1.0,150.0,50.0,25.0,2.0,
0.06,0.5,150.0,0.1,75.0,0.5,83.50828552246094
0.24,0.5,25.0,0.1,25.0,1.0,87.57122039794922
0.24,0.5,25.0,50.0,5.0,0.5,68.41436767578125
0.12,0.25,75.0,0.02,75.0,1000000.0,
0.12,0.25,25.0,50.0,25.0,1.0,66.41637420654297
0.03,1.0,25.0,0.5,25.0,1.0,58.41490936279297
0.03,1.0,25.0,0.1,25.0,2.0,67.59370422363281
0.03,0.5,75.0,0.5,5.0,1.0,54.92399978637695
0.24,0.5,150.0,50.0,75.0,0.5,
0.015,0.5,25.0,0.1,75.0,1.0,67.55284118652344
0.06,0.25,150.0,5.0,5.0,0.5,57.87246322631836
0.06,1.0,150.0,5.0,25.0,0.5,67.15577697753906
0.12,1.0,25.0,5.0,75.0,1.0,
0.12,0.25,75.0,0.1,5.0,0.5,63.031890869140625
0.03,0.5,75.0,50.0,5.0,0.5,53.28765106201172
0.06,0.25,75.0,5.0,75.0,0.5,61.96144485473633
0.015,1.0,150.0,50.0,5.0,1000000.0,67.81558990478516
0.015,0.25,25.0,50.0,25.0,0.5,52.44083786010742
0.24,0.25,150.0,0.02,75.0,0.5,
0.12,0.5,75.0,50.0,25.0,2.0,
0.06,0.25,25.0,50.0,75.0,1000000.0,
0.12,0.5,75.0,5.0,5.0,1.0,63.26712417602539
0.12,0.25,150.0,0.02,25.0,2.0,
0.24,1.0,150.0,5.0,5.0,1.0,
0.12,0.25,150.0,0.02,75.0,1.0,
0.12,0.25,75.0,0.1,75.0,0.5,
0.12,0.25,25.0,5.0,5.0,1.0,65.98841094970703
0.015,0.5,25.0,0.1,75.0,2.0,70.45726776123047
0.12,1.0,150.0,0.1,25.0,0.5,
0.24,1.0,150.0,0.02,75.0,1.0,
0.015,1.0,75.0,0.02,5.0,1000000.0,69.35072326660156
0.24,0.25,75.0,50.0,5.0,1.0,
0.24,1.0,75.0,0.1,5.0,0.5,71.24227905273438
0.24,0.5,25.0,0.5,25.0,0.5,76.11532592773438
0.24,0.25,150.0,0.1,25.0,0.5,
0.06,0.25,25.0,0.1,75.0,0.5,76.12449645996094
0.03,0.25,75.0,0.5,5.0,1.0,54.607810974121094
0.06,1.0,75.0,0.1,25.0,2.0,69.48908233642578
0.24,0.5,25.0,0.02,75.0,1.0,99.17048645019531
0.03,1.0,75.0,0.02,5.0,1000000.0,69.7846450805664
0.12,1.0,75.0,50.0,5.0,1.0,62.91788101196289
0.06,1.0,150.0,50.0,5.0,1.0,57.65298080444336
0.12,1.0,75.0,0.02,75.0,2.0,
0.015,1.0,150.0,0.5,25.0,2.0,63.16230392456055
0.12,1.0,150.0,5.0,5.0,1000000.0,
0.06,0.5,25.0,0.5,25.0,1.0,63.4744758605957
0.24,1.0,25.0,50.0,75.0,2.0,
0.24,1.0,75.0,50.0,75.0,1000000.0,
0.03,1.0,25.0,5.0,5.0,1.0,55.43130111694336
0.06,0.5,25.0,0.02,25.0,2.0,83.39506530761719
0.12,1.0,25.0,50.0,75.0,0.5,
0.12,0.25,150.0,0.1,75.0,1000000.0,
0.03,0.25,150.0,0.5,5.0,1000000.0,67.07608795166016
0.03,0.5,75.0,0.1,75.0,0.5,72.52095031738281
0.03,0.25,150.0,5.0,5.0,1.0,56.00083541870117
0.06,1.0,25.0,50.0,75.0,1.0,
0.06,0.25,75.0,50.0,5.0,2.0,58.895713806152344
0.015,0.5,25.0,5.0,5.0,2.0,57.55575180053711
0.015,0.5,25.0,0.5,5.0,0.5,54.309730529785156
0.015,1.0,150.0,0.5,75.0,0.5,60.263648986816406
0.06,0.25,75.0,50.0,5.0,0.5,56.22747802734375
0.12,0.5,25.0,0.5,5.0,1000000.0,88.5091552734375
0.03,0.5,25.0,0.1,75.0,2.0,70.60472106933594
0.03,0.5,150.0,0.5,25.0,0.5,61.038700103759766
0.24,0.25,150.0,50.0,25.0,1000000.0,
0.24,0.25,25.0,5.0,25.0,0.5,71.34061431884766
0.12,1.0,150.0,50.0,75.0,1.0,
0.015,1.0,25.0,50.0,75.0,1000000.0,63.84005355834961
0.03,1.0,150.0,0.5,75.0,0.5,64.24612426757812
0.015,1.0,150.0,50.0,75.0,2.0,61.91220474243164
0.015,0.25,25.0,50.0,25.0,1000000.0,63.257179260253906
0.015,1.0,25.0,0.5,75.0,1.0,57.60311508178711
0.03,0.5,150.0,0.5,25.0,1000000.0,
0.06,1.0,150.0,0.5,25.0,0.5,
0.03,0.5,150.0,5.0,25.0,1000000.0,
0.015,1.0,75.0,5.0,25.0,1000000.0,65.75992584228516
0.015,0.5,150.0,0.1,75.0,1000000.0,78.28421783447266
0.24,0.5,150.0,5.0,75.0,1000000.0,
0.03,0.25,150.0,0.02,75.0,1000000.0,98.4646224975586
0.24,0.25,75.0,0.1,5.0,1000000.0,
0.24,0.5,25.0,0.02,5.0,0.5,72.3055191040039
0.24,0.25,75.0,0.02,75.0,0.5,97.992919921875
0.24,1.0,25.0,0.1,75.0,1000000.0,
0.06,1.0,150.0,0.1,75.0,2.0,
0.24,0.5,75.0,0.02,75.0,1.0,
0.06,0.25,25.0,0.02,5.0,0.5,60.88517761230469
0.03,0.25,25.0,0.5,5.0,1.0,55.092281341552734
0.12,0.5,150.0,0.5,75.0,1000000.0,
0.12,0.5,25.0,0.02,25.0,1000000.0,103.29578399658203
0.03,0.5,75.0,5.0,75.0,1.0,57.71377182006836
0.015,1.0,75.0,50.0,25.0,0.5,54.35197448730469
0.03,0.25,150.0,0.1,75.0,1.0,74.4357681274414
0.24,1.0,25.0,5.0,5.0,2.0,75.87840270996094
0.03,0.25,150.0,0.5,5.0,2.0,55.649147033691406
0.12,0.25,75.0,5.0,5.0,1000000.0,
0.015,0.25,150.0,5.0,5.0,1.0,59.02712631225586
0.06,0.5,75.0,0.02,75.0,2.0,90.39018249511719
0.12,0.5,150.0,0.5,75.0,1.0,
0.12,0.5,150.0,5.0,5.0,1.0,
0.03,0.5,25.0,0.02,5.0,1.0,58.4279670715332
0.015,0.25,75.0,0.1,25.0,1000000.0,71.46757507324219
0.06,0.25,75.0,50.0,75.0,1.0,
0.12,0.5,25.0,0.1,75.0,2.0,88.70693969726562
0.24,1.0,150.0,0.1,5.0,2.0,
0.12,1.0,25.0,0.02,25.0,2.0,92.84114074707031
0.12,0.5,25.0,5.0,75.0,2.0,
0.24,0.5,25.0,0.5,5.0,0.5,70.92007446289062
0.24,1.0,150.0,5.0,25.0,1.0,
0.03,0.25,25.0,50.0,75.0,0.5,53.485939025878906
0.015,0.5,25.0,0.1,25.0,0.5,63.980201721191406
0.015,0.25,150.0,50.0,5.0,1000000.0,67.43229675292969
0.24,0.5,75.0,5.0,25.0,1000000.0,
0.24,1.0,75.0,50.0,25.0,2.0,
0.06,0.5,75.0,0.02,75.0,0.5,82.70743560791016
0.12,1.0,25.0,0.5,25.0,1000000.0,
0.24,0.25,150.0,0.5,75.0,1000000.0,
0.12,0.25,150.0,0.02,5.0,2.0,
0.015,0.5,25.0,5.0,75.0,2.0,58.057373046875
0.03,1.0,150.0,0.02,5.0,1.0,53.869632720947266
0.03,0.25,150.0,5.0,5.0,2.0,54.6896858215332
0.24,0.5,75.0,5.0,25.0,0.5,69.81301879882812
0.03,1.0,25.0,50.0,75.0,1000000.0,
0.015,0.25,150.0,0.5,25.0,0.5,58.66597366333008
0.015,0.25,75.0,50.0,75.0,1.0,55.51193618774414
0.03,1.0,150.0,0.02,75.0,2.0,81.34443664550781
0.24,0.25,25.0,50.0,75.0,2.0,
0.06,0.25,25.0,0.5,25.0,2.0,67.25992584228516
0.24,0.25,150.0,0.5,25.0,1.0,
0.12,0.25,75.0,5.0,25.0,0.5,64.93995666503906
0.24,0.25,25.0,0.02,5.0,0.5,72.19242095947266
0.03,1.0,25.0,50.0,75.0,1.0,56.34135818481445
0.03,0.25,150.0,0.1,75.0,1000000.0,74.71195220947266
0.03,0.25,25.0,0.5,75.0,1000000.0,
0.12,0.5,150.0,50.0,5.0,1000000.0,
0.24,0.5,150.0,0.1,75.0,1.0,
0.03,0.5,75.0,0.1,5.0,0.5,55.19565963745117
0.06,0.25,75.0,0.02,5.0,2.0,62.78300857543945
0.015,0.25,75.0,5.0,25.0,1.0,56.66023254394531
0.015,0.5,150.0,5.0,5.0,1000000.0,67.92743682861328
0.03,1.0,25.0,0.02,25.0,0.5,73.50788879394531
0.12,1.0,25.0,0.02,75.0,0.5,97.31059265136719
0.06,1.0,150.0,50.0,75.0,0.5,
0.03,0.25,150.0,0.1,75.0,2.0,69.04724884033203
0.12,0.25,75.0,0.5,5.0,0.5,63.088897705078125
0.03,0.5,150.0,0.1,25.0,0.5,65.5162353515625
0.03,0.25,150.0,0.5,25.0,2.0,58.4297981262207
0.06,0.25,75.0,5.0,25.0,0.5,60.88661575317383
0.06,0.25,75.0,0.5,5.0,2.0,62.169273376464844
0.12,0.25,75.0,0.5,25.0,1.0,
0.03,0.5,25.0,50.0,75.0,0.5,53.831241607666016
0.015,0.25,25.0,0.1,25.0,0.5,63.82802200317383
0.24,0.5,150.0,0.02,75.0,2.0,
0.12,0.5,25.0,0.02,75.0,2.0,103.42383575439453
0.015,0.25,25.0,0.02,75.0,2.0,88.06163787841797
0.03,0.25,150.0,5.0,75.0,2.0,58.6164436340332
0.12,1.0,75.0,0.1,5.0,1000000.0,
0.24,1.0,25.0,5.0,25.0,2.0,
0.015,1.0,25.0,50.0,5.0,0.5,52.522491455078125
0.03,0.5,75.0,0.5,75.0,2.0,58.60337448120117
0.06,0.5,75.0,50.0,25.0,1.0,60.98765563964844
0.03,1.0,75.0,0.1,75.0,1.0,71.32231140136719
0.24,0.5,25.0,5.0,25.0,2.0,
0.24,1.0,75.0,0.5,75.0,0.5,
0.12,0.25,150.0,0.02,75.0,0.5,90.14472198486328
0.06,0.5,150.0,0.5,75.0,0.5,
0.03,0.5,150.0,5.0,25.0,1.0,60.34099197387695
0.03,0.5,150.0,50.0,75.0,1.0,58.6624641418457
0.015,1.0,150.0,50.0,75.0,1.0,59.10747146606445
0.015,1.0,25.0,0.1,25.0,1000000.0,72.47969055175781
0.12,0.5,75.0,0.5,5.0,2.0,71.34907531738281
0.24,0.5,75.0,0.02,75.0,2.0,
0.03,0.25,150.0,0.1,5.0,1000000.0,67.15251922607422
0.03,0.25,150.0,50.0,75.0,1.0,58.04356384277344
0.06,0.5,150.0,50.0,75.0,0.5,
0.06,1.0,150.0,5.0,5.0,2.0,
0.03,0.25,75.0,0.02,5.0,1.0,53.89753723144531
0.06,0.5,25.0,0.5,75.0,1000000.0,
0.24,0.25,75.0,50.0,25.0,1.0,
0.12,1.0,150.0,0.1,75.0,0.5,
0.015,1.0,150.0,50.0,5.0,1.0,56.61860275268555
0.12,0.25,75.0,0.02,75.0,2.0,101.89779663085938
0.24,0.5,150.0,5.0,75.0,2.0,
0.12,0.5,150.0,50.0,25.0,2.0,
0.015,0.5,150.0,5.0,5.0,1.0,59.10942840576172
0.12,1.0,25.0,0.02,25.0,0.5,84.16720581054688
0.015,0.5,25.0,0.5,75.0,1000000.0,66.42321014404297
0.24,0.5,25.0,0.5,5.0,1.0,74.23538970947266
0.24,0.5,25.0,0.1,75.0,1.0,
0.12,0.5,75.0,50.0,25.0,1000000.0,
0.24,0.25,150.0,0.1,5.0,1.0,
0.03,0.25,150.0,0.02,5.0,0.5,52.95647048950195
0.06,0.5,75.0,5.0,5.0,0.5,57.78996658325195
0.24,0.5,150.0,0.02,5.0,0.5,
0.015,1.0,150.0,0.02,25.0,2.0,72.11869049072266
0.12,0.5,75.0,5.0,25.0,1000000.0,
0.015,0.25,75.0,0.5,25.0,1000000.0,66.56419372558594
0.03,0.5,150.0,0.02,5.0,1.0,53.7085075378418
0.03,0.5,25.0,0.1,5.0,1000000.0,70.6312484741211
0.03,0.5,75.0,50.0,25.0,1.0,54.62747573852539
0.06,0.5,150.0,50.0,25.0,0.5,61.848411560058594
0.015,1.0,25.0,0.02,75.0,2.0,87.75714111328125
0.015,0.25,25.0,0.1,5.0,0.5,57.57168197631836
0.24,0.25,75.0,50.0,75.0,0.5,
0.015,0.5,75.0,5.0,75.0,1.0,57.1547966003418
0.12,0.25,25.0,0.1,75.0,1.0,83.0404052734375
0.015,1.0,75.0,5.0,25.0,2.0,59.470436096191406
0.06,0.5,25.0,5.0,75.0,0.5,60.56732177734375
0.03,0.5,25.0,0.5,5.0,1000000.0,69.10548400878906
0.06,0.5,150.0,50.0,75.0,1.0,
0.03,0.5,25.0,50.0,5.0,0.5,52.60105514526367
0.015,0.5,150.0,0.5,5.0,1.0,58.33225631713867
0.06,1.0,75.0,5.0,75.0,2.0,
0.015,0.5,25.0,50.0,5.0,1.0,53.354061126708984
0.03,0.25,75.0,5.0,25.0,2.0,55.865482330322266
0.015,0.5,75.0,0.02,25.0,1000000.0,82.09990692138672
0.03,0.25,25.0,5.0,25.0,1.0,54.12993621826172
0.24,1.0,25.0,50.0,25.0,1.0,
0.24,1.0,150.0,0.1,75.0,1000000.0,
0.12,0.5,150.0,5.0,25.0,0.5,
0.06,0.5,75.0,0.5,25.0,2.0,66.36558532714844
0.06,0.25,25.0,0.1,25.0,1000000.0,82.08280944824219
0.06,0.5,75.0,50.0,25.0,2.0,62.49624252319336
0.015,0.25,75.0,50.0,5.0,1.0,54.318111419677734
0.24,0.25,75.0,0.5,5.0,2.0,
0.24,0.25,25.0,5.0,5.0,0.5,68.4653091430664
0.06,1.0,75.0,0.02,25.0,1000000.0,93.55673217773438
0.03,0.25,75.0,0.1,5.0,2.0,56.18312454223633
0.03,0.25,25.0,0.02,5.0,0.5,57.43563461303711
0.24,0.5,75.0,0.5,25.0,1000000.0,
0.24,0.5,150.0,0.5,75.0,1.0,
0.06,1.0,25.0,0.02,75.0,2.0,93.5335464477539
0.015,0.5,150.0,0.5,25.0,1000000.0,69.7303466796875
0.06,0.25,150.0,50.0,25.0,2.0,61.75714874267578
0.03,0.5,150.0,0.5,5.0,1.0,56.53828048706055
0.03,0.25,150.0,5.0,5.0,1000000.0,65.30783081054688
0.24,0.25,25.0,0.1,5.0,0.5,72.10979461669922
0.015,1.0,25.0,0.02,75.0,0.5,85.28607940673828
0.03,1.0,150.0,0.5,75.0,2.0,
0.03,1.0,150.0,0.5,25.0,1.0,62.74455642700195
0.015,0.5,75.0,0.1,5.0,1.0,57.50752258300781
0.12,1.0,75.0,5.0,75.0,0.5,
0.06,1.0,75.0,0.02,75.0,1000000.0,104.66879272460938
0.12,0.5,150.0,0.02,5.0,1.0,63.57881164550781
0.24,1.0,25.0,0.02,75.0,1.0,101.88719177246094
0.12,0.25,75.0,0.02,25.0,1000000.0,
0.24,0.25,25.0,0.5,5.0,1.0,74.13970184326172
0.03,0.5,75.0,0.5,25.0,1.0,57.288272857666016
0.12,0.25,75.0,0.1,25.0,0.5,73.26020050048828
0.06,0.5,150.0,5.0,5.0,1000000.0,
0.12,0.5,150.0,0.5,25.0,0.5,
0.03,0.5,25.0,50.0,5.0,2.0,57.37020492553711
0.12,1.0,75.0,0.5,5.0,1.0,67.31624603271484
0.03,1.0,150.0,0.02,5.0,0.5,53.2839469909668
0.015,0.5,25.0,5.0,75.0,0.5,53.13069534301758
0.06,1.0,150.0,50.0,5.0,2.0,
0.015,0.5,75.0,5.0,25.0,1000000.0,65.33930206298828
0.015,0.5,75.0,0.1,25.0,0.5,63.91173553466797
0.03,0.25,75.0,5.0,75.0,2.0,56.56272506713867
0.12,0.25,150.0,5.0,75.0,1.0,
0.24,0.5,150.0,50.0,25.0,1000000.0,
0.12,0.5,25.0,0.5,5.0,2.0,74.75792694091797
0.06,1.0,25.0,0.02,25.0,0.5,77.1907958984375
0.24,0.5,75.0,0.1,25.0,1000000.0,
0.12,0.25,25.0,0.5,25.0,1000000.0,
0.015,0.5,150.0,0.02,75.0,2.0,83.92640686035156
0.24,0.25,25.0,0.5,25.0,1000000.0,
0.06,1.0,75.0,5.0,75.0,1000000.0,
0.015,1.0,75.0,0.02,25.0,1.0,70.8067626953125
0.24,0.25,75.0,0.1,25.0,1.0,
0.24,0.5,150.0,50.0,25.0,0.5,
0.03,0.25,75.0,0.5,25.0,0.5,57.19561004638672
0.03,0.25,75.0,0.5,5.0,0.5,55.167755126953125
0.12,0.25,75.0,5.0,25.0,1000000.0,
0.06,0.25,75.0,0.02,75.0,2.0,90.32671356201172
0.03,0.5,75.0,5.0,5.0,2.0,54.48225402832031
0.03,1.0,25.0,0.02,75.0,1.0,83.59962463378906
0.015,0.25,25.0,5.0,5.0,1000000.0,63.135990142822266
0.015,1.0,25.0,0.1,75.0,2.0,71.01964569091797
0.12,0.5,75.0,50.0,5.0,0.5,61.01211929321289
0.03,1.0,25.0,5.0,75.0,2.0,60.905513763427734
0.24,0.5,150.0,0.5,5.0,2.0,
0.12,1.0,150.0,50.0,25.0,1000000.0,
0.06,0.25,150.0,0.1,5.0,2.0,58.9655876159668
0.06,1.0,75.0,0.1,75.0,2.0,78.05862426757812
0.12,0.25,25.0,0.1,25.0,1000000.0,94.29051971435547
0.06,1.0,25.0,0.02,5.0,1.0,64.64785766601562
0.06,0.5,75.0,5.0,75.0,2.0,
0.12,0.5,150.0,0.5,5.0,0.5,
0.06,0.25,75.0,0.02,25.0,1000000.0,92.62692260742188
0.015,1.0,25.0,0.5,5.0,1000000.0,65.43421936035156
0.03,1.0,150.0,5.0,75.0,1.0,64.22821807861328
0.06,0.5,75.0,0.02,5.0,1000000.0,79.12545013427734
0.015,1.0,75.0,0.02,25.0,0.5,70.42034149169922
0.12,0.25,25.0,0.1,25.0,1.0,75.2750473022461
0.24,0.5,25.0,50.0,5.0,1.0,68.287109375
0.12,0.5,25.0,0.1,25.0,1000000.0,94.62222290039062
0.24,0.5,150.0,50.0,75.0,1.0,
0.015,0.25,150.0,0.02,75.0,0.5,80.6749038696289
0.24,1.0,75.0,50.0,5.0,1000000.0,
0.015,0.25,150.0,0.5,5.0,1.0,58.262046813964844
0.03,1.0,75.0,0.5,75.0,1000000.0,
0.12,0.5,150.0,50.0,75.0,2.0,
0.12,0.25,75.0,50.0,25.0,1000000.0,
0.24,1.0,25.0,0.02,25.0,0.5,88.34524536132812
0.03,1.0,25.0,0.5,75.0,2.0,63.488243103027344
0.24,1.0,25.0,5.0,25.0,1000000.0,
0.12,1.0,150.0,0.5,75.0,1000000.0,
0.24,1.0,150.0,50.0,75.0,2.0,
0.015,0.5,150.0,0.02,25.0,2.0,72.26548767089844
0.015,0.25,25.0,0.1,5.0,2.0,62.37453842163086
0.12,0.25,150.0,0.5,25.0,1.0,
0.015,1.0,25.0,0.1,75.0,1000000.0,76.20086669921875
0.06,0.5,150.0,5.0,75.0,1.0,
0.24,0.5,150.0,50.0,25.0,2.0,
0.06,0.25,75.0,50.0,75.0,2.0,
0.12,0.5,75.0,0.02,25.0,1.0,80.36348724365234
0.06,1.0,75.0,0.02,5.0,0.5,56.87803268432617
0.03,1.0,25.0,5.0,25.0,0.5,55.59706115722656
0.24,0.5,75.0,0.5,25.0,0.5,75.10719299316406
0.06,0.25,25.0,0.5,25.0,1000000.0,78.2126235961914
0.06,1.0,150.0,5.0,25.0,1000000.0,
0.03,1.0,25.0,5.0,75.0,0.5,55.87423324584961
0.24,0.5,25.0,5.0,25.0,1.0,71.1702651977539
0.24,0.5,150.0,0.1,75.0,0.5,
0.12,0.25,150.0,0.1,5.0,0.5,61.358924865722656
0.03,0.5,75.0,0.02,5.0,2.0,57.08984375
0.24,0.25,75.0,5.0,25.0,1000000.0,
0.06,1.0,150.0,0.5,25.0,1.0,
0.06,1.0,25.0,50.0,75.0,0.5,
0.015,1.0,150.0,5.0,5.0,1.0,59.5521354675293
0.015,0.5,75.0,50.0,25.0,2.0,58.04094696044922
0.06,1.0,75.0,0.5,75.0,0.5,
0.06,0.25,25.0,50.0,5.0,2.0,62.91884994506836
0.24,0.25,150.0,0.02,75.0,2.0,
0.03,1.0,150.0,50.0,25.0,0.5,58.32143020629883
0.12,0.5,75.0,0.02,75.0,2.0,102.16646575927734
0.24,0.5,25.0,0.1,5.0,0.5,72.41706848144531
0.06,0.25,75.0,0.5,75.0,1000000.0,
0.03,0.5,150.0,5.0,75.0,0.5,62.62397003173828
0.015,1.0,25.0,0.1,5.0,1000000.0,68.06710815429688
0.015,0.25,75.0,0.02,5.0,1.0,57.802913665771484
0.06,0.25,75.0,0.1,75.0,1000000.0,
0.12,0.25,75.0,5.0,5.0,0.5,60.99738311767578
0.24,0.5,25.0,0.5,75.0,1000000.0,
0.06,0.25,150.0,50.0,5.0,2.0,57.85567855834961
0.12,0.25,75.0,5.0,75.0,2.0,
0.015,0.25,75.0,50.0,5.0,0.5,53.356971740722656
0.015,0.5,150.0,0.1,25.0,2.0,68.87218475341797
0.24,1.0,25.0,0.1,25.0,1000000.0,
0.03,0.5,25.0,0.02,25.0,1.0,73.28020477294922
0.03,0.5,150.0,50.0,25.0,1000000.0,
0.24,0.25,150.0,0.1,5.0,1000000.0,
0.03,0.25,25.0,5.0,25.0,1000000.0,66.92567443847656
0.06,0.25,25.0,0.1,75.0,2.0,77.33364868164062
0.06,1.0,25.0,5.0,75.0,1.0,
0.06,1.0,75.0,50.0,75.0,2.0,
0.24,0.25,150.0,5.0,75.0,1.0,
0.03,0.5,25.0,0.5,25.0,0.5,56.228271484375
0.24,0.25,75.0,5.0,75.0,1.0,
0.015,1.0,25.0,5.0,25.0,1000000.0,63.856021881103516
0.015,1.0,25.0,0.02,5.0,0.5,60.969032287597656
0.24,0.5,75.0,0.1,5.0,2.0,
0.015,0.25,150.0,50.0,75.0,1.0,58.37897491455078
0.03,0.25,25.0,5.0,25.0,0.5,53.82756423950195
0.24,1.0,150.0,0.5,75.0,0.5,
0.24,1.0,150.0,0.02,25.0,1.0,
0.12,0.25,25.0,0.5,5.0,0.5,66.0021743774414
0.12,0.25,25.0,0.1,5.0,2.0,72.40074920654297
0.06,0.5,75.0,50.0,5.0,1.0,57.16084671020508
0.06,0.25,75.0,50.0,25.0,1.0,59.83926010131836
0.06,0.25,150.0,0.02,75.0,1.0,85.48233032226562
0.03,0.5,75.0,0.1,5.0,2.0,56.264007568359375
0.03,1.0,150.0,5.0,25.0,0.5,62.732032775878906
0.06,1.0,150.0,0.02,75.0,1.0,85.75035858154297
0.06,0.5,75.0,5.0,5.0,2.0,60.14775848388672
0.12,0.25,150.0,5.0,25.0,0.5,
0.06,1.0,25.0,0.02,25.0,1000000.0,94.13048553466797
0.03,1.0,150.0,50.0,5.0,1.0,54.56721878051758
0.03,1.0,75.0,0.02,5.0,2.0,57.428314208984375
0.24,1.0,75.0,0.1,75.0,2.0,
0.03,0.25,75.0,50.0,75.0,1.0,55.16669845581055
0.24,1.0,150.0,0.5,5.0,0.5,
0.06,0.25,150.0,0.5,25.0,1.0,
0.24,1.0,25.0,5.0,25.0,1.0,
0.015,0.5,150.0,0.5,5.0,2.0,61.12678146362305
0.12,1.0,75.0,0.1,5.0,2.0,69.3350830078125
0.24,0.25,25.0,0.02,5.0,1000000.0,97.42898559570312
0.06,0.5,25.0,0.5,25.0,0.5,61.26008987426758
0.06,0.5,75.0,5.0,5.0,1000000.0,
0.12,1.0,25.0,5.0,5.0,0.5,67.3395004272461
0.06,0.5,150.0,0.02,5.0,1000000.0,
0.015,0.25,75.0,5.0,75.0,1000000.0,65.65159606933594
0.03,0.5,150.0,0.5,5.0,0.5,57.22420120239258
0.24,0.5,150.0,0.02,75.0,1000000.0,
0.015,1.0,75.0,0.02,75.0,1.0,82.07660675048828
0.06,0.25,25.0,0.5,75.0,1000000.0,
0.06,0.25,75.0,0.5,75.0,1.0,
0.24,0.25,75.0,0.1,75.0,0.5,
0.03,1.0,75.0,5.0,5.0,1000000.0,66.11738586425781
0.015,0.5,75.0,0.1,25.0,1.0,64.31336212158203
0.12,0.5,150.0,5.0,25.0,1000000.0,
0.03,0.25,25.0,0.1,75.0,2.0,70.41675567626953
0.015,0.25,75.0,0.5,75.0,0.5,57.231170654296875
0.06,0.25,25.0,5.0,75.0,1000000.0,
0.06,1.0,75.0,5.0,25.0,1.0,65.54071807861328
0.03,0.5,25.0,0.5,75.0,1.0,57.72818374633789
0.06,1.0,150.0,0.5,5.0,1.0,
0.12,1.0,75.0,0.02,75.0,0.5,93.98171997070312
0.12,0.25,75.0,0.02,75.0,0.5,92.2545394897461
0.06,0.25,25.0,0.1,5.0,0.5,61.2348518371582
0.24,0.5,150.0,0.1,5.0,1.0,
0.06,1.0,75.0,0.02,75.0,2.0,90.42613220214844
0.015,0.25,75.0,50.0,25.0,1000000.0,64.98316192626953
0.24,0.25,150.0,5.0,25.0,2.0,
0.015,0.5,75.0,5.0,25.0,0.5,55.721290588378906
0.015,1.0,75.0,0.1,75.0,1.0,70.739990234375
0.12,0.25,150.0,50.0,5.0,1000000.0,
0.015,1.0,150.0,0.02,75.0,2.0,83.6630630493164
0.06,0.5,75.0,0.5,5.0,1.0,59.752872467041016
0.015,0.25,25.0,0.5,25.0,2.0,60.396297454833984
0.24,0.5,150.0,5.0,25.0,1000000.0,
0.015,0.25,150.0,50.0,25.0,0.5,55.83293914794922
0.12,0.5,25.0,50.0,5.0,1.0,64.919921875
0.03,0.5,75.0,0.1,5.0,1000000.0,67.68182373046875
0.12,1.0,150.0,5.0,25.0,1000000.0,
0.06,1.0,25.0,0.1,75.0,0.5,79.7546157836914
0.24,0.5,75.0,5.0,75.0,2.0,
0.24,0.25,150.0,0.1,25.0,1.0,
0.06,0.5,25.0,0.1,75.0,1.0,75.06188201904297
0.015,0.25,150.0,0.5,75.0,0.5,59.618228912353516
0.06,0.5,150.0,0.5,25.0,1000000.0,
0.03,1.0,150.0,5.0,75.0,1000000.0,
0.06,0.25,75.0,0.5,25.0,1000000.0,
0.015,0.25,150.0,0.5,75.0,1.0,61.123844146728516
0.24,1.0,25.0,0.1,25.0,1.0,90.13516998291016
0.12,0.5,150.0,0.1,5.0,1000000.0,
0.12,0.25,150.0,5.0,5.0,1.0,
0.12,0.25,150.0,0.02,25.0,1000000.0,
0.12,1.0,150.0,0.5,25.0,0.5,
0.03,0.25,25.0,5.0,75.0,0.5,54.09672164916992
0.24,0.25,75.0,5.0,75.0,2.0,
0.12,0.5,75.0,50.0,75.0,2.0,
0.015,0.25,150.0,0.1,5.0,2.0,61.2423095703125
0.12,0.5,75.0,5.0,75.0,1000000.0,
0.12,0.25,25.0,0.02,75.0,2.0,103.29222869873047
0.12,0.5,75.0,0.02,5.0,1000000.0,
0.015,0.5,25.0,50.0,5.0,1000000.0,63.138492584228516
0.015,0.5,150.0,0.02,5.0,2.0,61.397335052490234
0.06,0.25,150.0,5.0,75.0,0.5,65.93995666503906
0.24,1.0,75.0,5.0,5.0,2.0,
0.03,1.0,25.0,0.02,5.0,1000000.0,73.99845886230469
0.24,0.5,25.0,0.5,75.0,1.0,
0.015,0.25,150.0,0.1,25.0,2.0,68.82954406738281
0.015,0.25,25.0,0.5,5.0,0.5,54.32796096801758
0.015,0.5,150.0,0.02,25.0,0.5,67.40715789794922
0.24,0.5,25.0,0.5,25.0,1.0,79.17084503173828
0.03,0.25,150.0,0.02,25.0,0.5,63.155548095703125
0.015,0.25,25.0,50.0,5.0,1000000.0,63.148101806640625
0.24,1.0,25.0,0.5,25.0,0.5,79.67959594726562
0.06,1.0,75.0,0.1,25.0,1.0,69.29176330566406
0.06,0.25,75.0,50.0,5.0,1.0,56.57814025878906
0.24,0.5,150.0,0.1,5.0,1000000.0,
0.24,1.0,75.0,50.0,25.0,1.0,
0.03,0.5,75.0,0.5,5.0,0.5,55.4298210144043
0.015,0.5,25.0,0.1,75.0,1000000.0,75.73941040039062
0.03,0.25,75.0,0.5,25.0,1000000.0,68.80099487304688
0.03,1.0,25.0,50.0,5.0,1.0,54.8232421875
0.06,0.5,25.0,50.0,5.0,1000000.0,74.5010986328125
0.24,0.5,25.0,50.0,75.0,2.0,
0.015,1.0,150.0,50.0,25.0,1000000.0,68.74890899658203
0.12,1.0,75.0,50.0,75.0,2.0,
0.06,0.5,25.0,0.5,5.0,0.5,59.8264045715332
0.12,1.0,75.0,50.0,25.0,2.0,
0.06,0.5,25.0,0.02,75.0,1.0,88.85466766357422
0.12,1.0,75.0,0.5,75.0,0.5,
0.06,0.5,25.0,0.5,25.0,1000000.0,
0.03,0.5,75.0,0.1,25.0,2.0,62.14704513549805
0.12,1.0,75.0,0.1,25.0,1000000.0,
0.12,0.25,150.0,0.5,5.0,0.5,
0.015,0.5,25.0,0.1,25.0,2.0,66.84273529052734
0.015,1.0,150.0,0.5,75.0,1000000.0,70.03868103027344
0.24,1.0,25.0,0.5,75.0,1.0,
0.03,1.0,25.0,0.02,75.0,0.5,83.5194091796875
0.015,0.25,25.0,5.0,25.0,1.0,53.85166549682617
0.12,1.0,75.0,0.02,25.0,0.5,77.2718276977539
0.015,1.0,75.0,0.1,5.0,0.5,56.827247619628906
0.03,0.5,150.0,0.5,5.0,2.0,55.8831672668457
0.015,0.5,75.0,5.0,25.0,1.0,56.807334899902344
0.015,0.5,75.0,0.02,75.0,1.0,82.05957794189453
0.03,1.0,25.0,0.5,5.0,1000000.0,70.35224151611328
0.015,0.25,25.0,5.0,25.0,2.0,57.767967224121094
0.12,0.5,150.0,0.5,25.0,1.0,
0.12,1.0,25.0,50.0,25.0,2.0,
0.24,1.0,150.0,5.0,75.0,1000000.0,
0.24,1.0,25.0,0.5,5.0,1000000.0,
0.12,0.5,75.0,50.0,5.0,1.0,61.54014587402344
0.06,0.25,25.0,5.0,75.0,0.5,59.74801254272461
0.03,0.25,75.0,0.1,25.0,0.5,63.15256118774414
0.12,0.25,75.0,0.5,5.0,1.0,66.4808120727539
0.12,1.0,25.0,50.0,25.0,0.5,70.09586334228516
0.015,0.5,150.0,0.5,75.0,1000000.0,69.66553497314453
0.06,0.5,25.0,0.02,25.0,0.5,76.36742401123047
0.06,1.0,75.0,50.0,5.0,1.0,59.16612243652344
0.12,0.5,150.0,5.0,75.0,1000000.0,
0.015,0.5,75.0,0.5,75.0,2.0,60.59333419799805
0.12,0.5,25.0,5.0,5.0,1.0,66.30982208251953
0.12,1.0,25.0,0.5,5.0,1000000.0,89.88838958740234
0.015,0.25,150.0,5.0,25.0,2.0,62.79072570800781
0.06,0.25,150.0,0.1,25.0,2.0,
0.015,1.0,150.0,0.1,75.0,1000000.0,78.58998107910156
0.03,0.5,25.0,5.0,25.0,2.0,58.481422424316406
0.03,0.5,150.0,0.5,75.0,2.0,
0.015,0.5,25.0,5.0,25.0,2.0,57.80415344238281
0.24,1.0,150.0,0.1,75.0,2.0,
0.03,1.0,150.0,5.0,5.0,2.0,55.59370422363281
0.06,1.0,75.0,0.5,5.0,1000000.0,
0.06,0.25,25.0,0.5,75.0,2.0,
0.03,0.5,25.0,5.0,75.0,1000000.0,
0.12,0.25,150.0,5.0,25.0,2.0,
0.015,0.25,150.0,0.1,25.0,1000000.0,73.2477798461914
0.03,0.5,25.0,0.1,25.0,0.5,64.2405776977539
0.03,1.0,150.0,50.0,75.0,2.0,59.8477897644043
0.03,0.25,150.0,0.5,75.0,1000000.0,
0.24,0.25,75.0,0.1,75.0,2.0,
0.24,1.0,75.0,50.0,75.0,0.5,
0.03,1.0,25.0,0.1,5.0,1.0,58.2259521484375
0.12,0.5,25.0,0.1,75.0,0.5,83.84937286376953
0.24,1.0,150.0,0.5,5.0,1.0,
0.015,0.25,25.0,50.0,75.0,1.0,53.68260955810547
0.06,1.0,75.0,0.02,5.0,1000000.0,80.3635025024414
0.24,0.5,150.0,0.1,25.0,0.5,
0.12,1.0,25.0,0.02,75.0,1.0,99.37489318847656
0.03,1.0,75.0,0.02,75.0,0.5,79.10530090332031
0.06,1.0,25.0,50.0,75.0,1000000.0,
0.015,1.0,75.0,50.0,25.0,1000000.0,65.44607543945312
0.06,1.0,25.0,0.1,5.0,1000000.0,78.75440979003906
0.015,1.0,25.0,0.1,5.0,0.5,57.96427917480469
0.06,0.5,25.0,5.0,25.0,0.5,60.199405670166016
0.12,1.0,150.0,5.0,5.0,2.0,
0.06,1.0,75.0,0.02,25.0,0.5,68.79529571533203
0.12,1.0,150.0,0.5,75.0,2.0,
0.06,1.0,25.0,5.0,25.0,2.0,69.61748504638672
0.015,0.5,150.0,0.02,25.0,1000000.0,80.96685791015625
0.06,0.25,25.0,50.0,25.0,1000000.0,
0.24,0.5,150.0,5.0,75.0,1.0,
0.015,0.5,75.0,5.0,75.0,0.5,56.00998306274414
0.015,0.5,25.0,0.5,5.0,1.0,55.30052185058594
0.24,0.25,75.0,0.02,75.0,2.0,
0.03,0.25,150.0,0.1,5.0,1.0,54.639564514160156
0.12,0.5,25.0,0.02,75.0,0.5,95.91265106201172
0.06,1.0,150.0,0.5,25.0,2.0,
0.03,1.0,75.0,5.0,75.0,0.5,59.6681022644043
0.015,0.25,25.0,5.0,5.0,1.0,53.56508255004883
0.03,0.25,25.0,0.1,25.0,1000000.0,74.93338012695312
0.06,0.5,150.0,0.02,25.0,1.0,69.19606018066406
0.12,0.5,150.0,50.0,75.0,0.5,
0.03,0.25,150.0,0.1,5.0,2.0,55.148170471191406
0.03,0.25,150.0,50.0,75.0,1000000.0,
0.12,1.0,25.0,50.0,25.0,1.0,70.65371704101562
0.24,0.5,75.0,0.1,5.0,0.5,70.02632904052734
0.12,0.25,75.0,50.0,5.0,2.0,65.11027526855469
0.24,0.25,25.0,0.1,75.0,1.0,
0.24,0.25,25.0,50.0,25.0,2.0,
0.24,0.5,25.0,50.0,75.0,0.5,
0.12,0.25,75.0,0.02,5.0,2.0,71.14664459228516
0.03,0.25,75.0,50.0,5.0,1.0,52.4593620300293
0.06,0.5,25.0,0.1,25.0,1000000.0,82.4653091430664
0.24,1.0,150.0,50.0,5.0,0.5,
0.24,1.0,75.0,5.0,5.0,1000000.0,
0.015,0.5,150.0,50.0,5.0,1.0,56.27293014526367
0.24,1.0,75.0,0.5,75.0,1.0,
0.06,0.5,150.0,5.0,75.0,2.0,
0.06,0.5,150.0,0.02,75.0,1000000.0,
0.06,0.5,150.0,0.1,75.0,2.0,
0.015,0.5,150.0,0.02,5.0,0.5,56.141998291015625
0.06,1.0,150.0,0.02,5.0,0.5,55.95230484008789
0.12,0.5,25.0,0.5,75.0,2.0,
0.03,1.0,75.0,0.1,75.0,0.5,74.58470153808594
0.015,1.0,25.0,0.1,5.0,2.0,62.6217041015625
0.24,0.5,75.0,0.02,5.0,0.5,68.85062408447266
0.015,0.25,150.0,0.1,5.0,1.0,57.951942443847656
0.24,0.5,25.0,0.5,5.0,2.0,80.88854217529297
0.12,1.0,75.0,5.0,5.0,2.0,
0.24,1.0,150.0,5.0,25.0,2.0,
0.015,1.0,150.0,0.1,5.0,1.0,58.142181396484375
0.06,1.0,25.0,0.02,25.0,2.0,83.91376495361328
0.06,0.25,75.0,0.02,25.0,1.0,70.73310852050781
0.24,0.25,25.0,50.0,5.0,0.5,67.94068908691406
0.015,0.5,150.0,0.5,75.0,0.5,59.70218276977539
0.03,0.25,75.0,0.5,75.0,0.5,58.19571304321289
0.03,1.0,25.0,0.5,75.0,1000000.0,
0.12,0.25,75.0,50.0,5.0,0.5,60.44565963745117
0.03,1.0,25.0,50.0,5.0,0.5,53.970272064208984
0.12,0.5,75.0,5.0,5.0,1000000.0,
0.015,0.5,25.0,0.1,25.0,1.0,63.499656677246094
0.06,0.25,150.0,0.5,5.0,0.5,58.67096710205078
0.12,1.0,150.0,50.0,25.0,2.0,
0.24,0.25,150.0,50.0,5.0,1000000.0,
0.24,0.25,75.0,5.0,25.0,1.0,
0.24,1.0,25.0,5.0,75.0,1.0,
0.06,0.5,25.0,50.0,25.0,0.5,59.192806243896484
0.24,1.0,75.0,50.0,25.0,1000000.0,
0.015,1.0,75.0,0.5,75.0,1.0,58.72746658325195
0.12,0.5,75.0,5.0,5.0,0.5,61.317203521728516
0.12,1.0,25.0,5.0,25.0,2.0,74.44090270996094
0.24,1.0,75.0,50.0,75.0,1.0,
0.06,1.0,75.0,0.5,25.0,1000000.0,
0.03,1.0,25.0,50.0,25.0,1.0,55.786861419677734
0.015,0.25,75.0,50.0,5.0,1000000.0,64.67415618896484
0.12,1.0,75.0,0.02,75.0,1.0,98.42198181152344
0.06,1.0,75.0,0.1,5.0,0.5,58.84046173095703
0.12,1.0,75.0,0.1,25.0,0.5,75.85871887207031
0.12,1.0,75.0,5.0,25.0,2.0,
0.015,1.0,150.0,0.5,5.0,1.0,58.75775909423828
0.12,1.0,75.0,5.0,25.0,1000000.0,
0.06,0.25,150.0,50.0,25.0,0.5,60.89002227783203
0.06,1.0,75.0,0.02,75.0,1.0,86.01966857910156
0.015,0.25,75.0,5.0,5.0,1000000.0,64.78784942626953
0.03,1.0,75.0,0.02,75.0,2.0,82.92928314208984
0.12,0.5,75.0,0.5,5.0,1000000.0,
0.12,0.25,150.0,50.0,75.0,1000000.0,
0.06,0.5,25.0,0.1,25.0,0.5,69.65789031982422
0.015,0.5,25.0,0.02,5.0,1000000.0,72.318359375
0.12,0.25,75.0,0.02,25.0,2.0,87.11888885498047
0.06,1.0,75.0,5.0,5.0,1.0,59.06514358520508
0.06,0.5,75.0,0.5,25.0,1.0,64.59150695800781
0.015,0.5,75.0,50.0,75.0,1000000.0,65.1460952758789
0.06,1.0,25.0,0.1,75.0,1.0,78.43138885498047
0.03,0.25,75.0,5.0,5.0,0.5,54.869571685791016
0.12,0.25,25.0,5.0,5.0,2.0,70.65110778808594
0.24,1.0,150.0,5.0,5.0,2.0,
0.03,0.25,75.0,5.0,75.0,0.5,57.61005401611328
0.12,0.25,25.0,5.0,75.0,1000000.0,
0.24,1.0,150.0,0.5,75.0,1000000.0,
0.03,0.5,25.0,5.0,5.0,1000000.0,66.71184539794922
0.12,0.5,150.0,50.0,5.0,1.0,
0.24,0.25,25.0,5.0,5.0,2.0,74.98636627197266
0.12,0.5,25.0,0.5,25.0,0.5,69.32485961914062
0.06,0.5,25.0,0.5,25.0,2.0,68.16223907470703
0.03,0.25,75.0,0.1,75.0,1.0,68.98452758789062
0.03,1.0,75.0,0.1,5.0,1000000.0,67.98157501220703
0.03,1.0,150.0,0.1,5.0,1000000.0,67.36915588378906
0.015,0.5,75.0,0.02,5.0,0.5,56.48873519897461
0.015,1.0,150.0,50.0,5.0,0.5,55.25250244140625
0.03,0.25,75.0,0.02,25.0,2.0,70.20780944824219
0.06,0.5,25.0,0.5,5.0,1.0,61.63360595703125
0.24,1.0,25.0,50.0,25.0,1000000.0,
0.24,0.25,25.0,0.02,25.0,1.0,88.12528228759766
0.24,1.0,75.0,0.5,75.0,1000000.0,
0.015,1.0,150.0,0.02,75.0,1000000.0,92.25995635986328
0.12,0.5,150.0,0.1,25.0,2.0,
0.06,0.25,75.0,0.02,75.0,1000000.0,105.52458953857422
0.06,0.5,150.0,0.5,5.0,1.0,60.07565689086914
0.03,0.5,150.0,0.5,5.0,1000000.0,
0.06,1.0,75.0,0.1,75.0,0.5,81.82501220703125
0.24,1.0,150.0,0.5,5.0,2.0,
0.12,0.25,150.0,0.02,25.0,0.5,72.49789428710938
0.24,1.0,25.0,0.5,5.0,2.0,81.67921447753906
0.06,0.25,150.0,0.5,75.0,1.0,
0.12,0.5,75.0,50.0,5.0,1000000.0,
0.03,0.5,75.0,0.02,5.0,1.0,53.934288024902344
0.12,1.0,75.0,50.0,25.0,1.0,
0.06,1.0,75.0,5.0,25.0,1000000.0,
0.06,0.5,150.0,5.0,25.0,1000000.0,
0.015,0.25,25.0,0.1,25.0,1000000.0,72.12937927246094
0.24,0.5,25.0,0.1,75.0,2.0,
0.24,1.0,150.0,0.1,5.0,1.0,
0.12,0.5,150.0,0.02,5.0,0.5,60.75780487060547
0.015,0.5,75.0,0.5,25.0,1.0,57.27893829345703
0.03,0.25,75.0,5.0,5.0,1000000.0,65.11406707763672
0.03,0.25,75.0,0.02,25.0,0.5,65.46284484863281
0.12,0.5,75.0,0.1,5.0,0.5,63.22153091430664
0.24,0.5,75.0,5.0,5.0,1000000.0,
0.12,1.0,25.0,0.5,5.0,0.5,68.5457534790039
0.24,0.5,25.0,0.1,5.0,2.0,82.18938446044922
0.12,1.0,75.0,0.02,5.0,1000000.0,
0.12,0.5,75.0,0.02,5.0,2.0,71.39372253417969
0.24,0.25,25.0,5.0,25.0,2.0,
0.015,0.25,150.0,50.0,25.0,1.0,57.30213165283203
0.015,1.0,150.0,0.1,25.0,1000000.0,73.60079956054688
0.015,0.25,75.0,0.5,75.0,1000000.0,66.82684326171875
0.015,0.25,75.0,5.0,75.0,2.0,59.1175537109375
0.12,0.5,25.0,0.5,75.0,0.5,
0.03,0.5,75.0,5.0,75.0,1000000.0,
0.015,0.5,75.0,0.5,25.0,0.5,56.43914031982422
0.06,0.25,25.0,5.0,5.0,1000000.0,75.26029968261719
0.06,0.25,150.0,0.1,75.0,2.0,
0.06,0.25,75.0,5.0,5.0,1.0,57.51522445678711
0.24,0.5,25.0,5.0,5.0,0.5,68.76387023925781
0.015,1.0,75.0,0.1,75.0,1000000.0,75.76498413085938
0.03,0.25,25.0,5.0,75.0,2.0,58.41365432739258
0.015,0.25,75.0,0.02,75.0,1000000.0,92.04022979736328
0.03,1.0,75.0,5.0,75.0,1.0,59.9251708984375
0.24,0.25,25.0,0.1,75.0,0.5,90.24819946289062
0.24,0.5,25.0,50.0,75.0,1.0,
0.12,1.0,150.0,0.1,5.0,1.0,
0.03,0.5,150.0,50.0,5.0,0.5,54.547428131103516
0.12,0.25,25.0,0.1,25.0,0.5,75.47710418701172
0.06,0.5,25.0,50.0,75.0,1.0,
0.24,0.5,150.0,0.1,75.0,1000000.0,
0.24,1.0,25.0,5.0,5.0,1000000.0,
0.015,1.0,25.0,5.0,25.0,1.0,54.48634719848633
0.06,0.25,75.0,0.5,75.0,2.0,
0.06,1.0,150.0,0.5,75.0,2.0,
0.03,0.25,75.0,5.0,75.0,1000000.0,
0.12,0.5,75.0,50.0,75.0,0.5,
0.24,0.5,25.0,0.5,75.0,2.0,
0.03,1.0,75.0,5.0,25.0,1.0,58.769569396972656
0.24,1.0,150.0,0.1,75.0,0.5,
0.24,0.5,75.0,0.1,75.0,1000000.0,
0.015,1.0,150.0,5.0,5.0,2.0,61.423404693603516
0.06,0.5,150.0,50.0,5.0,0.5,56.965023040771484
0.015,0.25,25.0,50.0,25.0,1.0,53.52949142456055
0.24,0.25,150.0,0.5,75.0,1.0,
0.24,1.0,150.0,50.0,25.0,0.5,
0.03,0.5,75.0,5.0,25.0,1.0,56.83347702026367
0.06,0.25,25.0,0.1,5.0,1000000.0,76.65479278564453
0.03,0.25,150.0,0.02,5.0,1000000.0,68.55912780761719
0.24,0.5,75.0,0.1,25.0,2.0,
0.24,1.0,25.0,0.5,75.0,0.5,
0.03,0.25,75.0,50.0,25.0,2.0,55.00571060180664
0.12,1.0,75.0,0.1,5.0,0.5,64.29024505615234
0.015,0.5,150.0,0.1,25.0,0.5,65.3719482421875
0.015,1.0,150.0,5.0,25.0,1000000.0,69.51335906982422
0.24,1.0,150.0,0.1,5.0,1000000.0,
0.03,1.0,150.0,50.0,75.0,1000000.0,
0.03,0.25,75.0,0.02,5.0,1000000.0,69.492919921875
0.12,1.0,25.0,5.0,75.0,2.0,
0.015,0.25,25.0,0.02,75.0,1.0,84.47940826416016
0.03,0.25,25.0,0.5,5.0,1000000.0,68.88862609863281
0.06,1.0,150.0,0.1,75.0,1.0,
0.24,1.0,75.0,0.5,25.0,0.5,
0.015,1.0,75.0,0.02,75.0,0.5,82.72648620605469
0.12,0.25,75.0,0.02,5.0,0.5,62.674407958984375
0.06,0.5,75.0,0.02,25.0,2.0,76.34814453125
0.03,0.25,150.0,5.0,25.0,2.0,57.38206100463867
0.24,1.0,25.0,50.0,75.0,0.5,
0.015,0.25,25.0,0.02,25.0,1000000.0,85.94316101074219
0.06,0.5,150.0,0.5,75.0,2.0,
0.24,1.0,25.0,0.02,25.0,1.0,90.15911102294922
0.24,0.5,150.0,0.1,5.0,2.0,
0.03,1.0,25.0,0.1,5.0,0.5,58.170570373535156
0.12,0.25,150.0,0.1,25.0,0.5,
0.24,0.25,25.0,0.5,75.0,0.5,
0.06,0.25,75.0,0.1,25.0,1000000.0,78.93458557128906
0.03,0.25,150.0,5.0,25.0,1.0,59.76637649536133
0.06,0.25,150.0,0.5,75.0,0.5,
0.03,0.25,150.0,50.0,75.0,2.0,57.159610748291016
0.03,0.5,150.0,5.0,25.0,2.0,57.94081115722656
0.24,1.0,75.0,0.02,75.0,1.0,
0.06,0.5,25.0,0.1,5.0,1000000.0,77.01162719726562
0.24,1.0,75.0,0.5,5.0,2.0,
0.015,0.5,25.0,0.02,25.0,0.5,75.95188903808594
0.12,0.25,75.0,0.1,5.0,1.0,64.30066680908203
0.06,1.0,25.0,0.1,5.0,2.0,67.77067565917969
0.12,0.25,150.0,50.0,25.0,1000000.0,
0.03,0.5,150.0,0.02,75.0,1.0,79.15276336669922
0.12,0.25,150.0,50.0,5.0,2.0,
0.015,0.5,75.0,5.0,25.0,2.0,58.90415573120117
0.015,0.25,75.0,0.5,25.0,0.5,56.40065002441406
0.06,0.5,75.0,50.0,5.0,2.0,59.412818908691406
0.12,0.25,75.0,5.0,75.0,0.5,
0.06,0.5,75.0,5.0,25.0,2.0,63.34986114501953
0.06,0.25,25.0,50.0,5.0,1000000.0,73.98686218261719
0.12,0.25,150.0,5.0,75.0,0.5,
0.06,0.25,25.0,0.1,5.0,2.0,65.62006378173828
0.06,0.5,150.0,5.0,25.0,0.5,64.54468536376953
0.03,1.0,75.0,50.0,25.0,1000000.0,67.2610092163086
0.12,1.0,25.0,5.0,5.0,2.0,72.67280578613281
0.06,1.0,25.0,0.1,5.0,1.0,63.42850875854492
0.015,0.25,25.0,0.5,5.0,2.0,59.47327423095703
0.06,0.5,150.0,0.02,25.0,2.0,73.55582427978516
0.03,1.0,25.0,0.5,75.0,0.5,58.527225494384766
0.12,1.0,150.0,5.0,5.0,0.5,59.74795150756836
0.06,1.0,75.0,0.5,5.0,0.5,60.06132888793945
0.06,1.0,75.0,5.0,5.0,1000000.0,
0.015,0.5,75.0,0.5,5.0,1.0,55.95802307128906
0.12,0.25,150.0,0.5,5.0,2.0,
0.12,0.5,25.0,5.0,5.0,1000000.0,85.10248565673828
0.03,1.0,75.0,0.5,25.0,1000000.0,70.33268737792969
0.015,1.0,75.0,50.0,5.0,0.5,53.703285217285156
0.24,0.5,150.0,0.1,25.0,1.0,
0.06,1.0,150.0,0.5,75.0,1.0,
0.015,0.25,25.0,0.5,25.0,1.0,56.327598571777344
0.24,0.25,150.0,0.02,5.0,0.5,66.80350494384766
0.06,0.25,75.0,0.5,25.0,2.0,65.45580291748047
0.06,1.0,25.0,0.02,75.0,0.5,88.81816864013672
0.24,0.5,150.0,0.1,25.0,1000000.0,
0.015,0.5,150.0,5.0,25.0,0.5,59.43730545043945
0.015,1.0,150.0,0.5,5.0,0.5,57.06362533569336
0.03,0.25,75.0,0.5,75.0,1000000.0,
0.015,0.5,150.0,0.5,25.0,1.0,60.48908996582031
0.24,1.0,25.0,0.1,75.0,2.0,
0.06,0.5,75.0,0.02,75.0,1.0,85.78511047363281
0.06,0.5,150.0,5.0,75.0,1000000.0,
0.015,1.0,150.0,0.02,25.0,1000000.0,81.09329986572266
0.06,0.5,25.0,0.1,75.0,2.0,77.95716857910156
0.03,1.0,75.0,5.0,5.0,0.5,56.1413688659668
0.24,1.0,150.0,0.1,25.0,0.5,
0.06,0.25,150.0,0.5,5.0,2.0,
0.03,1.0,25.0,5.0,75.0,1000000.0,
0.06,0.25,150.0,0.5,75.0,2.0,
0.06,0.25,150.0,50.0,75.0,1.0,
0.03,1.0,25.0,0.1,25.0,1000000.0,75.58610534667969
0.12,0.5,75.0,5.0,25.0,1.0,65.48664093017578
0.24,1.0,150.0,5.0,5.0,1000000.0,
0.03,1.0,150.0,0.5,5.0,1000000.0,67.6761245727539
0.24,0.25,150.0,5.0,25.0,1000000.0,
0.06,1.0,75.0,0.02,25.0,2.0,77.32107543945312
0.12,0.25,75.0,50.0,25.0,1.0,63.65895462036133
0.015,0.25,150.0,0.1,75.0,2.0,75.00763702392578
0.03,1.0,75.0,0.1,5.0,2.0,56.64579772949219
0.12,0.5,75.0,0.1,25.0,1.0,72.70738983154297
0.24,1.0,150.0,0.02,75.0,2.0,
0.12,0.5,150.0,5.0,5.0,1000000.0,
0.03,1.0,75.0,0.5,75.0,2.0,60.5206184387207
0.03,0.25,25.0,50.0,75.0,1000000.0,
0.06,0.25,150.0,0.02,25.0,2.0,73.34901428222656
0.06,0.5,150.0,50.0,5.0,1000000.0,
0.12,1.0,75.0,5.0,5.0,0.5,62.621116638183594
0.015,1.0,25.0,0.02,25.0,0.5,76.17536163330078
0.06,0.25,25.0,50.0,75.0,1.0,
0.06,0.5,75.0,5.0,25.0,1.0,62.38090133666992
0.12,0.25,75.0,5.0,5.0,1.0,63.12279510498047
0.12,0.5,75.0,0.1,5.0,1.0,64.54229736328125
0.12,0.25,150.0,0.5,25.0,2.0,
0.24,0.5,75.0,0.1,5.0,1000000.0,
0.03,0.5,75.0,0.5,25.0,2.0,57.98865509033203
0.24,0.5,25.0,0.02,75.0,2.0,101.97843933105469
0.06,1.0,150.0,50.0,25.0,0.5,64.77233123779297
0.03,0.25,150.0,50.0,5.0,0.5,54.306217193603516
0.015,1.0,75.0,0.1,75.0,0.5,72.55904388427734
0.24,0.25,75.0,50.0,25.0,0.5,
0.06,0.5,75.0,0.1,75.0,0.5,79.22966766357422
0.12,0.25,25.0,5.0,75.0,2.0,
0.06,0.5,75.0,0.1,25.0,2.0,67.29840850830078
0.015,0.25,150.0,0.02,5.0,1.0,57.801513671875
0.12,1.0,25.0,50.0,5.0,0.5,67.0569076538086
0.03,0.5,25.0,0.5,25.0,2.0,61.18776321411133
0.12,1.0,25.0,0.5,25.0,1.0,75.3744125366211
0.015,0.5,75.0,0.5,75.0,1000000.0,66.83195495605469
0.24,0.5,75.0,50.0,25.0,1000000.0,
0.03,1.0,25.0,0.02,5.0,2.0,64.98695373535156
0.12,1.0,25.0,0.02,5.0,1.0,72.1279525756836
0.015,1.0,75.0,50.0,25.0,2.0,58.5448112487793
0.24,0.25,75.0,5.0,25.0,0.5,69.34207916259766
0.06,0.5,25.0,0.02,5.0,1.0,63.27064895629883
0.24,1.0,25.0,0.1,5.0,1000000.0,101.30113983154297
0.015,0.5,25.0,0.02,75.0,1000000.0,92.94999694824219
0.015,0.5,150.0,0.1,25.0,1.0,66.76034545898438
0.24,0.5,75.0,0.5,5.0,2.0,
0.06,1.0,25.0,0.5,25.0,2.0,72.09313201904297
0.24,0.5,75.0,5.0,25.0,2.0,
0.015,1.0,150.0,5.0,5.0,0.5,57.879661560058594
0.015,1.0,25.0,0.1,75.0,0.5,70.19042205810547
0.03,0.5,75.0,5.0,25.0,0.5,57.41417694091797
0.06,0.5,75.0,0.1,25.0,0.5,68.28657531738281
0.015,1.0,25.0,5.0,75.0,2.0,58.61301040649414
0.24,1.0,75.0,5.0,75.0,2.0,
0.03,0.25,25.0,5.0,75.0,1.0,54.44706726074219
0.03,1.0,150.0,5.0,5.0,1000000.0,65.92718505859375
0.12,1.0,150.0,50.0,25.0,0.5,
0.06,0.25,75.0,5.0,25.0,1000000.0,
0.03,0.5,150.0,0.1,75.0,1.0,75.1222152709961
0.03,1.0,25.0,50.0,5.0,1000000.0,67.93415832519531
0.12,0.25,25.0,0.1,75.0,1000000.0,
0.015,0.25,25.0,0.02,5.0,1.0,61.80134963989258
0.015,0.25,150.0,50.0,5.0,2.0,59.639869689941406
0.015,0.5,150.0,50.0,25.0,1000000.0,68.31880950927734
0.24,0.5,75.0,0.1,75.0,2.0,
0.12,0.5,25.0,0.02,5.0,1000000.0,91.25431823730469
0.06,1.0,150.0,0.1,5.0,1000000.0,
0.06,1.0,25.0,0.1,25.0,1.0,71.3555908203125
0.12,0.25,25.0,0.1,5.0,1000000.0,86.60098266601562
0.06,1.0,25.0,5.0,25.0,1.0,66.04769897460938
0.12,1.0,75.0,0.5,75.0,1.0,
0.06,0.5,25.0,50.0,25.0,1.0,60.979496002197266
0.12,0.25,75.0,0.1,75.0,1.0,
0.06,0.25,25.0,0.02,5.0,1000000.0,81.14546966552734
0.015,1.0,25.0,0.02,25.0,2.0,80.15987396240234
0.12,0.5,25.0,0.02,25.0,1.0,85.52118682861328
0.03,0.25,25.0,0.5,25.0,2.0,60.86326217651367
0.03,0.5,75.0,0.02,5.0,1000000.0,69.5141372680664
0.24,0.5,75.0,0.02,5.0,2.0,
0.015,1.0,150.0,50.0,25.0,2.0,61.13557434082031
0.03,0.25,25.0,0.5,25.0,0.5,55.96823501586914
0.06,0.25,150.0,0.5,5.0,1.0,59.880428314208984
0.24,0.25,150.0,0.02,5.0,1.0,
0.06,1.0,150.0,0.5,75.0,0.5,
0.24,0.25,75.0,50.0,5.0,2.0,
0.015,0.5,25.0,0.5,75.0,2.0,61.12063980102539
0.06,1.0,25.0,50.0,25.0,0.5,62.29914855957031
0.015,0.25,25.0,0.5,75.0,1.0,57.18547439575195
0.12,0.5,75.0,0.02,75.0,1.0,97.12052154541016
0.24,0.5,25.0,0.02,25.0,1000000.0,104.79304504394531
0.12,0.5,75.0,5.0,5.0,2.0,
0.06,1.0,75.0,0.1,75.0,1000000.0,
0.015,0.5,150.0,50.0,5.0,1000000.0,67.47185516357422
0.12,1.0,150.0,50.0,75.0,0.5,
0.24,0.25,150.0,0.1,75.0,1000000.0,
0.015,0.5,75.0,50.0,5.0,0.5,53.3986930847168
0.015,0.5,150.0,0.1,5.0,0.5,56.78253936767578
0.24,0.5,150.0,0.02,75.0,0.5,
0.12,0.5,150.0,0.1,75.0,1000000.0,
0.06,0.25,75.0,50.0,25.0,0.5,58.889949798583984
0.06,1.0,150.0,0.5,25.0,1000000.0,
0.015,0.25,25.0,5.0,75.0,1000000.0,63.58015441894531
0.24,0.5,150.0,0.02,25.0,2.0,
0.015,0.25,75.0,0.1,5.0,1000000.0,67.23753356933594
0.015,1.0,25.0,5.0,5.0,1.0,54.13813400268555
0.03,0.25,150.0,0.5,5.0,1.0,56.293907165527344
0.03,1.0,75.0,50.0,5.0,0.5,54.331363677978516
0.12,0.5,150.0,0.02,75.0,1000000.0,
0.06,0.5,150.0,0.1,25.0,2.0,
0.03,0.5,25.0,50.0,5.0,1.0,53.06632614135742
0.24,1.0,150.0,0.5,25.0,0.5,
0.03,0.5,25.0,0.5,5.0,1.0,55.41929626464844
0.06,1.0,150.0,50.0,25.0,1000000.0,
0.015,0.5,75.0,0.02,75.0,0.5,82.5386734008789
0.24,1.0,150.0,50.0,25.0,1.0,
0.06,0.5,75.0,0.02,25.0,1.0,70.85472106933594
0.24,1.0,150.0,0.02,25.0,2.0,
0.24,0.5,75.0,5.0,75.0,1.0,
0.03,1.0,75.0,0.1,25.0,1.0,63.49235153198242
0.12,0.25,75.0,0.5,25.0,2.0,
0.015,0.5,25.0,5.0,25.0,1000000.0,63.31987380981445
0.12,1.0,150.0,0.5,5.0,1000000.0,
0.12,1.0,75.0,0.1,5.0,1.0,65.96343231201172
0.03,1.0,25.0,0.02,5.0,1.0,59.17939758300781
0.06,0.5,75.0,50.0,25.0,0.5,59.86945343017578
0.015,0.5,150.0,0.02,5.0,1.0,57.75987243652344
0.12,0.25,75.0,5.0,75.0,1000000.0,
0.06,0.25,150.0,50.0,25.0,1000000.0,
0.06,0.5,75.0,0.1,25.0,1000000.0,79.40630340576172
0.03,0.5,75.0,0.1,25.0,1000000.0,71.37948608398438
0.015,1.0,25.0,0.02,5.0,2.0,66.55802917480469
0.06,0.5,75.0,0.02,5.0,2.0,63.0063591003418
0.015,1.0,150.0,0.02,5.0,2.0,61.480674743652344
0.015,0.25,25.0,0.5,5.0,1.0,55.298728942871094
0.24,0.5,25.0,0.5,25.0,1000000.0,
0.03,1.0,75.0,0.5,5.0,0.5,56.464500427246094
0.03,0.5,75.0,0.5,25.0,0.5,57.58782958984375
0.12,1.0,25.0,0.02,5.0,2.0,79.02655029296875
0.24,1.0,25.0,0.1,25.0,0.5,86.13056945800781
0.03,1.0,75.0,0.5,25.0,1.0,59.1570930480957
0.06,0.5,25.0,0.02,5.0,0.5,61.00215148925781
0.24,0.25,75.0,5.0,75.0,1000000.0,
0.03,0.25,150.0,0.02,25.0,2.0,67.22296905517578
0.015,1.0,150.0,5.0,25.0,1.0,62.17387390136719
0.24,0.25,75.0,0.1,5.0,2.0,
0.015,0.25,75.0,0.02,75.0,1.0,82.18191528320312
0.06,0.25,25.0,0.5,5.0,2.0,66.00570678710938
0.06,0.25,150.0,0.02,75.0,0.5,81.42152404785156
0.12,0.5,75.0,50.0,25.0,1.0,
0.03,0.25,75.0,0.5,75.0,2.0,58.075218200683594
0.06,0.25,150.0,0.02,5.0,1000000.0,
0.03,1.0,150.0,0.1,5.0,2.0,55.32195281982422
0.12,0.5,25.0,50.0,5.0,1000000.0,82.58615112304688
0.12,1.0,150.0,50.0,25.0,1.0,
0.06,0.5,25.0,50.0,75.0,1000000.0,
0.12,0.25,75.0,0.1,25.0,1000000.0,
0.06,0.25,25.0,0.02,75.0,2.0,94.35784149169922
0.24,0.25,25.0,0.5,75.0,1.0,
0.06,0.25,25.0,0.1,25.0,0.5,69.15003204345703
0.12,1.0,25.0,0.5,25.0,2.0,79.9640884399414
0.12,0.25,150.0,50.0,75.0,1.0,
0.12,1.0,25.0,0.1,5.0,0.5,68.57182312011719
0.015,1.0,75.0,0.5,5.0,1.0,56.38527297973633
0.015,0.5,75.0,0.02,75.0,1000000.0,91.86323547363281
0.12,0.5,150.0,50.0,25.0,0.5,
0.03,1.0,150.0,0.5,75.0,1000000.0,
0.24,0.25,75.0,0.5,25.0,1000000.0,
0.06,0.5,25.0,0.5,5.0,2.0,66.6002197265625
0.015,0.25,150.0,0.1,75.0,1000000.0,78.21542358398438
0.015,0.5,25.0,0.02,75.0,1.0,84.39079284667969
0.03,0.25,150.0,0.5,25.0,1.0,60.09980392456055
0.12,0.5,150.0,50.0,5.0,0.5,
0.015,0.5,150.0,5.0,5.0,2.0,61.10917663574219
0.12,0.5,25.0,0.02,5.0,1.0,70.6241683959961
0.06,0.5,25.0,50.0,75.0,0.5,
0.06,0.5,150.0,0.1,75.0,1000000.0,
0.24,0.5,150.0,5.0,75.0,0.5,
0.03,0.5,25.0,0.5,75.0,0.5,57.20013427734375
0.06,1.0,25.0,50.0,5.0,1000000.0,76.8779067993164
0.015,1.0,25.0,0.5,75.0,0.5,56.393978118896484
0.24,0.5,150.0,5.0,25.0,2.0,
0.12,0.5,75.0,0.5,25.0,1.0,70.45531463623047
0.015,0.5,75.0,0.1,75.0,1.0,69.90339660644531
0.015,1.0,75.0,50.0,75.0,1000000.0,65.58586120605469
0.24,0.5,75.0,0.5,75.0,2.0,
0.06,0.25,150.0,50.0,75.0,1000000.0,
0.015,0.5,75.0,0.5,25.0,1000000.0,66.57369995117188
0.03,1.0,25.0,0.1,75.0,0.5,72.63775634765625
0.03,1.0,75.0,0.02,5.0,0.5,53.50746536254883
0.015,0.5,150.0,0.02,25.0,1.0,68.47859191894531
0.24,0.25,150.0,5.0,75.0,0.5,
0.12,0.5,150.0,5.0,25.0,2.0,
0.24,0.5,25.0,0.02,25.0,1.0,88.40438079833984
0.03,0.25,25.0,0.1,5.0,1000000.0,70.58271789550781
0.03,0.25,75.0,0.1,25.0,1.0,62.153282165527344
0.03,1.0,25.0,50.0,75.0,2.0,60.19185256958008
0.12,1.0,150.0,0.1,25.0,1000000.0,
0.06,0.5,150.0,0.5,5.0,2.0,
0.015,0.25,25.0,0.1,75.0,1.0,67.38716888427734
0.24,0.25,25.0,50.0,5.0,1.0,68.18573760986328
0.06,0.5,150.0,0.1,25.0,1.0,69.02537536621094
0.12,1.0,25.0,0.02,25.0,1.0,86.73538970947266
0.06,0.25,25.0,0.1,25.0,1.0,68.09104919433594
0.06,1.0,150.0,0.02,75.0,2.0,89.98780822753906
0.015,0.25,75.0,0.1,75.0,0.5,71.1637954711914
0.06,1.0,75.0,5.0,5.0,2.0,61.51464080810547
0.12,0.5,25.0,50.0,25.0,1.0,67.153076171875
0.06,1.0,150.0,5.0,25.0,2.0,
0.03,0.25,25.0,50.0,75.0,2.0,57.69633483886719
0.24,1.0,75.0,50.0,5.0,2.0,
0.015,0.5,75.0,0.5,5.0,1000000.0,65.87661743164062
0.24,1.0,150.0,0.5,25.0,1.0,
0.24,1.0,75.0,0.1,75.0,1000000.0,
0.12,1.0,75.0,0.02,5.0,2.0,72.91149139404297
0.015,0.5,150.0,5.0,5.0,0.5,57.520790100097656
0.06,1.0,25.0,5.0,75.0,1000000.0,
0.12,0.25,150.0,0.1,5.0,2.0,
0.03,1.0,75.0,0.02,5.0,1.0,54.316131591796875
0.03,0.5,75.0,0.02,75.0,0.5,78.96514129638672
0.015,0.25,150.0,5.0,75.0,1.0,61.91850280761719
0.12,0.25,150.0,5.0,5.0,2.0,
0.06,1.0,75.0,5.0,25.0,2.0,66.20287322998047
0.06,0.25,150.0,0.5,25.0,2.0,
0.015,0.5,25.0,0.5,25.0,1000000.0,65.83232116699219
0.03,0.25,25.0,0.02,25.0,1000000.0,87.81969451904297
0.06,1.0,25.0,0.5,75.0,1.0,
0.06,0.5,25.0,0.1,5.0,2.0,65.96417236328125
0.24,0.25,25.0,50.0,75.0,0.5,
0.03,1.0,75.0,5.0,5.0,2.0,55.54278564453125
0.12,0.25,150.0,50.0,25.0,0.5,
0.015,1.0,25.0,0.02,5.0,1000000.0,72.3470687866211
0.015,0.25,150.0,50.0,5.0,1.0,56.217342376708984
0.12,0.5,75.0,5.0,75.0,2.0,
0.015,1.0,150.0,5.0,25.0,0.5,59.9856071472168
0.06,0.5,150.0,50.0,25.0,1.0,62.17771911621094
0.015,1.0,150.0,0.5,25.0,0.5,59.25978469848633
0.015,0.5,150.0,0.02,5.0,1000000.0,69.6175765991211
0.12,0.25,75.0,0.5,25.0,1000000.0,
0.12,1.0,25.0,0.5,75.0,1000000.0,
0.24,1.0,150.0,0.1,75.0,1.0,
0.03,0.25,75.0,0.02,25.0,1.0,66.2686538696289
0.12,0.25,150.0,0.1,75.0,2.0,
0.06,1.0,25.0,0.1,25.0,1000000.0,84.5322036743164
0.12,0.25,150.0,0.5,75.0,2.0,
0.12,1.0,150.0,0.02,25.0,2.0,
0.24,0.25,75.0,5.0,5.0,2.0,
0.015,0.5,25.0,50.0,25.0,2.0,57.660789489746094
0.24,0.5,150.0,5.0,5.0,0.5,
0.24,0.25,150.0,0.5,75.0,0.5,
0.12,1.0,75.0,0.02,25.0,1.0,81.86628723144531
0.06,0.5,75.0,50.0,25.0,1000000.0,
0.24,1.0,25.0,5.0,75.0,0.5,
0.03,0.25,150.0,50.0,5.0,1.0,53.67585372924805
0.015,1.0,75.0,50.0,75.0,1.0,56.20015335083008
0.12,1.0,75.0,5.0,75.0,2.0,
0.03,0.25,75.0,50.0,25.0,0.5,54.49782180786133
0.24,1.0,75.0,0.02,25.0,0.5,83.88352966308594
0.24,0.25,25.0,0.02,75.0,1000000.0,109.6984634399414
0.06,1.0,25.0,0.5,5.0,2.0,69.22236633300781
0.12,0.5,25.0,50.0,25.0,1000000.0,
0.24,1.0,75.0,0.5,5.0,0.5,69.58867645263672
0.12,1.0,150.0,0.5,25.0,1.0,
0.06,0.25,150.0,5.0,75.0,1000000.0,
0.24,0.5,75.0,50.0,75.0,0.5,
0.06,0.5,75.0,50.0,5.0,0.5,56.88481140136719
0.24,0.25,150.0,0.02,25.0,1.0,
0.06,0.25,150.0,0.02,5.0,2.0,60.4163818359375
0.03,1.0,75.0,0.1,5.0,0.5,55.825164794921875
0.12,0.25,25.0,0.5,5.0,1000000.0,88.19307708740234
0.015,1.0,75.0,0.5,5.0,2.0,59.24140167236328
0.015,0.25,25.0,0.5,25.0,0.5,55.3236083984375
0.06,0.25,150.0,50.0,5.0,1.0,56.4431266784668
0.06,1.0,25.0,0.5,75.0,1000000.0,
0.12,0.25,25.0,5.0,75.0,1.0,
0.03,1.0,25.0,0.5,75.0,1.0,59.35871505737305
0.06,1.0,150.0,5.0,5.0,1000000.0,
0.06,1.0,75.0,0.02,75.0,0.5,83.02654266357422
0.06,0.5,25.0,0.5,75.0,2.0,
0.12,0.25,25.0,50.0,75.0,1.0,
0.06,0.25,150.0,0.02,25.0,1000000.0,
0.03,0.25,25.0,50.0,5.0,1000000.0,66.12957000732422
0.03,1.0,75.0,0.5,5.0,2.0,57.079166412353516
0.06,0.5,150.0,5.0,25.0,1.0,
0.24,1.0,25.0,0.5,25.0,1000000.0,
0.24,1.0,75.0,5.0,5.0,1.0,
0.015,0.5,25.0,0.1,25.0,1000000.0,72.1007080078125
0.03,0.5,150.0,50.0,5.0,1.0,53.89642333984375
0.06,0.25,25.0,0.5,5.0,1000000.0,77.1457748413086
0.24,0.25,25.0,0.02,75.0,1.0,98.52507781982422
0.015,0.5,150.0,50.0,5.0,0.5,54.94335174560547
0.06,0.5,75.0,5.0,75.0,0.5,
0.12,1.0,75.0,50.0,5.0,0.5,63.16246795654297
0.06,0.25,75.0,0.5,25.0,1.0,63.61153030395508
0.12,0.25,75.0,0.5,75.0,0.5,
0.015,0.25,150.0,0.1,5.0,1000000.0,68.643310546875
0.015,1.0,75.0,5.0,75.0,2.0,59.84292984008789
0.12,1.0,150.0,0.02,75.0,1000000.0,
0.015,0.5,75.0,0.02,25.0,2.0,74.56613159179688
0.015,0.25,25.0,0.1,75.0,2.0,70.40497589111328
0.06,0.25,150.0,0.1,25.0,1000000.0,
0.015,0.25,25.0,5.0,75.0,2.0,58.03031539916992
0.24,0.25,150.0,50.0,25.0,0.5,
0.015,0.5,75.0,0.1,5.0,1000000.0,67.21412658691406
0.12,0.25,150.0,0.02,5.0,0.5,60.61482620239258
0.015,0.25,150.0,5.0,5.0,1000000.0,67.90730285644531
0.03,0.5,150.0,0.1,75.0,0.5,77.619873046875
0.12,0.5,75.0,0.5,75.0,1.0,
0.12,0.5,75.0,0.5,75.0,2.0,
0.015,1.0,75.0,0.1,5.0,1000000.0,67.44462585449219
0.03,0.25,150.0,5.0,75.0,0.5,62.081912994384766
0.06,0.5,150.0,50.0,5.0,1.0,56.75974655151367
0.12,0.25,25.0,0.1,5.0,1.0,67.6339340209961
0.015,0.25,75.0,0.5,5.0,2.0,58.848289489746094
0.12,0.5,150.0,0.1,5.0,2.0,
0.12,0.25,25.0,0.02,25.0,1000000.0,103.19270324707031
0.24,0.5,25.0,5.0,75.0,2.0,
0.12,0.5,25.0,0.1,25.0,2.0,80.30288696289062
0.06,1.0,150.0,0.02,75.0,0.5,81.50306701660156
0.03,0.5,150.0,0.02,5.0,1000000.0,68.60814666748047
0.12,1.0,25.0,50.0,75.0,1000000.0,
0.24,0.25,25.0,0.5,5.0,1000000.0,
0.12,1.0,25.0,0.5,5.0,1.0,71.0213851928711
0.015,0.25,75.0,0.02,75.0,2.0,84.96065521240234
0.015,0.5,75.0,0.5,5.0,0.5,55.021751403808594
0.03,0.5,75.0,0.1,75.0,1000000.0,75.44947814941406
0.24,1.0,25.0,0.02,75.0,0.5,100.84237670898438
0.12,0.5,150.0,0.02,25.0,1.0,
0.03,0.5,25.0,0.02,75.0,1000000.0,97.01607513427734
0.03,0.25,75.0,5.0,25.0,1.0,56.22181701660156
0.12,1.0,75.0,5.0,5.0,1000000.0,
0.24,1.0,25.0,0.02,5.0,1000000.0,98.53656768798828
0.12,1.0,150.0,0.02,5.0,0.5,61.6706428527832
0.03,0.5,150.0,0.02,25.0,1000000.0,82.32350158691406
0.06,1.0,150.0,0.02,5.0,2.0,61.54071807861328
0.03,0.5,25.0,5.0,75.0,2.0,58.8848762512207
0.03,0.25,25.0,0.5,25.0,1.0,56.349639892578125
0.12,0.25,25.0,50.0,5.0,0.5,63.49674987792969
0.03,1.0,25.0,0.1,75.0,1000000.0,79.4976577758789
0.015,0.25,25.0,50.0,5.0,2.0,57.480133056640625
0.03,0.25,25.0,0.02,25.0,2.0,79.1083755493164
0.015,1.0,75.0,50.0,5.0,2.0,58.0307502746582
0.12,1.0,150.0,0.5,25.0,2.0,
0.03,0.5,75.0,0.02,75.0,1.0,79.71876525878906
0.12,1.0,150.0,5.0,75.0,1000000.0,
0.12,0.25,25.0,50.0,75.0,2.0,
0.015,0.5,25.0,50.0,25.0,1000000.0,63.257076263427734
0.12,0.25,25.0,5.0,25.0,2.0,71.56844329833984
0.24,0.5,25.0,5.0,75.0,1.0,
0.015,0.25,75.0,0.5,5.0,0.5,54.98970031738281
0.06,1.0,25.0,5.0,75.0,0.5,63.68562316894531
0.06,1.0,25.0,0.5,75.0,0.5,64.87622833251953
0.24,1.0,75.0,0.02,25.0,1.0,87.33636474609375
0.24,0.5,75.0,50.0,75.0,1.0,
0.24,1.0,25.0,0.02,75.0,1000000.0,113.96705627441406
0.06,1.0,150.0,5.0,75.0,1.0,
0.015,0.25,25.0,50.0,5.0,1.0,53.304691314697266
0.015,0.5,75.0,0.1,75.0,0.5,71.48249816894531
0.06,0.25,150.0,50.0,5.0,0.5,56.50682067871094
0.12,1.0,75.0,50.0,25.0,1000000.0,
0.06,0.25,25.0,50.0,25.0,1.0,59.91191482543945
0.24,0.25,75.0,0.5,75.0,1000000.0,
0.03,1.0,150.0,0.1,75.0,1.0,77.08843994140625
0.015,1.0,150.0,0.1,75.0,1.0,76.29624938964844
0.015,1.0,150.0,5.0,5.0,1000000.0,68.177734375
0.24,1.0,25.0,0.1,5.0,1.0,77.34943389892578
0.015,1.0,75.0,5.0,75.0,0.5,56.47153091430664
0.015,0.25,150.0,50.0,75.0,0.5,56.87797546386719
0.24,1.0,25.0,0.02,5.0,1.0,76.15543365478516
0.03,1.0,150.0,0.5,75.0,1.0,64.02950286865234
0.24,1.0,150.0,0.1,25.0,1.0,
0.015,1.0,75.0,50.0,75.0,2.0,58.92676544189453
0.12,0.5,75.0,0.5,25.0,1000000.0,
0.24,0.25,75.0,0.5,75.0,0.5,
0.24,1.0,75.0,0.1,25.0,0.5,84.85275268554688
0.03,0.25,25.0,0.02,5.0,2.0,64.32146453857422
0.12,0.25,25.0,5.0,25.0,1.0,67.6154556274414
0.03,1.0,150.0,0.1,25.0,1.0,65.4679946899414
0.03,0.25,25.0,50.0,5.0,0.5,52.28622817993164
0.24,0.5,25.0,0.5,25.0,2.0,
0.12,0.5,25.0,50.0,75.0,1000000.0,
0.03,0.5,75.0,0.02,25.0,0.5,65.43193817138672
0.015,0.25,150.0,0.02,25.0,0.5,67.49852752685547
0.24,0.5,150.0,5.0,25.0,1.0,
0.015,0.5,75.0,50.0,75.0,2.0,58.37327575683594
0.12,1.0,150.0,0.5,5.0,1.0,
0.06,1.0,25.0,5.0,5.0,0.5,61.197723388671875
0.24,1.0,25.0,50.0,5.0,1000000.0,
0.12,0.5,150.0,0.02,5.0,2.0,
0.06,0.5,25.0,5.0,75.0,2.0,
0.03,1.0,25.0,0.02,5.0,0.5,58.172218322753906
0.12,0.25,25.0,0.02,5.0,2.0,77.3869400024414
0.03,0.25,75.0,0.1,75.0,2.0,66.60221862792969
0.06,0.25,25.0,0.02,75.0,1.0,88.97071075439453
0.24,1.0,75.0,0.5,25.0,2.0,
0.24,0.25,25.0,0.5,75.0,2.0,
0.12,0.5,75.0,50.0,75.0,1000000.0,
0.03,0.5,150.0,0.02,75.0,0.5,77.60575103759766
0.24,0.25,150.0,0.5,25.0,1000000.0,
0.06,0.5,75.0,5.0,25.0,0.5,61.83308792114258
0.03,0.5,150.0,0.02,25.0,2.0,67.12198638916016
0.06,0.5,25.0,5.0,25.0,1000000.0,76.68658447265625
0.24,0.5,25.0,50.0,25.0,0.5,71.53032684326172
0.06,1.0,75.0,0.5,75.0,1.0,
0.015,1.0,25.0,0.1,25.0,1.0,64.16032409667969
0.03,1.0,150.0,0.02,75.0,0.5,77.67697143554688
0.24,0.5,150.0,50.0,5.0,0.5,
0.03,0.25,25.0,0.02,75.0,2.0,89.08210754394531
0.015,0.5,75.0,0.02,5.0,1.0,57.750911712646484
0.12,1.0,150.0,0.5,75.0,1.0,
0.24,0.25,75.0,0.5,75.0,1.0,
0.03,0.25,75.0,50.0,75.0,0.5,55.687599182128906
0.24,1.0,150.0,0.02,25.0,0.5,
0.24,0.25,75.0,0.02,25.0,2.0,
0.24,1.0,75.0,0.02,5.0,0.5,69.65869903564453
0.24,0.25,25.0,5.0,75.0,2.0,
0.12,0.25,25.0,5.0,5.0,0.5,64.56094360351562
0.24,0.5,150.0,50.0,25.0,1.0,
0.06,0.5,25.0,50.0,5.0,0.5,57.88782501220703
0.03,0.25,150.0,50.0,25.0,1.0,56.40309524536133
0.12,0.25,150.0,0.02,5.0,1.0,63.40172576904297
0.03,1.0,75.0,0.5,75.0,0.5,60.16254425048828
0.03,0.5,75.0,0.1,25.0,1.0,62.44953536987305
0.12,0.5,75.0,5.0,25.0,0.5,65.87106323242188
0.03,1.0,25.0,0.02,25.0,1000000.0,87.6191635131836
0.24,0.5,25.0,5.0,75.0,0.5,
0.06,1.0,150.0,0.02,25.0,2.0,74.5193099975586
0.12,0.25,150.0,50.0,75.0,2.0,
0.06,0.5,150.0,0.02,5.0,2.0,60.59770965576172
0.03,0.25,75.0,0.5,25.0,1.0,56.736846923828125
0.03,1.0,75.0,5.0,75.0,2.0,59.448246002197266
0.12,0.5,75.0,0.1,5.0,2.0,67.49268341064453
0.015,1.0,75.0,0.1,25.0,2.0,66.65365600585938
0.12,0.25,75.0,5.0,25.0,2.0,
0.015,1.0,75.0,0.5,5.0,1000000.0,66.18492889404297
0.015,0.5,25.0,0.02,5.0,1.0,61.7099609375
0.06,0.25,75.0,0.1,75.0,0.5,78.44646453857422
0.06,0.5,150.0,0.02,5.0,0.5,55.512420654296875
0.24,0.5,150.0,0.5,25.0,1.0,
0.06,0.5,25.0,50.0,5.0,1.0,59.29506301879883
0.03,0.5,75.0,50.0,5.0,2.0,54.11409378051758
0.24,1.0,25.0,0.1,75.0,0.5,95.80105590820312
0.24,0.5,75.0,0.1,25.0,1.0,
0.24,0.25,75.0,0.02,5.0,1000000.0,
0.06,1.0,75.0,50.0,5.0,2.0,61.4140625
0.06,0.5,25.0,0.5,75.0,0.5,62.13500213623047
0.015,0.25,150.0,50.0,25.0,2.0,60.58917236328125
0.015,0.5,75.0,0.5,25.0,2.0,59.86492156982422
0.24,1.0,150.0,0.1,25.0,2.0,
0.06,0.25,150.0,5.0,25.0,0.5,63.65375900268555
0.015,0.5,25.0,0.02,75.0,2.0,87.89595031738281
0.12,0.5,75.0,0.1,75.0,2.0,
0.015,0.5,150.0,0.1,75.0,1.0,75.42755889892578
0.24,0.5,25.0,0.02,75.0,0.5,98.8454360961914
0.015,0.5,25.0,0.1,5.0,2.0,62.32412338256836
0.06,1.0,25.0,0.5,5.0,1000000.0,80.08612823486328
0.06,0.25,75.0,0.02,25.0,2.0,76.14143371582031
0.06,0.5,150.0,0.02,5.0,1.0,57.68973922729492
0.03,1.0,75.0,5.0,5.0,1.0,55.32924270629883
0.03,1.0,25.0,0.02,25.0,2.0,79.16175842285156
0.06,0.5,25.0,5.0,25.0,2.0,65.8840103149414
0.015,1.0,150.0,0.1,5.0,2.0,61.35736846923828
0.03,0.25,75.0,0.1,25.0,1000000.0,71.33302307128906
0.03,0.5,75.0,0.5,75.0,1.0,58.12797164916992
0.24,0.5,150.0,50.0,5.0,1.0,
0.06,1.0,150.0,0.02,25.0,1.0,69.8155288696289
0.015,1.0,25.0,5.0,5.0,1000000.0,63.61845397949219
0.06,1.0,150.0,5.0,75.0,0.5,
0.06,1.0,25.0,50.0,5.0,1.0,62.658485412597656
0.06,0.25,75.0,0.5,5.0,0.5,58.05727005004883
0.12,1.0,75.0,0.5,5.0,0.5,64.48948669433594
0.015,1.0,25.0,5.0,5.0,2.0,58.0912971496582
0.12,0.25,25.0,0.5,5.0,1.0,69.08586120605469
0.015,0.5,75.0,0.1,25.0,1000000.0,71.47551727294922
0.24,0.25,150.0,0.5,25.0,2.0,
0.06,1.0,75.0,0.5,25.0,2.0,69.49251556396484
0.12,0.5,150.0,0.1,25.0,0.5,
0.24,0.5,25.0,0.5,5.0,1000000.0,
0.06,1.0,150.0,0.5,5.0,2.0,
0.015,0.5,75.0,0.1,5.0,2.0,60.666316986083984
0.03,1.0,75.0,0.5,5.0,1.0,56.048587799072266
0.03,0.5,150.0,50.0,75.0,1000000.0,
0.12,0.5,25.0,5.0,5.0,2.0,70.96834564208984
0.12,0.5,25.0,5.0,25.0,0.5,67.51048278808594
0.03,0.5,75.0,0.02,75.0,2.0,83.40010833740234
0.015,0.25,150.0,50.0,75.0,2.0,61.25328063964844
0.015,1.0,150.0,0.5,75.0,2.0,63.54966354370117
0.06,0.5,75.0,0.1,75.0,2.0,74.78946685791016
0.06,0.25,75.0,0.02,5.0,1000000.0,78.81590270996094
0.06,1.0,75.0,0.02,25.0,1.0,71.69058227539062
0.015,0.5,25.0,0.5,25.0,0.5,55.300662994384766
0.06,0.5,150.0,0.1,5.0,0.5,57.26688003540039
0.015,0.5,25.0,0.02,75.0,0.5,85.02953338623047
0.12,1.0,25.0,0.1,5.0,1000000.0,88.3266830444336
0.24,1.0,150.0,50.0,5.0,2.0,
0.03,1.0,150.0,50.0,5.0,0.5,55.345802307128906
0.24,0.25,150.0,0.1,25.0,2.0,
0.24,0.25,75.0,0.5,5.0,1.0,
0.06,0.5,25.0,50.0,75.0,2.0,
0.015,0.25,150.0,0.02,75.0,1000000.0,92.37892150878906
0.24,0.5,150.0,0.5,5.0,0.5,
0.03,0.25,75.0,0.02,5.0,2.0,57.06383514404297
0.06,0.5,150.0,0.1,75.0,1.0,
0.24,0.25,150.0,5.0,25.0,1.0,
0.015,0.5,75.0,0.5,75.0,0.5,57.26667022705078
0.12,0.5,75.0,0.1,75.0,1000000.0,
0.24,1.0,75.0,5.0,75.0,1000000.0,
0.015,0.5,150.0,50.0,75.0,1.0,58.52199172973633
0.015,1.0,75.0,0.02,75.0,1000000.0,91.65338134765625
0.06,1.0,75.0,50.0,25.0,2.0,66.1383285522461
0.03,0.5,150.0,0.02,5.0,0.5,52.97595977783203
0.12,0.5,25.0,0.5,75.0,1.0,
0.12,0.25,25.0,0.5,25.0,1.0,71.91974639892578
0.24,0.5,75.0,5.0,5.0,1.0,
0.06,0.25,150.0,0.02,25.0,0.5,65.86915588378906
0.03,0.5,25.0,0.02,75.0,0.5,83.41075134277344
0.015,0.5,75.0,0.1,75.0,1000000.0,75.47249603271484
0.06,1.0,75.0,0.5,75.0,1000000.0,
0.24,0.25,25.0,0.02,5.0,2.0,81.67671966552734
0.015,0.5,150.0,0.1,5.0,1000000.0,68.64381408691406
0.015,0.25,25.0,0.1,25.0,2.0,66.83171844482422
0.24,0.25,75.0,0.5,25.0,2.0,
0.12,0.25,150.0,5.0,5.0,1000000.0,
0.06,0.5,25.0,5.0,5.0,2.0,64.39277648925781
0.24,0.25,75.0,0.02,25.0,0.5,82.26342010498047
0.03,0.5,75.0,0.5,75.0,1000000.0,
0.015,1.0,25.0,50.0,75.0,0.5,53.016780853271484
0.06,0.25,75.0,0.5,5.0,1.0,59.39264678955078
0.06,0.25,75.0,5.0,5.0,2.0,59.81945037841797
0.12,1.0,150.0,0.02,25.0,0.5,73.99089813232422
0.12,1.0,150.0,0.02,75.0,2.0,
0.12,1.0,150.0,5.0,5.0,1.0,
0.03,1.0,150.0,5.0,25.0,1000000.0,67.7380142211914
0.03,0.25,75.0,5.0,5.0,1.0,53.89309310913086
0.03,1.0,75.0,0.02,25.0,1.0,66.3655776977539
0.015,0.25,25.0,50.0,5.0,0.5,52.16283416748047
0.03,0.25,75.0,50.0,75.0,2.0,55.58496856689453
0.12,0.25,75.0,0.1,5.0,1000000.0,
0.24,1.0,75.0,50.0,75.0,2.0,
0.015,0.5,25.0,0.02,25.0,1.0,76.08073425292969
0.24,0.25,75.0,0.1,25.0,1000000.0,
0.06,0.5,75.0,0.5,25.0,0.5,62.31733322143555
0.03,0.25,75.0,50.0,5.0,0.5,52.98686981201172
0.12,0.5,25.0,5.0,75.0,0.5,
0.12,0.25,25.0,0.1,25.0,2.0,79.92696380615234
0.24,1.0,150.0,0.02,75.0,1000000.0,
0.03,0.5,150.0,0.1,5.0,2.0,55.1776008605957
0.03,0.5,75.0,5.0,25.0,2.0,56.44799041748047
0.03,0.5,25.0,0.1,5.0,0.5,57.141841888427734
0.06,0.25,25.0,50.0,75.0,2.0,
0.015,1.0,25.0,0.5,5.0,2.0,59.86808395385742
0.12,0.25,150.0,0.1,5.0,1.0,
0.12,0.5,150.0,5.0,5.0,2.0,
0.03,1.0,150.0,50.0,25.0,1.0,58.355472564697266
0.12,0.25,25.0,0.1,75.0,0.5,82.9607162475586
0.12,0.5,150.0,0.1,25.0,1000000.0,
0.24,0.25,75.0,50.0,75.0,1.0,
0.015,0.25,75.0,0.1,5.0,2.0,60.68717956542969
0.24,0.25,75.0,5.0,25.0,2.0,
0.06,0.25,150.0,5.0,75.0,2.0,
0.06,0.25,75.0,5.0,5.0,1000000.0,
0.24,1.0,150.0,0.1,25.0,1000000.0,
0.06,0.25,150.0,0.02,5.0,1.0,57.57905197143555
0.12,1.0,150.0,0.1,75.0,1.0,
0.015,0.25,25.0,50.0,75.0,0.5,52.62715530395508
0.12,1.0,75.0,0.1,25.0,2.0,
0.015,0.5,150.0,50.0,5.0,2.0,59.68487548828125
0.06,0.5,75.0,0.1,5.0,1000000.0,74.29597473144531
0.03,0.5,25.0,5.0,75.0,0.5,54.43051528930664
0.12,0.5,150.0,5.0,25.0,1.0,
0.03,1.0,75.0,5.0,25.0,2.0,58.3457145690918
0.12,0.25,150.0,5.0,75.0,2.0,
0.06,1.0,75.0,0.1,25.0,0.5,70.07730865478516
0.015,0.5,25.0,5.0,75.0,1000000.0,63.57021713256836
0.06,1.0,25.0,5.0,75.0,2.0,
0.12,0.5,25.0,0.02,25.0,0.5,82.93328094482422
0.015,0.5,150.0,0.02,75.0,0.5,80.57823944091797
0.03,0.25,25.0,0.1,75.0,1000000.0,78.84437561035156
0.12,0.25,75.0,50.0,25.0,0.5,63.80052185058594
0.06,0.25,150.0,5.0,25.0,1.0,63.179405212402344
0.03,0.5,75.0,50.0,75.0,0.5,56.11328125
0.03,0.25,150.0,5.0,25.0,0.5,60.80312728881836
0.24,0.5,150.0,0.5,75.0,1000000.0,
0.24,0.25,75.0,0.02,5.0,2.0,76.19610595703125
0.12,1.0,25.0,0.5,25.0,0.5,72.82454681396484
0.24,0.25,150.0,0.02,25.0,2.0,
0.06,0.5,75.0,0.1,5.0,2.0,60.56948471069336
0.015,0.25,150.0,0.5,75.0,1000000.0,69.59521484375
0.12,1.0,75.0,5.0,25.0,0.5,69.19966888427734
0.015,0.5,150.0,0.5,25.0,2.0,62.71673583984375
0.06,0.5,150.0,0.1,5.0,1000000.0,
0.24,1.0,25.0,50.0,5.0,2.0,73.99365997314453
0.12,0.5,25.0,50.0,25.0,2.0,70.86951446533203
0.06,1.0,75.0,50.0,75.0,1000000.0,
0.015,0.25,150.0,0.5,25.0,1000000.0,69.66481018066406
0.03,0.5,25.0,5.0,5.0,1.0,53.73999786376953
0.03,1.0,150.0,5.0,25.0,2.0,59.598628997802734
0.12,0.25,150.0,50.0,75.0,0.5,
0.12,0.25,150.0,0.1,25.0,2.0,
0.015,0.25,150.0,0.5,25.0,2.0,62.62248229980469
0.12,0.5,150.0,5.0,75.0,1.0,
0.12,0.5,25.0,5.0,25.0,1.0,68.2629623413086
0.06,1.0,150.0,0.02,75.0,1000000.0,
0.24,0.5,75.0,0.1,25.0,0.5,82.39176177978516
0.015,0.5,75.0,50.0,5.0,1000000.0,64.69095611572266
0.06,0.5,150.0,5.0,25.0,2.0,
0.12,1.0,150.0,0.1,5.0,1000000.0,
0.015,0.5,75.0,0.02,25.0,1.0,70.80615234375
0.24,1.0,75.0,0.1,5.0,1000000.0,
0.03,0.5,150.0,0.1,5.0,1000000.0,67.21768951416016
0.24,0.25,75.0,5.0,5.0,1000000.0,
0.12,0.5,25.0,0.1,25.0,0.5,76.10301208496094
0.06,0.25,150.0,5.0,5.0,1000000.0,
0.015,0.5,25.0,50.0,75.0,1.0,53.75301742553711
0.24,0.5,25.0,0.02,5.0,1.0,75.00559997558594
0.03,1.0,75.0,0.5,75.0,1.0,60.092254638671875
0.12,0.5,75.0,0.02,75.0,0.5,92.53565216064453
0.015,1.0,75.0,0.02,25.0,1000000.0,81.98265838623047
0.015,1.0,150.0,0.5,75.0,1.0,61.97019958496094
0.12,0.25,150.0,50.0,5.0,1.0,
0.06,1.0,150.0,0.1,25.0,2.0,
0.24,0.5,25.0,0.02,75.0,1000000.0,110.5793228149414
0.03,1.0,75.0,5.0,75.0,1000000.0,
0.06,0.25,75.0,50.0,75.0,0.5,
0.03,0.25,150.0,50.0,25.0,2.0,56.17250061035156
0.06,1.0,75.0,5.0,75.0,1.0,
0.03,0.5,25.0,50.0,75.0,1000000.0,
0.03,1.0,75.0,0.5,5.0,1000000.0,68.15184783935547
0.06,0.25,75.0,5.0,25.0,2.0,62.529266357421875
0.12,0.25,25.0,50.0,75.0,0.5,
0.24,1.0,75.0,0.5,25.0,1.0,
0.24,1.0,25.0,5.0,75.0,1000000.0,
0.06,0.25,150.0,0.1,5.0,0.5,57.1947021484375
0.24,0.25,25.0,50.0,5.0,1000000.0,
0.015,0.25,25.0,0.02,5.0,1000000.0,72.47006225585938
0.015,0.5,75.0,50.0,25.0,0.5,53.989891052246094
0.24,0.25,25.0,0.02,75.0,0.5,98.43001556396484
0.24,0.5,75.0,0.5,5.0,0.5,69.0296630859375
0.015,1.0,150.0,5.0,25.0,2.0,63.52711868286133
0.24,0.25,150.0,0.02,25.0,0.5,
0.03,0.25,150.0,50.0,5.0,2.0,53.90971374511719
0.06,0.5,150.0,0.5,5.0,0.5,58.94869613647461
0.03,0.5,25.0,5.0,25.0,1.0,54.629512786865234
0.015,0.5,25.0,0.02,5.0,0.5,60.80487823486328
0.03,1.0,75.0,0.02,25.0,0.5,65.85458374023438
0.06,0.25,25.0,5.0,75.0,1.0,
0.015,0.5,150.0,0.1,5.0,2.0,61.21234130859375
0.015,1.0,150.0,0.02,25.0,1.0,68.45738983154297
0.015,0.5,75.0,0.02,75.0,2.0,84.78131103515625
0.015,0.5,25.0,50.0,5.0,0.5,52.17764663696289
0.24,0.5,75.0,50.0,5.0,0.5,65.50311279296875
0.12,1.0,150.0,0.1,75.0,1000000.0,
0.24,0.5,150.0,50.0,5.0,1000000.0,
0.03,0.25,75.0,5.0,25.0,0.5,56.98482131958008
0.015,0.25,25.0,0.02,25.0,0.5,76.00359344482422
0.24,1.0,75.0,0.02,5.0,2.0,
0.015,1.0,75.0,0.1,5.0,1.0,57.76093673706055
0.03,0.5,25.0,0.5,75.0,1000000.0,
0.12,0.5,150.0,0.5,25.0,2.0,
0.24,0.25,150.0,5.0,5.0,0.5,
0.12,1.0,25.0,50.0,5.0,1.0,67.21427917480469
0.24,0.5,25.0,5.0,25.0,1000000.0,
0.03,0.5,150.0,5.0,5.0,0.5,57.258888244628906
0.03,0.25,25.0,50.0,25.0,1000000.0,66.44235229492188
0.03,0.5,150.0,5.0,75.0,1.0,62.059722900390625
0.24,0.25,75.0,0.02,5.0,1.0,71.27214050292969
0.06,1.0,150.0,50.0,5.0,1000000.0,
0.06,1.0,150.0,50.0,75.0,1.0,
0.12,0.5,75.0,5.0,75.0,1.0,
0.03,1.0,25.0,5.0,75.0,1.0,57.02358627319336
0.12,1.0,25.0,0.1,25.0,0.5,78.98773956298828
0.24,0.25,150.0,0.02,75.0,1000000.0,
0.03,0.25,150.0,0.1,25.0,1.0,64.33847045898438
0.12,0.5,75.0,0.1,25.0,2.0,75.03392028808594
0.015,1.0,25.0,0.1,25.0,2.0,67.29193878173828
0.24,0.25,150.0,0.1,5.0,2.0,
0.24,0.25,25.0,50.0,25.0,0.5,70.61314392089844
0.12,1.0,75.0,0.5,5.0,2.0,
0.015,0.5,150.0,0.5,5.0,1000000.0,68.60621643066406
0.12,0.5,75.0,0.1,25.0,1000000.0,
0.24,0.5,25.0,0.1,25.0,0.5,82.95695495605469
0.12,0.25,25.0,0.1,75.0,2.0,88.24518585205078
0.06,0.5,150.0,0.02,75.0,2.0,89.57515716552734
0.06,1.0,75.0,50.0,25.0,1.0,64.87126922607422
0.24,1.0,75.0,0.1,5.0,1.0,
0.06,1.0,25.0,5.0,5.0,1.0,62.61565017700195
0.06,0.5,75.0,5.0,25.0,1000000.0,
0.12,1.0,150.0,50.0,75.0,2.0,
0.24,0.25,25.0,0.5,75.0,1000000.0,
0.24,0.5,150.0,0.1,25.0,2.0,
0.06,0.5,150.0,0.5,5.0,1000000.0,
0.24,0.25,25.0,0.02,25.0,1000000.0,104.20652770996094
0.12,0.25,75.0,0.5,5.0,2.0,
0.015,1.0,25.0,50.0,25.0,2.0,58.23998260498047
0.12,0.25,150.0,0.1,75.0,0.5,
0.03,0.5,75.0,50.0,25.0,2.0,55.56797409057617
0.12,0.5,75.0,0.1,5.0,1000000.0,
0.015,0.25,25.0,0.1,5.0,1.0,58.36003875732422
0.12,0.5,75.0,0.02,5.0,1.0,65.93898010253906
0.015,0.25,75.0,0.02,5.0,1000000.0,69.28752136230469
0.24,0.5,25.0,50.0,75.0,1000000.0,
0.03,0.25,75.0,5.0,75.0,1.0,57.01052474975586
0.015,0.25,75.0,5.0,75.0,1.0,56.993568420410156
0.12,0.25,75.0,0.1,25.0,1.0,72.29722595214844
0.06,0.5,150.0,5.0,5.0,0.5,58.13471984863281
0.24,1.0,75.0,0.02,75.0,1000000.0,
0.12,1.0,150.0,50.0,5.0,1.0,
0.06,0.25,75.0,5.0,5.0,0.5,57.322330474853516
0.12,0.25,25.0,0.02,75.0,1.0,98.22171020507812
0.24,0.25,150.0,5.0,25.0,0.5,
0.03,0.5,75.0,5.0,5.0,1000000.0,65.31165313720703
0.015,1.0,75.0,0.5,25.0,2.0,60.276100158691406
0.24,1.0,25.0,50.0,75.0,1000000.0,
0.015,0.25,150.0,0.1,25.0,0.5,65.27686309814453
0.03,0.5,75.0,50.0,75.0,1.0,55.78910827636719
0.12,0.5,150.0,0.02,25.0,0.5,72.70398712158203
0.015,1.0,75.0,0.5,25.0,1.0,57.793067932128906
0.015,1.0,25.0,0.5,5.0,1.0,55.72480010986328
0.03,0.5,75.0,50.0,75.0,1000000.0,
0.015,1.0,75.0,5.0,25.0,1.0,57.4454460144043
0.015,0.25,150.0,5.0,75.0,1000000.0,69.67621612548828
0.24,1.0,150.0,0.5,5.0,1000000.0,
0.24,0.25,150.0,5.0,5.0,1.0,
0.24,0.25,75.0,0.5,5.0,1000000.0,
0.06,0.25,25.0,50.0,5.0,1.0,58.49155807495117
0.24,0.5,25.0,0.02,25.0,0.5,86.8334732055664
0.06,0.25,75.0,0.5,75.0,0.5,
0.24,0.5,150.0,0.02,5.0,1000000.0,
0.015,0.25,75.0,0.1,25.0,1.0,64.23607635498047
0.015,0.25,150.0,0.5,5.0,2.0,61.089454650878906
0.12,0.25,150.0,0.1,75.0,1.0,
0.03,0.5,150.0,0.02,75.0,1000000.0,98.2854232788086
0.03,0.5,75.0,5.0,75.0,0.5,58.08201599121094
0.12,0.25,75.0,50.0,75.0,2.0,
0.015,0.5,150.0,50.0,75.0,1000000.0,68.6082534790039
0.12,1.0,150.0,0.1,5.0,0.5,62.35116195678711
0.12,0.25,25.0,50.0,25.0,0.5,65.34529113769531
0.06,0.5,75.0,0.02,25.0,0.5,68.06051635742188
0.06,0.25,25.0,5.0,5.0,2.0,63.82359313964844
0.24,1.0,75.0,0.02,25.0,1000000.0,
0.06,1.0,150.0,0.1,75.0,0.5,
0.06,1.0,25.0,0.02,5.0,2.0,71.31376647949219
0.015,0.25,150.0,0.5,75.0,2.0,62.9847412109375
0.015,0.25,150.0,5.0,5.0,0.5,57.46257781982422
0.24,0.5,25.0,50.0,25.0,2.0,
0.24,0.25,75.0,0.5,25.0,0.5,74.56503295898438
0.24,0.5,150.0,0.5,75.0,2.0,
0.015,1.0,25.0,50.0,5.0,1000000.0,63.646514892578125
0.24,1.0,25.0,5.0,5.0,0.5,69.99311828613281
0.24,1.0,150.0,5.0,5.0,0.5,
0.015,0.5,25.0,0.1,5.0,1000000.0,67.79405975341797
0.24,0.5,150.0,0.5,75.0,0.5,
0.12,0.25,150.0,5.0,25.0,1000000.0,
0.03,1.0,150.0,0.02,75.0,1.0,78.61188507080078
0.12,0.25,150.0,0.1,25.0,1.0,
0.03,0.25,25.0,0.02,5.0,1.0,58.386531829833984
0.24,1.0,25.0,0.02,75.0,2.0,104.86332702636719
0.24,0.5,150.0,5.0,25.0,0.5,
0.12,0.5,25.0,0.1,5.0,1000000.0,86.89558410644531
0.06,0.5,25.0,0.02,75.0,2.0,94.11833190917969
0.03,0.25,25.0,50.0,25.0,0.5,53.021217346191406
0.06,0.25,25.0,50.0,25.0,0.5,58.382320404052734
0.06,0.5,25.0,0.5,5.0,1000000.0,77.69249725341797
0.24,1.0,75.0,0.02,75.0,0.5,100.5600814819336
0.06,0.25,150.0,5.0,25.0,1000000.0,
0.24,0.5,75.0,50.0,5.0,2.0,
0.03,1.0,150.0,0.5,5.0,2.0,56.694698333740234
0.12,0.25,150.0,0.5,75.0,1000000.0,
0.03,1.0,150.0,0.5,25.0,1000000.0,
0.12,0.25,25.0,0.02,5.0,0.5,67.44383239746094
0.12,1.0,75.0,0.5,25.0,1.0,
0.12,0.25,75.0,0.02,5.0,1000000.0,
0.06,0.25,75.0,5.0,25.0,1.0,61.3864860534668
0.03,0.25,25.0,5.0,75.0,1000000.0,
0.03,0.25,25.0,0.02,75.0,1000000.0,97.33001708984375
0.015,0.25,150.0,0.02,75.0,1.0,81.04793548583984
0.015,1.0,150.0,0.1,25.0,0.5,65.87174987792969
0.03,0.5,25.0,5.0,25.0,1000000.0,67.28392791748047
0.06,0.25,25.0,0.5,25.0,1.0,62.546138763427734
0.24,0.5,150.0,5.0,5.0,1000000.0,
0.12,1.0,25.0,0.1,25.0,2.0,82.49852752685547
0.24,0.25,25.0,0.02,25.0,2.0,92.95934295654297
0.03,1.0,150.0,50.0,25.0,1000000.0,
0.24,0.5,150.0,0.5,25.0,1000000.0,
0.03,0.5,25.0,0.02,25.0,0.5,73.05152130126953
0.12,0.25,150.0,0.02,75.0,1000000.0,
0.03,0.25,150.0,0.1,5.0,0.5,55.259883880615234
0.06,1.0,25.0,50.0,25.0,1000000.0,
0.015,0.25,75.0,0.1,75.0,2.0,70.36862182617188
0.06,1.0,150.0,0.02,25.0,0.5,66.4004135131836
0.24,0.5,150.0,0.5,5.0,1000000.0,
0.12,1.0,75.0,50.0,75.0,1.0,
0.03,0.25,75.0,0.5,5.0,1000000.0,67.21315002441406
0.015,0.5,25.0,50.0,5.0,2.0,57.50548553466797
0.03,1.0,150.0,5.0,75.0,0.5,64.349609375
0.24,0.25,150.0,0.1,75.0,2.0,
0.24,0.5,75.0,5.0,25.0,1.0,
0.24,1.0,75.0,50.0,5.0,0.5,66.27804565429688
0.06,0.25,25.0,0.02,75.0,0.5,88.21685791015625
0.06,0.5,25.0,0.1,25.0,2.0,71.859619140625
0.03,0.25,25.0,5.0,25.0,2.0,58.02299880981445
0.03,1.0,75.0,50.0,75.0,2.0,58.311241149902344
0.03,1.0,25.0,0.5,5.0,0.5,56.22074890136719
0.12,0.25,75.0,0.5,75.0,2.0,
0.12,1.0,75.0,50.0,75.0,0.5,
0.015,0.25,25.0,50.0,75.0,1000000.0,63.298038482666016
0.015,1.0,25.0,5.0,75.0,1.0,54.6965446472168
0.03,1.0,25.0,5.0,5.0,0.5,54.760398864746094
0.24,0.25,75.0,0.1,5.0,0.5,69.78141784667969
0.03,0.25,75.0,0.5,5.0,2.0,55.675079345703125
0.015,1.0,25.0,50.0,5.0,2.0,58.04779052734375
0.06,0.25,75.0,0.1,75.0,1.0,76.40814208984375
0.03,1.0,150.0,5.0,5.0,1.0,56.93585968017578
0.24,0.25,75.0,0.02,5.0,0.5,68.72576141357422
0.015,1.0,150.0,0.1,75.0,2.0,75.72456359863281
0.24,0.25,25.0,0.1,5.0,1.0,75.56531524658203
0.24,0.5,75.0,0.5,75.0,0.5,
0.06,0.5,150.0,0.5,25.0,1.0,
0.03,0.5,150.0,0.1,5.0,0.5,55.32568359375
0.03,1.0,25.0,5.0,5.0,2.0,59.34230041503906
0.06,1.0,150.0,0.1,5.0,0.5,57.66434097290039
0.24,0.5,75.0,5.0,5.0,0.5,65.9566879272461
0.015,0.25,25.0,5.0,5.0,0.5,52.567543029785156
0.06,1.0,150.0,50.0,5.0,0.5,58.39744567871094
0.12,1.0,75.0,0.1,25.0,1.0,74.79608154296875
0.12,0.5,25.0,50.0,75.0,2.0,
0.03,0.5,75.0,0.02,25.0,1000000.0,83.47476196289062
0.12,0.5,150.0,0.5,5.0,1.0,
0.03,0.25,25.0,0.5,5.0,0.5,54.709495544433594
0.12,0.25,75.0,5.0,75.0,1.0,
0.06,1.0,75.0,5.0,75.0,0.5,
0.12,0.5,150.0,0.5,25.0,1000000.0,
0.24,0.25,150.0,50.0,75.0,0.5,
0.12,0.5,75.0,0.02,25.0,1000000.0,
0.24,0.5,150.0,0.02,25.0,0.5,
0.12,0.5,75.0,50.0,75.0,1.0,
0.24,0.5,75.0,0.5,5.0,1000000.0,
0.24,1.0,25.0,0.1,75.0,1.0,
0.03,1.0,150.0,0.02,75.0,1000000.0,97.3549575805664
0.015,0.25,75.0,0.1,75.0,1.0,69.6955795288086
0.06,0.25,75.0,50.0,5.0,1000000.0,
0.24,1.0,150.0,0.5,25.0,1000000.0,
0.03,0.25,150.0,5.0,25.0,1000000.0,66.46414184570312
0.06,1.0,25.0,50.0,5.0,0.5,60.65653991699219
0.015,0.5,25.0,0.1,5.0,0.5,57.57699203491211
0.03,0.5,25.0,0.1,75.0,0.5,70.6054916381836
0.06,0.5,75.0,0.5,75.0,1000000.0,
0.24,0.25,150.0,0.02,5.0,1000000.0,
0.06,0.5,25.0,5.0,25.0,1.0,61.93461608886719
0.03,0.5,25.0,5.0,75.0,1.0,54.95600509643555
0.06,1.0,150.0,50.0,25.0,1.0,
0.015,0.25,25.0,0.5,75.0,1000000.0,66.49431610107422
0.12,1.0,75.0,5.0,75.0,1000000.0,
0.24,1.0,75.0,0.5,5.0,1.0,
0.06,0.25,75.0,50.0,25.0,1000000.0,
0.12,0.25,75.0,0.02,25.0,0.5,75.73575592041016
0.015,0.25,150.0,5.0,25.0,0.5,59.312347412109375
0.015,1.0,75.0,50.0,75.0,0.5,55.06962585449219
0.015,0.25,150.0,5.0,25.0,1000000.0,69.0218734741211
0.03,0.25,150.0,0.02,5.0,1.0,53.70738983154297
0.06,0.5,150.0,0.02,75.0,1.0,85.53031921386719
0.12,1.0,75.0,0.5,25.0,2.0,
0.12,1.0,25.0,5.0,5.0,1000000.0,86.62940979003906
0.24,0.5,150.0,5.0,5.0,1.0,
0.03,0.25,25.0,50.0,75.0,1.0,53.766868591308594
0.06,0.5,150.0,0.1,5.0,2.0,59.16115951538086
0.03,0.5,25.0,0.1,75.0,1000000.0,78.85575103759766
0.03,0.25,25.0,50.0,5.0,1.0,52.65290069580078
0.03,1.0,150.0,0.1,5.0,0.5,55.74106216430664
0.015,0.5,25.0,0.02,25.0,2.0,80.31604766845703
0.12,0.5,75.0,0.5,5.0,0.5,63.36065673828125
0.015,0.5,25.0,5.0,5.0,1000000.0,63.121883392333984
0.015,0.5,25.0,0.02,5.0,2.0,66.51412200927734
0.015,1.0,75.0,0.1,5.0,2.0,60.87559509277344
0.03,1.0,75.0,50.0,5.0,1000000.0,66.09945678710938
0.03,0.5,25.0,0.5,5.0,2.0,59.993350982666016
0.015,0.25,25.0,0.1,75.0,1000000.0,75.7345962524414
0.06,0.5,75.0,0.02,25.0,1000000.0,92.91302490234375
0.24,1.0,75.0,0.1,75.0,0.5,
0.24,0.5,25.0,5.0,5.0,2.0,75.08195495605469
0.12,0.25,25.0,0.02,25.0,1.0,85.30974578857422
0.06,0.25,75.0,0.5,5.0,1000000.0,
0.06,1.0,25.0,0.5,25.0,1000000.0,82.50078582763672
0.24,0.25,150.0,0.02,25.0,1000000.0,
0.03,1.0,25.0,0.5,5.0,2.0,61.48023986816406
0.03,1.0,75.0,0.1,25.0,2.0,62.813438415527344
0.24,0.25,75.0,0.1,75.0,1.0,
0.12,0.5,25.0,0.1,5.0,1.0,67.93930053710938
0.06,0.5,75.0,0.1,75.0,1000000.0,
0.015,0.25,150.0,0.02,5.0,0.5,56.18688201904297
0.03,1.0,75.0,0.02,25.0,1000000.0,83.4050521850586
0.015,1.0,25.0,0.1,75.0,1.0,68.41647338867188
0.12,0.25,25.0,0.5,75.0,1000000.0,
0.03,0.5,25.0,0.5,25.0,1000000.0,70.13982391357422
0.03,0.25,75.0,0.02,75.0,0.5,79.07823944091797
0.015,1.0,25.0,0.5,25.0,1.0,56.728126525878906
0.24,1.0,75.0,0.02,5.0,1000000.0,
0.06,0.25,75.0,0.02,75.0,0.5,82.7729721069336
0.24,0.25,75.0,0.02,75.0,1000000.0,
0.03,0.5,75.0,5.0,75.0,2.0,57.24097442626953
0.24,0.5,25.0,5.0,75.0,1000000.0,
0.03,0.5,75.0,0.5,5.0,2.0,55.970375061035156
0.24,0.25,25.0,0.5,25.0,1.0,78.89321899414062
0.03,0.5,150.0,50.0,75.0,0.5,58.903804779052734
0.06,0.25,150.0,50.0,75.0,2.0,
0.12,0.5,75.0,0.02,25.0,2.0,87.38926696777344
0.12,0.25,150.0,5.0,75.0,1000000.0,
0.12,1.0,75.0,0.5,75.0,2.0,
0.015,0.25,150.0,0.02,25.0,1000000.0,81.0487060546875
0.015,0.5,150.0,5.0,75.0,1.0,62.14581298828125
0.06,1.0,25.0,50.0,25.0,2.0,68.9039077758789
0.03,0.25,25.0,50.0,5.0,2.0,56.989803314208984
0.12,0.25,150.0,0.5,75.0,1.0,
0.12,0.5,75.0,0.5,75.0,1000000.0,
0.06,1.0,75.0,0.1,5.0,1.0,59.28092956542969
0.24,1.0,75.0,0.1,25.0,1000000.0,
0.06,0.5,75.0,0.1,5.0,1.0,58.41908645629883
0.12,1.0,25.0,0.1,75.0,2.0,91.19316864013672
0.24,0.25,25.0,0.02,5.0,1.0,74.91057586669922
0.03,1.0,75.0,50.0,25.0,2.0,57.41275405883789
0.03,0.5,150.0,0.02,25.0,1.0,64.29581451416016
0.06,1.0,150.0,5.0,75.0,1000000.0,
0.015,0.25,150.0,0.1,75.0,0.5,75.30510711669922
0.03,1.0,75.0,0.02,75.0,1.0,79.38581085205078
0.12,0.25,25.0,0.02,5.0,1.0,70.40589141845703
0.015,0.5,75.0,0.02,25.0,0.5,70.33055877685547
0.12,0.5,25.0,50.0,25.0,0.5,66.33030700683594
0.03,0.25,25.0,0.1,75.0,0.5,70.05919647216797
0.12,0.5,75.0,0.1,25.0,0.5,73.77452087402344
0.24,0.5,150.0,0.1,75.0,2.0,
0.24,0.5,75.0,50.0,75.0,2.0,
0.24,0.25,25.0,0.5,5.0,2.0,80.78176879882812
0.12,1.0,75.0,5.0,75.0,1.0,
0.12,1.0,150.0,5.0,25.0,0.5,
0.06,0.25,150.0,0.1,75.0,1.0,
0.06,0.5,75.0,5.0,5.0,1.0,57.86281204223633
0.015,0.25,75.0,50.0,75.0,0.5,54.596248626708984
0.015,1.0,150.0,5.0,75.0,0.5,60.57590103149414
0.015,0.25,75.0,0.1,5.0,1.0,57.518218994140625
0.015,1.0,25.0,0.02,25.0,1.0,76.18875122070312
0.24,0.5,75.0,0.1,75.0,0.5,
0.015,0.25,25.0,50.0,25.0,2.0,57.62154006958008
0.06,1.0,25.0,0.5,25.0,1.0,67.35968780517578
0.06,1.0,150.0,5.0,75.0,2.0,
0.12,0.5,25.0,0.5,5.0,0.5,66.50827026367188
0.24,1.0,25.0,5.0,5.0,1.0,70.38697052001953
0.24,1.0,75.0,0.02,25.0,2.0,
0.24,0.25,75.0,5.0,5.0,0.5,65.85784912109375
0.015,1.0,25.0,5.0,25.0,0.5,53.24954605102539
0.12,0.25,25.0,0.5,75.0,2.0,
0.06,0.25,150.0,50.0,5.0,1000000.0,
0.03,0.5,25.0,0.1,75.0,1.0,67.9867935180664
0.24,0.25,25.0,5.0,25.0,1000000.0,
0.12,1.0,150.0,0.1,25.0,2.0,
0.03,0.25,25.0,0.02,5.0,1000000.0,73.47350311279297
0.12,1.0,150.0,0.02,5.0,1.0,
0.015,0.5,75.0,0.1,5.0,0.5,56.566898345947266
0.06,1.0,25.0,0.1,25.0,0.5,71.94157409667969
0.015,0.25,75.0,0.5,75.0,1.0,58.12775802612305
0.03,0.25,75.0,0.1,75.0,0.5,71.87885284423828
0.12,1.0,150.0,50.0,5.0,1000000.0,
0.06,0.25,150.0,0.02,75.0,1000000.0,
0.06,0.5,150.0,0.5,75.0,1000000.0,
0.24,0.5,25.0,0.5,75.0,0.5,
0.24,0.25,25.0,0.1,25.0,2.0,93.42054748535156
0.03,0.5,150.0,0.5,75.0,0.5,62.31637191772461
0.015,0.25,25.0,0.5,5.0,1000000.0,65.08321380615234
0.015,0.25,75.0,0.02,5.0,0.5,56.54193115234375
0.12,1.0,75.0,0.02,25.0,2.0,88.68708801269531
0.24,1.0,75.0,0.1,75.0,1.0,
0.12,0.25,25.0,0.02,75.0,1000000.0,112.86475372314453
0.12,1.0,25.0,0.02,5.0,0.5,68.70443725585938
0.03,0.25,25.0,50.0,25.0,2.0,57.44429397583008
0.06,1.0,75.0,0.5,75.0,2.0,
0.015,1.0,75.0,50.0,5.0,1.0,54.782562255859375
0.12,1.0,25.0,5.0,75.0,0.5,
0.06,0.25,25.0,50.0,5.0,0.5,57.183040618896484
0.12,0.5,25.0,5.0,5.0,0.5,65.13076782226562
0.03,0.5,75.0,50.0,25.0,1000000.0,65.91425323486328
0.03,0.5,75.0,0.02,5.0,0.5,53.03632736206055
0.12,0.5,75.0,5.0,75.0,0.5,
0.03,1.0,25.0,50.0,25.0,0.5,54.79336929321289
0.015,0.25,150.0,0.02,5.0,2.0,61.45393753051758
0.03,0.5,25.0,0.02,25.0,1000000.0,87.62723541259766
0.24,0.5,75.0,0.1,75.0,1.0,
0.015,0.25,75.0,5.0,25.0,2.0,58.788143157958984
0.015,0.5,75.0,5.0,5.0,1000000.0,64.7901840209961
0.03,1.0,25.0,0.1,5.0,2.0,62.43357849121094
0.015,1.0,25.0,50.0,75.0,1.0,54.32411193847656
0.03,1.0,75.0,0.1,5.0,1.0,55.09952163696289
0.12,1.0,25.0,0.02,75.0,1000000.0,112.6472396850586
0.24,0.25,75.0,0.5,75.0,2.0,
0.12,0.5,150.0,0.5,5.0,2.0,
0.24,1.0,75.0,5.0,25.0,1000000.0,
0.12,1.0,25.0,0.1,25.0,1000000.0,96.25331115722656
0.24,0.5,25.0,0.1,25.0,2.0,93.8661880493164
0.03,1.0,150.0,50.0,5.0,2.0,54.87921905517578
0.015,0.25,150.0,0.02,25.0,1.0,68.59044647216797
0.06,0.5,150.0,50.0,5.0,2.0,58.17641067504883
0.24,1.0,25.0,0.5,75.0,2.0,
0.03,0.5,150.0,0.5,75.0,1.0,61.66792297363281
0.12,1.0,25.0,0.1,75.0,1000000.0,
0.24,0.5,25.0,0.1,75.0,0.5,91.35457611083984
0.24,0.5,25.0,0.1,5.0,1.0,75.78187561035156
0.24,0.5,75.0,0.5,5.0,1.0,
0.06,0.5,25.0,50.0,25.0,2.0,64.96564483642578
0.06,1.0,75.0,50.0,75.0,0.5,
0.03,1.0,25.0,0.1,25.0,0.5,65.82933807373047
0.24,0.25,25.0,0.1,75.0,1000000.0,
0.03,0.5,25.0,0.02,25.0,2.0,78.95982360839844
0.015,1.0,150.0,0.5,5.0,2.0,61.4163703918457
0.015,1.0,150.0,50.0,5.0,2.0,59.98704528808594
0.24,0.5,75.0,50.0,25.0,0.5,69.69342041015625
0.12,0.5,150.0,0.1,75.0,1.0,
0.015,0.5,25.0,0.02,25.0,1000000.0,85.73748779296875
0.06,0.5,150.0,50.0,25.0,2.0,62.62177276611328
0.12,0.25,25.0,0.5,75.0,0.5,
0.24,1.0,150.0,50.0,5.0,1000000.0,
0.12,0.5,150.0,5.0,75.0,0.5,
0.015,1.0,75.0,0.02,5.0,0.5,56.61567306518555
0.06,0.25,25.0,0.02,5.0,2.0,69.6550521850586
0.12,1.0,150.0,0.1,5.0,2.0,
0.12,0.25,75.0,0.1,75.0,1000000.0,
0.12,0.25,25.0,0.02,5.0,1000000.0,91.03402709960938
0.03,0.25,75.0,50.0,75.0,1000000.0,
0.12,1.0,150.0,0.5,5.0,0.5,
0.12,0.25,25.0,5.0,5.0,1000000.0,84.79488372802734
0.24,0.25,25.0,0.1,75.0,2.0,
0.24,0.5,75.0,5.0,5.0,2.0,
0.015,1.0,75.0,0.1,25.0,1.0,64.79786682128906
0.12,1.0,150.0,0.02,25.0,1000000.0,
0.06,0.5,75.0,0.1,75.0,1.0,77.30998229980469
0.015,0.5,25.0,0.5,75.0,1.0,57.1778564453125
0.03,0.5,25.0,0.02,75.0,1.0,83.55918884277344
0.015,0.5,25.0,5.0,25.0,1.0,53.91843032836914
0.03,1.0,25.0,0.1,75.0,2.0,71.83080291748047
0.015,0.25,25.0,0.02,75.0,1000000.0,93.14308166503906
0.015,0.5,75.0,0.1,25.0,2.0,66.33860778808594
0.03,0.5,150.0,0.02,25.0,0.5,63.118751525878906
0.015,0.5,150.0,50.0,75.0,0.5,56.97645568847656
0.03,0.25,25.0,0.5,75.0,0.5,56.944923400878906
0.03,0.5,75.0,0.02,25.0,1.0,66.18157958984375
0.03,0.25,25.0,0.5,75.0,1.0,57.39210510253906
0.12,0.5,25.0,0.1,5.0,2.0,72.73219299316406
0.015,1.0,150.0,0.5,25.0,1000000.0,70.08460998535156
0.12,1.0,25.0,50.0,5.0,2.0,71.33795166015625
0.06,0.5,75.0,0.5,75.0,0.5,
0.03,0.5,150.0,5.0,75.0,2.0,59.35612487792969
0.03,0.25,25.0,0.02,75.0,1.0,83.74431610107422
0.12,0.5,150.0,5.0,75.0,2.0,
0.06,0.5,75.0,0.5,75.0,1.0,
0.015,0.5,150.0,5.0,75.0,1000000.0,69.79046630859375
0.015,1.0,150.0,5.0,75.0,2.0,64.28742980957031
0.12,0.25,25.0,0.5,5.0,2.0,74.40316772460938
0.015,1.0,150.0,0.02,25.0,0.5,67.43672180175781
0.24,0.5,150.0,0.02,75.0,1.0,
0.24,0.25,75.0,0.5,25.0,1.0,
0.12,1.0,150.0,0.5,75.0,0.5,
0.03,0.5,150.0,0.1,25.0,1.0,64.62149047851562
0.12,0.5,25.0,0.5,25.0,1000000.0,
0.24,0.5,25.0,5.0,5.0,1.0,69.72012329101562
0.03,0.25,150.0,0.1,75.0,0.5,76.9541244506836
0.12,1.0,25.0,5.0,25.0,0.5,71.07632446289062
0.015,1.0,25.0,5.0,75.0,0.5,53.48811721801758
0.12,1.0,150.0,5.0,75.0,0.5,
0.03,0.25,75.0,0.1,5.0,0.5,55.08065414428711
0.015,1.0,25.0,5.0,75.0,1000000.0,64.09292602539062
0.06,0.5,75.0,50.0,5.0,1000000.0,
0.015,0.25,25.0,0.1,75.0,0.5,68.91937255859375
0.015,1.0,150.0,0.02,5.0,1000000.0,69.8727798461914
0.06,0.25,150.0,0.02,25.0,1.0,69.08912658691406
0.015,0.5,25.0,50.0,75.0,2.0,57.735679626464844
0.12,1.0,25.0,5.0,25.0,1.0,71.21974182128906
0.12,0.5,150.0,0.02,25.0,1000000.0,
0.015,1.0,25.0,0.5,25.0,0.5,55.62321090698242
0.06,0.5,25.0,5.0,75.0,1.0,
0.015,1.0,75.0,0.5,75.0,0.5,57.6919059753418
0.03,1.0,150.0,0.1,75.0,2.0,70.72447204589844
0.03,0.25,25.0,0.1,25.0,0.5,63.891178131103516
0.24,1.0,150.0,50.0,25.0,2.0,
0.03,0.5,150.0,0.1,25.0,2.0,62.75041580200195
0.24,1.0,25.0,0.5,25.0,1.0,80.54615783691406
0.06,0.5,75.0,50.0,75.0,0.5,
0.24,0.25,75.0,0.02,75.0,1.0,
0.015,0.25,150.0,0.02,75.0,2.0,84.11100006103516
0.015,1.0,150.0,0.1,5.0,1000000.0,68.87051391601562
0.12,0.5,150.0,0.02,5.0,1000000.0,
0.03,1.0,150.0,0.1,75.0,1000000.0,
0.015,1.0,150.0,0.1,25.0,1.0,67.18281555175781
0.24,1.0,25.0,0.02,25.0,1000000.0,107.08568572998047
0.06,1.0,150.0,0.1,25.0,1.0,70.00753784179688
0.24,0.5,75.0,50.0,75.0,1000000.0,
0.03,0.25,75.0,5.0,25.0,1000000.0,66.05371856689453
0.015,0.5,25.0,0.5,5.0,1000000.0,65.03054809570312
0.03,0.25,150.0,50.0,5.0,1000000.0,65.00772094726562
0.24,0.25,75.0,0.02,25.0,1.0,85.79574584960938
0.24,0.25,150.0,0.5,25.0,0.5,
0.12,0.5,150.0,0.1,75.0,2.0,
0.03,1.0,75.0,50.0,5.0,2.0,55.315452575683594
0.06,0.25,75.0,0.1,5.0,0.5,57.81293487548828
0.24,0.25,150.0,5.0,5.0,1000000.0,
0.24,0.25,75.0,50.0,75.0,1000000.0,
0.24,1.0,150.0,0.02,5.0,0.5,
0.24,0.25,75.0,0.1,75.0,1000000.0,
0.03,1.0,25.0,5.0,5.0,1000000.0,68.13117980957031
0.03,0.25,25.0,0.1,75.0,1.0,67.58075714111328
0.12,1.0,75.0,0.5,25.0,0.5,71.6253890991211
0.03,0.25,25.0,0.1,5.0,1.0,57.1025390625
0.12,1.0,25.0,5.0,5.0,1.0,67.95346069335938
0.03,1.0,150.0,0.02,25.0,0.5,63.41170883178711
0.06,0.5,75.0,0.5,5.0,0.5,58.49446105957031
0.06,0.5,150.0,5.0,75.0,0.5,67.1328353881836
0.03,0.25,25.0,0.02,25.0,1.0,73.37579345703125
0.03,1.0,150.0,0.1,75.0,0.5,79.70086669921875
0.06,1.0,75.0,5.0,25.0,0.5,64.91242218017578
0.12,0.5,75.0,50.0,5.0,2.0,
0.03,0.5,75.0,5.0,25.0,1000000.0,66.40428161621094
0.015,0.25,150.0,5.0,25.0,1.0,61.233543395996094
0.24,0.25,150.0,0.1,75.0,0.5,
0.12,0.25,25.0,5.0,25.0,0.5,66.55618286132812
0.12,1.0,25.0,0.1,25.0,1.0,78.4981689453125
0.015,0.25,75.0,0.5,5.0,1000000.0,65.88597106933594
0.12,0.25,75.0,50.0,75.0,1000000.0,
0.24,0.5,25.0,5.0,5.0,1000000.0,
0.015,0.25,75.0,5.0,5.0,1.0,55.67304229736328
0.015,0.5,75.0,50.0,25.0,1000000.0,65.02208709716797
0.24,0.25,25.0,50.0,25.0,1.0,
0.12,1.0,150.0,0.02,75.0,0.5,91.82318878173828
0.03,0.25,75.0,0.5,75.0,1.0,57.56949996948242
0.06,1.0,150.0,50.0,75.0,1000000.0,
0.06,1.0,25.0,0.1,75.0,2.0,81.01726531982422
0.015,1.0,75.0,5.0,5.0,1000000.0,65.10162353515625
0.12,1.0,25.0,0.1,5.0,1.0,69.875
0.06,0.25,150.0,0.5,5.0,1000000.0,
0.03,1.0,150.0,0.02,25.0,2.0,67.06332397460938
0.24,0.5,75.0,0.02,5.0,1000000.0,
0.015,0.5,75.0,50.0,5.0,1.0,54.38260269165039
0.03,0.25,150.0,50.0,25.0,1000000.0,
0.03,0.25,150.0,0.5,25.0,0.5,60.54240417480469
0.12,0.25,150.0,0.5,75.0,0.5,
0.24,0.25,150.0,0.1,5.0,0.5,
0.06,0.5,25.0,0.1,75.0,0.5,76.8550033569336
0.03,0.5,25.0,50.0,25.0,1000000.0,66.79442596435547
0.12,1.0,150.0,0.02,5.0,2.0,
0.03,0.5,75.0,0.5,5.0,1000000.0,67.37923431396484
0.03,0.5,150.0,50.0,5.0,1000000.0,65.20662689208984
0.06,0.25,75.0,0.02,5.0,0.5,56.02810287475586
0.12,0.5,25.0,50.0,5.0,0.5,64.22346496582031
0.015,0.5,150.0,5.0,25.0,2.0,62.9459228515625
0.24,0.5,75.0,0.5,25.0,2.0,
0.03,1.0,25.0,0.1,25.0,1.0,64.61642456054688
0.03,0.25,75.0,0.5,25.0,2.0,57.45901107788086
0.015,1.0,75.0,0.1,25.0,0.5,64.51335906982422
0.24,1.0,75.0,0.1,25.0,2.0,
0.06,0.25,75.0,0.1,75.0,2.0,73.92108917236328
0.03,0.25,75.0,0.1,25.0,2.0,61.945858001708984
0.03,1.0,150.0,5.0,75.0,2.0,61.558021545410156
0.03,0.5,150.0,0.1,5.0,1.0,54.668827056884766
0.03,0.25,75.0,0.02,25.0,1000000.0,83.56676483154297
0.24,0.25,25.0,50.0,25.0,1000000.0,
0.03,0.5,25.0,50.0,75.0,1.0,54.279579162597656
0.03,1.0,25.0,0.1,5.0,1000000.0,71.28091430664062
0.015,0.25,75.0,0.02,25.0,0.5,70.4091567993164
0.03,0.25,75.0,50.0,25.0,1.0,54.085487365722656
0.06,0.25,25.0,0.1,75.0,1000000.0,88.44898223876953
0.06,0.5,75.0,50.0,75.0,1000000.0,
0.12,0.5,75.0,0.1,75.0,0.5,
0.03,0.25,150.0,0.5,5.0,0.5,57.000404357910156
0.12,0.25,25.0,50.0,25.0,1000000.0,
0.06,1.0,150.0,0.5,5.0,0.5,59.867897033691406
0.12,1.0,150.0,50.0,75.0,1000000.0,
0.03,0.25,150.0,5.0,5.0,0.5,57.0563850402832
0.12,1.0,75.0,0.02,75.0,1000000.0,
0.03,1.0,75.0,0.1,75.0,2.0,67.86891174316406
0.015,1.0,75.0,0.5,25.0,0.5,56.83544158935547
0.015,1.0,75.0,5.0,5.0,2.0,58.50547790527344
0.06,0.5,25.0,5.0,5.0,1000000.0,75.78038024902344
0.03,0.5,75.0,0.5,75.0,0.5,58.60202407836914
0.24,0.5,150.0,0.02,25.0,1000000.0,
0.03,0.25,75.0,50.0,5.0,2.0,53.75985336303711
0.12,0.25,150.0,0.5,25.0,1000000.0,
0.12,0.5,150.0,0.1,25.0,1.0,
0.03,0.5,75.0,0.1,25.0,0.5,63.47583770751953
0.03,0.5,75.0,0.02,75.0,1000000.0,96.87899780273438
0.12,0.5,75.0,0.5,5.0,1.0,66.60993194580078
0.12,1.0,150.0,5.0,25.0,1.0,
0.015,0.5,25.0,0.5,5.0,2.0,59.448421478271484
0.24,0.5,25.0,50.0,25.0,1.0,
0.015,0.5,150.0,5.0,25.0,1000000.0,69.10814666748047
0.12,1.0,75.0,0.1,75.0,2.0,
0.06,0.25,25.0,0.5,5.0,1.0,61.018577575683594
0.015,1.0,150.0,0.02,5.0,1.0,57.902156829833984
0.12,0.25,25.0,50.0,25.0,2.0,70.34451293945312
0.06,0.25,75.0,0.5,25.0,0.5,61.43320846557617
0.015,0.25,75.0,0.1,25.0,2.0,66.31049346923828
0.24,0.5,150.0,0.1,5.0,0.5,
0.06,1.0,75.0,0.02,5.0,2.0,64.24931335449219
0.03,1.0,25.0,50.0,75.0,0.5,55.28931427001953
0.06,1.0,150.0,0.02,5.0,1.0,58.24638748168945
0.24,0.25,25.0,0.02,75.0,2.0,101.25030517578125
0.24,1.0,150.0,5.0,25.0,1000000.0,
0.12,1.0,25.0,0.5,5.0,2.0,76.44979095458984
0.24,1.0,25.0,0.1,5.0,2.0,83.5860595703125
0.015,0.25,150.0,50.0,5.0,0.5,54.89895248413086
0.24,0.5,75.0,0.02,5.0,1.0,71.37773132324219
0.24,0.25,150.0,50.0,75.0,1.0,
0.03,0.25,75.0,50.0,5.0,1000000.0,64.87127685546875
0.03,1.0,150.0,0.5,25.0,2.0,60.969329833984375
0.24,1.0,75.0,5.0,75.0,0.5,
0.03,0.5,75.0,0.1,75.0,2.0,66.89309692382812
0.12,0.25,150.0,0.1,25.0,1000000.0,
0.24,0.5,75.0,0.02,25.0,1.0,85.99371337890625
0.06,0.25,150.0,50.0,75.0,0.5,
0.12,1.0,75.0,5.0,5.0,1.0,64.11924743652344
0.015,1.0,75.0,0.02,25.0,2.0,74.3869400024414
0.015,1.0,150.0,50.0,75.0,1000000.0,69.06745147705078
0.03,0.5,25.0,0.02,5.0,2.0,64.33799743652344
0.12,0.5,25.0,5.0,75.0,1000000.0,
0.03,1.0,75.0,0.5,25.0,2.0,59.85466766357422
0.015,0.5,150.0,0.02,75.0,1000000.0,92.26620483398438
0.06,1.0,150.0,5.0,5.0,0.5,58.975555419921875
0.06,0.25,150.0,5.0,75.0,1.0,
0.12,0.5,150.0,5.0,5.0,0.5,
0.015,0.25,25.0,0.02,25.0,1.0,76.18766021728516
0.015,0.5,25.0,5.0,5.0,0.5,52.58100128173828
0.24,0.5,75.0,0.1,5.0,1.0,
0.06,0.25,75.0,50.0,75.0,1000000.0,
0.12,1.0,25.0,0.5,75.0,1.0,
0.12,1.0,25.0,0.02,25.0,1000000.0,103.54096221923828
0.015,0.5,150.0,0.1,75.0,0.5,75.6214599609375
0.12,1.0,75.0,50.0,75.0,1000000.0,
0.06,0.25,75.0,0.1,5.0,2.0,60.310272216796875
0.015,1.0,75.0,0.02,75.0,2.0,84.57514190673828
0.03,1.0,75.0,50.0,5.0,1.0,53.96257781982422
0.015,0.5,150.0,50.0,25.0,0.5,55.91352462768555
0.24,1.0,75.0,0.1,5.0,2.0,
0.12,0.25,150.0,0.02,25.0,1.0,
0.015,1.0,75.0,0.02,5.0,1.0,57.90008544921875
0.12,0.5,75.0,0.1,75.0,1.0,
0.12,0.5,150.0,0.5,75.0,0.5,
0.24,1.0,150.0,5.0,25.0,0.5,
0.24,0.5,25.0,5.0,25.0,0.5,72.16642761230469
0.03,1.0,25.0,0.5,25.0,1000000.0,71.44436645507812
0.06,1.0,75.0,0.1,25.0,1000000.0,81.16300201416016
0.03,0.5,150.0,5.0,25.0,0.5,61.25554275512695
0.015,1.0,25.0,50.0,25.0,1000000.0,63.79143142700195
0.12,0.5,75.0,0.5,25.0,0.5,68.65934753417969
0.12,0.25,25.0,5.0,25.0,1000000.0,
0.12,1.0,150.0,0.02,25.0,1.0,
0.24,1.0,25.0,0.5,75.0,1000000.0,
0.015,0.25,75.0,5.0,25.0,0.5,55.63161087036133
0.015,0.25,75.0,0.1,25.0,0.5,63.7852897644043
0.03,0.5,25.0,5.0,5.0,0.5,53.463890075683594
0.06,0.25,150.0,50.0,25.0,1.0,61.226436614990234
0.03,0.25,25.0,5.0,5.0,0.5,53.17938232421875
0.06,0.5,25.0,0.02,75.0,0.5,88.22293853759766
0.015,0.25,150.0,0.02,25.0,2.0,72.411376953125
0.24,0.5,75.0,50.0,5.0,1.0,
0.015,0.25,25.0,5.0,75.0,0.5,53.110965728759766
0.06,0.5,150.0,0.1,25.0,1000000.0,
0.03,0.25,75.0,0.1,75.0,1000000.0,75.4639663696289
0.03,1.0,150.0,5.0,25.0,1.0,62.01677322387695
0.03,1.0,25.0,0.5,25.0,2.0,62.812618255615234
0.015,0.25,75.0,5.0,25.0,1000000.0,65.2972640991211
0.12,0.5,25.0,0.02,75.0,1.0,98.47272491455078
0.015,0.5,150.0,5.0,75.0,0.5,59.973270416259766
0.12,1.0,75.0,50.0,5.0,2.0,
0.03,1.0,25.0,0.02,25.0,1.0,73.70582580566406
0.03,0.5,150.0,5.0,5.0,1.0,56.216957092285156
0.06,0.5,75.0,50.0,75.0,2.0,
0.12,0.25,150.0,0.5,25.0,0.5,
0.24,0.25,150.0,0.1,75.0,1.0,
0.015,1.0,25.0,50.0,25.0,0.5,52.82354736328125
0.24,1.0,75.0,0.5,75.0,2.0,
0.12,0.25,75.0,50.0,75.0,1.0,
0.06,1.0,150.0,0.5,5.0,1000000.0,
0.06,0.25,25.0,0.5,25.0,0.5,60.6066780090332
0.03,0.25,150.0,5.0,75.0,1000000.0,
0.12,0.5,150.0,0.02,75.0,2.0,
0.06,0.25,25.0,5.0,25.0,0.5,59.4058837890625
0.03,0.5,150.0,0.5,25.0,2.0,59.04402160644531
0.015,1.0,25.0,0.5,25.0,2.0,60.739585876464844
0.03,0.25,150.0,0.02,75.0,2.0,82.31547546386719
0.06,1.0,25.0,50.0,75.0,2.0,
0.24,0.5,75.0,50.0,25.0,2.0,
0.24,0.25,75.0,5.0,75.0,0.5,
0.03,1.0,25.0,0.5,5.0,1.0,56.983394622802734
0.015,0.25,25.0,50.0,75.0,2.0,57.69227600097656
0.24,0.5,75.0,50.0,25.0,1.0,
0.24,1.0,150.0,0.02,5.0,2.0,
0.03,0.25,150.0,50.0,75.0,0.5,58.452552795410156
0.03,0.5,25.0,50.0,25.0,0.5,53.35960006713867
0.03,1.0,75.0,50.0,75.0,1000000.0,
0.24,0.5,150.0,50.0,5.0,2.0,
0.24,1.0,75.0,5.0,5.0,0.5,66.37418365478516
0.24,1.0,25.0,50.0,25.0,0.5,75.05599975585938
0.06,0.25,25.0,0.1,5.0,1.0,61.38643264770508
0.24,0.5,75.0,50.0,5.0,1000000.0,
0.015,0.5,150.0,0.1,25.0,1000000.0,73.29611206054688
0.24,0.25,75.0,0.1,25.0,2.0,
0.06,0.5,150.0,50.0,25.0,1000000.0,
0.12,0.25,25.0,0.5,25.0,2.0,77.16899108886719
0.06,0.25,150.0,0.5,25.0,1000000.0,
0.12,0.25,25.0,50.0,75.0,1000000.0,
0.03,1.0,25.0,0.02,75.0,2.0,88.62194061279297
0.24,0.25,25.0,5.0,5.0,1000000.0,
0.06,0.25,75.0,5.0,75.0,2.0,
0.12,0.25,150.0,0.02,5.0,1000000.0,
0.03,0.5,75.0,50.0,25.0,0.5,54.888023376464844
0.03,0.25,150.0,0.02,25.0,1.0,64.38585662841797
0.12,0.5,25.0,0.5,25.0,2.0,77.67505645751953
0.24,1.0,25.0,0.1,5.0,0.5,74.0794448852539
0.24,0.25,150.0,0.1,25.0,1000000.0,
0.06,0.25,150.0,0.5,75.0,1000000.0,
0.12,0.25,150.0,0.5,5.0,1000000.0,
0.015,0.5,25.0,5.0,75.0,1.0,54.14842987060547
0.12,1.0,75.0,0.5,25.0,1000000.0,
0.03,1.0,150.0,0.1,25.0,2.0,63.296478271484375
0.06,0.5,25.0,0.02,25.0,1000000.0,93.94155883789062
0.03,1.0,150.0,0.5,5.0,0.5,58.07945251464844
0.12,1.0,150.0,0.02,75.0,1.0,
0.06,0.25,150.0,5.0,5.0,2.0,59.042545318603516
0.03,1.0,150.0,5.0,5.0,0.5,58.04460906982422
0.12,0.25,25.0,5.0,75.0,0.5,
0.03,0.25,75.0,0.1,5.0,1.0,54.569053649902344
0.015,1.0,75.0,5.0,75.0,1000000.0,66.15845489501953
0.06,0.25,25.0,5.0,25.0,1.0,60.90544509887695
0.03,0.5,150.0,0.1,75.0,2.0,69.50518798828125
0.06,0.5,25.0,0.1,5.0,1.0,61.703277587890625
0.12,0.5,25.0,0.1,5.0,0.5,67.01024627685547
0.015,1.0,25.0,0.5,75.0,2.0,61.503787994384766
0.015,1.0,25.0,0.02,75.0,1.0,84.53852081298828
0.12,0.25,150.0,5.0,5.0,0.5,
0.12,0.25,25.0,0.5,75.0,1.0,
0.03,1.0,25.0,5.0,25.0,1000000.0,68.946533203125
0.015,1.0,25.0,0.02,5.0,1.0,61.86985778808594
0.015,0.5,75.0,0.5,5.0,2.0,58.87920379638672
0.24,0.5,75.0,0.02,75.0,0.5,98.43109130859375
0.06,1.0,75.0,0.1,5.0,1000000.0,75.74223327636719
0.03,0.25,150.0,0.5,75.0,1.0,60.90876007080078
0.06,1.0,75.0,0.1,75.0,1.0,80.15553283691406
0.015,0.25,25.0,0.02,75.0,0.5,85.0558090209961
0.03,0.5,75.0,50.0,5.0,1000000.0,65.12151336669922
0.12,0.25,75.0,0.1,5.0,2.0,67.17996215820312
0.12,1.0,75.0,0.02,25.0,1000000.0,
0.12,0.25,150.0,50.0,5.0,0.5,
0.06,1.0,75.0,0.1,5.0,2.0,61.904998779296875
0.12,0.5,150.0,0.02,25.0,2.0,
0.015,0.25,75.0,50.0,75.0,1000000.0,65.09968566894531
0.06,1.0,25.0,50.0,25.0,1.0,65.33643341064453
0.06,0.25,75.0,50.0,25.0,2.0,61.497657775878906
0.12,1.0,25.0,0.5,75.0,2.0,
0.03,0.5,150.0,50.0,25.0,0.5,57.08507537841797
0.24,0.25,75.0,50.0,25.0,2.0,
0.24,0.5,75.0,5.0,75.0,1000000.0,
0.06,0.25,25.0,0.02,25.0,2.0,83.35539245605469
0.12,1.0,150.0,5.0,25.0,2.0,
0.015,1.0,75.0,50.0,25.0,1.0,55.45942306518555
0.06,1.0,150.0,0.5,75.0,1000000.0,
0.12,0.25,75.0,0.5,75.0,1000000.0,
0.015,0.5,150.0,0.5,75.0,1.0,61.25653839111328
0.24,0.5,25.0,0.1,25.0,1000000.0,
0.015,1.0,25.0,5.0,25.0,2.0,58.382076263427734
0.015,0.25,25.0,0.02,5.0,2.0,66.6495132446289
0.015,0.25,25.0,0.5,75.0,2.0,61.15852355957031
0.24,0.5,75.0,0.02,25.0,0.5,82.46465301513672
0.06,0.25,25.0,50.0,75.0,0.5,
0.03,1.0,75.0,0.5,25.0,0.5,59.056209564208984
0.12,0.25,75.0,50.0,5.0,1000000.0,
0.24,1.0,150.0,0.02,75.0,0.5,
0.015,0.25,75.0,0.5,25.0,1.0,57.20997619628906
0.015,1.0,25.0,5.0,5.0,0.5,52.919254302978516
0.06,1.0,75.0,50.0,5.0,0.5,59.137630462646484
0.03,1.0,150.0,0.02,5.0,1000000.0,68.78084564208984
0.06,0.5,25.0,0.1,5.0,0.5,61.51992416381836
0.03,0.25,75.0,5.0,5.0,2.0,54.176849365234375
0.06,0.25,75.0,0.1,5.0,1.0,58.236751556396484
0.12,0.25,75.0,5.0,5.0,2.0,67.30218505859375
0.24,0.25,75.0,50.0,25.0,1000000.0,
0.015,0.5,25.0,50.0,25.0,1.0,53.594390869140625
0.015,0.5,75.0,5.0,5.0,0.5,54.818477630615234
0.06,1.0,25.0,0.5,75.0,2.0,
0.24,0.5,150.0,0.5,5.0,1.0,
0.24,0.25,150.0,50.0,5.0,0.5,
0.06,0.25,75.0,0.1,5.0,1000000.0,73.9512939453125
0.015,0.5,75.0,0.1,75.0,2.0,70.44950103759766
0.03,0.25,150.0,0.5,75.0,0.5,61.75431823730469
0.03,1.0,150.0,0.1,25.0,1000000.0,70.66683959960938
0.24,0.25,75.0,0.1,5.0,1.0,
0.24,0.25,75.0,0.02,25.0,1000000.0,
0.015,1.0,150.0,5.0,75.0,1.0,62.98985290527344
0.03,0.5,25.0,0.5,75.0,2.0,61.97911834716797
0.06,1.0,150.0,0.1,75.0,1000000.0,
0.24,0.25,25.0,5.0,75.0,1.0,
0.015,0.5,150.0,0.5,5.0,0.5,56.72158432006836
0.24,0.5,25.0,50.0,5.0,1000000.0,
0.24,1.0,75.0,5.0,25.0,1.0,
0.015,0.25,150.0,50.0,75.0,1000000.0,68.51557922363281
0.06,0.5,150.0,0.5,75.0,1.0,
0.015,0.25,25.0,0.1,25.0,1.0,63.40610122680664
0.015,0.25,75.0,0.1,5.0,0.5,56.56943893432617
0.12,0.5,75.0,0.02,5.0,0.5,62.832115173339844
0.06,0.25,150.0,0.02,75.0,2.0,89.39857482910156
0.24,1.0,75.0,0.5,5.0,1000000.0,
0.24,0.5,75.0,0.5,75.0,1000000.0,
0.12,0.25,25.0,0.02,75.0,0.5,95.64013671875
0.015,0.25,25.0,0.1,5.0,1000000.0,67.87018585205078
0.12,0.25,75.0,0.02,5.0,1.0,65.73440551757812
0.015,0.25,75.0,0.02,25.0,1000000.0,82.2553482055664
0.015,1.0,150.0,50.0,25.0,1.0,57.90778350830078
0.12,1.0,150.0,5.0,75.0,2.0,
0.03,0.5,25.0,0.1,25.0,2.0,66.56586456298828
0.12,0.25,150.0,0.1,5.0,1000000.0,
0.06,0.5,150.0,0.02,25.0,0.5,65.89833068847656
0.015,1.0,150.0,50.0,25.0,0.5,56.31487274169922
0.24,0.5,150.0,0.02,5.0,2.0,
0.06,0.25,25.0,0.02,25.0,1.0,77.10136413574219
0.03,0.25,150.0,0.02,75.0,0.5,77.74736022949219
0.12,1.0,75.0,50.0,25.0,0.5,68.91851806640625
0.03,1.0,25.0,5.0,25.0,2.0,60.44156265258789
0.12,1.0,150.0,50.0,5.0,0.5,
0.06,0.25,25.0,0.5,5.0,0.5,59.29251480102539
0.015,0.5,150.0,50.0,75.0,2.0,61.387229919433594
0.24,0.25,25.0,5.0,5.0,1.0,69.65225219726562
0.24,0.25,25.0,50.0,5.0,2.0,73.06816864013672
0.24,1.0,150.0,5.0,75.0,0.5,
0.015,0.5,25.0,0.5,75.0,0.5,56.03791046142578
0.03,1.0,75.0,0.1,25.0,1000000.0,71.56651306152344
0.06,0.5,25.0,0.5,75.0,1.0,
0.24,1.0,150.0,0.5,75.0,1.0,
0.06,1.0,25.0,0.02,25.0,1.0,77.9896011352539
0.015,0.25,25.0,5.0,75.0,1.0,54.08979034423828
0.12,0.25,75.0,0.02,75.0,1.0,96.82192993164062
0.06,0.25,75.0,5.0,75.0,1000000.0,
0.24,1.0,150.0,0.02,25.0,1000000.0,
0.24,1.0,150.0,0.5,25.0,2.0,
0.06,0.25,25.0,50.0,25.0,2.0,64.0599365234375
0.015,1.0,75.0,50.0,5.0,1000000.0,65.06087493896484
0.03,1.0,150.0,0.1,5.0,1.0,54.86539077758789
0.015,0.25,75.0,50.0,25.0,1.0,54.8575553894043
0.06,0.5,25.0,0.1,25.0,1.0,68.6685791015625
0.06,0.5,150.0,0.1,25.0,0.5,69.35060119628906
0.24,0.25,150.0,5.0,75.0,1000000.0,
0.06,0.5,25.0,0.02,25.0,1.0,77.14808654785156
0.06,0.5,25.0,0.02,5.0,2.0,69.90999603271484
0.06,1.0,25.0,0.5,25.0,0.5,63.98755645751953
0.015,0.5,75.0,50.0,75.0,0.5,54.67436599731445
0.015,0.5,25.0,0.5,25.0,1.0,56.31715774536133
0.03,1.0,150.0,0.5,5.0,1.0,57.345184326171875
0.015,1.0,25.0,0.1,25.0,0.5,64.757080078125
0.03,0.5,25.0,0.1,25.0,1.0,63.18764114379883
0.03,0.5,25.0,0.02,75.0,2.0,88.83119201660156
0.03,0.5,150.0,50.0,25.0,2.0,56.71607208251953
0.06,1.0,75.0,50.0,25.0,0.5,63.139984130859375
0.06,0.25,150.0,0.1,25.0,0.5,68.92941284179688
0.24,1.0,25.0,0.02,5.0,0.5,73.40658569335938
0.015,1.0,150.0,0.02,5.0,0.5,56.271244049072266
0.03,0.25,75.0,0.1,5.0,1000000.0,67.62335968017578
0.03,0.5,75.0,50.0,75.0,2.0,56.22431564331055
0.015,0.5,75.0,5.0,5.0,2.0,58.099700927734375
0.06,0.25,25.0,0.5,75.0,0.5,61.490692138671875
0.24,1.0,150.0,50.0,75.0,0.5,
0.015,0.25,75.0,0.5,5.0,1.0,55.9006462097168
0.03,0.25,75.0,0.02,75.0,2.0,83.67840576171875
0.12,0.25,75.0,0.5,5.0,1000000.0,
0.24,1.0,25.0,0.5,5.0,0.5,72.26580047607422
0.015,1.0,75.0,5.0,5.0,0.5,55.14790725708008
0.24,0.25,150.0,50.0,5.0,1.0,
0.24,1.0,150.0,50.0,75.0,1.0,
0.06,0.5,75.0,5.0,75.0,1000000.0,
0.03,1.0,75.0,0.02,75.0,1000000.0,96.05062866210938
0.06,1.0,25.0,0.02,75.0,1000000.0,102.54893493652344
0.06,1.0,150.0,0.02,5.0,1000000.0,
0.06,1.0,150.0,0.1,5.0,1.0,58.39643096923828
0.24,1.0,150.0,0.02,5.0,1.0,
0.06,0.5,150.0,0.1,5.0,1.0,57.99000930786133
0.015,0.25,75.0,50.0,75.0,2.0,58.26191329956055
0.12,0.5,25.0,5.0,25.0,1000000.0,
0.12,0.5,25.0,0.1,25.0,1.0,75.75712585449219
0.24,0.5,75.0,0.5,25.0,1.0,
0.12,0.25,25.0,0.02,25.0,0.5,82.80729675292969
0.24,0.5,75.0,0.02,25.0,1000000.0,
0.015,0.25,150.0,0.1,75.0,1.0,75.19232177734375
0.12,0.5,150.0,0.02,75.0,1.0,
0.03,0.5,150.0,50.0,5.0,2.0,54.15120315551758
0.24,0.5,150.0,50.0,75.0,2.0,
0.015,0.5,150.0,50.0,25.0,2.0,60.69279479980469
0.015,1.0,150.0,50.0,75.0,0.5,57.43156433105469
0.24,0.5,25.0,50.0,5.0,2.0,73.16446685791016
0.06,0.5,75.0,0.5,75.0,2.0,
0.24,1.0,25.0,0.02,25.0,2.0,95.21148681640625
0.015,0.5,75.0,5.0,75.0,2.0,59.24506759643555
0.06,1.0,75.0,50.0,5.0,1000000.0,
0.06,1.0,25.0,0.02,5.0,1000000.0,82.67218017578125
0.03,1.0,75.0,5.0,25.0,1000000.0,67.6948013305664
0.015,0.5,25.0,50.0,25.0,0.5,52.46397018432617
0.015,1.0,75.0,0.5,75.0,1000000.0,67.18186950683594
0.03,0.25,150.0,5.0,75.0,1.0,61.311500549316406
0.03,0.25,150.0,0.1,25.0,0.5,65.22425079345703
0.03,1.0,25.0,50.0,25.0,1000000.0,68.45378112792969
0.12,1.0,75.0,0.1,75.0,1000000.0,
0.03,0.25,25.0,0.5,75.0,2.0,61.689247131347656
0.015,0.25,25.0,5.0,25.0,0.5,52.858123779296875
0.03,1.0,150.0,50.0,5.0,1000000.0,65.8486557006836
0.06,1.0,150.0,0.1,5.0,2.0,60.06882858276367
0.24,0.5,150.0,0.02,5.0,1.0,
0.24,1.0,25.0,0.5,25.0,2.0,
0.015,0.25,150.0,50.0,25.0,1000000.0,68.2404556274414
0.12,0.25,25.0,0.5,25.0,0.5,68.41999816894531
0.015,0.5,25.0,5.0,5.0,1.0,53.616050720214844
0.12,0.5,150.0,0.1,5.0,1.0,
0.06,1.0,75.0,50.0,25.0,1000000.0,
0.12,0.25,75.0,50.0,5.0,1.0,61.272438049316406
0.03,1.0,25.0,5.0,25.0,1.0,56.65512466430664
0.03,0.5,75.0,0.1,75.0,1.0,69.53931427001953
0.03,0.5,150.0,0.5,25.0,1.0,60.762508392333984
0.03,0.5,150.0,5.0,5.0,1000000.0,65.44964599609375
0.24,1.0,150.0,0.02,5.0,1000000.0,
0.12,0.5,25.0,0.02,5.0,0.5,67.56745147705078
0.24,0.25,25.0,5.0,25.0,1.0,71.00695037841797
0.015,0.5,150.0,5.0,25.0,1.0,61.4256477355957
0.06,0.25,75.0,0.1,25.0,1.0,67.03954315185547
0.03,1.0,150.0,0.1,25.0,0.5,66.60953521728516
0.015,0.5,75.0,0.02,5.0,1000000.0,69.21371459960938
0.24,1.0,25.0,0.1,25.0,2.0,96.11479187011719
0.03,0.25,25.0,0.5,5.0,2.0,59.70257568359375
0.12,0.25,150.0,0.5,5.0,1.0,
0.12,1.0,75.0,0.1,75.0,0.5,
0.06,1.0,150.0,5.0,5.0,1.0,58.59077453613281
0.06,0.5,150.0,5.0,5.0,2.0,59.23311996459961
0.03,0.5,25.0,50.0,5.0,1000000.0,66.43279266357422
0.24,0.25,150.0,0.5,5.0,2.0,
0.03,0.25,25.0,5.0,5.0,1000000.0,66.4261245727539
0.12,0.25,75.0,0.1,75.0,2.0,
0.03,0.25,25.0,0.1,25.0,1.0,62.9073600769043
0.06,0.5,150.0,5.0,5.0,1.0,58.13456344604492
0.015,0.25,75.0,50.0,5.0,2.0,57.5677604675293
0.12,0.5,75.0,0.5,25.0,2.0,
0.12,0.5,25.0,5.0,25.0,2.0,72.0257339477539
0.015,0.5,25.0,0.1,75.0,0.5,69.16920471191406
0.015,1.0,150.0,0.1,5.0,0.5,57.01456832885742
0.24,0.25,25.0,5.0,75.0,0.5,
0.015,1.0,75.0,0.5,5.0,0.5,55.34178924560547
0.015,0.5,75.0,5.0,75.0,1000000.0,65.70537567138672
0.06,0.25,150.0,0.1,75.0,1000000.0,
0.24,1.0,75.0,0.5,25.0,1000000.0,
0.24,1.0,25.0,5.0,75.0,2.0,
0.06,0.5,25.0,0.02,5.0,1000000.0,81.41725158691406
0.015,1.0,75.0,0.1,75.0,2.0,70.91862487792969
0.12,0.25,75.0,50.0,75.0,0.5,
0.015,0.25,75.0,5.0,5.0,2.0,58.04206848144531
0.03,0.25,150.0,0.1,25.0,2.0,62.5273551940918
0.12,0.5,25.0,0.5,5.0,1.0,69.41657257080078
0.015,1.0,25.0,0.1,5.0,1.0,58.7224235534668
0.03,0.25,150.0,0.1,25.0,1000000.0,70.4482421875
0.015,0.25,25.0,0.02,25.0,2.0,80.49698638916016
0.12,0.5,150.0,50.0,75.0,1.0,
0.06,0.25,150.0,0.02,5.0,0.5,55.46607208251953
0.24,0.5,25.0,0.02,25.0,2.0,93.35301208496094
0.015,0.25,150.0,0.1,25.0,1.0,66.69807434082031
0.06,0.5,25.0,5.0,5.0,1.0,59.921226501464844
0.12,0.5,150.0,0.02,75.0,0.5,90.43132781982422
0.03,0.5,75.0,5.0,5.0,1.0,54.21895980834961
0.24,0.25,150.0,50.0,25.0,2.0,
0.015,0.25,150.0,0.5,5.0,1000000.0,68.59734344482422
0.12,0.5,150.0,0.5,5.0,1000000.0,
0.12,0.5,150.0,50.0,5.0,2.0,
0.12,0.5,25.0,0.5,25.0,1.0,72.56916809082031
0.12,1.0,150.0,50.0,5.0,2.0,
0.03,0.5,75.0,5.0,5.0,0.5,55.13740539550781
0.06,1.0,75.0,0.5,5.0,2.0,64.10897064208984
0.12,0.5,150.0,0.1,5.0,0.5,61.49724578857422
0.03,0.5,25.0,50.0,25.0,2.0,57.89506912231445
0.24,0.25,75.0,5.0,5.0,1.0,
0.12,0.5,150.0,0.5,75.0,2.0,
0.015,0.25,25.0,0.02,5.0,0.5,60.88029861450195
0.03,0.25,150.0,0.02,25.0,1000000.0,82.35020446777344
0.06,0.5,75.0,0.5,5.0,1000000.0,76.48016357421875
0.12,1.0,25.0,50.0,75.0,2.0,
0.12,0.5,150.0,50.0,25.0,1.0,
0.06,0.5,150.0,0.02,75.0,0.5,81.36363983154297
0.015,1.0,25.0,0.5,75.0,1000000.0,66.76463317871094
0.03,0.25,75.0,0.02,75.0,1000000.0,97.1390609741211
0.03,0.5,25.0,5.0,5.0,2.0,57.72130584716797
0.06,0.25,25.0,0.02,75.0,1000000.0,104.05290985107422
0.24,0.25,150.0,50.0,5.0,2.0,
0.06,1.0,150.0,0.1,25.0,0.5,70.67794036865234
0.03,0.25,150.0,0.5,25.0,1000000.0,
0.12,1.0,75.0,0.5,5.0,1000000.0,
0.03,0.5,75.0,0.02,25.0,2.0,70.09941101074219
0.06,0.25,25.0,0.02,5.0,1.0,63.06650924682617
0.015,0.5,75.0,0.02,5.0,2.0,61.61788558959961
0.06,0.25,25.0,5.0,25.0,1000000.0,75.98628234863281
0.03,1.0,150.0,50.0,75.0,0.5,60.33277130126953
0.24,1.0,150.0,5.0,75.0,2.0,
0.03,1.0,25.0,50.0,25.0,2.0,59.836280822753906
0.06,0.25,25.0,5.0,5.0,1.0,59.277687072753906
0.12,1.0,25.0,0.5,75.0,0.5,
0.24,1.0,150.0,0.5,75.0,2.0,
0.015,0.25,75.0,0.1,75.0,1000000.0,75.4468002319336
0.12,0.25,75.0,0.1,25.0,2.0,74.65095520019531
0.24,0.25,25.0,50.0,75.0,1.0,
0.03,0.25,25.0,0.02,25.0,0.5,73.10467529296875
0.06,0.25,75.0,0.02,75.0,1.0,85.77476501464844
0.015,1.0,75.0,5.0,25.0,0.5,56.156700134277344
0.24,1.0,150.0,50.0,75.0,1000000.0,
0.015,0.25,150.0,5.0,75.0,2.0,63.43471145629883
0.12,0.5,25.0,0.02,75.0,1000000.0,112.83805847167969
0.06,0.25,25.0,0.1,75.0,1.0,74.28948974609375
0.03,0.5,150.0,0.1,75.0,1000000.0,
0.24,1.0,150.0,50.0,5.0,1.0,
0.24,0.25,150.0,0.02,75.0,1.0,
0.24,0.25,25.0,0.5,25.0,2.0,85.0908432006836
0.015,1.0,25.0,50.0,5.0,1.0,53.87130355834961
0.03,1.0,75.0,5.0,25.0,0.5,58.87590408325195
0.015,0.25,25.0,0.5,25.0,1000000.0,65.90040588378906
0.12,1.0,25.0,5.0,25.0,1000000.0,
0.12,0.5,25.0,50.0,75.0,0.5,
0.06,0.5,75.0,0.02,75.0,1000000.0,105.52428436279297
0.24,0.25,150.0,0.5,5.0,0.5,
0.12,0.5,75.0,0.02,25.0,0.5,75.92557525634766
0.06,0.25,75.0,0.1,25.0,2.0,66.733642578125
0.12,1.0,25.0,0.02,5.0,1000000.0,92.19365692138672
0.03,1.0,25.0,50.0,5.0,2.0,59.08634567260742
0.12,1.0,25.0,0.1,75.0,1.0,87.00223541259766
0.06,1.0,25.0,0.02,75.0,1.0,88.9453125
0.06,0.5,75.0,0.02,5.0,0.5,56.12788391113281
0.24,0.5,150.0,50.0,75.0,1000000.0,
0.03,1.0,75.0,50.0,25.0,0.5,56.18935775756836
0.12,1.0,25.0,5.0,75.0,1000000.0,
0.12,0.25,25.0,0.1,5.0,0.5,66.74055480957031
0.12,0.25,25.0,0.02,25.0,2.0,91.97023010253906
0.03,0.5,25.0,0.1,5.0,2.0,61.6102180480957
0.12,1.0,150.0,0.5,5.0,2.0,
0.06,0.5,75.0,5.0,75.0,1.0,
0.12,0.25,25.0,50.0,5.0,1.0,64.45782470703125
0.06,1.0,25.0,0.02,5.0,0.5,62.10130310058594
0.03,0.5,150.0,5.0,5.0,2.0,54.90115737915039
0.03,1.0,25.0,0.02,75.0,1000000.0,96.53123474121094
0.24,0.5,75.0,0.5,75.0,1.0,
0.06,0.5,75.0,50.0,75.0,1.0,
0.015,0.25,75.0,0.02,75.0,0.5,82.58245086669922
0.24,0.5,150.0,0.02,25.0,1.0,
0.015,1.0,150.0,0.5,25.0,1.0,61.14874267578125
0.06,1.0,25.0,50.0,5.0,2.0,66.596923828125
0.03,0.25,25.0,0.1,25.0,2.0,66.4188232421875
0.015,0.5,25.0,0.1,5.0,1.0,58.348655700683594
0.015,0.25,75.0,0.5,25.0,2.0,59.824161529541016
0.015,0.25,75.0,0.5,75.0,2.0,60.559078216552734
0.24,0.25,75.0,50.0,5.0,1000000.0,
0.015,0.25,75.0,0.02,25.0,1.0,70.9251708984375
0.06,1.0,25.0,0.1,25.0,2.0,74.39847564697266
0.12,1.0,25.0,0.1,75.0,0.5,87.59956359863281
0.015,0.5,25.0,50.0,75.0,1000000.0,63.30025863647461
0.24,0.5,150.0,0.5,25.0,0.5,
0.015,0.5,150.0,0.1,5.0,1.0,57.932071685791016
0.06,0.25,150.0,0.1,75.0,0.5,82.6983871459961
0.06,0.25,150.0,5.0,5.0,1.0,57.96828079223633
0.03,0.5,25.0,0.5,25.0,1.0,56.70933532714844
0.12,1.0,150.0,0.1,75.0,2.0,
0.24,1.0,25.0,50.0,5.0,1.0,69.08637237548828
0.24,0.25,25.0,0.1,25.0,1000000.0,
0.03,0.5,75.0,50.0,5.0,1.0,52.80748748779297
0.015,1.0,150.0,0.02,75.0,1.0,80.76744079589844
0.24,0.5,75.0,0.02,75.0,1000000.0,
0.12,1.0,75.0,0.5,75.0,1000000.0,
0.12,1.0,150.0,0.5,25.0,1000000.0,
0.24,0.25,150.0,0.02,5.0,2.0,
0.06,0.5,150.0,50.0,75.0,1000000.0,
0.12,0.5,25.0,0.1,75.0,1.0,83.68656158447266
0.12,0.5,150.0,50.0,25.0,1000000.0,
0.06,0.25,25.0,0.5,75.0,1.0,
0.12,0.5,25.0,0.5,75.0,1000000.0,
0.06,0.25,150.0,0.1,25.0,1.0,68.62901306152344
0.06,0.25,150.0,0.5,25.0,0.5,64.65444946289062
0.06,1.0,75.0,0.5,25.0,0.5,65.31440734863281
0.24,1.0,75.0,5.0,75.0,1.0,
0.06,1.0,25.0,5.0,5.0,1000000.0,78.04020690917969
0.24,0.25,150.0,5.0,75.0,2.0,
0.06,1.0,75.0,0.5,25.0,1.0,67.58928680419922
0.03,0.25,150.0,0.02,75.0,1.0,79.44026184082031
0.24,1.0,25.0,50.0,5.0,0.5,70.25957489013672
0.015,1.0,75.0,0.5,75.0,2.0,61.01413345336914
0.06,1.0,25.0,5.0,5.0,2.0,66.897705078125
0.24,1.0,25.0,0.5,5.0,1.0,75.04817199707031
0.24,1.0,25.0,50.0,75.0,1.0,
0.24,0.25,150.0,0.5,75.0,2.0,
0.015,1.0,75.0,0.02,5.0,2.0,61.698211669921875
0.03,0.5,150.0,0.02,75.0,2.0,82.02131652832031
0.06,1.0,25.0,0.1,75.0,1000000.0,
0.06,0.5,25.0,50.0,25.0,1000000.0,
0.015,0.5,75.0,50.0,75.0,1.0,55.63663101196289
0.24,1.0,75.0,0.02,75.0,2.0,
0.12,0.25,75.0,0.02,25.0,1.0,80.11066436767578
0.24,0.25,150.0,5.0,5.0,2.0,
0.03,0.25,25.0,0.02,75.0,0.5,83.50560760498047
0.12,0.5,25.0,0.02,5.0,2.0,77.63893127441406
0.015,1.0,25.0,50.0,25.0,1.0,54.150352478027344
0.12,0.25,75.0,0.5,75.0,1.0,
0.03,1.0,75.0,0.02,25.0,2.0,70.1644515991211
0.06,0.5,150.0,0.5,25.0,2.0,
0.06,1.0,75.0,5.0,5.0,0.5,59.40045166015625
0.24,1.0,75.0,0.1,25.0,1.0,
0.015,0.25,150.0,5.0,75.0,0.5,59.82822036743164
0.03,1.0,75.0,50.0,25.0,1.0,56.36027908325195
0.06,0.25,75.0,5.0,75.0,1.0,
0.015,0.25,75.0,5.0,5.0,0.5,54.76789474487305
0.24,1.0,150.0,5.0,75.0,1.0,
0.24,1.0,25.0,5.0,25.0,0.5,75.25442504882812
0.12,1.0,25.0,50.0,75.0,1.0,
0.03,0.5,25.0,0.5,5.0,0.5,54.95683288574219
0.06,0.5,25.0,5.0,5.0,0.5,58.77730941772461
0.24,1.0,75.0,50.0,25.0,0.5,
0.03,0.5,150.0,5.0,75.0,1000000.0,
0.06,1.0,25.0,5.0,25.0,1000000.0,79.72279357910156
0.12,0.25,75.0,5.0,25.0,1.0,65.12875366210938
0.06,0.5,150.0,0.02,25.0,1000000.0,
0.015,1.0,75.0,0.5,25.0,1000000.0,66.9298095703125
0.06,0.5,75.0,0.1,5.0,0.5,57.98834228515625
0.12,1.0,75.0,50.0,5.0,1000000.0,
0.03,0.5,150.0,0.1,25.0,1000000.0,70.54484558105469
0.015,0.25,150.0,0.1,5.0,0.5,56.790618896484375
0.03,0.25,75.0,0.02,5.0,0.5,52.992828369140625
0.06,1.0,25.0,0.1,5.0,0.5,63.05925750732422
0.24,1.0,25.0,50.0,25.0,2.0,
0.06,0.25,75.0,0.02,25.0,0.5,68.02230834960938
0.06,0.25,150.0,0.1,5.0,1.0,57.88722610473633
0.24,0.25,75.0,0.5,5.0,0.5,68.90016174316406
0.015,0.5,75.0,5.0,5.0,1.0,55.756195068359375
0.03,0.25,150.0,50.0,25.0,0.5,56.69198226928711
0.03,0.25,150.0,0.5,75.0,2.0,
0.12,0.25,150.0,50.0,25.0,2.0,
0.06,0.25,150.0,0.1,5.0,1000000.0,
0.015,0.5,150.0,0.02,75.0,1.0,80.89244079589844
0.24,1.0,150.0,50.0,25.0,1000000.0,
0.06,1.0,25.0,0.5,5.0,0.5,62.084712982177734
0.06,1.0,150.0,5.0,25.0,1.0,
0.03,1.0,75.0,0.1,25.0,0.5,64.75373077392578
