timestamp,sample_index,latitude,longitude,altitude_m,latitude_correction_edit,longitude_correction_edit,wifi_environment,wifi_timestamp_utc,wifi_timestamp_delta_seconds,wifi_measurement_set_id,wifi_building,wifi_floor,wifi_row
2026-04-27T17:10:00-07:00,1,37.42899206698855,-122.1719061255417,31.6724125847526,0.0,0.0,null,,,,,,
2026-04-27T17:10:05-07:00,2,37.42899223340368,-122.1719058708243,31.6724125847526,0.0,0.0,null,,,,,,
2026-04-27T17:10:10-07:00,3,37.42899208934291,-122.171905908748,31.6657502159782,0.0,0.0,null,,,,,,
2026-04-27T17:10:16-07:00,4,37.42899194466437,-122.1719059468329,31.6657502159782,0.0,0.0,null,,,,,,
2026-04-27T17:10:21-07:00,5,37.4289919700422,-122.1719059184765,31.6724125847526,0.0,0.0,null,,,,,,
2026-04-27T17:10:26-07:00,6,37.42899203875251,-122.1719058417019,31.6724125847526,0.0,0.0,null,,,,,,
2026-04-27T17:10:32-07:00,7,37.42899203875256,-122.1719058417018,31.6724125847526,0.0,0.0,null,,,,,,
2026-04-27T17:10:37-07:00,8,37.42899197712603,-122.1719058068856,31.6657502159782,0.0,0.0,indoor,2026-04-28T00:11:02.508330+0000,25.50833,07d6fa75def0,seqouia,1.0,0
2026-04-27T17:10:42-07:00,9,37.42899203752781,-122.1719057467355,31.6657561096855,0.0,0.0,indoor,2026-04-28T00:11:02.508330+0000,20.50833,07d6fa75def0,seqouia,1.0,0
2026-04-27T17:10:48-07:00,10,37.42899203752881,-122.1719057467345,31.6724125847526,0.0,0.0,indoor,2026-04-28T00:11:02.508330+0000,14.50833,07d6fa75def0,seqouia,1.0,0
2026-04-27T17:10:53-07:00,11,37.42899203752982,-122.1719057467335,31.6724125847526,0.0,0.0,indoor,2026-04-28T00:11:02.508330+0000,9.50833,07d6fa75def0,seqouia,1.0,0
2026-04-27T17:10:59-07:00,12,37.42899203753082,-122.1719057467325,31.6724125847526,0.0,0.0,indoor,2026-04-28T00:11:02.508330+0000,3.50833,07d6fa75def0,seqouia,1.0,0
2026-04-27T17:11:04-07:00,13,37.42899203753183,-122.1719057467315,31.6724125847526,0.0,0.0,indoor,2026-04-28T00:11:03.719977+0000,-0.280023,07d6fa75def0,seqouia,1.0,1
2026-04-27T17:11:09-07:00,14,37.42899209113838,-122.1719056933483,31.6724125847526,0.0,0.0,indoor,2026-04-28T00:11:08.676819+0000,-0.323181,825d2cb1e35a,seqouia,1.0,4
2026-04-27T17:11:15-07:00,15,37.42899209113926,-122.1719056933474,31.6724125847526,0.0,0.0,indoor,2026-04-28T00:11:14.901204+0000,-0.098796,9652bfea7428,seqouia,1.0,8
2026-04-27T17:11:20-07:00,16,37.42899199963657,-122.171905703062,31.6628148064323,0.0,0.0,indoor,2026-04-28T00:11:19.903261+0000,-0.096739,e4600c838f5d,seqouia,1.0,11
2026-04-27T17:11:35-07:00,17,37.42899178800487,-122.1719056004049,31.6657502159782,0.0,0.0,indoor,2026-04-28T00:11:19.903261+0000,-15.096739,e4600c838f5d,seqouia,1.0,11
2026-04-27T17:11:47-07:00,18,37.42899208106275,-122.1719053717519,31.6724125847526,0.0,0.0,outdoor,2026-04-28T00:11:51.602127+0000,4.602127,514c995ac0b3,seqouia,1.0,12
2026-04-27T17:11:52-07:00,19,37.42899208106275,-122.1719053717519,31.6724125847526,0.0,0.0,outdoor,2026-04-28T00:11:51.602127+0000,-0.397873,514c995ac0b3,seqouia,1.0,12
2026-04-27T17:11:58-07:00,20,37.42899194451216,-122.1719054077207,31.6657502159782,0.0,0.0,outdoor,2026-04-28T00:11:57.842047+0000,-0.157953,bd411ce968ea,seqouia,1.0,16
2026-04-27T17:12:03-07:00,21,37.42897700868392,-122.1719551265132,27.5212364196777,0.0,0.0,outdoor,2026-04-28T00:12:02.921622+0000,-0.078378,3c39b5eec639,seqouia,1.0,19
2026-04-27T17:12:15-07:00,22,37.42905260436339,-122.1718079819594,25.8847923278809,0.0,0.0,outdoor,2026-04-28T00:12:14.181596+0000,-0.818404,aeac070f34a6,seqouia,1.0,26
2026-04-27T17:12:20-07:00,23,37.42908402033081,-122.1718245502747,26.8304710388184,0.0,0.0,outdoor,2026-04-28T00:12:19.026433+0000,-0.973567,f1a5f2f2c8a9,seqouia,1.0,29
2026-04-27T17:12:25-07:00,24,37.42913037925236,-122.1718128678235,26.1236228942871,0.0,0.0,outdoor,2026-04-28T00:12:23.997396+0000,-1.002604,aacfb1a0541c,seqouia,1.0,32
2026-04-27T17:12:31-07:00,25,37.42916605335664,-122.1717942921395,26.2047081571072,0.0,0.0,outdoor,2026-04-28T00:12:31.629049+0000,0.629049,3b8506cb41e9,seqouia,1.0,36
2026-04-27T17:12:36-07:00,26,37.42921357577473,-122.1717791205704,28.0423546945676,0.0,0.0,outdoor,2026-04-28T00:12:36.652022+0000,0.652022,761b64e2ab2e,seqouia,1.0,39
2026-04-27T17:12:41-07:00,27,37.42925188086912,-122.1717745837138,28.3404975381301,0.0,0.0,outdoor,2026-04-28T00:12:41.641339+0000,0.641339,ba03120a3377,seqouia,1.0,42
2026-04-27T17:12:47-07:00,28,37.4292891615771,-122.1717703803655,30.4914599719246,0.0,0.0,outdoor,2026-04-28T00:12:46.639636+0000,-0.360364,560b4aa542ea,seqouia,1.0,45
2026-04-27T17:12:52-07:00,29,37.42931402341764,-122.1717444266137,31.1409123348918,0.0,0.0,outdoor,2026-04-28T00:12:51.643401+0000,-0.356599,83a1ed0f2a15,seqouia,1.0,48
2026-04-27T17:12:58-07:00,30,37.42931641638886,-122.1717432479296,26.8103421139445,3.9614241828189733e-05,-7.08152454365063e-06,outdoor,2026-04-28T00:12:57.849742+0000,-0.150258,aefd3c2bc4ad,seqouia,1.0,52
2026-04-27T17:13:06-07:00,31,37.42940940278145,-122.1718619949295,24.4762229919434,-7.367975972272234e-05,5.4972966296418235e-05,outdoor,2026-04-28T00:13:06.652032+0000,0.652032,97b5b57b4334,seqouia,1.0,57
2026-04-27T17:13:11-07:00,32,37.42940940278145,-122.1718619949295,24.4762229919434,2.337551453734932e-05,-7.226417351091641e-05,outdoor,2026-04-28T00:13:11.659050+0000,0.65905,7779af2a7022,seqouia,1.0,60
2026-04-27T17:13:25-07:00,33,37.42944109810628,-122.1721236501525,26.7093772888184,-2.1685678035510136e-05,0.0001854574572064,outdoor,2026-04-28T00:13:24.004248+0000,-0.995752,35b5e5f5057e,seqouia,1.0,68
2026-04-27T17:13:30-07:00,34,37.42944109810628,-122.1721236501525,26.7093772888184,2.136554917342437e-05,-8.529401192447494e-05,outdoor,2026-04-28T00:13:29.053861+0000,-0.946139,9561b7527a7d,seqouia,1.0,71
2026-04-27T17:13:45-07:00,35,37.42964642082347,-122.1719607515233,21.9338774310074,-0.0001971385141104,-0.0002281043987721,outdoor,2026-04-28T00:13:44.029618+0000,-0.970382,6beaf654be8b,seqouia,1.0,80
2026-04-27T17:13:56-07:00,36,37.42949690673261,-122.1724897810464,28.785945892334,0.000169257661426,0.0004465187888769,outdoor,2026-04-28T00:13:56.702473+0000,0.702473,5ba5f5f1759b,seqouia,1.0,87
2026-04-27T17:14:11-07:00,37,37.42946452307513,-122.1722757326388,32.0247245726123,4.920461523738595e-05,-0.0002908672759218,outdoor,2026-04-28T00:14:11.718644+0000,0.718644,81d02a893cb3,seqouia,1.0,96
2026-04-27T17:14:19-07:00,38,37.4292693380615,-122.1726001707112,25.523983001709,0.0001604052482804,0.000107475691351,outdoor,2026-04-28T00:14:19.109436+0000,0.109436,76f32285b2a5,seqouia,1.0,101
2026-04-27T17:14:24-07:00,39,37.42925931883015,-122.1725941274524,28.5187273398598,-3.705288678901297e-05,-2.4471353285093755e-05,outdoor,2026-04-28T00:14:24.267990+0000,0.26799,b2fc2393d2d2,seqouia,1.0,104
2026-04-27T17:14:29-07:00,40,37.42925931883015,-122.1725941274524,28.5187273398598,-5.9592678347542005e-05,-3.091125307719267e-05,outdoor,2026-04-28T00:14:29.097502+0000,0.097502,29762bb653be,seqouia,1.0,107
2026-04-27T17:14:35-07:00,41,37.4292528472248,-122.1725806901711,31.105471649069,-3.6803987420341855e-05,-2.139715394378072e-05,outdoor,2026-04-28T00:14:34.089669+0000,-0.910331,b11018a5b10d,seqouia,1.0,110
2026-04-27T17:14:40-07:00,42,37.42926146904931,-122.1725725261416,23.3587991535455,-0.0001161104511169,-4.820366419266975e-05,outdoor,2026-04-28T00:14:39.134354+0000,-0.865646,ce3721eaf236,seqouia,1.0,113
2026-04-27T17:14:45-07:00,43,37.42926146904931,-122.1725725261416,23.3587991535455,-0.0001000715191921,6.216311102491545e-05,outdoor,2026-04-28T00:14:44.119790+0000,-0.88021,fcdb791cbcae,seqouia,1.0,116
2026-04-27T17:14:56-07:00,44,37.42895501669257,-122.1725156811272,31.2790489196777,0.0001650405470812,-8.023010336444258e-05,outdoor,2026-04-28T00:14:56.758569+0000,0.758569,26b9cf493f1a,seqouia,1.0,123
2026-04-27T17:15:01-07:00,45,37.42895501669257,-122.1725156811272,31.2790489196777,-4.9821029648455806e-06,7.446702167612784e-05,outdoor,2026-04-28T00:15:01.760176+0000,0.760176,901dd7965d3f,seqouia,1.0,126
2026-04-27T17:15:12-07:00,46,37.42898565254866,-122.1722825804,29.3418846130371,-6.702128159474796e-05,-4.293511609887446e-05,outdoor,2026-04-28T00:15:11.754273+0000,-0.245727,68a4e6062a1e,seqouia,1.0,132
2026-04-27T17:15:21-07:00,47,37.42891390345751,-122.1722493042444,29.1994285583496,3.3864089303392575e-05,1.8913486172777991e-06,outdoor,2026-04-28T00:15:21.770242+0000,0.770242,e15f91e76c4d,seqouia,1.0,138
2026-04-27T17:15:26-07:00,48,37.42888212904252,-122.1722697017995,23.1508725439772,-1.402720167931193e-05,9.060453720621808e-07,outdoor,2026-04-28T00:15:26.766567+0000,0.766567,628b14830ae8,seqouia,1.0,141
2026-04-27T17:15:41-07:00,49,37.42881399923682,-122.1723245653638,28.008538066672,6.694035972998336e-05,-4.791047936691939e-05,outdoor,2026-04-28T00:15:41.784202+0000,0.784202,ae951f5f1ed7,seqouia,1.0,150
2026-04-27T17:15:56-07:00,50,37.4288889340771,-122.1724801302525,30.9510765075684,-4.582808914932457e-05,-1.9231086469062575e-05,outdoor,2026-04-28T00:15:56.828161+0000,0.828161,5a935b145555,seqouia,1.0,159
2026-04-27T17:16:01-07:00,51,37.4288889340771,-122.1724801302525,30.9510765075684,-6.485538190048601e-05,-2.3664436540116185e-05,outdoor,2026-04-28T00:16:01.800772+0000,0.800772,4ea7dc1a3a6e,seqouia,1.0,162
2026-04-27T17:16:14-07:00,52,37.42888845104481,-122.1724321565937,32.0702171325684,-4.0191682408874385e-05,4.1480969684926094e-05,outdoor,2026-04-28T00:16:14.202126+0000,0.202126,3e74f4b63628,seqouia,1.0,170
2026-04-27T17:16:19-07:00,53,37.42888845104481,-122.1724321565937,32.0702171325684,-2.673063342228943e-05,0.0001011988883874,outdoor,2026-04-28T00:16:19.218029+0000,0.218029,724e23f692ac,seqouia,1.0,173
2026-04-27T17:16:32-07:00,54,37.42876819418931,-122.1721480847512,28.7026329040527,9.262617267324912e-05,-0.0001679728674304,outdoor,2026-04-28T00:16:31.853957+0000,-0.146043,1faab27008c1,seqouia,1.0,180
2026-04-27T17:16:37-07:00,55,37.42876819418931,-122.1721480847512,28.7026329040527,-1.1977539301710747e-05,9.514664097309832e-05,outdoor,2026-04-28T00:16:36.873185+0000,-0.126815,b8cf00c4b7f3,seqouia,1.0,183
2026-04-27T17:16:42-07:00,56,37.42873706113453,-122.1720964519427,32.9041520906613,3.0988347617721956e-05,4.38062508578696e-05,outdoor,2026-04-28T00:16:41.836948+0000,-0.163052,0a8f254dc47f,seqouia,1.0,186
2026-04-27T17:16:50-07:00,57,37.42870188691761,-122.1720533293926,32.7307395935059,1.978438156413631e-06,1.7358373938236582e-05,outdoor,2026-04-28T00:16:49.222097+0000,-0.777903,9ee7ccf39c4b,seqouia,1.0,191
2026-04-27T17:16:55-07:00,58,37.42870188691761,-122.1720533293926,32.7307395935059,3.6069962320084414e-05,2.644913490712497e-05,outdoor,2026-04-28T00:16:54.247058+0000,-0.752942,98dfa14dba05,seqouia,1.0,194
2026-04-27T17:17:04-07:00,59,37.42875546488197,-122.1720312747532,28.9415550231934,-1.219969469445914e-05,-4.397450155124716e-06,outdoor,2026-04-28T00:17:04.285828+0000,0.285828,71d52cc517f8,seqouia,1.0,200
2026-04-27T17:17:09-07:00,60,37.42875546488197,-122.1720312747532,28.9415550231934,4.137824681293978e-05,1.1474884004769592e-05,outdoor,2026-04-28T00:17:09.305394+0000,0.305394,c57d7485d8ba,seqouia,1.0,203
2026-04-27T17:17:19-07:00,61,37.42889686245942,-122.1719724458373,17.1999473571777,-9.705168591978008e-05,-4.749624757494075e-05,outdoor,2026-04-28T00:17:19.310671+0000,0.310671,eb529e1c8dea,seqouia,1.0,209
2026-04-27T17:17:24-07:00,62,37.42889686245942,-122.1719724458373,17.1999473571777,3.6084426156435256e-05,1.923377914181401e-05,outdoor,2026-04-28T00:17:24.310070+0000,0.31007,615b41f7702c,seqouia,1.0,212
2026-04-27T17:17:39-07:00,63,37.42885239676727,-122.1717720988194,30.4984023268038,7.43772540943155e-05,-0.0001858432709553,outdoor,2026-04-28T00:17:39.328534+0000,0.328534,8b022fa28a8b,seqouia,1.0,221
2026-04-27T17:17:48-07:00,64,37.42892928265223,-122.1719567156378,26.546443939209,-5.672728989480902e-05,0.0001950865915318,outdoor,2026-04-28T00:17:48.085677+0000,0.085677,9d240a0d995c,seqouia,1.0,226
2026-04-27T17:17:53-07:00,65,37.42892928265223,-122.1719567156378,26.546443939209,1.0609784688142554e-05,-2.0405491056862957e-06,outdoor,2026-04-28T00:17:53.081996+0000,0.081996,f380ec99c77b,seqouia,1.0,229
2026-04-27T17:18:08-07:00,66,37.42900307998982,-122.1719041702506,31.1454076204035,-2.6543056542038812e-05,-6.181663117388325e-05,outdoor,2026-04-28T00:18:08.116073+0000,0.116073,83fc1df2df57,seqouia,1.0,238
2026-04-27T17:18:14-07:00,67,37.42908838633749,-122.1719688712335,24.5060691833496,0.0,0.0,outdoor,2026-04-28T00:18:14.305373+0000,0.305373,993069169aa2,seqouia,1.0,242
2026-04-27T17:18:19-07:00,68,37.42907838469867,-122.1719079160454,24.1946067810059,0.0,0.0,outdoor,2026-04-28T00:18:19.357165+0000,0.357165,e952fba38065,seqouia,1.0,245
2026-04-27T17:18:25-07:00,69,37.42906398402553,-122.1718662486294,24.6606407733634,0.0,0.0,outdoor,2026-04-28T00:18:24.312193+0000,-0.687807,52f52e2a64d8,seqouia,1.0,248
2026-04-27T17:18:30-07:00,70,37.42905632389859,-122.1718651108272,24.9708214048296,0.0,0.0,outdoor,2026-04-28T00:18:29.277876+0000,-0.722124,f6ddcbbfc031,seqouia,1.0,251
2026-04-27T17:18:36-07:00,71,37.42904319515671,-122.171881571215,24.9798241574317,0.0,0.0,outdoor,2026-04-28T00:18:29.277876+0000,-6.722124,f6ddcbbfc031,seqouia,1.0,251
2026-04-27T17:18:41-07:00,72,37.42902443126071,-122.1719286722577,32.0171273370287,3.1126350677368464e-05,-3.344273645211615e-05,outdoor,2026-04-28T00:18:29.277876+0000,-11.722124,f6ddcbbfc031,seqouia,1.0,251
2026-04-27T17:18:46-07:00,73,37.42902443126071,-122.1719286722577,32.0171273370287,-2.940884925806131e-06,-2.1629300846370825e-05,indoor,2026-04-28T00:18:58.324825+0000,12.324825,7d2b724d3edb,seqouia,1.0,252
2026-04-27T17:19:02-07:00,74,37.4290119298151,-122.1717897244936,27.0460777282715,-2.8539934149307555e-06,-0.0001641836306873,indoor,2026-04-28T00:19:00.713298+0000,-1.286702,7d2b724d3edb,seqouia,1.0,254
2026-04-27T17:19:17-07:00,75,37.42884242562106,-122.1720179914627,27.3648356874643,6.260512958533582e-05,0.0001629028607226,indoor,2026-04-28T00:19:15.708933+0000,-1.291067,da9eb05fcfda,seqouia,1.0,263
2026-04-27T17:19:33-07:00,76,37.42869590609427,-122.1720509931128,27.5667738403635,0.0,0.0,indoor,2026-04-28T00:19:33.349815+0000,0.349815,5a0427b92ae1,seqouia,1.0,273
2026-04-27T17:19:48-07:00,77,37.42878194879744,-122.1720399311285,27.6301533831547,0.0,0.0,indoor,2026-04-28T00:19:48.366428+0000,0.366428,3d19a5a84c32,seqouia,1.0,282
2026-04-27T17:20:03-07:00,78,37.42875968839437,-122.1721125708087,28.8808681797236,0.0,0.0,indoor,2026-04-28T00:20:03.378771+0000,0.378771,feeaa3c3b605,seqouia,1.0,291
2026-04-27T17:20:19-07:00,79,37.42883470853569,-122.1721081151686,27.4410737701123,0.0,0.0,indoor,2026-04-28T00:20:19.587366+0000,0.587366,f10584d37cd5,seqouia,1.0,301
2026-04-27T17:20:34-07:00,80,37.42894337640054,-122.172067474231,27.5181508174593,0.0,0.0,indoor,2026-04-28T00:20:33.427861+0000,-0.572139,7ff89aa23be9,seqouia,1.0,309
2026-04-27T17:20:50-07:00,81,37.42908082258589,-122.1721640171613,27.5679143644172,-7.181492448893323e-05,-3.768175716345468e-05,indoor,2026-04-28T00:20:49.604256+0000,-0.395744,18b1b2ab2b2f,seqouia,1.0,319
2026-04-27T17:21:05-07:00,82,37.42917787335168,-122.1721675792719,27.6656601937459,-0.0001261966156391,-0.0001904219865593,indoor,2026-04-28T00:21:04.629015+0000,-0.370985,83f433b51227,seqouia,1.0,328
2026-04-30T15:15:32-07:00,1,37.42888176229346,-122.1720393139521,27.8808555603027,0.0001886878766796,0.0002787536500363,null,,,,,,
2026-04-30T15:15:44-07:00,2,37.42888809834761,-122.1719583190741,29.3451454270631,-1.1946555716235707e-05,-0.0001795312046795,null,,,,,,
2026-04-30T15:15:53-07:00,3,37.42885031663991,-122.1720507398122,27.7789575168863,0.0,0.0,null,,,,,,
2026-04-30T15:16:20-07:00,1,37.42897919848335,-122.1718030517196,27.1656761411577,1.9940535125329006e-06,-2.4702528193643047e-05,indoor,2026-04-30T22:16:26.277259+0000,6.277259,7b6581fdec4c,physics,1.0,333
2026-04-30T15:16:29-07:00,2,37.4289894663146,-122.171875555182,29.5921592712402,-1.8865658809374963e-05,7.776355302269167e-05,indoor,2026-04-30T22:16:27.669834+0000,-1.330166,7b6581fdec4c,physics,1.0,335
2026-04-30T15:16:32-07:00,3,37.42897701918839,-122.171899192149,31.424617767334,1.4003692911046528e-05,-1.0205045612110553e-05,indoor,2026-04-30T22:16:31.766109+0000,-0.233891,cd1bee5ca624,physics,1.0,337
2026-04-30T15:16:35-07:00,4,37.42896968502312,-122.1719461308067,31.3752098083496,5.73722410024402e-07,5.1273410150542986e-05,indoor,2026-04-30T22:16:32.493095+0000,-2.506905,cd1bee5ca624,physics,1.0,338
2026-04-30T15:16:38-07:00,5,37.42896846964729,-122.1719565243667,31.8872032389045,1.459724066421586e-05,4.592813360204673e-05,indoor,2026-04-30T22:16:32.493095+0000,-5.506905,cd1bee5ca624,physics,1.0,338
2026-04-30T15:16:42-07:00,6,37.42896507497651,-122.1719557699954,31.6784935239702,-2.2964328806551748e-05,8.411965114873965e-05,outdoor,2026-04-30T22:16:47.724625+0000,5.724625,856214c21f32,,1.0,339
2026-04-30T15:16:45-07:00,7,37.42896664044684,-122.1719505006718,31.5663414234296,0.0,0.0,outdoor,2026-04-30T22:16:47.724625+0000,2.724625,856214c21f32,,1.0,339
2026-04-30T15:16:48-07:00,8,37.4289663630598,-122.1719472411129,31.7820396646857,0.0,0.0,outdoor,2026-04-30T22:16:47.724625+0000,-0.275375,856214c21f32,,1.0,339
2026-04-30T15:16:52-07:00,9,37.42896244852715,-122.1719470317664,31.6217003101483,0.0,0.0,outdoor,2026-04-30T22:16:52.760910+0000,0.76091,89e6290f20f5,,1.0,342
2026-04-30T15:16:55-07:00,10,37.42894503676891,-122.1719181109193,31.2313805464655,0.0,0.0,outdoor,2026-04-30T22:16:54.153431+0000,-0.846569,89e6290f20f5,,1.0,344
2026-04-30T15:17:08-07:00,11,37.42887408014815,-122.1719339405348,29.1906368331984,0.0,0.0,outdoor,2026-04-30T22:17:07.763707+0000,-0.236293,9d729ef5380c,,1.0,351
2026-04-30T15:17:21-07:00,12,37.42875585598823,-122.1720113439635,29.4455696474761,0.0,0.0,outdoor,2026-04-30T22:17:22.748302+0000,1.748302,a65cf031440b,,1.0,360
2026-04-30T15:17:32-07:00,13,37.42863812252837,-122.1720303516191,30.0043084928766,0.0,0.0,outdoor,2026-04-30T22:17:32.777456+0000,0.777456,545f792716c9,,1.0,366
2026-04-30T15:17:35-07:00,14,37.42862690687033,-122.172062430443,30.0012966794893,0.0,0.0,outdoor,2026-04-30T22:17:34.160372+0000,-0.839628,545f792716c9,,1.0,368
2026-04-30T15:17:38-07:00,15,37.42862069799894,-122.172097131883,29.5543779181316,0.0,0.0,outdoor,2026-04-30T22:17:37.785156+0000,-0.214844,c2f4279539fa,,1.0,369
2026-04-30T15:17:41-07:00,16,37.42860907586932,-122.1721256763943,28.0080728568137,0.0,0.0,outdoor,2026-04-30T22:17:42.777526+0000,1.777526,faf7c6e6c387,,1.0,372
2026-04-30T15:17:45-07:00,17,37.42863293783493,-122.1721711094255,28.1605698131025,-1.3935009299359535e-05,-3.0222712382510508e-05,outdoor,2026-04-30T22:17:44.165137+0000,-0.834863,faf7c6e6c387,,1.0,374
2026-04-30T15:17:48-07:00,18,37.42864050334382,-122.1722038100499,28.8632394401357,0.0,0.0,outdoor,2026-04-30T22:17:47.777983+0000,-0.222017,101e718a4842,,1.0,375
2026-04-30T15:17:51-07:00,19,37.42866660277384,-122.1722351143433,29.2003956884146,0.0,0.0,outdoor,2026-04-30T22:17:52.788948+0000,1.788948,3cc8cee9bb8a,,1.0,378
2026-04-30T15:17:55-07:00,20,37.42868857276094,-122.1722740004565,29.0936805577949,0.0,0.0,outdoor,2026-04-30T22:17:54.177237+0000,-0.822763,3cc8cee9bb8a,,1.0,380
2026-04-30T15:17:58-07:00,21,37.42870397539213,-122.1722997680949,29.3430250706151,0.0,0.0,outdoor,2026-04-30T22:17:57.770533+0000,-0.229467,6798f4b8a81d,,1.0,381
2026-04-30T15:18:01-07:00,22,37.42870179171864,-122.1723380487786,30.2432588655502,0.0,0.0,outdoor,2026-04-30T22:18:02.800218+0000,1.800218,ef96659549e4,,1.0,384
2026-04-30T15:18:04-07:00,23,37.42870749893743,-122.1723825914419,30.3881935123354,0.0,0.0,outdoor,2026-04-30T22:18:04.207087+0000,0.207087,ef96659549e4,,1.0,386
2026-04-30T15:18:08-07:00,24,37.4287207081987,-122.1724474133606,30.0125641329214,0.0,0.0,outdoor,2026-04-30T22:18:07.801987+0000,-0.198013,b0fd78b5795a,,1.0,387
2026-04-30T15:18:11-07:00,25,37.42871926985126,-122.172496120078,30.0342210717499,0.0,0.0,outdoor,2026-04-30T22:18:12.803143+0000,1.803143,cba913f995a3,,1.0,390
2026-04-30T15:18:14-07:00,26,37.42873749572341,-122.1725422886553,29.8985624853522,0.0,0.0,outdoor,2026-04-30T22:18:14.217193+0000,0.217193,cba913f995a3,,1.0,392
2026-04-30T15:18:18-07:00,27,37.42875494620922,-122.1725766485062,30.518964106217,0.0,0.0,outdoor,2026-04-30T22:18:17.809714+0000,-0.190286,53085373ae86,,1.0,393
2026-04-30T15:18:21-07:00,28,37.42876420178024,-122.172607769187,30.479772743769,0.0,0.0,outdoor,2026-04-30T22:18:19.275612+0000,-1.724388,53085373ae86,,1.0,395
2026-04-30T15:18:24-07:00,29,37.42877169013927,-122.1726552723447,30.0825092578307,0.0,0.0,outdoor,2026-04-30T22:18:24.223703+0000,0.223703,360697b97013,,1.0,398
2026-04-30T15:18:27-07:00,30,37.4287842160691,-122.1726896812171,30.2881841631606,0.0,0.0,outdoor,2026-04-30T22:18:27.816041+0000,0.816041,322c88727673,,1.0,399
2026-04-30T15:18:31-07:00,31,37.42877604646262,-122.1727507314004,29.640862043947,0.0,0.0,outdoor,2026-04-30T22:18:29.227158+0000,-1.772842,322c88727673,,1.0,401
2026-04-30T15:18:34-07:00,32,37.42878579379632,-122.172787286373,29.6321972701699,0.0,0.0,outdoor,2026-04-30T22:18:33.616808+0000,-0.383192,1eb667ec4aeb,,1.0,402
2026-04-30T15:18:37-07:00,33,37.42878045090318,-122.1728307860842,30.2059826646,0.0,0.0,outdoor,2026-04-30T22:18:37.826894+0000,0.826894,29211a03ad65,,1.0,405
2026-04-30T15:18:41-07:00,34,37.42876583132654,-122.1728531459239,30.1799060394987,0.0,0.0,outdoor,2026-04-30T22:18:42.818121+0000,1.818121,e2d942d295d6,,1.0,408
2026-04-30T15:18:44-07:00,35,37.42875697689828,-122.1728392970216,30.1162336291745,0.0,0.0,outdoor,2026-04-30T22:18:44.234557+0000,0.234557,e2d942d295d6,,1.0,410
2026-04-30T15:18:47-07:00,36,37.42875039393257,-122.1728128261355,30.3209154298529,0.0,0.0,outdoor,2026-04-30T22:18:47.835530+0000,0.83553,e36087dfaaf3,,1.0,411
2026-04-30T15:18:50-07:00,37,37.42875133613093,-122.1727843008067,30.5468842135742,0.0,0.0,outdoor,2026-04-30T22:18:49.365180+0000,-0.63482,e36087dfaaf3,,1.0,413
2026-04-30T15:18:54-07:00,38,37.42873798141716,-122.1727343198282,30.4473017761484,0.0,0.0,outdoor,2026-04-30T22:18:54.231897+0000,0.231897,ad565ba4760d,,1.0,416
2026-04-30T15:18:57-07:00,39,37.42873814445848,-122.1726967029082,30.2652733586729,0.0,0.0,outdoor,2026-04-30T22:18:57.839807+0000,0.839807,af9fae341949,,1.0,417
2026-04-30T15:19:00-07:00,40,37.42874088943547,-122.1726609288886,30.0951821487397,0.0,0.0,outdoor,2026-04-30T22:18:59.275204+0000,-0.724796,af9fae341949,,1.0,419
2026-04-30T15:19:04-07:00,41,37.42871198364552,-122.1726379482235,30.2297847615555,0.0,0.0,outdoor,2026-04-30T22:19:04.306530+0000,0.30653,3960256d78ff,,1.0,422
2026-04-30T15:19:07-07:00,42,37.42871065232335,-122.1726101956329,29.5897666318342,0.0,0.0,outdoor,2026-04-30T22:19:07.836812+0000,0.836812,10dd2c560c42,,1.0,423
2026-04-30T15:19:10-07:00,43,37.42870272752338,-122.1725663173646,29.6580331735313,0.0,0.0,outdoor,2026-04-30T22:19:09.264110+0000,-0.73589,10dd2c560c42,,1.0,425
2026-04-30T15:19:13-07:00,44,37.42870851438318,-122.1725269486567,30.3847302570939,0.0,0.0,outdoor,2026-04-30T22:19:12.850354+0000,-0.149646,ce81ea416217,,1.0,426
2026-04-30T15:19:17-07:00,45,37.42870579156553,-122.1724744186687,30.2804549364373,0.0,0.0,outdoor,2026-04-30T22:19:17.843504+0000,0.843504,33bf0a84d10e,,1.0,429
2026-04-30T15:19:20-07:00,46,37.42870173176446,-122.1724267229498,30.6307619838044,0.0,0.0,outdoor,2026-04-30T22:19:19.240491+0000,-0.759509,33bf0a84d10e,,1.0,431
2026-04-30T15:19:23-07:00,47,37.42868873279139,-122.1723895276537,30.2773142708465,0.0,0.0,outdoor,2026-04-30T22:19:22.883636+0000,-0.116364,89deb4ad9e08,,1.0,432
2026-04-30T15:19:27-07:00,48,37.4286805469761,-122.1723308316832,30.0857726912946,0.0,0.0,outdoor,2026-04-30T22:19:27.862190+0000,0.86219,30e343005ac7,,1.0,435
2026-04-30T15:19:30-07:00,49,37.42866642862469,-122.1722946751958,29.3308824375272,0.0,0.0,outdoor,2026-04-30T22:19:29.296606+0000,-0.703394,30e343005ac7,,1.0,437
2026-04-30T15:19:33-07:00,50,37.42865273628165,-122.1722558502725,29.7712514158338,0.0,0.0,outdoor,2026-04-30T22:19:32.863658+0000,-0.136342,dee4423a755e,,1.0,438
2026-04-30T15:19:37-07:00,51,37.42863273518638,-122.172204455513,29.3224530564621,0.0,0.0,outdoor,2026-04-30T22:19:37.867414+0000,0.867414,d75a8bae453d,,1.0,441
2026-04-30T15:19:40-07:00,52,37.42862688797256,-122.1721614536762,29.2832569107413,0.0,0.0,outdoor,2026-04-30T22:19:39.274525+0000,-0.725475,d75a8bae453d,,1.0,443
2026-04-30T15:19:43-07:00,53,37.42859507107732,-122.1721388661292,29.2354586189613,-2.1547202017302425e-05,1.6524303404708007e-05,outdoor,2026-04-30T22:19:42.873442+0000,-0.126558,460c1cf0d03d,,1.0,444
2026-04-30T15:19:47-07:00,54,37.42855196519067,-122.1721384221119,29.3252408066764,0.0,0.0,outdoor,2026-04-30T22:19:47.871574+0000,0.871574,72005f4e0381,,1.0,447
2026-04-30T15:19:50-07:00,55,37.42852419230376,-122.1721483168011,29.4568593753502,1.778576782385244e-05,1.21460077195934e-06,outdoor,2026-04-30T22:19:49.266168+0000,-0.733832,72005f4e0381,,1.0,449
2026-04-30T15:19:54-07:00,56,37.42847607219554,-122.1721597245291,29.3810174027458,0.0,0.0,outdoor,2026-04-30T22:19:54.296927+0000,0.296927,45f10d960cfb,,1.0,452
2026-04-30T15:19:57-07:00,57,37.42844299065393,-122.1721844224221,29.5226567350328,0.0,0.0,outdoor,2026-04-30T22:19:57.921075+0000,0.921075,a2c803d0aa4f,,1.0,453
2026-04-30T15:20:00-07:00,58,37.42840841084502,-122.1721865728735,29.8462628601119,0.0,0.0,outdoor,2026-04-30T22:19:59.669040+0000,-0.33096,a2c803d0aa4f,,1.0,455
2026-04-30T15:20:04-07:00,59,37.42838395785159,-122.1722163545106,29.3768972400576,2.0948894530192777e-07,1.6640394861155983e-05,outdoor,2026-04-30T22:20:04.306197+0000,0.306197,1229ba505efc,,1.0,458
2026-04-30T15:20:07-07:00,60,37.4283631549924,-122.1722386298188,29.651122671552,0.0,0.0,outdoor,2026-04-30T22:20:07.899470+0000,0.89947,5fa1424ca565,,1.0,459
2026-04-30T15:20:11-07:00,61,37.42834842080052,-122.1722821610474,29.8837750051171,0.0,0.0,outdoor,2026-04-30T22:20:09.317204+0000,-1.682796,5fa1424ca565,,1.0,461
2026-04-30T15:20:14-07:00,62,37.42835327669028,-122.1723227533721,30.2002997491509,0.0,0.0,outdoor,2026-04-30T22:20:14.351682+0000,0.351682,c9db44859f23,,1.0,464
2026-04-30T15:20:17-07:00,63,37.42835658530752,-122.1723518211892,30.1174142481759,0.0,0.0,outdoor,2026-04-30T22:20:17.908751+0000,0.908751,96c7883f7ab7,,1.0,465
2026-04-30T15:20:21-07:00,64,37.42836319336913,-122.1723893157977,30.7264785468578,0.0,0.0,outdoor,2026-04-30T22:20:19.318192+0000,-1.681808,96c7883f7ab7,,1.0,467
2026-04-30T15:20:24-07:00,65,37.42837605229806,-122.1724242859448,31.0372876031324,0.0,0.0,outdoor,2026-04-30T22:20:24.313284+0000,0.313284,0378ab1c5f12,,1.0,470
2026-04-30T15:20:28-07:00,66,37.42838659767813,-122.172470431485,30.8353691417724,0.0,0.0,outdoor,2026-04-30T22:20:27.893152+0000,-0.106848,a162f1384ebc,,1.0,471
2026-04-30T15:20:31-07:00,67,37.42838919714642,-122.1725024212942,31.4728218493983,0.0,0.0,outdoor,2026-04-30T22:20:29.294571+0000,-1.705429,a162f1384ebc,,1.0,473
2026-04-30T15:20:34-07:00,68,37.4283984011546,-122.172552867616,31.3239653771743,0.0,0.0,outdoor,2026-04-30T22:20:34.301883+0000,0.301883,be6a81f6ea35,,1.0,476
2026-04-30T15:20:38-07:00,69,37.42840338561305,-122.1726041987251,31.6755718607456,0.0,0.0,outdoor,2026-04-30T22:20:37.915863+0000,-0.084137,352167bc1211,,1.0,477
2026-04-30T15:20:41-07:00,70,37.42840380171239,-122.1726472583765,32.2735687410459,6.301013904419506e-06,1.1100563767740825e-05,outdoor,2026-04-30T22:20:39.285361+0000,-1.714639,352167bc1211,,1.0,479
2026-04-30T15:20:45-07:00,71,37.42838217921967,-122.1726670158084,32.9779820060357,0.0,0.0,outdoor,2026-04-30T22:20:44.297347+0000,-0.702653,ba5c3ca037c1,,1.0,482
2026-04-30T15:20:48-07:00,72,37.42837800340538,-122.1726627682275,33.1490291729569,0.0,0.0,outdoor,2026-04-30T22:20:44.297347+0000,-3.702653,ba5c3ca037c1,,1.0,482
2026-04-30T15:20:51-07:00,73,37.42837800340538,-122.1726627682275,33.1490291729569,0.0,0.0,outdoor,2026-04-30T22:20:57.032165+0000,6.032165,ab3091d0272c,,1.0,483
2026-04-30T15:20:55-07:00,74,37.42837577944563,-122.1726784755554,33.7998223556206,0.0,0.0,outdoor,2026-04-30T22:20:57.032165+0000,2.032165,ab3091d0272c,,1.0,483
2026-04-30T15:20:58-07:00,75,37.42837203107673,-122.1726624272147,33.7762441709638,0.0,0.0,outdoor,2026-04-30T22:20:57.721675+0000,-0.278325,ab3091d0272c,,1.0,484
2026-04-30T15:21:12-07:00,76,37.42834943817271,-122.1724948268097,31.7801657821983,0.0,0.0,outdoor,2026-04-30T22:21:12.035669+0000,0.035669,31f5b9084dac,,1.0,492
2026-04-30T15:21:16-07:00,77,37.42834557860751,-122.1724404681194,31.7615535492077,0.0,0.0,outdoor,2026-04-30T22:21:17.049564+0000,1.049564,c4b6076236ff,,1.0,495
2026-04-30T15:21:19-07:00,78,37.42834522947739,-122.1723951851091,31.2693407870829,0.0,0.0,outdoor,2026-04-30T22:21:18.448058+0000,-0.551942,c4b6076236ff,,1.0,497
2026-04-30T15:21:22-07:00,79,37.42834052679725,-122.1723550670533,30.6771389795467,0.0,0.0,outdoor,2026-04-30T22:21:22.036631+0000,0.036631,8dab30d51fff,,1.0,498
2026-04-30T15:21:26-07:00,80,37.42834433222092,-122.1722953957543,30.2577490694821,0.0,0.0,outdoor,2026-04-30T22:21:27.055066+0000,1.055066,c3a848848ebb,,1.0,501
2026-04-30T15:21:29-07:00,81,37.42834728881152,-122.1722589433915,30.2234980165958,0.0,0.0,outdoor,2026-04-30T22:21:28.460875+0000,-0.539125,c3a848848ebb,,1.0,503
2026-04-30T15:21:33-07:00,82,37.42838965237154,-122.1722280372701,29.9025508379564,0.0,0.0,outdoor,2026-04-30T22:21:32.733126+0000,-0.266874,d39068a6e239,,1.0,505
2026-04-30T15:21:36-07:00,83,37.42842102249804,-122.1722154415658,29.4775493694469,0.0,0.0,outdoor,2026-04-30T22:21:37.065524+0000,1.065524,8cbffa8f8232,,1.0,507
2026-04-30T15:21:39-07:00,84,37.42845322748573,-122.1722123934714,29.4216526113451,0.0,0.0,outdoor,2026-04-30T22:21:38.476876+0000,-0.523124,8cbffa8f8232,,1.0,509
2026-04-30T15:21:43-07:00,85,37.42846340944864,-122.172217772609,29.4468992035836,0.0,0.0,outdoor,2026-04-30T22:21:42.717631+0000,-0.282369,cc71778c9f5f,,1.0,511
2026-04-30T15:21:46-07:00,86,37.42845801891094,-122.1722234558053,29.6430838163942,0.0,0.0,outdoor,2026-04-30T22:21:43.427163+0000,-2.572837,cc71778c9f5f,,1.0,512
2026-04-30T15:21:50-07:00,87,37.42845764882026,-122.1722103906354,29.624798447825,0.0,0.0,outdoor,2026-04-30T22:21:43.427163+0000,-6.572837,cc71778c9f5f,,1.0,512
2026-04-30T15:22:03-07:00,88,37.42845614782446,-122.172181259997,29.8843158222735,0.0,0.0,outdoor,2026-04-30T22:21:43.427163+0000,-19.572837,cc71778c9f5f,,1.0,512
2026-04-30T15:22:16-07:00,89,37.42845959825616,-122.1721905327241,29.5859492914751,0.0,0.0,null,,,,,,
2026-04-30T15:22:21-07:00,90,37.42844099648057,-122.1721941513216,27.9628868103027,0.0,0.0,null,,,,,,
2026-04-30T15:22:24-07:00,91,37.42842460985987,-122.1722099931186,27.3995933532715,0.0,0.0,null,,,,,,
2026-04-30T15:22:27-07:00,92,37.42842368785053,-122.1722077300047,27.8408164978027,0.0,0.0,null,,,,,,
2026-04-30T15:22:31-07:00,93,37.42842536423116,-122.1722078138237,27.8289451599121,0.0,0.0,null,,,,,,
2026-04-30T15:22:34-07:00,94,37.42842577196135,-122.1722061547466,27.8285179371014,0.0,0.0,null,,,,,,
2026-04-30T15:22:38-07:00,95,37.42842372749595,-122.1722071865741,27.7036094907671,0.0,0.0,null,,,,,,
2026-04-30T15:22:41-07:00,96,37.42842305920792,-122.172211082766,27.6982383970171,0.0,0.0,null,,,,,,
2026-04-30T15:22:44-07:00,97,37.42842235568576,-122.1722080879121,27.694454215467,0.0,0.0,null,,,,,,
2026-04-30T15:22:48-07:00,98,37.42842352043601,-122.1722126772585,27.5616111978888,0.0,0.0,null,,,,,,
2026-04-30T15:22:51-07:00,99,37.42842172047586,-122.172215190303,27.8541832203046,0.0,0.0,null,,,,,,
2026-04-30T15:22:54-07:00,100,37.42840993253947,-122.1722243180986,29.2123483708128,0.0,0.0,null,,,,,,
2026-04-30T15:23:08-07:00,101,37.42839876106104,-122.1722265680107,29.5716352723539,0.0,0.0,null,,,,,,
2026-04-30T15:23:21-07:00,102,37.42840310508353,-122.1721988766572,29.5443299012259,0.0,0.0,outdoor,2026-04-30T22:23:49.262464+0000,28.262464,e859b6707ecb,,1.0,513
2026-04-30T15:23:35-07:00,103,37.42841493152636,-122.172218215946,30.0760218994692,0.0,0.0,outdoor,2026-04-30T22:23:49.262464+0000,14.262464,e859b6707ecb,,1.0,513
2026-04-30T15:23:48-07:00,104,37.42837609476632,-122.1722000146846,29.8040395276621,0.0,0.0,outdoor,2026-04-30T22:23:49.262464+0000,1.262464,e859b6707ecb,,1.0,513
2026-04-30T15:24:02-07:00,105,37.42831318008832,-122.1721598585966,28.5204317588359,1.2094204947743492e-05,-4.500244823191224e-05,outdoor,2026-04-30T22:24:00.697470+0000,-1.30253,2bbeead79895,,1.0,521
2026-04-30T15:24:12-07:00,106,37.42823338100369,-122.1721989304413,30.1563654327765,0.0,0.0,outdoor,2026-04-30T22:24:10.624636+0000,-1.375364,1e5415815b89,,1.0,527
2026-04-30T15:24:15-07:00,107,37.42822806697517,-122.1721948549893,30.0073983231559,0.0,0.0,outdoor,2026-04-30T22:24:14.971837+0000,-0.028163,10acae02039c,,1.0,529
2026-04-30T15:24:18-07:00,108,37.42823353038599,-122.1721932206981,30.18532065209,0.0,0.0,outdoor,2026-04-30T22:24:19.297855+0000,1.297855,ddcf0fcd06a6,,1.0,531
2026-04-30T15:24:22-07:00,109,37.42823336930141,-122.1722063721603,31.0714442608878,0.0,0.0,outdoor,2026-04-30T22:24:20.734336+0000,-1.265664,ddcf0fcd06a6,,1.0,533
2026-04-30T15:24:35-07:00,110,37.42820805337518,-122.1722244578486,32.4662207998335,0.0,0.0,outdoor,2026-04-30T22:24:34.977859+0000,-0.022141,9f29b8bf468d,,1.0,541
2026-04-30T15:24:39-07:00,111,37.42817140583495,-122.1722222794263,31.4870142852888,0.0,0.0,outdoor,2026-04-30T22:24:39.308312+0000,0.308312,13d6a3762094,,1.0,543
2026-04-30T15:24:42-07:00,112,37.42813417931744,-122.1722498394306,29.9449867205694,0.0,0.0,outdoor,2026-04-30T22:24:40.673483+0000,-1.326517,13d6a3762094,,1.0,545
2026-04-30T15:24:45-07:00,113,37.42813562216032,-122.1722832116021,30.0070010405034,0.0,0.0,outdoor,2026-04-30T22:24:45.032078+0000,0.032078,b2d7e432384f,,1.0,547
2026-04-30T15:24:49-07:00,114,37.42813991292521,-122.1723218955887,30.8932995675132,0.0,0.0,outdoor,2026-04-30T22:24:49.308618+0000,0.308618,6971d8de6c37,,1.0,549
2026-04-30T15:24:52-07:00,115,37.42814305790251,-122.1723461515125,30.4957129368559,-7.147079735148054e-06,2.5902861850113368e-05,outdoor,2026-04-30T22:24:50.714410+0000,-1.28559,6971d8de6c37,,1.0,551
2026-04-30T15:24:56-07:00,116,37.42815404794926,-122.1723716731536,30.2584237130359,-5.578645023263107e-06,1.7686286227558412e-05,outdoor,2026-04-30T22:24:55.742955+0000,-0.257045,fbed9f54f8fe,,1.0,554
2026-04-30T15:24:59-07:00,117,37.4281423745327,-122.1723491517645,29.8362017385662,8.091425051759416e-06,-1.4935412039562834e-05,outdoor,2026-04-30T22:24:55.742955+0000,-3.257045,fbed9f54f8fe,,1.0,554
2026-04-30T15:25:02-07:00,118,37.42814931965121,-122.1723422309291,29.7142976103351,0.0,0.0,outdoor,2026-04-30T22:24:55.742955+0000,-6.257045,fbed9f54f8fe,,1.0,554
2026-04-30T15:25:06-07:00,119,37.42815078197338,-122.1723287548859,29.4567872891203,0.0,0.0,outdoor,2026-04-30T22:24:55.742955+0000,-10.257045,fbed9f54f8fe,,1.0,554
2026-04-30T15:25:09-07:00,120,37.42814619941952,-122.1723134661394,29.3668615529314,1.5248131624900909e-05,-7.458217815781154e-05,indoor,2026-04-30T22:25:18.006203+0000,9.006203,4f9599143efe,,1.0,555
2026-04-30T15:25:13-07:00,121,37.42813487999517,-122.1723427727274,29.2649340564385,1.819367547994943e-05,5.623490466177827e-06,indoor,2026-04-30T22:25:18.006203+0000,5.006203,4f9599143efe,,1.0,555
2026-04-30T15:25:17-07:00,122,37.42812622233388,-122.1723561052894,29.350045598112,0.0,0.0,indoor,2026-04-30T22:25:18.006203+0000,1.006203,4f9599143efe,,1.0,555
2026-04-30T15:25:30-07:00,123,37.42806896546427,-122.1723986008242,29.2752777710557,8.064142615893388e-05,-9.105017382182724e-05,indoor,2026-04-30T22:25:29.366497+0000,-0.633503,ead4a50607f2,,1.0,563
2026-04-30T15:25:43-07:00,124,37.42803859752226,-122.1726002009296,30.1757277598225,0.0001007691918459,-5.371244516538809e-05,indoor,2026-04-30T22:25:43.037555+0000,0.037555,9f1943a13b45,,1.0,570
2026-04-30T15:25:57-07:00,125,37.42805842595674,-122.1727449700994,31.421377259729,1.4497899059051632e-05,-9.766827290036416e-06,indoor,2026-04-30T22:25:58.057934+0000,1.057934,4eff5c62362d,,1.0,579
2026-04-30T15:26:10-07:00,126,37.42820480929436,-122.172782059972,49.6205406188965,-0.0001678745486941,0.000132484062604,indoor,2026-04-30T22:26:09.423323+0000,-0.576677,06d5a1b5d501,,1.0,587
2026-04-30T15:26:24-07:00,127,37.42843540512213,-122.1726910306114,31.9363954821602,-0.0001677170927294,-5.6598104180238806e-05,indoor,2026-04-30T22:26:23.761699+0000,-0.238301,5b1ed2fb036a,,1.0,595
2026-04-30T15:26:34-07:00,128,37.42838688441233,-122.1727013612587,33.2431117016822,0.0001073595284282,3.217508944430847e-05,indoor,2026-04-30T22:26:33.767163+0000,-0.232837,f9a39ef77f30,,1.0,601
2026-04-30T15:26:46-07:00,129,37.42840440323908,-122.1727193934755,33.436497383751,2.837934356847427e-05,2.717467955903885e-05,indoor,2026-04-30T22:26:44.447339+0000,-1.552661,b382cce423ec,,1.0,608
2026-04-30T15:26:49-07:00,130,37.42844564111763,-122.1727046956492,33.5206022346392,1.207612996267926e-07,9.263832396300131e-06,indoor,2026-04-30T22:26:48.757803+0000,-0.242197,a08a95b49a16,,1.0,610
2026-04-30T15:27:02-07:00,131,37.42847310973811,-122.1727884771689,33.1612999867648,-2.3741623259354583e-05,8.260902194479058e-05,indoor,2026-04-30T22:27:03.089877+0000,1.089877,309b3984bc85,,1.0,618
2026-04-30T15:27:16-07:00,132,37.42853085634633,-122.1728326100323,30.3121136451708,-2.710471387956659e-05,5.930028591194514e-05,indoor,2026-04-30T22:27:14.496772+0000,-1.503228,4bd0ee1bdaea,,1.0,626
2026-04-30T15:27:29-07:00,133,37.42866055688715,-122.1728575876422,30.0323841094971,-8.702104411639766e-05,3.8882708864207416e-05,indoor,2026-04-30T22:27:28.819581+0000,-0.180419,3c503805f3e9,,1.0,634
2026-04-30T15:27:43-07:00,134,37.42861350279641,-122.1728212905583,30.8160132595136,0.0,0.0,indoor,2026-04-30T22:27:43.134300+0000,0.1343,909eb7a82bc5,,1.0,642
2026-04-30T15:27:56-07:00,135,37.42874339053876,-122.1727746536394,30.7884049777064,-4.4135169140702146e-05,-6.752869121839922e-05,indoor,2026-04-30T22:27:54.519805+0000,-1.480195,e570e2cb3e40,,1.0,650
2026-04-30T15:28:09-07:00,136,37.42879343768954,-122.172695614905,31.2261900387316,1.890776179891418e-05,-5.356398085609726e-05,indoor,2026-04-30T22:28:04.518284+0000,-4.481716,e0f8ce58357d,,1.0,656
2026-04-30T15:28:23-07:00,137,37.42876663883288,-122.17266118884,30.1689427703619,9.991986175350576e-06,-3.350892370690417e-05,indoor,2026-04-30T22:28:04.518284+0000,-18.481716,e0f8ce58357d,,1.0,656
2026-04-30T15:28:36-07:00,138,37.42879259562751,-122.1726575726859,-6.02756116352975,0.0,0.0,null,,,,,,
2026-04-30T15:28:40-07:00,139,37.42877407771126,-122.172661758615,-6.02756116352975,0.0,0.0,null,,,,,,
2026-04-30T15:28:43-07:00,140,37.42877395939512,-122.1726617578455,-6.02756116352975,0.0,0.0,null,,,,,,
2026-04-30T15:28:46-07:00,141,37.42879199929025,-122.1726668397634,-6.02756116352975,0.0,0.0,null,,,,,,
2026-04-30T15:28:50-07:00,142,37.42878150001562,-122.1726618448134,-6.02756116352975,0.0,0.0,null,,,,,,
2026-04-30T15:28:53-07:00,143,37.42877159883589,-122.1726586235178,30.0057698885023,0.0,0.0,null,,,,,,
2026-04-30T15:28:57-07:00,144,37.42878674391732,-122.1726861721893,29.999188925942,0.0,0.0,null,,,,,,
2026-04-30T15:29:00-07:00,145,37.42877378309068,-122.1726942452261,29.9907145759664,0.0,0.0,null,,,,,,
2026-04-30T15:29:03-07:00,146,37.42876823754983,-122.1727036501748,29.999628455645,0.0,0.0,null,,,,,,
2026-04-30T15:29:07-07:00,147,37.42876712169127,-122.1727050240578,29.9915950593121,0.0,0.0,null,,,,,,
2026-04-30T15:29:20-07:00,148,37.42875877872397,-122.1726996555561,29.9914034238929,0.0,0.0,null,,,,,,
2026-04-30T15:29:24-07:00,149,37.42875322289731,-122.1726890028457,29.9998319975013,0.0,0.0,null,,,,,,
2026-04-30T15:29:27-07:00,150,37.42875325663287,-122.1726887442602,29.9914034238929,0.0,0.0,null,,,,,,
2026-04-30T15:29:30-07:00,151,37.42873989633038,-122.1726982759891,29.9995821348304,0.0,0.0,null,,,,,,
2026-04-30T15:29:34-07:00,152,37.42873992926823,-122.1726981997399,29.9914034238929,0.0,0.0,null,,,,,,
2026-04-30T15:29:37-07:00,153,37.42873163267281,-122.1727053724871,29.9996679655189,0.0,0.0,null,,,,,,
2026-04-30T15:29:41-07:00,154,37.42872524514553,-122.1727107453752,29.9914034238929,0.0,0.0,null,,,,,,
2026-04-30T15:29:44-07:00,155,37.42873843417182,-122.17269821513,29.9999349943275,0.0,0.0,null,,,,,,
2026-04-30T15:29:47-07:00,156,37.42874604487066,-122.1727073690393,29.9999750486488,0.0,0.0,null,,,,,,
2026-04-30T15:29:51-07:00,157,37.4287462098866,-122.1727073420457,20.388729095459,0.0,0.0,null,,,,,,
2026-04-30T15:29:54-07:00,158,37.4287646732415,-122.1727027138177,20.388729095459,0.0,0.0,null,,,,,,
2026-04-30T15:29:58-07:00,159,37.4287646732415,-122.1727027138177,24.7090435028076,0.0,0.0,null,,,,,,
2026-04-30T15:31:34-07:00,1,37.42873491329431,-122.1726812532531,30.2972521892466,2.1160826726429605e-05,1.4302439055313698e-05,indoor,2026-04-30T22:32:01.433999+0000,27.433999,7cc8f2697781,physics,1.0,657
2026-04-30T15:31:38-07:00,2,37.42873491208474,-122.1726812416553,30.3102828316442,0.0,0.0,indoor,2026-04-30T22:32:01.433999+0000,23.433999,7cc8f2697781,physics,1.0,657
2026-04-30T15:31:41-07:00,3,37.42873858315516,-122.1726738043349,30.3133329880955,0.0,0.0,indoor,2026-04-30T22:32:01.433999+0000,20.433999,7cc8f2697781,physics,1.0,657
2026-04-30T15:31:44-07:00,4,37.42873988598904,-122.1726711700548,30.3107891337925,0.0,0.0,indoor,2026-04-30T22:32:01.433999+0000,17.433999,7cc8f2697781,physics,1.0,657
2026-04-30T15:31:48-07:00,5,37.42873988598851,-122.1726711700549,30.3107891337925,0.0,0.0,indoor,2026-04-30T22:32:01.433999+0000,13.433999,7cc8f2697781,physics,1.0,657
2026-04-30T15:32:01-07:00,6,37.42875409178023,-122.1726863569066,30.3185799836822,0.0,0.0,indoor,2026-04-30T22:32:01.433999+0000,0.433999,7cc8f2697781,physics,1.0,657
2026-04-30T15:32:04-07:00,7,37.42872431240485,-122.1726988445038,25.9897893190093,0.0,0.0,indoor,2026-04-30T22:32:02.848229+0000,-1.151771,7cc8f2697781,physics,1.0,659
2026-04-30T15:32:07-07:00,8,37.42871633283885,-122.1726992498731,30.310103726358,0.0,0.0,indoor,2026-04-30T22:32:06.847756+0000,-0.152244,9f5f703a16f9,physics,1.0,662
2026-04-30T15:32:21-07:00,9,37.42872180505375,-122.1726534884381,30.0522624755471,0.0,0.0,indoor,2026-04-30T22:32:21.477145+0000,0.477145,4c00f381e9ff,physics,1.0,672
2026-04-30T15:32:34-07:00,10,37.42874921303966,-122.172554005476,27.7152976989746,0.0,0.0,indoor,2026-04-30T22:32:34.166633+0000,0.166633,ef8e8cacfa2a,physics,1.0,682
2026-04-30T15:32:47-07:00,11,37.4287420854709,-122.1726676438702,29.9485032608117,0.0,0.0,indoor,2026-04-30T22:32:46.855951+0000,-0.144049,c8969e817547,physics,1.0,692
2026-04-30T15:33:01-07:00,12,37.42874516011005,-122.1726528458783,29.9349588492769,0.0,0.0,indoor,2026-04-30T22:33:01.483504+0000,0.483504,e45cef8159d8,physics,1.0,702
2026-04-30T15:33:14-07:00,13,37.42871883547939,-122.1726522773586,29.9321447360287,3.3786010320113746e-05,5.668879200015908e-05,indoor,2026-04-30T22:33:14.195341+0000,0.195341,56ab144a11fe,physics,1.0,712
2026-04-30T15:33:27-07:00,14,37.42887229811293,-122.1724778179449,29.9327550875912,-0.0001592079660142,-0.0001022499576492,indoor,2026-04-30T22:33:26.904206+0000,-0.095794,a2e9ac8916b4,physics,1.0,722
2026-04-30T15:33:41-07:00,15,37.42868327594753,-122.1724550826814,29.9859411141514,0.0001683555709917,2.23194799104931e-05,indoor,2026-04-30T22:33:41.545283+0000,0.545283,f4f35e9aacd8,physics,1.0,732
2026-04-30T15:33:54-07:00,16,37.42870563905996,-122.1724976597312,30.0705983849332,-2.7296142604882338e-05,9.147736969339348e-05,indoor,2026-04-30T22:33:54.232754+0000,0.232754,d134d5414a60,physics,1.0,742
2026-04-30T15:34:07-07:00,17,37.42891800998274,-122.1724263434844,30.0310253318504,-0.0002191543277021,-2.7254695709189036e-05,indoor,2026-04-30T22:34:06.970198+0000,-0.029802,8e09fe6a0daf,physics,1.0,752
2026-04-30T15:34:21-07:00,18,37.4289205798608,-122.1724262765417,29.9244137048893,4.91468853169863e-05,-0.0002753656596041,indoor,2026-04-30T22:34:21.584028+0000,0.584028,680f4bdfeb97,physics,1.0,762
2026-04-30T15:34:34-07:00,19,37.42875744789098,-122.1725758292298,29.8910033579867,0.0001103199799743,0.0001191960085975,indoor,2026-04-30T22:34:34.260149+0000,0.260149,a19c65bf0607,physics,1.0,772
2026-04-30T15:34:47-07:00,20,37.42867979327605,-122.1726345296083,29.8909804698031,0.0,0.0,indoor,2026-04-30T22:34:46.994961+0000,-0.005039,56749ccf94aa,physics,1.0,782
2026-04-30T15:35:00-07:00,21,37.42865589112304,-122.1726463275258,29.8909709330599,0.0,0.0,indoor,2026-04-30T22:34:58.999091+0000,-1.000909,89ed44609e0b,physics,1.0,791
2026-04-30T15:35:14-07:00,22,37.42824570321227,-122.1727537262416,30.0140462009468,0.0001735354009824,3.197179479741408e-05,indoor,2026-04-30T22:35:14.316212+0000,0.316212,f97dcf07186f,physics,1.0,802
2026-04-30T15:35:27-07:00,23,37.42813329461435,-122.1725725940877,30.0139966098824,7.845638388914722e-05,-6.85360365082488e-05,indoor,2026-04-30T22:35:27.065583+0000,0.065583,476c50b32af5,physics,1.0,812
2026-04-30T15:35:40-07:00,24,37.42819021313559,-122.1723751483699,30.0142922489205,-8.566703466783565e-05,-2.6491847663123735e-05,indoor,2026-04-30T22:35:39.065390+0000,-0.93461,26dd178c5fb4,physics,1.0,821
2026-04-30T15:35:54-07:00,25,37.42809494466994,-122.1722689524162,30.0142235843697,5.194244480577481e-05,5.040910650677688e-05,indoor,2026-04-30T22:35:43.032250+0000,-10.96775,ef8f7de350ef,physics,1.0,824
2026-04-30T15:36:07-07:00,26,37.42817018528658,-122.1723530830175,30.0142808048287,-2.3279779441054416e-05,6.439104905098247e-05,indoor,2026-04-30T22:35:43.032250+0000,-23.96775,ef8f7de350ef,physics,1.0,824
2026-04-30T15:36:13-07:00,27,37.42817294102512,-122.172356592215,30.0142750827828,0.0,0.0,indoor,2026-04-30T22:35:43.032250+0000,-29.96775,ef8f7de350ef,physics,1.0,824
2026-04-30T15:36:16-07:00,28,37.42817338526302,-122.1723572594863,30.0094876377144,0.0,0.0,null,,,,,,
2026-04-30T15:36:20-07:00,29,37.42817381028892,-122.1723577445162,30.0094876377144,0.0,0.0,null,,,,,,
2026-04-30T15:36:23-07:00,30,37.42817414089289,-122.1723581217939,30.0094876377144,0.0,0.0,null,,,,,,
2026-04-30T15:36:26-07:00,31,37.42817440539496,-122.1723584236376,30.0094876377144,0.0,0.0,null,,,,,,
2026-04-30T15:36:29-07:00,32,37.42817462181905,-122.1723586706158,30.0094876377144,0.0,0.0,null,,,,,,
2026-04-30T15:36:33-07:00,33,37.42817480218233,-122.1723588764422,30.0094876377144,0.0,0.0,null,,,,,,
2026-04-30T15:36:36-07:00,34,37.42817495480494,-122.1723590506117,30.0094876377144,-4.335541040489943e-05,6.793962205620119e-05,null,,,,,,
2026-04-30T15:36:39-07:00,35,37.42817508563031,-122.1723591999065,30.0094876377144,0.0,0.0,null,,,,,,
2026-04-30T15:36:43-07:00,36,37.4281751990172,-122.172359329301,30.0094876377144,0.0,0.0,null,,,,,,
2026-04-30T15:36:46-07:00,37,37.42817529823481,-122.1723594425259,30.0094876377144,0.0,0.0,null,,,,,,
2026-04-30T15:36:49-07:00,38,37.42817538578314,-122.172359542434,30.0094876377144,0.0,0.0,null,,,,,,
2026-04-30T15:36:53-07:00,39,37.42817546360686,-122.1723596312446,30.0094876377144,0.0,0.0,null,,,,,,
2026-04-30T15:36:56-07:00,40,37.42817553448706,-122.1723597123648,30.0094876377144,0.0,0.0,null,,,,,,
2026-04-30T15:36:59-07:00,41,37.42817617489042,-122.1723604376012,30.0094876377144,0.0,0.0,null,,,,,,
2026-04-30T15:37:03-07:00,42,37.42817623067097,-122.1723605012566,30.0094876377144,0.0,0.0,null,,,,,,
2026-04-30T15:37:06-07:00,43,37.42817628138233,-122.1723605591272,30.0094876377144,0.0,0.0,null,,,,,,
2026-04-30T15:37:10-07:00,44,37.42817696755502,-122.1723613496844,30.0142884342232,0.0,0.0,null,,,,,,
2026-04-30T15:37:13-07:00,45,37.42816187697442,-122.1723595936247,30.1387487765749,0.0,0.0,null,,,,,,
2026-04-30T15:37:16-07:00,46,37.42816162026556,-122.1723595498323,30.134182583948,0.0,0.0,null,,,,,,
2026-04-30T15:37:20-07:00,47,37.42816286993777,-122.1723803408541,30.0645738009472,0.0,0.0,null,,,,,,
2026-04-30T15:37:26-07:00,48,37.42813573774922,-122.1723994366601,30.7968086888306,0.0,0.0,null,,,,,,
2026-04-30T15:37:30-07:00,49,37.42813561834828,-122.1723994550846,30.7923702885621,0.0,0.0,null,,,,,,
2026-04-30T15:37:43-07:00,50,37.4280450478002,-122.1723977831008,31.5892204548726,0.0,0.0,null,,,,,,
2026-04-30T15:37:56-07:00,51,37.42811265143549,-122.1726317749218,31.4774595703036,0.0,0.0,null,,,,,,
2026-04-30T15:38:10-07:00,52,37.42823374260676,-122.1728110029761,30.3915360754295,0.0,0.0,null,,,,,,
2026-04-30T15:38:23-07:00,53,37.42817240273379,-122.1728602698531,30.5419273376465,2.8066519703884296e-06,2.8547089627295463e-05,null,,,,,,
2026-04-30T15:38:36-07:00,54,37.4283284559166,-122.1730484478567,32.945125579834,-3.137338573111492e-05,6.758937895767758e-05,indoor,2026-04-30T22:38:53.571652+0000,17.571652,4337d0d458c1,physics,1.0,825
2026-04-30T15:38:50-07:00,55,37.42832130825693,-122.173064321445,32.1805992359296,0.0,0.0,indoor,2026-04-30T22:38:53.571652+0000,3.571652,4337d0d458c1,physics,1.0,825
2026-04-30T15:39:03-07:00,56,37.4282378960834,-122.1728765806028,32.3294944763184,8.156561769823156e-05,-0.000126179560425,indoor,2026-04-30T22:39:02.959983+0000,-0.040017,3a53391eac5f,physics,1.0,833
2026-04-30T15:39:17-07:00,57,37.42820061172172,-122.1727384995614,30.1390584239395,7.395293920353652e-06,2.63661115980085e-05,indoor,2026-04-30T22:39:17.588037+0000,0.588037,714d63377b59,physics,1.0,843
2026-04-30T15:39:30-07:00,58,37.42817774403753,-122.1728169865043,30.9074058532715,0.0,0.0,indoor,2026-04-30T22:39:30.276363+0000,0.276363,1bbb57f2e5ff,physics,1.0,853
2026-04-30T15:39:43-07:00,59,37.42832312865617,-122.1727482930693,30.1177463405411,-6.676878399503039e-05,-6.020162396680462e-05,indoor,2026-04-30T22:39:43.003103+0000,0.003103,5a5cdaf7b0ec,physics,1.0,863
2026-04-30T15:39:57-07:00,60,37.42836156654469,-122.1727475631747,32.2868309020996,8.997636399499243e-06,9.800185637232062e-06,indoor,2026-04-30T22:39:57.614095+0000,0.614095,04fcdd2c2983,physics,1.0,873
2026-04-30T15:40:10-07:00,61,37.42834135409867,-122.1727116359054,32.0065269684419,6.801815957402368e-05,-2.8069592602264493e-05,indoor,2026-04-30T22:40:10.318376+0000,0.318376,3497f437e0a1,physics,1.0,883
2026-04-30T15:40:23-07:00,62,37.42862131530456,-122.1726932522039,30.3971429272248,-0.0001135382000114,5.1187494307214365e-05,indoor,2026-04-30T22:40:22.997408+0000,-0.002592,6dfa8144f027,physics,1.0,893
2026-04-30T15:40:37-07:00,63,37.42865662235378,-122.1724305292539,29.6608614839818,3.5361049413040746e-06,-5.697453799768937e-05,indoor,2026-04-30T22:40:37.653353+0000,0.653353,1de3caf45122,physics,1.0,903
2026-04-30T15:40:50-07:00,64,37.42864532929004,-122.1723773132388,29.6323896827621,-1.125082095398966e-05,6.80560968220334e-05,indoor,2026-04-30T22:40:49.674370+0000,-0.32563,f299930bfb76,physics,1.0,912
2026-04-30T15:41:04-07:00,65,37.42855615030938,-122.1722287940767,29.8318542619599,5.406644860528331e-05,9.846898379350932e-06,indoor,2026-04-30T22:41:03.074990+0000,-0.92501,e9a9af174470,physics,1.0,923
2026-04-30T15:41:17-07:00,66,37.42867829799158,-122.1724574043774,29.8785399263679,-7.471412717308112e-05,1.775850218166397e-05,indoor,2026-04-30T22:41:17.695445+0000,0.695445,9ff5103935b0,physics,1.0,933
2026-04-30T15:41:30-07:00,67,37.42867863949458,-122.1725545948653,29.8549343537956,2.7543491405879195e-05,-3.436354748487247e-05,indoor,2026-04-30T22:41:29.708758+0000,-0.291242,8bca1d8277e6,physics,1.0,942
2026-04-30T15:41:44-07:00,68,37.42872764118113,-122.1727366278341,29.9281008987681,0.0,0.0,indoor,2026-04-30T22:41:43.093220+0000,-0.90678,a3928263e497,physics,1.0,953
2026-04-30T15:41:57-07:00,69,37.42867557459117,-122.1728350161443,29.7141230501307,4.5190306764197885e-05,1.8061237057054313e-05,indoor,2026-04-30T22:41:57.744370+0000,0.74437,2926ef4d4e34,physics,1.0,963
2026-04-30T15:42:11-07:00,70,37.42872217803192,-122.1727938488552,31.0719820037484,-4.656927617219253e-05,2.565590764902481e-05,indoor,2026-04-30T22:42:11.118772+0000,0.118772,ecb555aaa6ca,physics,1.0,974
2026-04-30T15:42:24-07:00,71,37.4286514056144,-122.1726733622968,29.8246309903108,5.055444688650823e-05,-2.0769341105619787e-05,indoor,2026-04-30T22:42:23.162366+0000,-0.837634,ec58fcef7638,physics,1.0,983
2026-04-30T15:42:38-07:00,72,37.42858833818416,-122.1726846075746,30.1200033568783,0.0,0.0,indoor,2026-04-30T22:42:27.196962+0000,-10.803038,6836faff647e,physics,1.0,986
2026-04-30T15:42:51-07:00,73,37.4286289489566,-122.1726613099446,30.2699008466842,0.0,0.0,indoor,2026-04-30T22:43:13.570927+0000,22.570927,7d715efc3046,physics,1.0,987
2026-04-30T15:43:05-07:00,74,37.42860054480107,-122.1726315240428,30.4461299272173,0.0,0.0,indoor,2026-04-30T22:43:13.570927+0000,8.570927,7d715efc3046,physics,1.0,987
2026-04-30T15:43:18-07:00,75,37.42863063407087,-122.1726217170267,30.4923293426731,0.0,0.0,indoor,2026-04-30T22:43:18.271544+0000,0.271544,0d46469903e4,physics,1.0,991
2026-04-30T15:43:31-07:00,76,37.4284898792855,-122.1727171030716,30.6320742572693,0.0,0.0,indoor,2026-04-30T22:43:30.967025+0000,-0.032975,5fa09c613b3a,physics,1.0,1001
2026-04-30T15:43:45-07:00,77,37.42858334605248,-122.1727704736488,30.7031767952421,-5.821924396798295e-06,-6.433318679910371e-05,indoor,2026-04-30T22:43:45.593772+0000,0.593772,7cb44b8db652,physics,1.0,1011
2026-04-30T15:43:58-07:00,78,37.42855790864261,-122.1727309632298,30.4416725225747,1.2086290666957211e-05,1.458352399197338e-05,indoor,2026-04-30T22:43:58.274566+0000,0.274566,224faa5e9f4e,physics,1.0,1021
2026-04-30T15:44:11-07:00,79,37.42856192263775,-122.1727139917876,30.5528030901423,-1.555326065982854e-05,4.482260760596546e-05,indoor,2026-04-30T22:44:11.000734+0000,0.000734,e84e60a16833,physics,1.0,1031
2026-04-30T15:44:25-07:00,80,37.42851757790501,-122.1725405192471,30.5361377752475,1.4087478028557143e-05,-2.8256490821831903e-05,indoor,2026-04-30T22:44:25.637653+0000,0.637653,2c80e970e807,physics,1.0,1041
2026-04-30T15:44:38-07:00,81,37.42844298772388,-122.1724500900655,25.9721566147074,4.5915690527920106e-05,1.6083255317766998e-05,indoor,2026-04-30T22:44:38.320458+0000,0.320458,08d69026f91b,physics,1.0,1051
2026-04-30T15:44:52-07:00,82,37.42846428359489,-122.1722023430403,30.3482046807039,-6.973061429249583e-05,-4.70602927435948e-05,indoor,2026-04-30T22:44:51.040541+0000,-0.959459,ab40225f5884,physics,1.0,1061
2026-04-30T15:45:05-07:00,83,37.42846257865057,-122.1723037835107,30.5237084244225,2.674561857674007e-05,5.241732196736848e-06,indoor,2026-04-30T22:45:05.674989+0000,0.674989,ff339c21f284,physics,1.0,1071
2026-04-30T15:45:19-07:00,84,37.42852389070501,-122.1725715914357,30.5388665115287,-2.0168430857836483e-05,0.0001193351745456,indoor,2026-04-30T22:45:19.066226+0000,0.066226,6b0a343ad6a3,physics,1.0,1082
2026-04-30T15:45:32-07:00,85,37.42850162784726,-122.172731666261,30.4067465651406,3.1158464942393493e-05,-4.568561358553325e-05,indoor,2026-04-30T22:45:31.074655+0000,-0.925345,fce67f1e5028,physics,1.0,1091
2026-04-30T15:45:45-07:00,86,37.42853118521948,-122.1726605754674,30.1934474052327,-4.926352558953795e-05,-9.712469169187445e-05,indoor,2026-04-30T22:45:45.699441+0000,0.699441,f9d63a02d28d,physics,1.0,1101
2026-04-30T15:45:59-07:00,87,37.42836129248272,-122.1726524569628,32.5483728349209,1.2486011051748848e-05,-5.7276225248870105e-05,indoor,2026-04-30T22:45:59.102529+0000,0.102529,d4a53eb6a537,physics,1.0,1112
2026-04-30T15:46:12-07:00,88,37.42845168340725,-122.1726212931072,31.088741324842,1.2581334210892692e-05,-2.4164260707948415e-06,indoor,2026-04-30T22:46:11.114094+0000,-0.885906,d5d1d68fb724,physics,1.0,1121
2026-04-30T15:46:26-07:00,89,37.42819638385402,-122.1727679963699,30.1316875568939,-1.3643178505162725e-05,9.791731987718322e-05,indoor,2026-04-30T22:46:25.747733+0000,-0.252267,2a9637ee5903,physics,1.0,1131
2026-04-30T15:46:39-07:00,90,37.42783391662987,-122.1728950019016,31.5056276535615,0.0002385234575257,0.0001092963579338,outdoor,2026-04-30T22:46:42.460332+0000,3.460332,01ce69283140,physics,1.0,1137
2026-04-30T15:46:42-07:00,91,37.42792558864451,-122.1728933133357,31.217829072848,-0.0001997431621418,2.587698564582297e-05,outdoor,2026-04-30T22:46:42.460332+0000,0.460332,01ce69283140,physics,1.0,1137
2026-04-30T15:46:46-07:00,92,37.42793865396915,-122.1728892250976,31.29585336335,0.0,0.0,outdoor,2026-04-30T22:46:46.446082+0000,0.446082,c857400733f9,physics,1.0,1140
2026-04-30T15:46:49-07:00,93,37.42796377698665,-122.1728778956388,31.326065832749,0.0,0.0,outdoor,2026-04-30T22:46:47.844335+0000,-1.155665,c857400733f9,physics,1.0,1142
2026-04-30T15:46:53-07:00,94,37.42797242219816,-122.1728806642277,31.9736543307081,0.0,0.0,outdoor,2026-04-30T22:46:51.870110+0000,-1.12989,b8a01c2a1e1b,physics,1.0,1145
2026-04-30T15:46:56-07:00,95,37.42796891629028,-122.1728561284395,31.9233966730535,0.0,0.0,outdoor,2026-04-30T22:46:55.853266+0000,-0.146734,2679d87d1c9b,physics,1.0,1148
2026-04-30T15:46:59-07:00,96,37.42796964812342,-122.172791936265,32.2197050508112,-2.3219304580379685e-05,-5.901103968142252e-05,outdoor,2026-04-30T22:46:59.308988+0000,0.308988,298b4549be8c,physics,1.0,1150
2026-04-30T15:47:03-07:00,97,37.42796776595173,-122.172747684822,31.8413840541616,0.0,0.0,outdoor,2026-04-30T22:47:03.170195+0000,0.170195,c1430906ae29,physics,1.0,1153
2026-04-30T15:47:08-07:00,98,37.42795415923506,-122.1727073653589,31.311716068536,0.0,0.0,outdoor,2026-04-30T22:47:07.835839+0000,-0.164161,c77c7e29012f,physics,1.0,1157
2026-04-30T15:47:11-07:00,99,37.42794667617615,-122.172667143651,30.8737551625818,0.0,0.0,outdoor,2026-04-30T22:47:11.153699+0000,0.153699,6030c100fd40,physics,1.0,1159
2026-04-30T15:47:14-07:00,100,37.42794602334752,-122.172625555459,30.7839390384033,0.0,0.0,outdoor,2026-04-30T22:47:14.464808+0000,0.464808,5bd28f31fc52,physics,1.0,1161
2026-04-30T15:47:18-07:00,101,37.42795693364103,-122.1725923444905,31.4759184783325,0.0,0.0,outdoor,2026-04-30T22:47:18.485475+0000,0.485475,121dbf36bcda,physics,1.0,1164
2026-04-30T15:47:21-07:00,102,37.42795540974524,-122.1725541583302,31.0937427664176,0.0,0.0,outdoor,2026-04-30T22:47:19.927206+0000,-1.072794,121dbf36bcda,physics,1.0,1166
2026-04-30T15:47:25-07:00,103,37.42796434174367,-122.172500595178,31.403293848969,0.0,0.0,outdoor,2026-04-30T22:47:24.077950+0000,-0.92205,a4da95ae3eab,physics,1.0,1169
2026-04-30T15:47:28-07:00,104,37.42795168853839,-122.1724726501306,30.9176744520664,0.0,0.0,outdoor,2026-04-30T22:47:27.897984+0000,-0.102016,18725edd9c5a,physics,1.0,1172
2026-04-30T15:47:31-07:00,105,37.42794356497485,-122.1724446988286,30.5885519031435,0.0,0.0,outdoor,2026-04-30T22:47:31.164368+0000,0.164368,a68659682efb,physics,1.0,1174
2026-04-30T15:47:35-07:00,106,37.42792683465692,-122.1724033376797,30.5350755201653,0.0,0.0,outdoor,2026-04-30T22:47:35.174298+0000,0.174298,b181b6336bad,physics,1.0,1177
2026-04-30T15:47:38-07:00,107,37.42791017147097,-122.1723778899115,30.1567392461002,0.0,0.0,outdoor,2026-04-30T22:47:38.488230+0000,0.48823,a51f6ed4f3b2,physics,1.0,1179
2026-04-30T15:47:42-07:00,108,37.42788209328516,-122.1723512826574,29.4853855157271,0.0,0.0,outdoor,2026-04-30T22:47:42.490623+0000,0.490623,8bde2a28da30,physics,1.0,1182
2026-04-30T15:47:45-07:00,109,37.42785901004377,-122.1723460897618,29.5493315467611,0.0,0.0,outdoor,2026-04-30T22:47:43.894586+0000,-1.105414,8bde2a28da30,physics,1.0,1184
2026-04-30T15:47:48-07:00,110,37.427834238858,-122.1723489756625,29.6539374468848,0.0,0.0,outdoor,2026-04-30T22:47:47.876916+0000,-0.123084,ab28004e8dc2,physics,1.0,1187
2026-04-30T15:47:52-07:00,111,37.4277993985034,-122.172341634486,29.3510850053281,0.0,0.0,outdoor,2026-04-30T22:47:51.879337+0000,-0.120663,5c8b75d89409,physics,1.0,1190
2026-04-30T15:47:55-07:00,112,37.42778225108576,-122.1723564380159,29.2480597998947,0.0,0.0,outdoor,2026-04-30T22:47:55.172308+0000,0.172308,74a6e0560f56,physics,1.0,1192
2026-04-30T15:47:59-07:00,113,37.42774853799325,-122.1723729157748,29.2385927522555,0.0,0.0,outdoor,2026-04-30T22:47:59.190272+0000,0.190272,b05f8d1eb521,physics,1.0,1195
2026-04-30T15:48:02-07:00,114,37.42772702654989,-122.1723825825332,29.2348715569824,0.0,0.0,outdoor,2026-04-30T22:48:02.510992+0000,0.510992,e39aab0f46ba,physics,1.0,1197
2026-04-30T15:48:05-07:00,115,37.42770040523921,-122.1723857884625,29.2206041496247,0.0,0.0,outdoor,2026-04-30T22:48:03.903891+0000,-1.096109,e39aab0f46ba,physics,1.0,1199
2026-04-30T15:48:09-07:00,116,37.42767065861067,-122.1723910052158,29.3239041576162,0.0,0.0,outdoor,2026-04-30T22:48:07.910151+0000,-1.089849,703063d3b5c4,physics,1.0,1202
2026-04-30T15:48:12-07:00,117,37.42764195314821,-122.1724016341251,28.6515534324572,0.0,0.0,outdoor,2026-04-30T22:48:11.916555+0000,-0.083445,3749ae33bfff,physics,1.0,1205
2026-04-30T15:48:16-07:00,118,37.42761195801999,-122.1724209141421,28.6688860319555,0.0,0.0,outdoor,2026-04-30T22:48:15.944440+0000,-0.05556,999282b98bff,physics,1.0,1208
2026-04-30T15:48:19-07:00,119,37.42758390854407,-122.1724221335583,28.3749493984506,0.0,0.0,outdoor,2026-04-30T22:48:19.223433+0000,0.223433,eabc7c87b361,physics,1.0,1210
2026-04-30T15:48:22-07:00,120,37.42755519656692,-122.1724280785916,28.1536911167204,0.0,0.0,outdoor,2026-04-30T22:48:22.528904+0000,0.528904,be489b5df65f,physics,1.0,1212
2026-04-30T15:48:26-07:00,121,37.42752211053992,-122.172446630545,28.2580812145025,0.0,0.0,outdoor,2026-04-30T22:48:26.535288+0000,0.535288,b8047bf44e17,physics,1.0,1215
2026-04-30T15:48:29-07:00,122,37.42751110874003,-122.1724624876911,28.4834692096338,0.0,0.0,outdoor,2026-04-30T22:48:27.924123+0000,-1.075877,b8047bf44e17,physics,1.0,1217
2026-04-30T15:48:33-07:00,123,37.42753071739499,-122.1724945086259,28.1625366350636,2.892331640680368e-05,-2.719461724609573e-05,outdoor,2026-04-30T22:48:31.923600+0000,-1.0764,1d6969406c64,physics,1.0,1220
2026-04-30T15:48:36-07:00,124,37.42754536714057,-122.1725063699661,28.3473563240841,0.0,0.0,outdoor,2026-04-30T22:48:35.921490+0000,-0.07851,321d54799f95,physics,1.0,1223
2026-04-30T15:48:40-07:00,125,37.42755857498256,-122.1725208602827,28.6411426393315,0.0,0.0,outdoor,2026-04-30T22:48:39.934793+0000,-0.065207,559dabb99d4b,physics,1.0,1226
2026-04-30T15:48:43-07:00,126,37.42757216171293,-122.1725461857933,28.6513385791332,0.0,0.0,outdoor,2026-04-30T22:48:43.232543+0000,0.232543,02d4f9939b2d,physics,1.0,1228
2026-04-30T15:48:46-07:00,127,37.42757763621687,-122.1725719526149,28.9040602874011,0.0,0.0,outdoor,2026-04-30T22:48:46.552245+0000,0.552245,25a47ec37f1d,physics,1.0,1230
2026-04-30T15:48:50-07:00,128,37.42759344118294,-122.1726146309308,28.6303512649611,0.0,0.0,outdoor,2026-04-30T22:48:50.550538+0000,0.550538,66985ae7f65d,physics,1.0,1233
2026-04-30T15:48:53-07:00,129,37.42760487938094,-122.1726378835601,28.6554301064461,0.0,0.0,outdoor,2026-04-30T22:48:51.944745+0000,-1.055255,66985ae7f65d,physics,1.0,1235
2026-04-30T15:48:57-07:00,130,37.42760822460333,-122.1726529593937,28.6804604809731,0.0,0.0,outdoor,2026-04-30T22:48:56.006460+0000,-0.99354,f942527b042e,physics,1.0,1238
2026-04-30T15:49:00-07:00,131,37.42760985443615,-122.1726934767131,28.8158253561705,0.0,0.0,outdoor,2026-04-30T22:48:59.897554+0000,-0.102446,9b308792a11d,physics,1.0,1241
2026-04-30T15:49:03-07:00,132,37.42760870363303,-122.1727306841933,28.9101698640734,0.0,0.0,outdoor,2026-04-30T22:49:03.288957+0000,0.288957,25190e0f731d,physics,1.0,1243
2026-04-30T15:49:07-07:00,133,37.42761572177957,-122.1727646864747,29.1009011408314,0.0,0.0,outdoor,2026-04-30T22:49:07.230787+0000,0.230787,8d3c1fe359da,physics,1.0,1246
2026-04-30T15:49:10-07:00,134,37.42761217756068,-122.1728030063462,29.2054208572954,3.1308827736609146e-05,-2.1867109722961686e-06,outdoor,2026-04-30T22:49:10.594554+0000,0.594554,198633088e14,physics,1.0,1248
2026-04-30T15:49:14-07:00,135,37.42758557071075,-122.1728463497968,29.4340510200709,0.0,0.0,outdoor,2026-04-30T22:49:14.587801+0000,0.587801,6ad4b0971b5d,physics,1.0,1251
2026-04-30T15:49:17-07:00,136,37.4275818665827,-122.17286805663,29.5325314560905,0.0,0.0,outdoor,2026-04-30T22:49:15.954763+0000,-1.045237,6ad4b0971b5d,physics,1.0,1253
2026-04-30T15:49:20-07:00,137,37.4275943463984,-122.1729194699095,29.6199340140447,0.0,0.0,outdoor,2026-04-30T22:49:19.968594+0000,-0.031406,a126b4158314,physics,1.0,1256
2026-04-30T15:49:24-07:00,138,37.42759373883607,-122.1729317823038,29.9300772845745,0.0,0.0,outdoor,2026-04-30T22:49:23.959801+0000,-0.040199,3497c97cb49f,physics,1.0,1259
2026-04-30T15:49:27-07:00,139,37.42759154212896,-122.1729452156928,30.0276222126558,0.0,0.0,outdoor,2026-04-30T22:49:27.260059+0000,0.260059,1d96479cd290,physics,1.0,1261
2026-04-30T15:49:33-07:00,140,37.42760065147618,-122.1730240840129,30.1334059610963,1.3039378039536588e-05,2.2568463862171484e-06,outdoor,2026-04-30T22:49:32.043810+0000,-0.95619,7b3b6e3721b7,physics,1.0,1265
2026-04-30T15:49:36-07:00,141,37.42771251715794,-122.1730596524506,30.4433567021042,-7.611538402585438e-05,-3.272482855720682e-05,outdoor,2026-04-30T22:49:35.992808+0000,-0.007192,8b4c283f33ed,physics,1.0,1268
2026-04-30T15:49:39-07:00,142,37.42764841087413,-122.1731264948055,30.665191097185,5.592570404644448e-05,1.4194680446166784e-05,outdoor,2026-04-30T22:49:39.285690+0000,0.28569,7cdab8f1b481,physics,1.0,1270
2026-04-30T15:49:43-07:00,143,37.42765897698096,-122.1731871712079,30.5171856014058,0.0,0.0,outdoor,2026-04-30T22:49:42.625254+0000,-0.374746,6c56de49f4a7,physics,1.0,1272
2026-04-30T15:49:46-07:00,144,37.42768692961373,-122.1732480365822,30.4796540774405,0.0,0.0,outdoor,2026-04-30T22:49:46.598839+0000,0.598839,32d397269ccb,physics,1.0,1275
2026-04-30T15:49:50-07:00,145,37.42774184126277,-122.1732586819954,30.9784247400239,0.0,0.0,outdoor,2026-04-30T22:49:50.610671+0000,0.610671,b28760d2450b,physics,1.0,1278
2026-04-30T15:49:53-07:00,146,37.42777706881937,-122.1732808424523,31.6472021257505,0.0,0.0,outdoor,2026-04-30T22:49:51.961814+0000,-1.038186,b28760d2450b,physics,1.0,1280
2026-04-30T15:49:57-07:00,147,37.4278188849318,-122.1732578469639,31.949804995209,0.0,0.0,outdoor,2026-04-30T22:49:55.979904+0000,-1.020096,739c40069454,physics,1.0,1283
2026-04-30T15:50:00-07:00,148,37.42786392962228,-122.1732452242937,32.4229478407651,0.0,0.0,outdoor,2026-04-30T22:50:00.158265+0000,0.158265,793e88fcfe14,physics,1.0,1285
2026-04-30T15:50:03-07:00,149,37.42788855745954,-122.1732323946697,32.5172219360247,0.0,0.0,outdoor,2026-04-30T22:50:02.865015+0000,-0.134985,8c45b8329458,physics,1.0,1287
2026-04-30T15:50:07-07:00,150,37.42792623104437,-122.1732116015491,32.7124864012003,0.0,0.0,outdoor,2026-04-30T22:50:06.662309+0000,-0.337691,c54a69f49e82,physics,1.0,1290
2026-04-30T15:50:10-07:00,151,37.42794689555726,-122.1732027380476,32.6206311369315,0.0,0.0,outdoor,2026-04-30T22:50:10.658439+0000,0.658439,1f1be8a32c8f,physics,1.0,1293
2026-04-30T15:50:14-07:00,152,37.42799281275185,-122.1731863144377,32.7474508434534,0.0,0.0,outdoor,2026-04-30T22:50:14.667168+0000,0.667168,8edc9170332f,physics,1.0,1296
2026-04-30T15:50:17-07:00,153,37.42802291590571,-122.1731795654081,33.0106649110094,-5.851927194555629e-05,1.3299390701604352e-05,outdoor,2026-04-30T22:50:16.097706+0000,-0.902294,8edc9170332f,physics,1.0,1298
2026-04-30T15:50:20-07:00,154,37.42804771470097,-122.1731450563129,32.9542071195319,0.0,0.0,outdoor,2026-04-30T22:50:20.091379+0000,0.091379,7f56c454548a,physics,1.0,1301
2026-04-30T15:50:24-07:00,155,37.42804262890713,-122.1730986514401,33.2409395491704,0.0,0.0,outdoor,2026-04-30T22:50:24.114156+0000,0.114156,e3432afb8f9b,physics,1.0,1304
2026-04-30T15:50:27-07:00,156,37.42804240483101,-122.1730751912046,33.5223906096071,0.0,0.0,outdoor,2026-04-30T22:50:26.670441+0000,-0.329559,bb7a1016913f,physics,1.0,1305
2026-04-30T15:50:31-07:00,157,37.42804195325304,-122.1730316641475,33.6857212977484,0.0,0.0,outdoor,2026-04-30T22:50:30.655333+0000,-0.344667,75a9912a732b,physics,1.0,1308
2026-04-30T15:50:34-07:00,158,37.42803382494643,-122.1729961821509,33.3293888438493,0.0,0.0,outdoor,2026-04-30T22:50:34.683092+0000,0.683092,751beb9b9cab,physics,1.0,1311
2026-04-30T15:50:38-07:00,159,37.42803704365081,-122.1729668937047,33.3656474817544,0.0,0.0,outdoor,2026-04-30T22:50:38.677265+0000,0.677265,6fdff996a887,physics,1.0,1314
2026-04-30T15:50:41-07:00,160,37.42803687585643,-122.1729242019042,33.4971806490794,0.0,0.0,outdoor,2026-04-30T22:50:40.105101+0000,-0.894899,6fdff996a887,physics,1.0,1316
2026-04-30T15:50:44-07:00,161,37.42802629858323,-122.1728988438996,33.4727126061916,-1.2146609904561956e-05,3.4886959468849454e-05,outdoor,2026-04-30T22:50:44.095952+0000,0.095952,2fcb69df0135,physics,1.0,1319
2026-04-30T15:50:48-07:00,162,37.42800439686622,-122.1728938317432,33.5479789916426,0.0,0.0,outdoor,2026-04-30T22:50:48.110631+0000,0.110631,366ff12c4b62,physics,1.0,1322
2026-04-30T15:50:51-07:00,163,37.42799201288104,-122.1728977675546,33.5838219486177,0.0,0.0,outdoor,2026-04-30T22:50:50.692776+0000,-0.307224,490eaf753611,physics,1.0,1323
2026-04-30T15:50:55-07:00,164,37.42797753727852,-122.1728930002451,32.9881045911461,0.0,0.0,outdoor,2026-04-30T22:50:52.120777+0000,-2.879223,490eaf753611,physics,1.0,1325
2026-04-30T15:50:58-07:00,165,37.42797838733851,-122.172893085501,32.9989057099447,0.0,0.0,outdoor,2026-04-30T22:50:52.120777+0000,-5.879223,490eaf753611,physics,1.0,1325
2026-04-30T15:51:01-07:00,166,37.42801901178561,-122.1728786283654,32.4439719794318,0.0,0.0,outdoor,2026-04-30T22:50:52.120777+0000,-8.879223,490eaf753611,physics,1.0,1325
2026-04-30T15:51:05-07:00,167,37.42809270795178,-122.1728751880087,32.2618978740647,-2.7003394201585703e-05,-1.7714119721290444e-05,outdoor,2026-04-30T22:50:52.120777+0000,-12.879223,490eaf753611,physics,1.0,1325
2026-04-30T15:51:18-07:00,168,37.42814733785961,-122.1729242105832,32.8392450753599,0.0,0.0,outdoor,2026-04-30T22:50:52.120777+0000,-25.879223,490eaf753611,physics,1.0,1325
2026-04-30T15:51:32-07:00,169,37.42816676470331,-122.1730984033757,33.7988953441381,0.0,0.0,null,,,,,,
2026-04-30T15:51:42-07:00,170,37.42801878238598,-122.1731920228804,32.7132167359814,0.0,0.0,null,,,,,,
2026-04-30T15:51:45-07:00,171,37.42797853145111,-122.1731992378895,32.9966364530846,0.0,0.0,null,,,,,,
2026-04-30T15:51:48-07:00,172,37.42794382225367,-122.1732081537553,32.4894323674962,2.708609677881668e-05,-1.8340832923513517e-06,null,,,,,,
2026-04-30T15:51:52-07:00,173,37.42791459880491,-122.1731967253227,32.4633201528341,0.0,0.0,null,,,,,,
2026-04-30T15:51:55-07:00,174,37.42789112497532,-122.1731699897445,32.4793664719909,0.0,0.0,null,,,,,,
2026-04-30T15:51:59-07:00,175,37.42789718034947,-122.1731719154386,31.8172753741965,0.0,0.0,null,,,,,,
2026-04-30T15:52:02-07:00,176,37.42788946287428,-122.1731719447756,31.8786621475592,0.0,0.0,null,,,,,,
2026-04-30T15:52:06-07:00,177,37.42789262199464,-122.1731969089559,31.3571098232642,0.0,0.0,null,,,,,,
2026-04-30T15:52:09-07:00,178,37.42788634214835,-122.1732240233063,32.2377234529704,0.0,0.0,null,,,,,,
2026-04-30T15:52:12-07:00,179,37.42784142260023,-122.1732303412097,31.8935691341758,0.0,0.0,null,,,,,,
2026-04-30T15:52:16-07:00,180,37.42780571207857,-122.1732523288125,31.2625701054931,0.0,0.0,null,,,,,,
2026-04-30T15:52:19-07:00,181,37.42780063042373,-122.1732288457069,31.6282415147871,0.0,0.0,null,,,,,,
2026-04-30T15:52:23-07:00,182,37.42780099883016,-122.1731974564206,31.7612509988248,0.0,0.0,null,,,,,,
2026-04-30T15:52:26-07:00,183,37.42779599208015,-122.1731990496836,31.5660531669855,0.0,0.0,null,,,,,,
2026-04-30T15:52:29-07:00,184,37.42777675208772,-122.1731973810482,31.3897780356929,0.0,0.0,null,,,,,,
2026-04-30T15:52:33-07:00,185,37.42773602854204,-122.1731502699522,31.0903812143952,0.0,0.0,null,,,,,,
2026-04-30T15:52:36-07:00,186,37.42770537795837,-122.1731296241193,30.9564685449004,2.416126965698595e-05,-4.6419340264947095e-06,null,,,,,,
2026-04-30T15:52:40-07:00,187,37.42762201646487,-122.1731212029345,30.9097494808957,5.332615023689869e-05,1.6634969782103326e-05,null,,,,,,
2026-04-30T15:52:43-07:00,188,37.42756976757532,-122.1731164167242,30.7287823129445,3.47092057069176e-05,1.8994474487499247e-05,null,,,,,,
2026-04-30T15:52:47-07:00,189,37.42754817749971,-122.1730648774631,30.6018799152225,0.0,0.0,null,,,,,,
2026-04-30T15:52:50-07:00,190,37.42756834001927,-122.1729956719801,30.3876436445862,-2.0018528651633005e-05,-2.7582945733684028e-05,null,,,,,,
2026-04-30T15:52:53-07:00,191,37.42756111295935,-122.1729533581561,30.1647761594504,0.0,0.0,null,,,,,,
2026-04-30T15:52:57-07:00,192,37.42755903014425,-122.1728864680611,30.0379191171378,0.0,0.0,null,,,,,,
2026-04-30T15:53:00-07:00,193,37.4275836613831,-122.1728795497471,29.8758665639907,0.0,0.0,null,,,,,,
2026-04-30T15:53:04-07:00,194,37.42758434360024,-122.1728270913682,29.9567069746554,-2.9737947201624593e-05,3.4019154497855197e-06,null,,,,,,
2026-04-30T15:53:07-07:00,195,37.42758370854482,-122.1727988469851,30.0645011048764,0.0,0.0,null,,,,,,
2026-04-30T15:53:10-07:00,196,37.42758340695771,-122.1727639984455,29.8150403592736,0.0,0.0,null,,,,,,
2026-04-30T15:53:14-07:00,197,37.42758292230559,-122.1727157324054,29.613101570867,0.0,0.0,null,,,,,,
2026-04-30T15:53:17-07:00,198,37.42759149085401,-122.1727071559448,29.4415588602424,0.0,0.0,null,,,,,,
2026-04-30T15:53:21-07:00,199,37.42758581877989,-122.1726708736783,29.309383591637,0.0,0.0,null,,,,,,
2026-04-30T15:53:24-07:00,200,37.42758589540851,-122.1726500907871,29.1052401820198,0.0,0.0,null,,,,,,
2026-04-30T15:53:28-07:00,201,37.42758589540851,-122.1726500907871,29.1052401820198,0.0,0.0,null,,,,,,
2026-04-30T15:53:31-07:00,202,37.42755223635763,-122.1726809141259,28.6296208584681,0.0,0.0,null,,,,,,
2026-04-30T15:53:34-07:00,203,37.42755104417906,-122.1726603498275,28.3670953800902,0.0,0.0,null,,,,,,
2026-04-30T15:53:38-07:00,204,37.42755006287011,-122.1726030282223,28.3920551566407,0.0,0.0,null,,,,,,
2026-04-30T15:53:41-07:00,205,37.42753713050218,-122.1725683166498,28.1819009119645,-5.353475138036856e-05,2.502437141060909e-06,null,,,,,,
2026-04-30T15:53:45-07:00,206,37.42752722811,-122.1725223708229,28.2422830145806,0.0,0.0,null,,,,,,
2026-04-30T15:53:48-07:00,207,37.42750459732031,-122.1725202857197,27.5674935216084,0.0,0.0,null,,,,,,
2026-04-30T15:53:51-07:00,208,37.42747600804671,-122.1725270317558,27.6451240191236,0.0,0.0,null,,,,,,
2026-04-30T15:53:55-07:00,209,37.42747740189981,-122.1725320075905,27.7742700083181,0.0,0.0,null,,,,,,
2026-04-30T15:53:58-07:00,210,37.42745320498734,-122.1725415497046,27.8049788875505,0.0,0.0,null,,,,,,
2026-04-30T15:54:02-07:00,211,37.42743809162251,-122.1725672212633,27.9562267968431,0.0,0.0,null,,,,,,
2026-04-30T15:54:05-07:00,212,37.42743469905805,-122.1725864768737,28.2843520063907,0.0,0.0,null,,,,,,
2026-04-30T15:54:08-07:00,213,37.42742895891699,-122.1725774683653,28.0473268013448,0.0,0.0,null,,,,,,
2026-04-30T15:54:12-07:00,214,37.42743487966912,-122.1726024560246,28.1695956774056,0.0,0.0,null,,,,,,
2026-04-30T15:54:25-07:00,215,37.42742829493951,-122.1725719236975,30.2305870298296,0.0,0.0,null,,,,,,
2026-04-30T15:54:39-07:00,216,37.42756963543756,-122.1727688323023,27.2968606366493,0.0,0.0,null,,,,,,
2026-04-30T15:54:52-07:00,217,37.42761077403937,-122.1728215379097,28.9219776494909,0.0,0.0,null,,,,,,
2026-04-30T15:55:05-07:00,218,37.42752248655756,-122.1729619887066,29.7709883965552,7.152942629318204e-06,-1.97563336996609e-05,null,,,,,,
2026-04-30T15:55:19-07:00,219,37.42759424785872,-122.1730312098081,30.1040117265372,0.0,0.0,null,,,,,,
2026-04-30T15:55:32-07:00,220,37.42756585041433,-122.1728439942552,29.9588717599479,0.0,0.0,null,,,,,,
2026-04-30T15:55:46-07:00,221,37.42757256544773,-122.1730222624492,28.8463868754013,0.0,0.0,null,,,,,,
2026-04-30T15:55:59-07:00,222,37.4274573099055,-122.1730558263344,29.2759411782026,0.0,0.0,null,,,,,,
2026-04-30T15:56:13-07:00,223,37.42727433772468,-122.1729805785025,28.4709413823197,0.0,0.0,null,,,,,,
2026-04-30T15:56:26-07:00,224,37.4274129656271,-122.1727878152677,31.4862744924016,0.0,0.0,null,,,,,,
2026-04-30T15:56:40-07:00,225,37.42740967840489,-122.1727397204522,33.3343808551802,0.0,0.0,null,,,,,,
2026-04-30T15:56:53-07:00,226,37.42741500236858,-122.1727009095219,33.2420632685543,0.0,0.0,null,,,,,,
2026-04-30T15:57:06-07:00,227,37.42740262235583,-122.1727234934414,32.9550089751002,0.0,0.0,null,,,,,,
2026-04-30T15:57:20-07:00,228,37.42741984301518,-122.1725125055403,33.56758415699,0.0,0.0,null,,,,,,
2026-04-30T15:57:33-07:00,229,37.42744415793591,-122.1724774054078,33.8367007573091,0.0,0.0,null,,,,,,
2026-04-30T15:57:39-07:00,230,37.42739587432702,-122.1725231226778,28.4874910367653,0.0,0.0,null,,,,,,
2026-04-30T15:57:42-07:00,231,37.4273876528131,-122.1725140867142,28.596388480626,0.0,0.0,null,,,,,,
2026-04-30T15:57:45-07:00,232,37.42739223041978,-122.1725035028406,28.4653684590012,0.0,0.0,null,,,,,,
2026-04-30T15:57:49-07:00,233,37.4273878657713,-122.172489378818,28.2729942286387,0.0,0.0,null,,,,,,
2026-04-30T15:57:52-07:00,234,37.42738714575488,-122.1724924183974,27.9814325841144,0.0,0.0,null,,,,,,
2026-04-30T15:57:56-07:00,235,37.4273969812886,-122.1724974269263,28.1228736396879,0.0,0.0,null,,,,,,
2026-04-30T15:57:59-07:00,236,37.4273969812886,-122.1724974269263,28.1228736396879,0.0,0.0,null,,,,,,
2026-04-30T15:58:03-07:00,237,37.4273969812886,-122.1724974269263,28.1228736396879,0.0,0.0,null,,,,,,
2026-04-30T15:58:06-07:00,238,37.42739157966935,-122.1725074065149,27.7631385354325,0.0,0.0,null,,,,,,
2026-04-30T15:58:09-07:00,239,37.42739157966935,-122.1725074065149,27.7631385354325,0.0,0.0,null,,,,,,
2026-04-30T15:58:13-07:00,240,37.42739745806658,-122.1725003058237,27.7957765460014,0.0,0.0,null,,,,,,
2026-04-30T15:58:16-07:00,241,37.42739745806658,-122.1725003058237,27.7957765460014,0.0,0.0,null,,,,,,
2026-04-30T15:58:20-07:00,242,37.42739745806658,-122.1725003058237,27.7957765460014,0.0,0.0,null,,,,,,
2026-04-30T15:58:23-07:00,243,37.42739745806658,-122.1725003058237,27.7957765460014,0.0,0.0,null,,,,,,
2026-04-30T15:58:26-07:00,244,37.42739745806658,-122.1725003058237,27.7957765460014,0.0,0.0,null,,,,,,
2026-04-30T15:58:30-07:00,245,37.42739745806658,-122.1725003058237,27.7957765460014,0.0,0.0,null,,,,,,
2026-04-30T15:58:33-07:00,246,37.42739745806658,-122.1725003058237,27.7957765460014,0.0,0.0,null,,,,,,
2026-04-30T15:58:37-07:00,247,37.42739745806658,-122.1725003058237,27.7957765460014,0.0,0.0,null,,,,,,
2026-04-30T15:58:50-07:00,248,37.42739745806658,-122.1725003058237,27.7957765460014,0.0,0.0,null,,,,,,
2026-04-30T15:58:53-07:00,249,37.42739745806658,-122.1725003058237,27.7957765460014,0.0,0.0,null,,,,,,
2026-04-30T15:59:05-07:00,250,37.42739745806658,-122.1725003058237,27.7957765460014,0.0,0.0,null,,,,,,
2026-04-30T15:59:11-07:00,251,37.42739745806658,-122.1725003058237,27.7957765460014,0.0,0.0,null,,,,,,
2026-04-30T15:59:17-07:00,252,37.42737429546646,-122.1725090268542,27.436126881279,0.0,0.0,null,,,,,,
2026-04-30T15:59:30-07:00,253,37.42737202957763,-122.1725075180058,27.4728255541995,0.0,0.0,null,,,,,,
2026-04-30T15:59:43-07:00,254,37.42737202957763,-122.1725075180058,27.4728255541995,0.0,0.0,null,,,,,,
2026-04-30T15:59:57-07:00,255,37.42737202957763,-122.1725075180058,27.4728255541995,0.0,0.0,null,,,,,,
2026-04-30T16:00:10-07:00,256,37.42737202957763,-122.1725075180058,27.4728255541995,0.0,0.0,null,,,,,,
2026-04-30T16:00:24-07:00,257,37.42737202957763,-122.1725075180058,27.4728255541995,0.0,0.0,null,,,,,,
2026-04-30T16:00:37-07:00,258,37.42737202957763,-122.1725075180058,27.4728255541995,0.0,0.0,null,,,,,,
2026-04-30T16:00:50-07:00,259,37.42737202957763,-122.1725075180058,27.4728255541995,0.0,0.0,null,,,,,,
2026-04-30T16:01:04-07:00,260,37.42737202957763,-122.1725075180058,27.4728255541995,0.0,0.0,null,,,,,,
2026-04-30T16:01:17-07:00,261,37.42737202957763,-122.1725075180058,27.4728255541995,0.0,0.0,null,,,,,,
2026-04-30T16:01:30-07:00,262,37.42737202957763,-122.1725075180058,27.4728255541995,0.0,0.0,null,,,,,,
2026-04-30T16:01:44-07:00,263,37.42737202957763,-122.1725075180058,27.4728255541995,0.0,0.0,null,,,,,,
2026-04-30T16:01:47-07:00,264,37.42736897358247,-122.1724943043363,27.4728255541995,0.0,0.0,null,,,,,,
2026-04-30T16:01:51-07:00,265,37.42736897358247,-122.1724943043363,27.4728255541995,0.0,0.0,null,,,,,,
2026-04-30T16:01:54-07:00,266,37.42736897358247,-122.1724943043363,27.4728255541995,0.0,0.0,null,,,,,,
2026-04-30T16:01:57-07:00,267,37.42736893019764,-122.1724943683979,30.086029464868,0.0,0.0,null,,,,,,
2026-04-30T16:02:01-07:00,268,37.4273657619859,-122.1724877509786,34.4143312105311,0.0,0.0,null,,,,,,
2026-04-30T16:02:04-07:00,269,37.42736670585753,-122.1724858879512,34.4144780776733,0.0,0.0,null,,,,,,
2026-04-30T16:02:07-07:00,270,37.42736670293457,-122.1724858860983,34.4144780776733,0.0,0.0,null,,,,,,
2026-04-30T16:02:11-07:00,271,37.42736799806889,-122.1724874238588,30.6188316345215,0.0,0.0,null,,,,,,
2026-04-30T16:02:14-07:00,272,37.4273679820148,-122.1724874259384,34.3749049510184,0.0,0.0,null,,,,,,
2026-04-30T16:02:17-07:00,273,37.4273686420374,-122.1724868183722,34.425227312471,0.0,0.0,null,,,,,,
2026-04-30T16:02:21-07:00,274,37.42736808118308,-122.1724827107658,34.425227312471,0.0,0.0,null,,,,,,
2026-04-30T16:02:24-07:00,275,37.4273677071122,-122.1724828910816,34.4392371811798,0.0,0.0,null,,,,,,
2026-04-30T16:02:27-07:00,276,37.42736769804891,-122.1724828938342,34.4392371811798,0.0,0.0,null,,,,,,
2026-04-30T16:02:31-07:00,277,37.42736745535021,-122.1724815554914,34.39916849372,0.0,0.0,null,,,,,,
2026-04-30T16:02:34-07:00,278,37.42736746128675,-122.1724815759946,34.39916849372,0.0,0.0,null,,,,,,
2026-04-30T16:02:37-07:00,279,37.42736700253503,-122.1724815993275,33.3289189657676,0.0,0.0,null,,,,,,
2026-04-30T16:02:41-07:00,280,37.42736700621846,-122.1724816220217,33.3289189657676,0.0,0.0,null,,,,,,
2026-04-30T16:02:44-07:00,281,37.42736746309178,-122.1724801718534,34.4252559244633,0.0,0.0,null,,,,,,
2026-04-30T16:02:47-07:00,282,37.42736816371129,-122.1724784741091,34.4218455851078,0.0,0.0,null,,,,,,
2026-04-30T16:02:51-07:00,283,37.42736636826765,-122.1724738642418,28.5266429901123,0.0,0.0,null,,,,,,
2026-04-30T16:02:54-07:00,284,37.42736637025263,-122.1724738691408,28.5232498168945,0.0,0.0,null,,,,,,
2026-04-30T16:02:58-07:00,285,37.42736704558202,-122.1724762685393,34.4300585932817,0.0,0.0,null,,,,,,
2026-04-30T16:03:01-07:00,286,37.42736831843887,-122.1724771310206,31.5804100036621,0.0,0.0,null,,,,,,
2026-04-30T16:03:04-07:00,287,37.42736831843872,-122.1724771310199,34.4267111964311,0.0,0.0,null,,,,,,
2026-04-30T16:03:08-07:00,288,37.42736817498142,-122.1724763646592,34.4073082525825,0.0,0.0,null,,,,,,
2026-04-30T16:03:11-07:00,289,37.42736811514373,-122.1724758660807,34.4252368426696,0.0,0.0,null,,,,,,
2026-04-30T16:03:14-07:00,290,37.42736812554443,-122.1724759018442,34.4218455768005,0.0,0.0,null,,,,,,
2026-04-30T16:03:18-07:00,291,37.42736800612607,-122.1724769404786,28.5265800476074,0.0,0.0,null,,,,,,
2026-04-30T16:03:21-07:00,292,37.42736800003575,-122.1724769571388,28.5265800476074,0.0,0.0,null,,,,,,
2026-04-30T16:03:25-07:00,293,37.4273678139702,-122.1724753692615,34.4252330290479,0.0,0.0,null,,,,,,
2026-04-30T16:03:28-07:00,294,37.42736782036476,-122.1724753911809,34.4252330290479,0.0,0.0,null,,,,,,
2026-04-30T16:03:31-07:00,295,37.42736822964017,-122.1724766020268,28.5266143798828,0.0,0.0,null,,,,,,
2026-04-30T16:03:35-07:00,296,37.42736739922154,-122.1724722902595,28.5266143798828,0.0,0.0,null,,,,,,
2026-04-30T16:03:38-07:00,297,37.42736668317563,-122.1724711759792,28.5266067504883,0.0,0.0,null,,,,,,
2026-04-30T16:03:41-07:00,298,37.42736666758096,-122.1724711976754,28.5232498168945,0.0,0.0,null,,,,,,
2026-04-30T16:03:45-07:00,299,37.4273671729018,-122.1724723996465,28.5265933990478,0.0,0.0,null,,,,,,
2026-04-30T16:03:48-07:00,300,37.42736717149663,-122.1724724322056,28.5232498168945,0.0,0.0,null,,,,,,
2026-04-30T16:03:51-07:00,301,37.42736730061741,-122.1724720642123,34.416006811661,0.0,0.0,null,,,,,,
2026-04-30T16:03:55-07:00,302,37.42736728943683,-122.1724720619195,34.4159953675692,0.0,0.0,null,,,,,,
2026-04-30T16:03:58-07:00,303,37.4273666755021,-122.1724711793673,28.5266067504883,0.0,0.0,null,,,,,,
2026-04-30T16:04:02-07:00,304,37.42736667237436,-122.1724711988117,28.5266067504883,0.0,0.0,null,,,,,,
2026-04-30T16:04:05-07:00,305,37.427367291667,-122.1724720696162,34.3991646787219,0.0,0.0,null,,,,,,
2026-04-30T16:04:08-07:00,306,37.42736728935249,-122.1724720672995,34.3957886716418,0.0,0.0,null,,,,,,
2026-04-30T16:04:12-07:00,307,37.42736805642698,-122.1724728971506,34.4252482933059,0.0,0.0,null,,,,,,
2026-04-30T16:04:15-07:00,308,37.4273680621899,-122.1724728968748,34.4252482933059,0.0,0.0,null,,,,,,
2026-04-30T16:04:18-07:00,309,37.42736754101021,-122.1724705380222,34.4159991800785,0.0,0.0,null,,,,,,
2026-04-30T16:04:22-07:00,310,37.42736754306098,-122.17247054411,34.412630802393,0.0,0.0,null,,,,,,
2026-04-30T16:04:25-07:00,311,37.42736676190257,-122.1724679279008,28.5266201019287,0.0,0.0,null,,,,,,
2026-04-30T16:04:28-07:00,312,37.42736676713528,-122.1724679494521,28.5232498168945,0.0,0.0,null,,,,,,
2026-04-30T16:04:32-07:00,313,37.42736696542915,-122.1724681034577,28.5266372680664,0.0,0.0,null,,,,,,
2026-04-30T16:04:35-07:00,314,37.42736695711169,-122.1724681184619,28.5232498168945,0.0,0.0,null,,,,,,
2026-04-30T16:04:38-07:00,315,37.42736728796546,-122.1724690763635,28.5266258239746,0.0,0.0,null,,,,,,
2026-04-30T16:04:42-07:00,316,37.42736728569343,-122.1724690704341,28.5232498168945,0.0,0.0,null,,,,,,
2026-04-30T16:04:45-07:00,317,37.42736737605455,-122.1724693120144,34.4348960935108,0.0,0.0,null,,,,,,
2026-04-30T16:04:48-07:00,318,37.42736737541949,-122.1724693146444,34.4348960935108,0.0,0.0,null,,,,,,
2026-04-30T16:04:52-07:00,319,37.42736737743549,-122.1724693147038,34.4160049047594,0.0,0.0,null,,,,,,
2026-04-30T16:04:55-07:00,320,37.42736736103114,-122.1724693094127,34.4126308050279,0.0,0.0,null,,,,,,
2026-04-30T16:04:59-07:00,321,37.42736682811563,-122.1724676833751,34.4073349548619,0.0,0.0,null,,,,,,
2026-04-30T16:05:02-07:00,322,37.42736682997701,-122.1724676875209,34.4073349548619,0.0,0.0,null,,,,,,
2026-04-30T16:05:05-07:00,323,37.42736752142962,-122.1724692751176,34.4349037176624,0.0,0.0,null,,,,,,
2026-04-30T16:05:09-07:00,324,37.42736751026165,-122.172469264007,34.4349037176624,0.0,0.0,null,,,,,,
2026-04-30T16:05:12-07:00,325,37.42736704290324,-122.1724684740248,34.4252254017285,0.0,0.0,null,,,,,,
2026-04-30T16:05:15-07:00,326,37.42736703773632,-122.1724685007007,34.4218455799511,0.0,0.0,null,,,,,,
2026-04-30T16:05:19-07:00,327,37.4273669353137,-122.1724681226089,34.4349094500072,0.0,0.0,null,,,,,,
2026-04-30T16:05:22-07:00,328,37.42736693954405,-122.1724681355414,34.4315219988353,0.0,0.0,null,,,,,,
2026-04-30T16:05:25-07:00,329,37.42736739859786,-122.172466643567,34.434968572855,0.0,0.0,null,,,,,,
2026-04-30T16:05:29-07:00,330,37.42736739075325,-122.1724666574267,34.4315219938755,0.0,0.0,null,,,,,,
2026-04-30T16:05:32-07:00,331,37.42736603180143,-122.1724640094694,34.4073082480866,0.0,0.0,null,,,,,,
2026-04-30T16:05:36-07:00,332,37.42736493957282,-122.1724592191749,34.4073006186921,0.0,0.0,null,,,,,,
2026-04-30T16:05:39-07:00,333,37.4273648785534,-122.1724590421242,28.5266296386719,0.0,0.0,null,,,,,,
2026-04-30T16:05:42-07:00,334,37.42736488716074,-122.1724590721437,28.5232498168945,0.0,0.0,null,,,,,,
2026-04-30T16:05:46-07:00,335,37.4273645811835,-122.1724585273188,28.5266201019287,0.0,0.0,null,,,,,,
2026-04-30T16:05:49-07:00,336,37.42736458632438,-122.172458548086,28.5266201019287,0.0,0.0,null,,,,,,
2026-04-30T16:05:52-07:00,337,37.42736513671073,-122.1724596736073,34.416006814081,0.0,0.0,null,,,,,,
2026-04-30T16:05:56-07:00,338,37.42736513137519,-122.1724596606565,34.416006814081,3.416270842393487e-05,-0.0001118375004978,indoor,2026-04-30T23:06:25.264667+0000,29.264667,d1265e6a8de7,mccullough,1.0,1326
2026-04-30T16:05:59-07:00,339,37.42736569394353,-122.1724599149134,28.5266677856445,0.0,0.0,indoor,2026-04-30T23:06:25.264667+0000,26.264667,d1265e6a8de7,mccullough,1.0,1326
2026-04-30T16:06:02-07:00,340,37.42736562690677,-122.1724564226976,28.5266677856445,0.0,0.0,indoor,2026-04-30T23:06:25.264667+0000,23.264667,d1265e6a8de7,mccullough,1.0,1326
2026-04-30T16:06:06-07:00,341,37.42736480660334,-122.1724548797104,34.4553838044707,0.0,0.0,indoor,2026-04-30T23:06:25.264667+0000,19.264667,d1265e6a8de7,mccullough,1.0,1326
2026-04-30T16:06:09-07:00,342,37.42736481101423,-122.1724548846444,34.4553799897734,0.0,0.0,indoor,2026-04-30T23:06:25.264667+0000,16.264667,d1265e6a8de7,mccullough,1.0,1326
2026-04-30T16:06:12-07:00,343,37.42736468138713,-122.1724560241292,28.5265972137451,0.0,0.0,indoor,2026-04-30T23:06:25.264667+0000,13.264667,d1265e6a8de7,mccullough,1.0,1326
2026-04-30T16:06:16-07:00,344,37.42736467600715,-122.1724560212344,28.5265972137451,0.0,0.0,indoor,2026-04-30T23:06:25.264667+0000,9.264667,d1265e6a8de7,mccullough,1.0,1326
2026-04-30T16:06:19-07:00,345,37.42736468432563,-122.1724552456711,34.4553532834644,0.0,0.0,indoor,2026-04-30T23:06:25.264667+0000,6.264667,d1265e6a8de7,mccullough,1.0,1326
2026-04-30T16:06:23-07:00,346,37.42736363216576,-122.1724506939035,34.4553532834644,0.0,0.0,indoor,2026-04-30T23:06:25.264667+0000,2.264667,d1265e6a8de7,mccullough,1.0,1326
2026-04-30T16:06:26-07:00,347,37.4273635148061,-122.1724502726655,28.5266429901123,0.0,0.0,indoor,2026-04-30T23:06:25.961588+0000,-0.038412,d1265e6a8de7,mccullough,1.0,1327
2026-04-30T16:06:29-07:00,348,37.42736379769716,-122.1724478426028,28.587737955401,0.0,0.0,indoor,2026-04-30T23:06:30.250977+0000,1.250977,1216aa2cf16a,mccullough,1.0,1329
2026-04-30T16:06:33-07:00,349,37.42736393371366,-122.1724486647998,28.5842932837702,0.0,0.0,indoor,2026-04-30T23:06:31.640638+0000,-1.359362,1216aa2cf16a,mccullough,1.0,1331
2026-04-30T16:06:46-07:00,350,37.42734651931414,-122.1724199083685,27.810848236084,1.70537428445232e-05,-3.591060055906114e-05,indoor,2026-04-30T23:06:45.926419+0000,-0.073581,f3219beb1cc8,mccullough,1.0,1339
2026-04-30T16:07:00-07:00,351,37.42750603465834,-122.1725630690033,27.606957055962,-8.277685822122294e-05,0.0001218509743239,indoor,2026-04-30T23:07:00.286318+0000,0.286318,3ade62d24239,mccullough,1.0,1347
2026-04-30T16:07:13-07:00,352,37.42755016930064,-122.1726022074461,26.7195589611545,-6.641222327630203e-06,-3.3643289867768544e-05,indoor,2026-04-30T23:07:11.653010+0000,-1.34699,df4a28affaf1,mccullough,1.0,1355
2026-04-30T16:07:27-07:00,353,37.42759684552549,-122.1728078498451,30.334504600919,0.0,0.0,indoor,2026-04-30T23:07:26.712233+0000,-0.287767,db4faf2ec15e,mccullough,1.0,1364
2026-04-30T16:07:40-07:00,354,37.42760034987401,-122.1729665964645,30.3976836118847,3.4880274540682876e-05,6.0961678343607795e-05,indoor,2026-04-30T23:07:40.313786+0000,0.313786,5249a445e955,mccullough,1.0,1371
2026-04-30T16:07:53-07:00,355,37.4276076440137,-122.1728886451933,30.5248789701425,2.7897088301642725e-06,-0.0001723941115727,indoor,2026-04-30T23:07:51.713586+0000,-1.286414,85b3f79cb733,mccullough,1.0,1379
2026-04-30T16:08:07-07:00,356,37.42751330968628,-122.1730029603329,30.0789696406204,-3.999386775177527e-05,5.572385731511531e-06,indoor,2026-04-30T23:08:06.740509+0000,-0.259491,d20b58f5cc44,mccullough,1.0,1388
2026-04-30T16:10:35-07:00,1,37.42739075098685,-122.1724764810563,27.7662620544434,6.743097418393518e-05,-0.0002920513879161,indoor,2026-04-30T23:10:51.185657+0000,16.185657,75ad99c4287a,mccullough,1.0,1452
2026-04-30T16:10:38-07:00,2,37.42740046122741,-122.1724839846248,27.700740814209,-8.031784013695642e-05,0.0002631327871397,indoor,2026-04-30T23:10:51.185657+0000,13.185657,75ad99c4287a,mccullough,1.0,1452
2026-04-30T16:10:41-07:00,3,37.42741023596162,-122.172493706297,27.4995079040527,3.376552771783281e-05,8.396364506779719e-05,indoor,2026-04-30T23:10:51.185657+0000,10.185657,75ad99c4287a,mccullough,1.0,1452
2026-04-30T16:10:44-07:00,4,37.42742388688619,-122.172526430175,27.9449729919434,8.250691978872737e-05,2.473917707845885e-05,indoor,2026-04-30T23:10:51.185657+0000,7.185657,75ad99c4287a,mccullough,1.0,1452
2026-04-30T16:10:48-07:00,5,37.42743377589798,-122.1725606234812,28.3202477442101,1.7625591468117818e-05,-3.589660776981418e-05,indoor,2026-04-30T23:10:51.185657+0000,3.185657,75ad99c4287a,mccullough,1.0,1452
2026-04-30T16:10:51-07:00,6,37.42743711857101,-122.1725802787131,27.3174095749855,1.6090968898652136e-05,-6.445432767065995e-05,indoor,2026-04-30T23:10:51.185657+0000,0.185657,75ad99c4287a,mccullough,1.0,1452
2026-04-30T16:10:54-07:00,7,37.42742298423885,-122.1725744899231,27.1320763127878,2.3581832763852617e-05,-8.388656739555245e-05,indoor,2026-04-30T23:10:52.576197+0000,-1.423803,75ad99c4287a,mccullough,1.0,1454
2026-04-30T16:11:08-07:00,8,37.42761384645971,-122.1728230675069,28.3991053579375,-0.0001281810430455,7.270936436043485e-05,indoor,2026-04-30T23:11:07.601123+0000,-0.398877,d47d6b0078fa,mccullough,1.0,1463
2026-04-30T16:11:21-07:00,9,37.42743082637695,-122.1729557248284,32.9924693701442,1.2549276682705113e-05,9.275337944814057e-06,indoor,2026-04-30T23:11:21.255473+0000,0.255473,bf30f52c732a,mccullough,1.0,1470
2026-04-30T16:11:34-07:00,10,37.4275046264648,-122.1725733449291,32.9929538412063,3.116800648683693e-06,-7.491614738341923e-06,indoor,2026-04-30T23:11:32.642826+0000,-1.357174,dcfc702cf92c,mccullough,1.0,1478
2026-04-30T16:11:48-07:00,11,37.42760799716248,-122.1730333188454,30.6031563135083,0.0,0.0,indoor,2026-04-30T23:11:47.700878+0000,-0.299122,037471e5a44f,mccullough,1.0,1487
2026-04-30T16:12:01-07:00,12,37.42751630257874,-122.1730326297926,28.724036445063,-4.877812330761344e-05,-3.2146959895840155e-05,indoor,2026-04-30T23:12:01.261175+0000,0.261175,41d850869844,mccullough,1.0,1494
2026-04-30T16:12:14-07:00,13,37.42726997687605,-122.173012354447,29.6865019312526,0.0001595075123361,0.0002648125595641,indoor,2026-04-30T23:12:12.657799+0000,-1.342201,e727414f0434,mccullough,1.0,1502
2026-04-30T16:12:28-07:00,14,37.4275161610306,-122.1726988573144,28.30075339491,-0.000147551900369,-0.0002284676119046,indoor,2026-04-30T23:12:27.686663+0000,-0.313337,8e57d77170ca,mccullough,1.0,1511
2026-04-30T16:12:41-07:00,15,37.4275774210656,-122.17269495438,31.1353610782521,0.0,0.0,indoor,2026-04-30T23:12:41.292162+0000,0.292162,60459bcd4737,mccullough,1.0,1518
2026-04-30T16:12:54-07:00,16,37.4274937588732,-122.1725139492322,30.3853653158346,0.0,0.0,indoor,2026-04-30T23:12:52.701191+0000,-1.298809,e2d78c30bbdf,mccullough,1.0,1526
2026-04-30T16:13:07-07:00,17,37.42744403417188,-122.1724483181682,30.452995608747,0.0,0.0,indoor,2026-04-30T23:13:07.003083+0000,0.003083,71fb552009a0,mccullough,1.0,1534
2026-04-30T16:13:21-07:00,18,37.42750651943783,-122.1725700398162,34.4443543333128,0.0,0.0,indoor,2026-04-30T23:13:21.328253+0000,0.328253,c18899f907d2,mccullough,1.0,1542
2026-04-30T16:13:34-07:00,19,37.42755418268447,-122.1726605240039,26.8058804925228,0.0,0.0,indoor,2026-04-30T23:13:32.803449+0000,-1.196551,e9c3fb45e0a1,mccullough,1.0,1550
2026-04-30T16:13:47-07:00,20,37.42756107607377,-122.1727133228044,27.7802399009513,0.0,0.0,indoor,2026-04-30T23:13:47.052041+0000,0.052041,dbc0b4278fab,mccullough,1.0,1558
2026-04-30T16:14:01-07:00,21,37.42730577173324,-122.1729441637167,32.2052762536713,0.0001167306234748,0.0001479985224221,indoor,2026-04-30T23:14:01.360461+0000,0.360461,4581f818ae51,mccullough,1.0,1566
2026-04-30T16:14:14-07:00,22,37.42733143414144,-122.1729966303114,32.6135832372754,0.0,0.0,indoor,2026-04-30T23:14:12.769057+0000,-1.230943,4baaab188348,mccullough,1.0,1574
2026-04-30T16:14:27-07:00,23,37.42752862098803,-122.1730298159623,30.2756469768693,-0.000155479899611,-0.00013205122697,indoor,2026-04-30T23:14:27.063432+0000,0.063432,cf5227168c11,mccullough,1.0,1582
2026-04-30T16:14:41-07:00,24,37.42764409623336,-122.1729397195017,30.3306127160845,3.3478579034351696e-05,-2.2954085579840463e-05,indoor,2026-04-30T23:14:41.389155+0000,0.389155,6437b436638f,mccullough,1.0,1590
2026-04-30T16:14:54-07:00,25,37.42748514898373,-122.1727137886653,29.9369439646991,0.0,0.0,indoor,2026-04-30T23:14:52.906157+0000,-1.093843,d3a1b47712f9,mccullough,1.0,1598
2026-04-30T16:15:07-07:00,26,37.42741326792549,-122.1726532650361,30.8654183852971,0.0,0.0,indoor,2026-04-30T23:15:07.083018+0000,0.083018,f08412f1e0cf,mccullough,1.0,1606
2026-04-30T16:15:21-07:00,27,37.42742441559316,-122.1724521068247,34.2138491545266,0.0,0.0,indoor,2026-04-30T23:15:21.406920+0000,0.40692,8e7bdcf1b39a,mccullough,1.0,1614
2026-04-30T16:15:34-07:00,28,37.42741716346439,-122.172577778887,28.3601346295327,2.4199725203183153e-05,0.0002309019227057,outdoor,2026-04-30T23:15:34.112293+0000,0.112293,aa9955df3181,mccullough,1.0,1621
2026-04-30T16:15:37-07:00,29,37.42740524618593,-122.1725681260548,28.2368763843551,0.0,0.0,outdoor,2026-04-30T23:15:38.431089+0000,1.431089,b98c983bfaa7,mccullough,1.0,1623
2026-04-30T16:15:41-07:00,30,37.42739807804041,-122.1725159225662,27.9565577479079,7.6691824659747e-06,-3.100248451914922e-05,outdoor,2026-04-30T23:15:39.836145+0000,-1.163855,b98c983bfaa7,mccullough,1.0,1625
2026-04-30T16:15:44-07:00,31,37.42740435687792,-122.1724651093453,27.8253758819774,0.0,0.0,outdoor,2026-04-30T23:15:44.128810+0000,0.12881,aa0b6a27ab70,mccullough,1.0,1627
2026-04-30T16:15:47-07:00,32,37.42742152153837,-122.1724370865373,27.2472493695095,0.0,0.0,outdoor,2026-04-30T23:15:48.409784+0000,1.409784,13cc1f459d0d,mccullough,1.0,1629
2026-04-30T16:15:50-07:00,33,37.42744689456208,-122.172422462072,27.1749634882435,0.0,0.0,outdoor,2026-04-30T23:15:49.802822+0000,-0.197178,13cc1f459d0d,mccullough,1.0,1631
2026-04-30T16:15:54-07:00,34,37.42747576612157,-122.1724142475007,27.7589097181335,0.0,0.0,outdoor,2026-04-30T23:15:54.139661+0000,0.139661,77ba6c4aae36,mccullough,1.0,1633
2026-04-30T16:15:57-07:00,35,37.42749159330771,-122.1724218008778,27.9405641919002,0.0,0.0,outdoor,2026-04-30T23:15:58.438086+0000,1.438086,c98751994fda,mccullough,1.0,1635
2026-04-30T16:16:00-07:00,36,37.42752442058944,-122.1724160816752,27.8333121510223,0.0,0.0,outdoor,2026-04-30T23:15:59.834503+0000,-0.165497,c98751994fda,mccullough,1.0,1637
2026-04-30T16:16:04-07:00,37,37.42754908912469,-122.1724078043235,27.3448138833046,0.0,0.0,outdoor,2026-04-30T23:16:04.124418+0000,0.124418,25127e751b5f,mccullough,1.0,1639
2026-04-30T16:16:07-07:00,38,37.42753545782945,-122.1724042845987,27.6739575397223,0.0,0.0,outdoor,2026-04-30T23:16:08.445904+0000,1.445904,e4fdba162aea,mccullough,1.0,1641
2026-04-30T16:16:10-07:00,39,37.42756158121316,-122.1724039761831,28.2473420100287,0.0,0.0,outdoor,2026-04-30T23:16:09.857878+0000,-0.142122,e4fdba162aea,mccullough,1.0,1643
2026-04-30T16:16:14-07:00,40,37.42757118876789,-122.1723977943862,27.4570662267506,0.0,0.0,outdoor,2026-04-30T23:16:14.114901+0000,0.114901,4b07b39ce127,mccullough,1.0,1645
2026-04-30T16:16:17-07:00,41,37.42756944396282,-122.1723883214601,27.3011453738436,0.0,0.0,outdoor,2026-04-30T23:16:18.452331+0000,1.452331,d7c67b1dc207,mccullough,1.0,1647
2026-04-30T16:16:20-07:00,42,37.42757743886224,-122.1723958654877,27.3649053759873,0.0,0.0,outdoor,2026-04-30T23:16:19.824002+0000,-0.175998,d7c67b1dc207,mccullough,1.0,1649
2026-04-30T16:16:24-07:00,43,37.42754776321706,-122.1723994215591,27.2722303196788,0.0,0.0,outdoor,2026-04-30T23:16:24.113585+0000,0.113585,887016c28596,mccullough,1.0,1651
2026-04-30T16:16:27-07:00,44,37.42751168250318,-122.1724217330309,27.0908010629937,0.0,0.0,outdoor,2026-04-30T23:16:28.463688+0000,1.463688,47bcb410aec3,mccullough,1.0,1653
2026-04-30T16:16:30-07:00,45,37.42748313366162,-122.1724271502921,27.2174084074795,0.0,0.0,outdoor,2026-04-30T23:16:29.848764+0000,-0.151236,47bcb410aec3,mccullough,1.0,1655
2026-04-30T16:16:33-07:00,46,37.42744705687883,-122.172441406324,27.9797631744295,0.0,0.0,outdoor,2026-04-30T23:16:33.470441+0000,0.470441,39d9f63fcabe,mccullough,1.0,1656
2026-04-30T16:16:37-07:00,47,37.4274037831712,-122.1724610847766,27.8283676560968,0.0,0.0,outdoor,2026-04-30T23:16:38.468497+0000,1.468497,8c5268a08f08,mccullough,1.0,1659
2026-04-30T16:16:40-07:00,48,37.42739831865642,-122.1724998362591,27.9793691001832,0.0,0.0,outdoor,2026-04-30T23:16:39.847914+0000,-0.152086,8c5268a08f08,mccullough,1.0,1661
2026-04-30T16:16:43-07:00,49,37.42740773153687,-122.1725348488978,28.0529085649177,0.0,0.0,outdoor,2026-04-30T23:16:43.482640+0000,0.48264,d60f41ca9e71,mccullough,1.0,1662
2026-04-30T16:16:47-07:00,50,37.42741094374494,-122.1725417096309,28.3159790458158,0.0,0.0,outdoor,2026-04-30T23:16:44.896350+0000,-2.10365,d60f41ca9e71,mccullough,1.0,1664
2026-04-30T16:16:50-07:00,51,37.42739896610249,-122.1725437285946,28.2782125286758,0.0,0.0,outdoor,2026-04-30T23:16:44.896350+0000,-5.10365,d60f41ca9e71,mccullough,1.0,1664
2026-04-30T16:16:53-07:00,52,37.42741348542759,-122.1725492993201,28.0852515492588,0.0,0.0,outdoor,2026-04-30T23:16:56.822718+0000,3.822718,86efbcbda3fc,mccullough,1.0,1665
2026-04-30T16:17:07-07:00,53,37.42743529382867,-122.1724467818832,27.9588279956952,-2.2847142240323137e-05,-0.0001278712356196,indoor,2026-04-30T23:17:06.826520+0000,-0.17348,8e203ac8276b,mccullough,2.0,1671
2026-04-30T16:17:20-07:00,54,37.42739452141873,-122.172514839256,34.5720232520881,-1.6729991166641867e-05,5.570228580609182e-06,indoor,2026-04-30T23:17:18.248108+0000,-1.751892,c2e2436aec12,mccullough,2.0,1679
2026-04-30T16:17:33-07:00,55,37.42751990542749,-122.1725522841252,34.6270953640284,-5.366215006574748e-06,6.764098685607678e-05,indoor,2026-04-30T23:17:33.278029+0000,0.278029,db774be87d63,mccullough,2.0,1688
2026-04-30T16:17:46-07:00,56,37.42756997606021,-122.1726167766701,34.6730345731014,0.0,0.0,indoor,2026-04-30T23:17:46.854042+0000,0.854042,64b2187fd7ab,mccullough,2.0,1695
2026-04-30T16:18:00-07:00,57,37.4276003318699,-122.1729214496041,33.6087779347092,1.4315395233666366e-06,0.0001768578572125,indoor,2026-04-30T23:17:58.261697+0000,-1.738303,3cc31511b47f,mccullough,2.0,1703
2026-04-30T16:18:09-07:00,58,37.42769529026386,-122.1729685289952,29.749420395121,-4.769033377982623e-05,-0.0001353342538124,indoor,2026-04-30T23:18:08.267505+0000,-0.732495,2d0991b75624,mccullough,2.0,1709
2026-04-30T16:18:12-07:00,59,37.42770587960729,-122.1729578634893,30.1113873450086,4.207417616441944e-05,2.630726591235089e-05,indoor,2026-04-30T23:18:11.858140+0000,-0.14186,701dd87cd08d,mccullough,2.0,1710
2026-04-30T16:18:15-07:00,60,37.42769958573055,-122.1729572740615,30.2898787595332,5.767304732273715e-05,1.8222867566919376e-05,indoor,2026-04-30T23:18:13.286349+0000,-1.713651,701dd87cd08d,mccullough,2.0,1712
2026-04-30T16:18:18-07:00,61,37.42768307942206,-122.172947632647,30.4265968818218,2.435742626261117e-05,-1.0768307177499992e-05,indoor,2026-04-30T23:18:18.275768+0000,0.275768,bc497327442b,mccullough,2.0,1715
2026-04-30T16:18:22-07:00,62,37.42772446874397,-122.1729437710473,31.021611686796,0.0,0.0,indoor,2026-04-30T23:18:21.903500+0000,-0.0965,b093e54aa940,mccullough,2.0,1716
2026-04-30T16:18:35-07:00,63,37.4279095000006,-122.1729236283546,27.8821068042889,-0.0001106961497825,2.118085093627542e-05,indoor,2026-04-30T23:18:33.279750+0000,-1.72025,143ff88d326b,mccullough,2.0,1724
2026-04-30T16:18:48-07:00,64,37.42788869247804,-122.1729400187488,31.4165276815037,0.0,0.0,indoor,2026-04-30T23:18:48.293300+0000,0.2933,c9f56b26d8a0,mccullough,2.0,1733
2026-04-30T16:19:02-07:00,65,37.42786845211546,-122.1728803843237,31.2662631747165,0.0,0.0,indoor,2026-04-30T23:19:01.919409+0000,-0.080591,5ada3a7c5eba,mccullough,1.0,1740
2026-04-30T16:19:15-07:00,66,37.42788887622975,-122.1729230480352,31.2272466413637,1.3498517546395306e-05,1.253304183990167e-05,indoor,2026-04-30T23:19:13.320480+0000,-1.67952,e90a7451662e,mccullough,1.0,1748
2026-04-30T16:19:28-07:00,67,37.42819933346572,-122.1729976429231,34.5543627263978,-0.0002845622744445,-1.328586449744762e-07,indoor,2026-04-30T23:19:28.319834+0000,0.319834,1749034ac3ec,mccullough,1.0,1757
2026-04-30T16:19:32-07:00,68,37.42828858837719,-122.1730804616707,34.8779657697305,-7.359684934726829e-05,-9.759062621128578e-06,indoor,2026-04-30T23:19:31.923419+0000,-0.076581,6bedaca8243d,mccullough,1.0,1758
2026-04-30T16:19:35-07:00,69,37.42826400372592,-122.1730877177402,34.8642565617338,3.8033337929732625e-05,-6.593093736739775e-05,indoor,2026-04-30T23:19:33.316357+0000,-1.683643,6bedaca8243d,mccullough,1.0,1760
2026-04-30T16:19:48-07:00,70,37.42792544026552,-122.173069241146,31.4302346635935,0.0003408247764227,6.194279188775909e-05,indoor,2026-04-30T23:19:48.329021+0000,0.329021,56047530a8b7,mccullough,1.0,1769
2026-04-30T16:20:02-07:00,71,37.42791239787833,-122.1731791679877,32.2739729331806,1.6509664888531006e-05,7.463675160579442e-06,indoor,2026-04-30T23:20:01.956110+0000,-0.04389,687bffcea27d,mccullough,1.0,1776
2026-04-30T16:20:13-07:00,72,37.42790033813537,-122.1731017566291,31.2437735190615,0.0,0.0,indoor,2026-04-30T23:20:13.312056+0000,0.312056,8093d0308a6d,mccullough,1.0,1784
2026-04-30T16:20:16-07:00,73,37.42792619327474,-122.173078703314,31.5871927337721,-5.843860900966999e-05,0.0001275800004805,indoor,2026-04-30T23:20:16.963316+0000,0.963316,86d6b514e96c,mccullough,1.0,1785
2026-04-30T16:20:19-07:00,74,37.42793075695442,-122.1730703764536,31.5599474804476,4.7668840117864875e-05,2.277383617865775e-05,indoor,2026-04-30T23:20:18.342840+0000,-0.65716,86d6b514e96c,mccullough,1.0,1787
2026-04-30T16:20:22-07:00,75,37.42792634491548,-122.1730704505767,26.8441488181364,-0.0001208299597763,-2.8045083183769748e-05,indoor,2026-04-30T23:20:21.982091+0000,-0.017909,5df9145a6daf,mccullough,1.0,1788
2026-04-30T16:20:36-07:00,76,37.42791328003658,-122.1728070995843,30.9362295972357,3.662020394301635e-05,-0.0001300589272972,indoor,2026-04-30T23:20:36.979084+0000,0.979084,2b55fc0e0f1a,mccullough,1.0,1797
2026-04-30T16:20:49-07:00,77,37.42784750307615,-122.1726830832727,30.9434913555564,5.613017886929583e-05,-4.080349053481311e-05,indoor,2026-04-30T23:20:48.361458+0000,-0.638542,1f081c6851b1,mccullough,1.0,1805
2026-04-30T16:21:02-07:00,78,37.42775025413602,-122.1725156360113,30.8572015115432,7.276757356322605e-05,-5.47901538681117e-05,indoor,2026-04-30T23:21:02.052161+0000,0.052161,feaa2d6d7f5e,mccullough,1.0,1812
2026-04-30T16:21:11-07:00,79,37.42775194392063,-122.172568156382,27.155220657587,-2.5440210585259138e-05,0.0001497713765559,outdoor,2026-04-30T23:21:12.165625+0000,1.165625,b5828e1a66ab,mccullough,1.0,1815
2026-04-30T16:21:14-07:00,80,37.42774197106824,-122.1725563829253,27.3299420177937,0.0,0.0,outdoor,2026-04-30T23:21:13.546859+0000,-0.453141,b5828e1a66ab,mccullough,1.0,1817
2026-04-30T16:21:17-07:00,81,37.42773211721127,-122.1725271350645,27.4465571427718,1.5632263661302686e-05,-5.1934111851892285e-05,outdoor,2026-04-30T23:21:17.162972+0000,0.162972,aa114c62aac0,mccullough,1.0,1818
2026-04-30T16:21:20-07:00,82,37.42770480275303,-122.1724716149231,27.5086112292483,9.194173159698948e-06,1.3290144948996383e-06,outdoor,2026-04-30T23:21:18.559190+0000,-1.44081,aa114c62aac0,mccullough,1.0,1820
2026-04-30T16:21:24-07:00,83,37.42768824604765,-122.1724012081157,26.8919355161488,0.0,0.0,outdoor,2026-04-30T23:21:23.537261+0000,-0.462739,4cd1a2e14d83,mccullough,1.0,1823
2026-04-30T16:21:27-07:00,84,37.4277229189174,-122.1723587241907,27.1163574773818,0.0,0.0,outdoor,2026-04-30T23:21:27.163534+0000,0.163534,112de167bea5,mccullough,1.0,1824
2026-04-30T16:21:30-07:00,85,37.4277576232675,-122.1723338610223,27.209946744144,0.0,0.0,outdoor,2026-04-30T23:21:28.555893+0000,-1.444107,112de167bea5,mccullough,1.0,1826
2026-04-30T16:21:34-07:00,86,37.42779942033172,-122.1723032466454,27.3651070650667,0.0,0.0,outdoor,2026-04-30T23:21:33.529042+0000,-0.470958,fd4875d72b24,mccullough,1.0,1829
2026-04-30T16:21:37-07:00,87,37.42783467351284,-122.1722891247733,27.1916319653392,0.0,0.0,outdoor,2026-04-30T23:21:37.166796+0000,0.166796,e0d69ad4a3d2,mccullough,1.0,1830
2026-04-30T16:21:40-07:00,88,37.42786907929676,-122.1722759305961,27.5763241508976,0.0,0.0,outdoor,2026-04-30T23:21:38.562355+0000,-1.437645,e0d69ad4a3d2,mccullough,1.0,1832
2026-04-30T16:21:44-07:00,89,37.42790980183771,-122.1722630135714,27.5825291732326,0.0,0.0,outdoor,2026-04-30T23:21:43.627897+0000,-0.372103,4dc3a06d16a9,mccullough,1.0,1835
2026-04-30T16:21:47-07:00,90,37.42793932712454,-122.1722502960339,27.9136174283922,0.0,0.0,outdoor,2026-04-30T23:21:47.174293+0000,0.174293,78b2e3d1da2d,mccullough,1.0,1836
2026-04-30T16:21:50-07:00,91,37.42796911322991,-122.1722391929553,28.0926971286535,0.0,0.0,outdoor,2026-04-30T23:21:48.545626+0000,-1.454374,78b2e3d1da2d,mccullough,1.0,1838
2026-04-30T16:21:53-07:00,92,37.42799900090343,-122.1722363510488,27.8235943522304,0.0,0.0,outdoor,2026-04-30T23:21:52.849100+0000,-0.1509,1fc6e4f0113a,mccullough,1.0,1840
2026-04-30T16:21:57-07:00,93,37.42802933885928,-122.1722064778116,27.9561135703698,0.0,0.0,outdoor,2026-04-30T23:21:57.183989+0000,0.183989,b60966965c1b,mccullough,1.0,1842
2026-04-30T16:22:00-07:00,94,37.42805589310056,-122.1722046214692,28.5405282489955,-8.420023902999704e-06,-6.011835972685735e-05,outdoor,2026-04-30T23:21:58.546491+0000,-1.453509,b60966965c1b,mccullough,1.0,1844
2026-04-30T16:22:03-07:00,95,37.42808249987983,-122.172196688279,28.3555749999359,0.0,0.0,outdoor,2026-04-30T23:22:02.876084+0000,-0.123916,7385c04bcc3f,mccullough,1.0,1846
2026-04-30T16:22:07-07:00,96,37.42812930721372,-122.1722018508243,28.6559451995417,0.0,0.0,outdoor,2026-04-30T23:22:07.190244+0000,0.190244,904bdde70c57,mccullough,1.0,1848
2026-04-30T16:22:10-07:00,97,37.42816622562963,-122.1721853211549,27.9022967601195,0.0,0.0,outdoor,2026-04-30T23:22:08.547777+0000,-1.452223,904bdde70c57,mccullough,1.0,1850
2026-04-30T16:22:13-07:00,98,37.42818837552499,-122.1721754010774,28.1845462433994,0.0,0.0,outdoor,2026-04-30T23:22:12.983138+0000,-0.016862,6c8909472c53,mccullough,1.0,1852
2026-04-30T16:22:17-07:00,99,37.42824653556581,-122.1721632184665,28.6423409851268,0.0,0.0,outdoor,2026-04-30T23:22:17.196147+0000,0.196147,9b2d5a3b3c10,mccullough,1.0,1854
2026-04-30T16:22:20-07:00,100,37.42827108284132,-122.1721527054585,29.0288370009512,0.0,0.0,outdoor,2026-04-30T23:22:18.596197+0000,-1.403803,9b2d5a3b3c10,mccullough,1.0,1856
2026-04-30T16:22:23-07:00,101,37.42829818612854,-122.1721317443427,29.3442533360794,0.0,0.0,outdoor,2026-04-30T23:22:22.875698+0000,-0.124302,0c7d37978c73,mccullough,1.0,1858
2026-04-30T16:22:26-07:00,102,37.42831747715798,-122.1721262373151,29.2870724759996,0.0,0.0,outdoor,2026-04-30T23:22:27.200456+0000,1.200456,9d4956a7b657,mccullough,1.0,1860
2026-04-30T16:22:30-07:00,103,37.42835047437582,-122.1721350344189,29.3243240378797,0.0,0.0,outdoor,2026-04-30T23:22:28.596718+0000,-1.403282,9d4956a7b657,mccullough,1.0,1862
2026-04-30T16:22:33-07:00,104,37.42837946390357,-122.1721160226109,29.441483036615,0.0,0.0,outdoor,2026-04-30T23:22:32.895238+0000,-0.104762,cb5b21cbd1d9,mccullough,1.0,1864
2026-04-30T16:22:36-07:00,105,37.42840734868953,-122.1721116192444,29.3763292962685,0.0,0.0,outdoor,2026-04-30T23:22:37.200146+0000,1.200146,999885720cb7,mccullough,1.0,1866
2026-04-30T16:22:40-07:00,106,37.42844714914325,-122.1720965647634,29.3311642110348,0.0,0.0,outdoor,2026-04-30T23:22:38.576265+0000,-1.423735,999885720cb7,mccullough,1.0,1868
2026-04-30T16:22:43-07:00,107,37.42846739315413,-122.1720964475722,29.5696202283725,0.0,0.0,outdoor,2026-04-30T23:22:42.891866+0000,-0.108134,7ee91539ea10,mccullough,1.0,1870
2026-04-30T16:22:46-07:00,108,37.42846350066681,-122.1720972931124,29.5832638964057,0.0,0.0,outdoor,2026-04-30T23:22:47.227347+0000,1.227347,3f1491d4e7d8,mccullough,1.0,1872
2026-04-30T16:22:50-07:00,109,37.4284729653976,-122.172086929722,29.5192541768774,0.0,0.0,outdoor,2026-04-30T23:22:48.608072+0000,-1.391928,3f1491d4e7d8,mccullough,1.0,1874
2026-04-30T16:22:53-07:00,110,37.42847344408798,-122.1720889841697,29.6076499922201,0.0,0.0,outdoor,2026-04-30T23:22:52.872104+0000,-0.127896,ab58590e7d39,mccullough,1.0,1876
2026-04-30T16:23:06-07:00,111,37.42848974422461,-122.1720845883035,29.3631346384063,0.0,0.0,outdoor,2026-04-30T23:23:07.234443+0000,1.234443,ae99b25fdfdd,mccullough,1.0,1884
2026-04-30T16:23:20-07:00,112,37.42850921030971,-122.1720613571124,28.9785111322999,0.0,0.0,outdoor,2026-04-30T23:23:18.630199+0000,-1.369801,eb03aa11ef72,mccullough,1.0,1892
2026-04-30T16:23:29-07:00,113,37.42860832006059,-122.1720575533995,28.5956119531766,0.0,0.0,outdoor,2026-04-30T23:23:28.653328+0000,-0.346672,0607c5d56e97,mccullough,1.0,1898
2026-04-30T16:23:32-07:00,114,37.42863558892435,-122.1720505014015,28.7923161592334,0.0,0.0,outdoor,2026-04-30T23:23:32.253421+0000,0.253421,3238809bf54c,mccullough,1.0,1899
2026-04-30T16:23:35-07:00,115,37.42866443891634,-122.172039755568,28.0297225359827,0.0,0.0,outdoor,2026-04-30T23:23:33.630178+0000,-1.369822,3238809bf54c,mccullough,1.0,1901
2026-04-30T16:23:38-07:00,116,37.42868398554571,-122.1720556721042,28.4058723719791,0.0,0.0,outdoor,2026-04-30T23:23:37.939941+0000,-0.060059,0d2d704d4c55,mccullough,1.0,1903
2026-04-30T16:23:42-07:00,117,37.4287003551303,-122.1721003174487,28.2745844982564,0.0,0.0,outdoor,2026-04-30T23:23:42.265543+0000,0.265543,a975bab0b8fd,mccullough,1.0,1905
2026-04-30T16:23:45-07:00,118,37.42867932389767,-122.1721226126237,28.3891868777573,0.0,0.0,outdoor,2026-04-30T23:23:43.682339+0000,-1.317661,a975bab0b8fd,mccullough,1.0,1907
2026-05-01T14:50:03-07:00,1,37.42895792215094,-122.1724705543615,31.6813749786308,0.0,0.0,outdoor,2026-05-01T21:50:24.150636+0000,21.150636,5f30d946f0bc,hewlett,1.0,1908
2026-05-01T14:50:14-07:00,2,37.42896240779641,-122.1724769273574,30.8360862731934,0.0,0.0,outdoor,2026-05-01T21:50:24.150636+0000,10.150636,5f30d946f0bc,hewlett,1.0,1908
2026-05-01T14:50:20-07:00,3,37.42896229420005,-122.1725684217226,29.7691917419434,0.0,0.0,outdoor,2026-05-01T21:50:24.150636+0000,4.150636,5f30d946f0bc,hewlett,1.0,1908
2026-05-01T14:50:23-07:00,4,37.42896229420005,-122.1725684217226,29.7691917419434,0.0,0.0,outdoor,2026-05-01T21:50:24.150636+0000,1.150636,5f30d946f0bc,hewlett,1.0,1908
2026-05-01T14:50:36-07:00,5,37.42915476608494,-122.172561512227,33.5051573549322,0.0,0.0,outdoor,2026-05-01T21:50:35.553559+0000,-0.446441,73b9a4b03daa,hewlett,1.0,1916
2026-05-01T14:50:48-07:00,6,37.42914367888618,-122.1725778899588,30.0371360778809,0.0,0.0,outdoor,2026-05-01T21:50:49.165089+0000,1.165089,5592895bb083,hewlett,1.0,1923
2026-05-01T14:50:51-07:00,7,37.42914367888618,-122.1725778899588,30.0371360778809,0.0,0.0,outdoor,2026-05-01T21:50:50.528347+0000,-0.471653,5592895bb083,hewlett,1.0,1925
2026-05-01T14:50:57-07:00,8,37.42917515640384,-122.1726423218771,27.9907493591309,0.0,0.0,outdoor,2026-05-01T21:50:55.554192+0000,-1.445808,3a240ad13331,hewlett,1.0,1928
2026-05-01T14:51:00-07:00,9,37.42917515640384,-122.1726423218771,27.9907493591309,0.0,0.0,outdoor,2026-05-01T21:50:59.836384+0000,-0.163616,e1c42e2d79e9,hewlett,1.0,1930
2026-05-01T14:51:03-07:00,10,37.42917316360014,-122.1726457422084,30.9297119140625,0.0,0.0,outdoor,2026-05-01T21:51:04.172973+0000,1.172973,a01ff547bb97,hewlett,1.0,1932
2026-05-01T14:51:09-07:00,11,37.42909415628522,-122.1726942156648,29.8675498962402,0.0,0.0,outdoor,2026-05-01T21:51:05.585946+0000,-3.414054,a01ff547bb97,hewlett,1.0,1934
2026-05-01T14:51:12-07:00,12,37.42909415628522,-122.1726942156648,29.8675498962402,6.464645895221108e-05,-4.4539668792253906e-05,indoor,2026-05-01T21:51:16.693670+0000,4.69367,007522cdb4d5,hewlett,1.0,1935
2026-05-01T14:51:15-07:00,13,37.42912304497916,-122.1726703987944,29.9066876230758,-1.967148339332425e-05,-0.0001041741587783,indoor,2026-05-01T21:51:16.693670+0000,1.69367,007522cdb4d5,hewlett,1.0,1935
2026-05-01T14:51:28-07:00,14,37.42912589009781,-122.1726711980802,30.6443078293898,-4.732316803313097e-06,-9.382500856247589e-05,indoor,2026-05-01T21:51:28.098632+0000,0.098632,c5bcfae28a3d,hewlett,1.0,1943
2026-05-01T14:51:41-07:00,15,37.42904237233463,-122.1727474806512,31.5647672711281,4.367474686262085e-05,7.078193064558036e-06,indoor,2026-05-01T21:51:41.747306+0000,0.747306,2994180f2350,hewlett,1.0,1950
2026-05-01T14:51:55-07:00,16,37.42904987768785,-122.1727674238866,29.7203798090165,-1.679600553217142e-05,-5.1828098548867274e-05,indoor,2026-05-01T21:51:56.758439+0000,1.758439,de42cf337ac2,hewlett,1.0,1959
2026-05-01T14:52:08-07:00,17,37.42924347980821,-122.1728795150478,27.6859703063965,-0.0002144204701579,9.295731958047782e-05,indoor,2026-05-01T21:52:08.166343+0000,0.166343,4930925d74d0,hewlett,1.0,1967
2026-05-01T14:52:21-07:00,18,37.42925852342425,-122.1728953729992,28.3641014099121,-5.7001535274991966e-05,-1.8094979395755217e-05,indoor,2026-05-01T21:52:21.756080+0000,0.75608,d25f0468f9a8,hewlett,1.0,1974
2026-05-01T14:52:34-07:00,19,37.42920532709503,-122.1729770516554,28.6527061462402,1.652848801825252e-05,4.677243423145683e-05,indoor,2026-05-01T21:52:33.145147+0000,-0.854853,b6fb6780ef7a,hewlett,1.0,1982
2026-05-01T14:52:48-07:00,20,37.4291194796446,-122.1730816868923,28.6248435974121,0.0002021126188864,0.0002610474803219,indoor,2026-05-01T21:52:48.152807+0000,0.152807,e1961b3a11dd,hewlett,1.0,1991
2026-05-01T14:53:01-07:00,21,37.42906157000639,-122.1731849582561,29.0067710876465,5.89159865640454e-05,8.529019049774432e-05,indoor,2026-05-01T21:53:01.782243+0000,0.782243,21e142955799,hewlett,1.0,1998
2026-05-01T14:53:14-07:00,22,37.42908986170067,-122.1731576782223,28.8794822692871,-7.092253316898223e-05,-6.179914436188483e-05,indoor,2026-05-01T21:53:13.167914+0000,-0.832086,d5062f009bc6,hewlett,1.0,2006
2026-05-01T14:53:27-07:00,23,37.42907658384124,-122.1731618367306,28.6156578063965,-1.7081069444202512e-05,-4.857396832846918e-05,indoor,2026-05-01T21:53:26.794550+0000,-0.20545,86ded7535302,hewlett,1.0,2013
2026-05-01T14:53:40-07:00,24,37.42908128472489,-122.1731772739951,27.980410869826,2.4207177169444097e-05,5.100360641563384e-05,indoor,2026-05-01T21:53:38.195755+0000,-1.804245,a8f443a62b5f,hewlett,1.0,2021
2026-05-01T14:53:54-07:00,25,37.42906531385903,-122.1731849453037,29.4976768493652,-4.090660794986434e-06,-0.0001113918239212,outdoor,2026-05-01T21:53:54.961251+0000,0.961251,e9dbaad13801,hewlett,1.0,2025
2026-05-01T14:53:57-07:00,26,37.42906531385903,-122.1731849453037,29.4976768493652,0.0,0.0,outdoor,2026-05-01T21:53:56.341052+0000,-0.658948,e9dbaad13801,hewlett,1.0,2027
2026-05-01T14:54:03-07:00,27,37.42907862552872,-122.1731885847363,32.6971092224121,0.0,0.0,outdoor,2026-05-01T21:54:01.383733+0000,-1.616267,4c49209acc04,hewlett,1.0,2030
2026-05-01T14:54:06-07:00,28,37.42908274333259,-122.1731808143928,35.2230491638184,0.0,0.0,outdoor,2026-05-01T21:54:05.660766+0000,-0.339234,9ea49d85cfd4,hewlett,1.0,2032
2026-05-01T14:54:09-07:00,29,37.42908274333259,-122.1731808143928,35.2230491638184,0.0,0.0,outdoor,2026-05-01T21:54:09.947552+0000,0.947552,ecece00a983c,hewlett,1.0,2034
2026-05-01T14:54:15-07:00,30,37.42911691315233,-122.1732310765629,33.984432220459,0.0,0.0,outdoor,2026-05-01T21:54:14.967075+0000,-0.032925,08da4b5a6e8d,hewlett,1.0,2037
2026-05-01T14:54:18-07:00,31,37.42911691315233,-122.1732310765629,33.984432220459,0.0,0.0,outdoor,2026-05-01T21:54:16.338265+0000,-1.661735,08da4b5a6e8d,hewlett,1.0,2039
2026-05-01T14:54:21-07:00,32,37.42914726319937,-122.1732590258961,25.4256069511843,0.0,0.0,outdoor,2026-05-01T21:54:21.350719+0000,0.350719,64fe5b1d4ce5,hewlett,1.0,2042
2026-05-01T14:54:28-07:00,33,37.42920819207787,-122.1733727307265,32.001277923584,0.0,0.0,outdoor,2026-05-01T21:54:26.326047+0000,-1.673953,d4b635a3eba0,hewlett,1.0,2045
2026-05-01T14:54:31-07:00,34,37.42920819207787,-122.1733727307265,32.001277923584,0.0,0.0,outdoor,2026-05-01T21:54:30.649745+0000,-0.350255,9ba55e6f326f,hewlett,1.0,2047
2026-05-01T14:54:44-07:00,35,37.42931166667252,-122.1735130437856,29.305965423584,1.707959694385866e-05,-5.596175552113887e-05,indoor,2026-05-01T21:54:44.141365+0000,0.141365,5f20f94de4b9,hewlett,1.0,2050
2026-05-01T14:54:57-07:00,36,37.42917184208336,-122.1733532240662,28.4164995325266,5.9827585417338014e-05,-0.0001995383349111,indoor,2026-05-01T21:54:58.472652+0000,1.472652,7b9bbbff6f9c,hewlett,1.0,2058
2026-05-01T14:55:10-07:00,37,37.42924952961355,-122.1733396547189,28.41136559847,-0.0001344021058429,-5.168007074018987e-05,indoor,2026-05-01T21:55:09.834478+0000,-0.165522,8936560bce9b,hewlett,1.0,2066
2026-05-01T14:55:24-07:00,38,37.42931332436454,-122.1735225948231,27.0872850919593,-5.075997723480441e-05,0.0001023737208072,indoor,2026-05-01T21:55:24.170256+0000,0.170256,f8c397a2f5d5,hewlett,1.0,2074
2026-05-01T14:55:37-07:00,39,37.42939003495974,-122.1734790603971,26.6970704068796,0.0,0.0,indoor,2026-05-01T21:55:38.488237+0000,1.488237,bb2427be3065,hewlett,1.0,2082
2026-05-01T14:55:50-07:00,40,37.42937910469487,-122.1736460046115,26.7644818792085,3.7417020820385005e-05,-8.621540203535005e-06,indoor,2026-05-01T21:55:49.893720+0000,-0.10628,28f4e4037a7b,hewlett,1.0,2090
2026-05-01T14:56:03-07:00,41,37.42939295122849,-122.1737093791356,26.8598337498944,1.912036993445554e-05,-4.7881455401466155e-05,indoor,2026-05-01T21:56:03.507130+0000,0.50713,fca1c2280290,hewlett,1.0,2097
2026-05-01T14:56:17-07:00,42,37.42938054505007,-122.1737258379932,27.1445176012583,5.873064003480977e-05,-9.555302568742265e-05,indoor,2026-05-01T21:56:18.554376+0000,1.554376,57ee382a35d9,hewlett,1.0,2106
2026-05-01T14:56:30-07:00,43,37.42919043513592,-122.1739913918268,26.9022131436037,-1.788012548331608e-05,0.0001609807107456,indoor,2026-05-01T21:56:29.951063+0000,-0.048937,cf8e2166c83f,hewlett,1.0,2114
2026-05-01T14:56:43-07:00,44,37.42929665597831,-122.1735120899662,26.8753515305058,-0.0001267439742846,-0.0003243836392243,indoor,2026-05-01T21:56:43.558869+0000,0.558869,5cfdb7011113,hewlett,1.0,2121
2026-05-01T14:56:56-07:00,45,37.42920258307153,-122.1736256520843,26.9025717251467,5.0021366639896314e-05,0.0002367611784279,indoor,2026-05-01T21:56:54.939465+0000,-1.060535,35dc35545c75,hewlett,1.0,2129
2026-05-01T14:57:10-07:00,46,37.42919468074404,-122.1735368824448,27.429099070058,-1.0587683014762206e-05,6.385009193365931e-05,indoor,2026-05-01T21:57:09.962639+0000,-0.037361,6008f25a2fdd,hewlett,1.0,2138
2026-05-01T14:57:23-07:00,47,37.42945129832002,-122.1728975291815,37.3944664001465,-0.0002628803914248,-0.0005636271011582,indoor,2026-05-01T21:57:23.581029+0000,0.581029,7ccd347280b8,hewlett,1.0,2145
2026-05-01T14:57:36-07:00,48,37.42931984856778,-122.1735545877315,35.4621238708496,0.000203856478997,0.0006876311383336,indoor,2026-05-01T21:57:35.004464+0000,-0.995536,aa1e90ddf48d,hewlett,2.0,2153
2026-05-01T14:57:45-07:00,49,37.4293743535248,-122.1735058235881,35.8619651794434,-4.451079000489244e-05,3.6416871807887205e-05,indoor,2026-05-01T21:57:44.997155+0000,-0.002845,c8789b185a71,hewlett,2.0,2159
2026-05-01T14:57:48-07:00,50,37.4293743535248,-122.1735058235881,35.8619651794434,-9.944554413721107e-06,2.5136343879239575e-05,indoor,2026-05-01T21:57:48.581564+0000,0.581564,66ca813ce01c,hewlett,2.0,2160
2026-05-01T14:57:51-07:00,51,37.4293743535248,-122.1735058235881,35.8619651794434,0.0,0.0,indoor,2026-05-01T21:57:49.957521+0000,-1.042479,66ca813ce01c,hewlett,2.0,2162
2026-05-01T14:57:54-07:00,52,37.4293743535248,-122.1735058235881,35.8619651794434,-1.3685161114551591e-05,3.0256638225978295e-05,indoor,2026-05-01T21:57:54.278032+0000,0.278032,1f763ece9975,hewlett,2.0,2164
2026-05-01T14:58:07-07:00,53,37.4293530572285,-122.1734693964514,28.979793548584,0.0,0.0,indoor,2026-05-01T21:58:05.034816+0000,-1.965184,689d8a272468,hewlett,2.0,2171
2026-05-01T14:58:21-07:00,54,37.42928273928825,-122.1735127129568,30.693660736084,0.0,0.0,indoor,2026-05-01T21:58:05.034816+0000,-15.965184,689d8a272468,hewlett,2.0,2171
2026-05-01T14:58:34-07:00,55,37.42932915419098,-122.1734901009095,32.6438880679254,0.0,0.0,indoor,2026-05-01T21:58:05.034816+0000,-28.965184,689d8a272468,hewlett,2.0,2171
2026-05-01T14:58:47-07:00,56,37.42932914330569,-122.1734900897663,32.8944302179823,0.0,0.0,null,,,,,,
2026-05-01T14:59:01-07:00,57,37.42932912465471,-122.1734900706735,32.9333298861081,0.0,0.0,null,,,,,,
2026-05-01T14:59:25-07:00,58,37.42932911733814,-122.1734900631835,32.9333298861081,0.0,0.0,null,,,,,,
2026-05-01T14:59:53-07:00,59,37.42932911251474,-122.1734900582459,32.9333298861081,0.0,0.0,null,,,,,,
2026-05-01T15:00:08-07:00,60,37.42932913149521,-122.1734900491327,32.9338906466061,7.097362975372329e-05,-0.0001133490675613,null,,,,,,
2026-05-01T15:02:18-07:00,61,37.42932913549457,-122.1734900731228,32.9338906466061,0.0,0.0,null,,,,,,
2026-05-01T15:02:42-07:00,62,37.42932915859839,-122.1734900444513,36.2967026103458,0.0,0.0,null,,,,,,
2026-05-01T15:02:59-07:00,63,37.42932916034506,-122.1734900399179,36.2967026103458,0.0,0.0,null,,,,,,
2026-05-01T15:03:50-07:00,64,37.42932915887866,-122.1734900621119,36.2967026103458,0.0,0.0,null,,,,,,
2026-05-01T15:04:03-07:00,65,37.42932828412609,-122.1734901035801,36.2878506053409,0.0,0.0,null,,,,,,
2026-05-01T15:04:16-07:00,66,37.42932916222864,-122.1734900366245,36.2963249553165,0.0,0.0,null,,,,,,
2026-05-01T15:04:30-07:00,67,37.42932916222875,-122.1734900366246,32.4067646461986,0.0,0.0,null,,,,,,
2026-05-01T15:04:43-07:00,68,37.42932918966678,-122.1734900660289,32.4067646461986,0.0,0.0,null,,,,,,
2026-05-01T15:04:56-07:00,69,37.42932918966816,-122.1734900660289,36.2967026103458,0.0,0.0,null,,,,,,
2026-05-01T15:05:10-07:00,70,37.42932916092808,-122.1734900814427,32.0650551568974,0.0,0.0,null,,,,,,
2026-05-01T15:59:14-07:00,1,37.42932897076435,-122.1734900567019,33.2692996801956,0.0,0.0,indoor,2026-05-01T22:59:12.701747+0000,-1.298253,2c4da7df7a9e,packard,2.0,2180
2026-05-01T15:59:17-07:00,2,37.42932882536078,-122.1734900216688,33.263661557637,0.0,0.0,indoor,2026-05-01T22:59:16.989048+0000,-0.010952,60933e80ded4,packard,2.0,2182
2026-05-01T15:59:20-07:00,3,37.42932882536081,-122.1734900216688,33.2692996801956,0.0,0.0,indoor,2026-05-01T22:59:21.285718+0000,1.285718,63c5225e7487,packard,2.0,2184
2026-05-01T15:59:24-07:00,4,37.42932882536098,-122.1734900216688,33.2692996801956,0.0,0.0,indoor,2026-05-01T22:59:22.634897+0000,-1.365103,63c5225e7487,packard,2.0,2186
2026-05-01T15:59:27-07:00,5,37.42932883852217,-122.1734900248404,33.2692996801956,0.0,0.0,indoor,2026-05-01T22:59:26.991026+0000,-0.008974,d8ffe99d1433,packard,2.0,2188
2026-05-01T15:59:30-07:00,6,37.42932883852234,-122.1734900248404,33.2692996801956,0.0,0.0,indoor,2026-05-01T22:59:31.313876+0000,1.313876,fc29fd750738,packard,2.0,2190
2026-05-01T15:59:33-07:00,7,37.42932884014603,-122.1734900252317,33.2692996801956,-2.5379260435442975e-05,2.4644603882961665e-05,indoor,2026-05-01T22:59:32.672448+0000,-0.327552,fc29fd750738,packard,2.0,2192
2026-05-01T15:59:37-07:00,8,37.42932884014618,-122.1734900252317,33.2692996801956,-2.5147816693049663e-05,2.899258743127575e-05,indoor,2026-05-01T22:59:37.000697+0000,0.000697,d247c1b87fcb,packard,2.0,2194
2026-05-01T15:59:40-07:00,9,37.42932884014652,-122.1734900252318,33.2692996801956,0.0,0.0,indoor,2026-05-01T22:59:41.326655+0000,1.326655,c8d88d4b02fe,packard,2.0,2196
2026-05-01T15:59:43-07:00,10,37.42932869192272,-122.1734899895189,33.263661557637,0.0,0.0,indoor,2026-05-01T22:59:42.700120+0000,-0.29988,c8d88d4b02fe,packard,2.0,2198
2026-05-01T15:59:47-07:00,11,37.42932877044152,-122.1734900084392,33.2692996801956,0.0,0.0,indoor,2026-05-01T22:59:47.007964+0000,0.007964,b7ae86913866,packard,2.0,2200
2026-05-01T15:59:50-07:00,12,37.42932829098569,-122.1735535075484,29.124080657959,0.0,0.0,indoor,2026-05-01T22:59:51.320473+0000,1.320473,1c3d49b037aa,packard,2.0,2202
2026-05-01T15:59:53-07:00,13,37.42932829098569,-122.1735535075484,29.124080657959,0.0001143983629958,1.545466564323315e-05,indoor,2026-05-01T22:59:52.680145+0000,-0.319855,1c3d49b037aa,packard,2.0,2204
2026-05-01T16:00:07-07:00,14,37.42932947227179,-122.1734990374379,33.0152837498299,8.802891147041692e-05,-1.1737029595337845e-05,indoor,2026-05-01T23:00:07.034158+0000,0.034158,e45bbe9693f1,packard,2.0,2212
2026-05-01T16:00:20-07:00,15,37.42932917429998,-122.1734973374183,32.9847801984669,0.0,0.0,indoor,2026-05-01T23:00:21.361022+0000,1.361022,65021f93cfde,packard,2.0,2220
2026-05-01T16:00:33-07:00,16,37.42932930300633,-122.173497175103,33.0332426511004,0.0,0.0,indoor,2026-05-01T23:00:32.724965+0000,-0.275035,49c3c23d0acc,packard,2.0,2228
2026-05-01T16:00:47-07:00,17,37.42932905620941,-122.1734971121283,33.0332426511004,0.0,0.0,indoor,2026-05-01T23:00:47.044821+0000,0.044821,da9c81443ea6,packard,2.0,2236
2026-05-01T16:01:00-07:00,18,37.42932909493761,-122.1734971212737,33.0332426511004,0.0,0.0,indoor,2026-05-01T23:01:01.372970+0000,1.37297,0b60f8f4c302,packard,2.0,2244
2026-05-01T16:01:14-07:00,19,37.42932906940465,-122.173497115052,33.0332426511004,0.0,0.0,indoor,2026-05-01T23:01:12.756223+0000,-1.243777,77b08d03c929,packard,2.0,2252
2026-05-01T16:01:27-07:00,20,37.42932929475962,-122.1734971697852,33.0332426511004,0.0,0.0,indoor,2026-05-01T23:01:27.084477+0000,0.084477,2c4395c28c29,packard,2.0,2260
2026-05-01T16:01:40-07:00,21,37.42932912078236,-122.1734971275302,33.0332426511004,0.0,0.0,indoor,2026-05-01T23:01:41.401204+0000,1.401204,980a92163e8d,packard,2.0,2268
2026-05-01T16:01:53-07:00,22,37.42932909926217,-122.1734971223035,33.0332426511004,0.0,0.0,indoor,2026-05-01T23:01:52.775667+0000,-0.224333,374b268f06e3,packard,2.0,2276
2026-05-01T16:02:07-07:00,23,37.42932688263584,-122.1734525366455,30.8485984802246,0.0,0.0,indoor,2026-05-01T23:02:07.104087+0000,0.104087,ecf8a88bfa24,packard,2.0,2284
2026-05-01T16:02:20-07:00,24,37.42930794615883,-122.1734756395442,30.8076438903809,-4.761210689707641e-06,5.829019431757841e-05,indoor,2026-05-01T23:02:21.445884+0000,1.445884,09224daa7d9f,packard,1.0,2292
2026-05-01T16:02:33-07:00,25,37.42925147220105,-122.1734399283745,34.3743459011282,0.0,0.0,outdoor,2026-05-01T23:02:32.797435+0000,-0.202565,e36f8fb798b6,packard,1.0,2300
2026-05-01T16:02:41-07:00,26,37.42926339138462,-122.1735076626208,29.642635345459,0.0,0.0,outdoor,2026-05-01T23:02:41.438521+0000,0.438521,f266e73df72c,packard,1.0,2304
2026-05-01T16:02:44-07:00,27,37.42927579270654,-122.1735161788903,33.0668183624744,0.0,0.0,outdoor,2026-05-01T23:02:42.792560+0000,-1.20744,f266e73df72c,packard,1.0,2306
2026-05-01T16:02:53-07:00,28,37.42923289562013,-122.1733790232913,35.6332969665527,0.0,0.0,outdoor,2026-05-01T23:02:52.872583+0000,-0.127417,ef301169f834,packard,1.0,2312
2026-05-01T16:02:56-07:00,29,37.42925322531224,-122.1733295847245,32.8088645935059,0.0,0.0,outdoor,2026-05-01T23:02:56.451164+0000,0.451164,ffc853f9e846,packard,1.0,2313
2026-05-01T16:02:59-07:00,30,37.4292615597768,-122.1732808127324,33.1831016540527,0.0,0.0,outdoor,2026-05-01T23:02:57.819781+0000,-1.180219,ffc853f9e846,packard,1.0,2315
2026-05-01T16:03:03-07:00,31,37.42925834887349,-122.1732141170958,34.1273460388184,0.0,0.0,outdoor,2026-05-01T23:03:02.817178+0000,-0.182822,02c4457a2137,packard,1.0,2318
2026-05-01T16:03:06-07:00,32,37.42926016742792,-122.1731715262717,34.1864282106981,0.0,0.0,outdoor,2026-05-01T23:03:06.458006+0000,0.458006,f94b2cd2ebed,packard,1.0,2319
2026-05-01T16:03:09-07:00,33,37.42927204785226,-122.1731353840058,33.3764000898227,0.0,0.0,outdoor,2026-05-01T23:03:07.823457+0000,-1.176543,f94b2cd2ebed,packard,1.0,2321
2026-05-01T16:03:13-07:00,34,37.42928448208225,-122.1730939202814,32.0442772721872,0.0,0.0,outdoor,2026-05-01T23:03:12.866495+0000,-0.133505,aafb7c7cf212,packard,1.0,2324
2026-05-01T16:03:16-07:00,35,37.42928425461739,-122.173054722854,32.1655236165971,0.0,0.0,outdoor,2026-05-01T23:03:16.471129+0000,0.471129,31545be388ab,packard,1.0,2325
2026-05-01T16:03:19-07:00,36,37.42929348862825,-122.1730045431224,31.0089684752747,0.0,0.0,outdoor,2026-05-01T23:03:17.857590+0000,-1.14241,31545be388ab,packard,1.0,2327
2026-05-01T16:03:23-07:00,37,37.42929446550072,-122.1729518125411,28.4758266081283,0.0,0.0,outdoor,2026-05-01T23:03:22.821760+0000,-0.17824,bb9abd842310,packard,1.0,2330
2026-05-01T16:03:30-07:00,38,37.42930951448876,-122.172807389622,28.8007164001465,0.0,0.0,outdoor,2026-05-01T23:03:31.503841+0000,1.503841,65b1955f8c39,packard,1.0,2334
2026-05-01T16:03:33-07:00,39,37.42930874465787,-122.1727969309525,28.8007164001465,0.0,0.0,outdoor,2026-05-01T23:03:32.979249+0000,-0.020751,65b1955f8c39,packard,1.0,2336
2026-05-01T16:03:46-07:00,40,37.42926362017056,-122.1726498001072,26.0140208245938,0.0,0.0,outdoor,2026-05-01T23:03:46.503298+0000,0.503298,b9332a9fbfab,packard,1.0,2343
2026-05-01T16:04:00-07:00,41,37.42922647624599,-122.1726117429403,29.8990387956701,0.0,0.0,outdoor,2026-05-01T23:04:01.503196+0000,1.503196,b1821d4663cf,packard,1.0,2352
2026-05-01T16:04:13-07:00,42,37.42919994467984,-122.1726270239632,29.9439128300978,0.0,0.0,outdoor,2026-05-01T23:04:12.905136+0000,-0.094864,e6550d96f60f,packard,1.0,2360
2026-05-01T16:04:19-07:00,43,37.42898299277908,-122.1725959808983,29.0693321228027,3.3913941379636898e-06,5.166844843529361e-05,outdoor,2026-05-01T23:04:17.879834+0000,-1.120166,d56b5a1b717d,packard,1.0,2363
2026-05-01T16:04:22-07:00,44,37.42896544309184,-122.172583356609,24.847076020151,-4.656807207936709e-05,-3.733714267184496e-05,outdoor,2026-05-01T23:04:22.285360+0000,0.28536,e28e6afcce2f,packard,1.0,2365
2026-05-01T16:04:25-07:00,45,37.42896544309184,-122.172583356609,24.847076020151,-3.395197933286914e-05,1.135111887151652e-05,outdoor,2026-05-01T23:04:26.514627+0000,1.514627,de3b8b889f76,packard,1.0,2367
2026-05-01T16:04:29-07:00,46,37.42894350857679,-122.1725827269115,24.9562393226683,0.0,0.0,outdoor,2026-05-01T23:04:27.917380+0000,-1.08262,de3b8b889f76,packard,1.0,2369
2026-05-01T16:04:32-07:00,47,37.42892706194947,-122.1725753262042,29.1944910554313,0.0,0.0,outdoor,2026-05-01T23:04:32.209480+0000,0.20948,24e40c78efc2,packard,1.0,2371
2026-05-01T16:04:35-07:00,48,37.42882794704049,-122.172456923986,29.252498626709,0.0,0.0,outdoor,2026-05-01T23:04:36.517844+0000,1.517844,60556a829216,packard,1.0,2373
2026-05-01T16:04:39-07:00,49,37.42882794704049,-122.172456923986,29.252498626709,-3.096492795151562e-05,7.941186231619213e-05,outdoor,2026-05-01T23:04:37.869906+0000,-1.130094,60556a829216,packard,1.0,2375
2026-05-01T16:04:42-07:00,50,37.42884977591093,-122.1724593930813,29.352160780912,-6.323461767721028e-05,9.637477104718072e-05,outdoor,2026-05-01T23:04:42.210560+0000,0.21056,37386f3bf358,packard,1.0,2377
2026-05-01T16:04:50-07:00,51,37.42876541804283,-122.1722874419039,28.5691184997559,6.629610297181898e-05,-6.67063639667731e-05,outdoor,2026-05-01T23:04:51.552497+0000,1.552497,49f88fde9d02,packard,1.0,2382
2026-05-01T16:04:53-07:00,52,37.42876397558408,-122.1722881764884,25.6465026384415,-1.520031468515981e-05,6.778775704674445e-05,outdoor,2026-05-01T23:04:53.041459+0000,0.041459,49f88fde9d02,packard,1.0,2384
2026-05-01T16:04:56-07:00,53,37.42876397558408,-122.1722881764884,25.6465026384415,-3.660359774926297e-05,8.5569791210105e-05,outdoor,2026-05-01T23:04:56.556925+0000,0.556925,855fa0558c7f,packard,1.0,2385
2026-05-01T16:05:00-07:00,54,37.42876034702376,-122.1722729627037,25.6465026384415,-2.7641806049416573e-05,6.310585031599203e-05,outdoor,2026-05-01T23:05:01.544252+0000,1.544252,d07f11624860,packard,1.0,2388
2026-05-01T16:05:05-07:00,55,37.42869299839943,-122.1720469651019,28.3025779724121,5.0915627980430145e-05,-0.0001148077513732,outdoor,2026-05-01T23:05:06.552053+0000,1.552053,6a8b4e205a9d,packard,1.0,2391
2026-05-01T16:05:08-07:00,56,37.42869299839943,-122.1720469651019,28.3025779724121,2.2733582980549727e-06,1.6302916634458595e-06,outdoor,2026-05-01T23:05:07.957576+0000,-0.042424,6a8b4e205a9d,packard,1.0,2393
2026-05-01T16:05:11-07:00,57,37.42868646846524,-122.1720391846049,24.9438828605989,-3.486872941493857e-06,9.435225848619666e-06,outdoor,2026-05-01T23:05:11.552618+0000,0.552618,30a87c73f7dc,packard,1.0,2394
2026-05-01T16:05:22-07:00,58,37.42859550544947,-122.1719114040785,29.082576751709,7.233952005236688e-05,-8.75142418692576e-05,outdoor,2026-05-01T23:05:22.241739+0000,0.241739,b258b6750c7c,packard,1.0,2401
2026-05-01T16:05:25-07:00,59,37.42859550544947,-122.1719114040785,29.082576751709,0.0,0.0,outdoor,2026-05-01T23:05:26.565674+0000,1.565674,dbcd08db9980,packard,1.0,2403
2026-05-01T16:05:28-07:00,60,37.42858626708667,-122.1718982800554,29.3838745855362,0.0,0.0,outdoor,2026-05-01T23:05:27.943083+0000,-0.056917,dbcd08db9980,packard,1.0,2405
2026-05-01T16:05:32-07:00,61,37.4285789958432,-122.1718929487267,29.3838745855362,0.0,0.0,outdoor,2026-05-01T23:05:32.226086+0000,0.226086,610fb0ac41d8,packard,1.0,2407
2026-05-01T16:05:37-07:00,62,37.42852929876189,-122.1718449410533,33.2453269958496,0.0,0.0,outdoor,2026-05-01T23:05:37.236856+0000,0.236856,5babad09b37b,packard,1.0,2410
2026-05-01T16:05:40-07:00,63,37.42852929876189,-122.1718449410533,33.2453269958496,0.0,0.0,outdoor,2026-05-01T23:05:41.575441+0000,1.575441,72a11ddff09b,packard,1.0,2412
2026-05-01T16:05:53-07:00,64,37.42854838439985,-122.1718548615475,29.3842427038223,5.077986306645252e-05,0.0001009800202069,outdoor,2026-05-01T23:05:53.288998+0000,0.288998,f882e101aa3c,packard,1.0,2420
2026-05-01T16:06:07-07:00,65,37.42875053044792,-122.1715950207547,28.5073204040527,-0.0001091484372324,-0.0002153974052134,outdoor,2026-05-01T23:06:07.305855+0000,0.305855,cb0355034d7e,packard,1.0,2428
2026-05-01T16:06:20-07:00,66,37.42895397432886,-122.1714958069648,27.3284568786621,-4.6146798489132834e-05,-3.219521393305058e-05,outdoor,2026-05-01T23:06:21.611563+0000,1.611563,a2271b42bb96,packard,1.0,2436
2026-05-01T16:06:34-07:00,67,37.42899320456831,-122.171522289639,29.3702602450798,2.1193504380789815e-05,0.0001771947333821,indoor,2026-05-01T23:06:32.968326+0000,-1.031674,60e3d7e2b1a5,packard,1.0,2444
2026-05-01T16:06:43-07:00,68,37.4289827709307,-122.1715491998443,29.3852612279922,0.0,0.0,indoor,2026-05-01T23:06:42.965936+0000,-0.034064,ce21631896b9,packard,1.0,2450
2026-05-01T16:06:46-07:00,69,37.4289827709307,-122.1715491998443,29.3852612279922,-1.2432890265756696e-05,-4.541479808040094e-05,indoor,2026-05-01T23:06:46.636251+0000,0.636251,fbc46fa08d1a,packard,1.0,2451
2026-05-01T16:07:00-07:00,70,37.42865418280575,-122.171602355341,28.8301027449358,-1.1890338292630531e-05,-4.0271855667128875e-05,indoor,2026-05-01T23:07:01.601117+0000,1.601117,5c7a745ab30a,380,1.0,2460
2026-05-01T16:07:13-07:00,71,37.42863579659549,-122.1716031687179,28.3894073382826,-8.660854305730936e-06,0.0001030896238916,indoor,2026-05-01T23:07:12.972877+0000,-0.027123,4d719a586063,380,1.0,2468
2026-05-01T16:07:27-07:00,72,37.42902661278372,-122.1715434191757,28.0454268353505,-9.18192091106107e-05,-0.00010625072278,indoor,2026-05-01T23:07:26.653979+0000,-0.346021,c634c84ccff8,380,1.0,2475
2026-05-01T16:07:40-07:00,73,37.42908049915955,-122.1711774081134,28.1160239430337,-1.2491795644109516e-05,-0.0001814349915179,indoor,2026-05-01T23:07:33.025735+0000,-6.974265,9ce876d3164e,380,1.0,2480
2026-05-01T16:07:53-07:00,74,37.42897425202337,-122.1712004355706,28.7667337484144,1.7711642207984823e-05,-1.8266818415213493e-05,indoor,2026-05-01T23:07:33.025735+0000,-19.974265,9ce876d3164e,380,1.0,2480
2026-05-01T16:08:07-07:00,75,37.42902128691461,-122.1712075543587,31.9519423955325,0.0,0.0,null,,,,,,
2026-05-01T16:09:02-07:00,76,37.42901688521149,-122.1712580906371,32.620392599616,0.0,0.0,null,,,,,,
2026-05-01T16:09:42-07:00,77,37.42893792655595,-122.1712881504316,31.9419459813479,0.0,0.0,null,,,,,,
2026-05-01T16:09:56-07:00,78,37.42930254154061,-122.1712567603003,31.9549331181887,-0.0002394309704527,-5.052810081451739e-06,null,,,,,,
2026-05-01T16:12:46-07:00,79,37.42934409803516,-122.1712725811363,34.2905745770053,0.0,0.0,null,,,,,,
2026-05-01T16:13:00-07:00,80,37.42937056412788,-122.1712824397127,33.4745831749587,0.0,0.0,null,,,,,,
2026-05-01T16:13:13-07:00,81,37.42937109690551,-122.1712823729295,33.4745831749587,-3.11622465005712e-05,-7.647730626557413e-08,null,,,,,,
2026-05-01T16:13:16-07:00,82,37.42937128948186,-122.1712823680827,33.4745831749587,0.0,0.0,null,,,,,,
2026-05-01T16:13:20-07:00,83,37.42937128948186,-122.1712823680827,33.4745831749587,0.0,0.0,null,,,,,,
2026-05-01T16:13:23-07:00,84,37.42937144310185,-122.1712823591784,33.4745831749587,0.0,0.0,null,,,,,,
2026-05-01T16:13:26-07:00,85,37.42937156251202,-122.1712823512835,33.4745831749587,0.0,0.0,null,,,,,,
2026-05-01T16:13:30-07:00,86,37.42937167840174,-122.1712823436212,33.4745927117018,0.0,0.0,null,,,,,,
2026-05-01T16:13:33-07:00,87,37.42937179096668,-122.1712823361788,33.4745927117018,0.0,0.0,null,,,,,,
2026-05-01T16:13:36-07:00,88,37.42937194579062,-122.1712823014937,33.4770036003737,0.0,0.0,null,,,,,,
2026-05-01T16:13:39-07:00,89,37.42937205204037,-122.1712822944688,33.4745927117018,0.0,0.0,null,,,,,,
2026-05-01T16:13:43-07:00,90,37.42937282146137,-122.1712821459173,33.4745927117018,0.0,0.0,null,,,,,,
2026-05-01T16:13:46-07:00,91,37.4293728602475,-122.1712822698397,33.4745927117018,0.0,0.0,null,,,,,,
2026-05-01T16:13:49-07:00,92,37.42937311942597,-122.1712822255506,33.4770036003737,0.0,0.0,null,,,,,,
2026-05-01T16:13:53-07:00,93,37.42937321267721,-122.1712824229194,33.4745927117018,0.0,0.0,null,,,,,,
2026-05-01T16:13:56-07:00,94,37.42937331314491,-122.1712824165361,33.4745927117018,0.0,0.0,null,,,,,,
2026-05-01T16:13:59-07:00,95,37.42937315250884,-122.1712820612434,34.2560332485257,0.0,0.0,null,,,,,,
2026-05-01T16:14:03-07:00,96,37.42937275179547,-122.1712817617779,34.2560370632229,0.0,0.0,null,,,,,,
2026-05-01T16:14:16-07:00,97,37.42936925626949,-122.1712799501835,34.234342086777,0.0,0.0,null,,,,,,
2026-05-01T16:14:29-07:00,98,37.42936968091489,-122.1712796919655,34.2356707717599,0.0,0.0,null,,,,,,
2026-05-01T16:14:39-07:00,99,37.42937019130996,-122.1712795330575,34.2363651754549,0.0,0.0,null,,,,,,
2026-05-01T16:14:42-07:00,100,37.42937019130996,-122.1712795330575,34.2363651754549,0.0,0.0,null,,,,,,
2026-05-01T16:14:45-07:00,101,37.42937034321319,-122.1712795350688,34.2363651754549,0.0,0.0,null,,,,,,
2026-05-01T16:14:49-07:00,102,37.42937045488836,-122.1712795360873,34.2363651754549,0.0,0.0,null,,,,,,
2026-05-01T16:14:52-07:00,103,37.42937056369007,-122.1712795370796,34.2363651754549,0.0,0.0,null,,,,,,
2026-05-01T16:14:56-07:00,104,37.42937066972786,-122.1712795380468,34.2363651754549,0.0,0.0,null,,,,,,
2026-05-01T16:14:59-07:00,105,37.42937087376522,-122.1712795404799,34.2363728048494,0.0,0.0,null,,,,,,
2026-05-01T16:15:02-07:00,106,37.42937107831011,-122.1712795428697,34.2363728048494,0.0,0.0,null,,,,,,
2026-05-01T16:15:06-07:00,107,37.42937116904,-122.1712795436972,34.2363728048494,0.0,0.0,null,,,,,,
2026-05-01T16:15:09-07:00,108,37.4293713013868,-122.171279518192,34.238779878824,0.0,0.0,null,,,,,,
2026-05-01T16:15:12-07:00,109,37.4293713878053,-122.1712795189801,34.238779878824,0.0,0.0,null,,,,,,
2026-05-01T16:15:16-07:00,110,37.42937147218418,-122.1712795197498,34.2363728048494,0.0,0.0,null,,,,,,
2026-05-01T16:15:19-07:00,111,37.42937176512542,-122.171279498501,34.238779878824,0.0,0.0,null,,,,,,
2026-05-01T16:15:22-07:00,112,37.42937184301017,-122.1712794992114,34.2363728048494,0.0,0.0,null,,,,,,
2026-05-01T16:15:25-07:00,113,37.42937209213348,-122.17127950396,34.2363728048494,0.0,0.0,null,,,,,,
2026-05-01T16:15:29-07:00,114,37.42937234355025,-122.1712795086513,34.2363728048494,0.0,0.0,null,,,,,,
2026-05-01T16:15:32-07:00,115,37.42937241098421,-122.1712795092664,34.2363728048494,0.0,0.0,null,,,,,,
2026-05-01T16:15:35-07:00,116,37.42937265870898,-122.1712795136574,34.2363728048494,0.0,0.0,null,,,,,,
2026-05-01T16:15:39-07:00,117,37.42937272088073,-122.1712795142245,34.2363728048494,0.0,0.0,null,,,,,,
2026-05-01T16:15:42-07:00,118,37.42937278183285,-122.1712795147804,34.2363804342439,0.0,0.0,null,,,,,,
2026-05-01T16:15:45-07:00,119,37.42937305464002,-122.1712795193759,34.2363804342439,0.0,0.0,null,,,,,,
2026-05-01T16:15:49-07:00,120,37.42937331637914,-122.1712795236893,34.2363804342439,0.0,0.0,null,,,,,,
2026-05-01T16:15:52-07:00,121,37.42937337158357,-122.1712795241929,34.2363804342439,0.0,0.0,null,,,,,,
2026-05-01T16:15:55-07:00,122,37.42937342572893,-122.1712795246867,34.2363804342439,0.0,0.0,null,,,,,,
2026-05-01T16:15:59-07:00,123,37.4293737029117,-122.1712795290636,34.2363804342439,0.0,0.0,null,,,,,,
2026-05-01T16:16:02-07:00,124,37.4293737531623,-122.171279529522,34.2363804342439,0.0,0.0,null,,,,,,
2026-05-01T16:16:05-07:00,125,37.42937394676575,-122.1712795358152,34.2363804342439,0.0,0.0,null,,,,,,
2026-05-01T16:16:09-07:00,126,37.42937399444381,-122.1712795362501,34.2363804342439,0.0,0.0,null,,,,,,
2026-05-01T16:16:12-07:00,127,37.42937404118505,-122.1712795366765,34.2363804342439,0.0,0.0,null,,,,,,
2026-05-01T16:16:15-07:00,128,37.42937433208704,-122.1712795408838,34.2363804342439,0.0,0.0,null,,,,,,
2026-05-01T16:16:19-07:00,129,37.42937461290995,-122.1712795448959,34.2363804342439,0.0,0.0,null,,,,,,
2026-05-01T16:16:22-07:00,130,37.42937465521177,-122.1712795452817,34.2363804342439,0.0,0.0,null,,,,,,
2026-05-01T16:16:25-07:00,131,37.429374937505,-122.1712795492433,34.2363804342439,0.0,0.0,null,,,,,,
2026-05-01T16:16:29-07:00,132,37.42937520898084,-122.1712795530152,34.2363804342439,0.0,0.0,null,,,,,,
2026-05-01T16:16:32-07:00,133,37.42937524648485,-122.1712795533573,34.2363804342439,0.0,0.0,null,,,,,,
2026-05-01T16:16:35-07:00,134,37.4293755139374,-122.1712795570101,34.2363918783357,0.0,0.0,null,,,,,,
2026-05-01T16:16:39-07:00,135,37.42937577855351,-122.1712795605929,34.1010786828582,0.0,0.0,null,,,,,,
2026-05-01T16:16:42-07:00,136,37.42937581277008,-122.171279560905,34.1010786828582,0.0,0.0,null,,,,,,
2026-05-01T16:16:45-07:00,137,37.42937530745898,-122.1712782909258,34.1010786828582,0.0,0.0,null,,,,,,
2026-05-01T16:16:49-07:00,138,37.42937556608273,-122.1712782318199,34.1034666833465,0.0,0.0,null,,,,,,
2026-05-01T16:16:52-07:00,139,37.42937585578018,-122.1712782824621,34.1010786828582,0.0,0.0,null,,,,,,
2026-05-01T16:16:55-07:00,140,37.42937612861946,-122.1712783301573,34.1010786828582,0.0,0.0,null,,,,,,
2026-05-01T16:16:59-07:00,141,37.42937655191905,-122.1712783792684,34.1034666833465,0.0,0.0,null,,,,,,
2026-05-01T16:17:02-07:00,142,37.42937655249339,-122.1712783793707,34.1010786828582,0.0,0.0,null,,,,,,
2026-05-01T16:17:06-07:00,143,37.42937664898078,-122.1712783965687,34.1034666833465,0.0,0.0,null,,,,,,
2026-05-01T16:17:09-07:00,144,37.4293766489825,-122.171278396569,34.1010786828582,0.0,0.0,null,,,,,,
2026-05-01T16:17:12-07:00,145,37.42937664898585,-122.1712783965696,34.1010786828582,0.0,0.0,null,,,,,,
2026-05-01T16:17:15-07:00,146,37.42937664898585,-122.1712783965696,34.1010786828582,0.0,0.0,null,,,,,,
2026-05-01T16:17:19-07:00,147,37.42937765489785,-122.1712785758711,34.1010786828582,0.0,0.0,null,,,,,,
2026-05-01T16:17:22-07:00,148,37.42937765489785,-122.1712785758711,34.1010786828582,0.0,0.0,null,,,,,,
2026-05-01T16:17:26-07:00,149,37.42937767770305,-122.1712785799361,34.1010786828582,0.0,0.0,null,,,,,,
2026-05-01T16:17:29-07:00,150,37.42937779171436,-122.1712786002583,34.1010786828582,0.0,0.0,null,,,,,,
2026-05-01T16:17:42-07:00,151,37.42937982769792,-122.1712789198101,34.1010786828582,0.0,0.0,null,,,,,,
2026-05-01T16:17:46-07:00,152,37.42938066580079,-122.1712790783648,34.1010786828582,0.0,0.0,null,,,,,,
2026-05-01T16:17:49-07:00,153,37.42938066580079,-122.1712790783648,34.1010786828582,0.0,0.0,null,,,,,,
2026-05-01T16:17:52-07:00,154,37.42938080304867,-122.1712791043298,34.1010786828582,0.0,0.0,null,,,,,,
2026-05-01T16:18:06-07:00,155,37.42938218403382,-122.1712792947073,34.1010786828582,0.0,0.0,null,,,,,,
2026-05-01T16:18:15-07:00,156,37.42938297807299,-122.1712794397624,34.1010786828582,0.0,0.0,null,,,,,,
2026-05-01T16:18:18-07:00,157,37.42938297807299,-122.1712794397624,34.1010786828582,0.0,0.0,null,,,,,,
2026-05-01T16:18:22-07:00,158,37.42938302590301,-122.1712794107134,34.1034666833465,0.0,0.0,null,,,,,,
2026-05-01T16:18:25-07:00,159,37.42938302590353,-122.1712794107136,34.1034666833465,0.0,0.0,null,,,,,,
2026-05-01T16:18:28-07:00,160,37.42938306273765,-122.171279423163,34.1034666833465,0.0,0.0,null,,,,,,
2026-05-01T16:18:32-07:00,161,37.42938306273808,-122.1712794231631,34.1034666833465,0.0,0.0,null,,,,,,
2026-05-01T16:18:35-07:00,162,37.42938306273854,-122.1712794231632,34.1010786828582,0.0,0.0,null,,,,,,
2026-05-01T16:18:38-07:00,163,37.42938309553419,-122.1712794342498,34.1010786828582,0.0,0.0,null,,,,,,
2026-05-01T16:18:42-07:00,164,37.4293830955346,-122.17127943425,34.1010786828582,0.0,0.0,null,,,,,,
2026-05-01T16:18:45-07:00,165,37.42938309553502,-122.1712794342501,34.1010786828582,0.0,0.0,null,,,,,,
2026-05-01T16:18:48-07:00,166,37.42938309553541,-122.1712794342502,34.1010786828582,0.0,0.0,null,,,,,,
2026-05-01T16:18:52-07:00,167,37.42938312519301,-122.1712794442761,34.1010786828582,0.0,0.0,null,,,,,,
2026-05-01T16:18:55-07:00,168,37.4293831251934,-122.1712794442762,34.1010786828582,0.0,0.0,null,,,,,,
2026-05-01T16:18:58-07:00,169,37.42938312756788,-122.1712794450789,34.2379056640046,0.0,0.0,null,,,,,,
2026-05-01T16:19:02-07:00,170,37.42938312519417,-122.1712794442765,34.2311786651611,0.0,0.0,null,,,,,,
2026-05-01T16:19:05-07:00,171,37.42938312519417,-122.1712794442765,34.2311786651611,0.0,0.0,null,,,,,,
2026-05-01T16:19:08-07:00,172,37.42938312519453,-122.1712794442766,34.2454210243992,0.0,0.0,null,,,,,,
2026-05-01T16:19:21-07:00,173,37.42938330351569,-122.1712794650987,34.2311786651611,0.0,0.0,null,,,,,,
2026-05-01T16:19:24-07:00,174,37.42938330351608,-122.1712794650988,34.2354007937238,0.0,0.0,null,,,,,,
2026-05-01T16:19:27-07:00,175,37.42938330351612,-122.1712794650989,34.2354007937238,0.0,0.0,null,,,,,,
2026-05-01T16:19:31-07:00,176,37.42938330351637,-122.171279465099,34.237509619421,0.0,0.0,null,,,,,,
2026-05-01T16:19:34-07:00,177,37.42938330351665,-122.1712794650991,34.237509619421,0.0,0.0,null,,,,,,
2026-05-01T16:19:37-07:00,178,37.42938330351692,-122.1712794650992,34.237509619421,0.0,0.0,null,,,,,,
2026-05-01T16:19:41-07:00,179,37.42938334560493,-122.1712794395283,34.237509619421,0.0,0.0,null,,,,,,
2026-05-01T16:19:44-07:00,180,37.42938334560517,-122.1712794395284,34.237509619421,0.0,0.0,null,,,,,,
2026-05-01T16:19:47-07:00,181,37.42938336364457,-122.1712794488249,34.237509619421,0.0,0.0,null,,,,,,
2026-05-01T16:19:50-07:00,182,37.4293833636448,-122.1712794488251,34.237509619421,0.0,0.0,null,,,,,,
2026-05-01T16:19:54-07:00,183,37.42938336364503,-122.1712794488252,34.237509619421,0.0,0.0,null,,,,,,
2026-05-01T16:19:57-07:00,184,37.42938336585622,-122.1712794499647,34.237509619421,0.0,0.0,null,,,,,,
2026-05-01T16:20:00-07:00,185,37.42938338276433,-122.1712794586782,34.237509619421,0.0,0.0,null,,,,,,
2026-05-01T16:20:04-07:00,186,37.42938339832816,-122.171279466699,34.237509619421,0.0,0.0,null,,,,,,
2026-05-01T16:20:07-07:00,187,37.42938339832836,-122.1712794666991,34.237509619421,0.0,0.0,null,,,,,,
2026-05-01T16:20:10-07:00,188,37.42938339832857,-122.1712794666992,34.237509619421,0.0,0.0,null,,,,,,
2026-05-01T16:20:14-07:00,189,37.42938339832876,-122.1712794666993,34.237509619421,0.0,0.0,null,,,,,,
2026-05-01T16:20:17-07:00,190,37.42938339832896,-122.1712794666994,34.237509619421,0.0,0.0,null,,,,,,
2026-05-01T16:20:20-07:00,191,37.42938340024858,-122.1712794676887,34.237509619421,0.0,0.0,null,,,,,,
2026-05-01T16:20:23-07:00,192,37.42938340024877,-122.1712794676888,34.237509619421,0.0,0.0,null,,,,,,
2026-05-01T16:20:27-07:00,193,37.42938340024897,-122.1712794676889,34.237509619421,0.0,0.0,null,,,,,,
2026-05-01T16:20:30-07:00,194,37.42938340024917,-122.171279467689,34.237509619421,0.0,0.0,null,,,,,,
2026-05-01T16:20:33-07:00,195,37.42938340024937,-122.1712794676891,34.237509619421,0.0,0.0,null,,,,,,
2026-05-01T16:20:37-07:00,196,37.42938340024956,-122.1712794676892,34.237509619421,0.0,0.0,null,,,,,,
2026-05-01T16:20:40-07:00,197,37.42938340024975,-122.1712794676893,34.237509619421,0.0,0.0,null,,,,,,
2026-05-01T16:20:43-07:00,198,37.42938340024995,-122.1712794676894,34.237509619421,0.0,0.0,null,,,,,,
2026-05-01T16:20:47-07:00,199,37.42938340025015,-122.1712794676895,34.237509619421,0.0,0.0,null,,,,,,
2026-05-01T16:20:50-07:00,200,37.42938340025034,-122.1712794676896,34.237509619421,0.0,0.0,null,,,,,,
2026-05-01T16:20:53-07:00,201,37.42938340025054,-122.1712794676897,34.237509619421,0.0,0.0,null,,,,,,
2026-05-01T16:20:56-07:00,202,37.42938340025071,-122.1712794676898,34.237509619421,0.0,0.0,null,,,,,,
2026-05-01T16:21:00-07:00,203,37.4293834503018,-122.1712794530368,34.2398976199093,0.0,0.0,null,,,,,,
2026-05-01T16:21:03-07:00,204,37.4293834503018,-122.1712794530368,29.9063488146723,0.0,0.0,null,,,,,,
2026-05-01T16:21:06-07:00,205,37.4293835013697,-122.1712794853878,34.237509619421,0.0,0.0,null,,,,,,
2026-05-01T16:21:10-07:00,206,37.42938350136982,-122.1712794853879,34.237509619421,0.0,0.0,null,,,,,,
2026-05-01T16:21:13-07:00,207,37.42938350136993,-122.171279485388,34.237509619421,0.0,0.0,null,,,,,,
2026-05-01T16:21:16-07:00,208,37.42938351041032,-122.171279491115,34.237509619421,0.0,0.0,null,,,,,,
2026-05-01T16:21:20-07:00,209,37.42938351041043,-122.171279491115,34.237509619421,0.0,0.0,null,,,,,,
2026-05-01T16:21:23-07:00,210,37.42938351041055,-122.1712794911151,34.237509619421,0.0,0.0,null,,,,,,
2026-05-01T16:21:26-07:00,211,37.42938351041064,-122.1712794911152,34.237509619421,0.0,0.0,null,,,,,,
2026-05-01T16:21:29-07:00,212,37.42938351041076,-122.1712794911152,34.237509619421,0.0,0.0,null,,,,,,
2026-05-01T16:21:33-07:00,213,37.42938351041087,-122.1712794911153,34.237509619421,0.0,0.0,null,,,,,,
2026-05-01T16:21:36-07:00,214,37.42938351041097,-122.1712794911154,34.237509619421,0.0,0.0,null,,,,,,
2026-05-01T16:21:39-07:00,215,37.42938351150321,-122.1712794918073,34.1010786828582,0.0,0.0,null,,,,,,
2026-05-01T16:21:43-07:00,216,37.42938354827061,-122.1712794789032,34.1034666833465,0.0,0.0,null,,,,,,
2026-05-01T16:21:46-07:00,217,37.42938354827061,-122.1712794789032,34.1010786828582,0.0,0.0,null,,,,,,
2026-05-01T16:21:49-07:00,218,37.42938354827071,-122.1712794789033,34.1010786828582,0.0,0.0,null,,,,,,
2026-05-01T16:21:52-07:00,219,37.42938355560674,-122.1712794846371,34.1010786828582,0.0,0.0,null,,,,,,
2026-05-01T16:21:56-07:00,220,37.42938355560683,-122.1712794846372,34.1010786828582,0.0,0.0,null,,,,,,
2026-05-01T16:21:59-07:00,221,37.42938355560692,-122.1712794846373,34.1010786828582,0.0,0.0,null,,,,,,
2026-05-01T16:22:03-07:00,222,37.42938355560702,-122.1712794846373,34.1010786828582,0.0,0.0,null,,,,,,
2026-05-01T16:22:06-07:00,223,37.42938355560711,-122.1712794846374,34.1010786828582,0.0,0.0,null,,,,,,
2026-05-01T16:22:09-07:00,224,37.42938359032085,-122.1712794732239,34.1010786828582,0.0,0.0,null,,,,,,
2026-05-01T16:22:13-07:00,225,37.42938359632998,-122.1712794790654,34.1010786828582,0.0,0.0,null,,,,,,
2026-05-01T16:22:16-07:00,226,37.4293836246243,-122.1712794618697,34.1010786828582,0.0,0.0,null,,,,,,
2026-05-01T16:22:19-07:00,227,37.42938362462593,-122.1712794618688,34.1010786828582,0.0,0.0,null,,,,,,
2026-05-01T16:22:23-07:00,228,37.42938362462599,-122.1712794618688,34.1010786828582,0.0,0.0,null,,,,,,
2026-05-01T16:22:26-07:00,229,37.42938362949621,-122.171279467899,34.1010786828582,0.0,0.0,null,,,,,,
2026-05-01T16:22:29-07:00,230,37.42938362949627,-122.1712794678991,34.1010786828582,0.0,0.0,null,,,,,,
2026-05-01T16:22:33-07:00,231,37.42938363448491,-122.1712794740759,34.1010786828582,0.0,0.0,null,,,,,,
2026-05-01T16:22:36-07:00,232,37.42938363448498,-122.171279474076,34.1010786828582,0.0,0.0,null,,,,,,
2026-05-01T16:22:39-07:00,233,37.42938363931212,-122.1712794800528,34.1010786828582,0.0,0.0,null,,,,,,
2026-05-01T16:22:43-07:00,234,37.42938366833566,-122.1712794624131,34.1034666833465,0.0,0.0,null,,,,,,
2026-05-01T16:22:56-07:00,235,37.42938372259679,-122.1712794607671,34.2358851628702,0.0,0.0,null,,,,,,
2026-05-01T16:23:10-07:00,236,37.4293838259657,-122.1712794979281,34.2334910277948,0.0,0.0,null,,,,,,
2026-05-01T16:23:28-07:00,237,37.42938386118441,-122.1712795514078,34.2334844080788,0.0,0.0,null,,,,,,
2026-05-01T16:24:54-07:00,238,37.42938389772251,-122.1712795630869,34.2349305945272,0.0,0.0,null,,,,,,
2026-05-01T16:24:57-07:00,239,37.42938387937652,-122.1712795959192,34.2349305945272,0.0,0.0,null,,,,,,
2026-05-01T16:25:00-07:00,240,37.42938387929146,-122.1712795959918,34.2349305945272,0.0,0.0,null,,,,,,
2026-05-01T16:25:14-07:00,241,37.42938391255438,-122.1712795832397,34.2352477162691,0.0,0.0,null,,,,,,
2026-05-01T16:25:23-07:00,242,37.42938392639853,-122.1712795785633,34.2349081417807,0.0,0.0,null,,,,,,
2026-05-01T16:25:26-07:00,243,37.42938392639853,-122.1712795785633,34.2349081417807,0.0,0.0,null,,,,,,
2026-05-01T16:25:30-07:00,244,37.42938392639845,-122.1712795785633,34.2348579513578,0.0,0.0,null,,,,,,
2026-05-01T16:25:33-07:00,245,37.42938392020216,-122.1712795827953,34.2349527762382,0.0,0.0,null,,,,,,
2026-05-01T16:25:36-07:00,246,37.42938391451698,-122.1712795866782,34.2349527762382,0.0,0.0,null,,,,,,
2026-05-01T16:25:40-07:00,247,37.4293839145169,-122.1712795866782,34.2349527762382,0.0,0.0,null,,,,,,
2026-05-01T16:25:43-07:00,248,37.42938391451683,-122.1712795866783,34.2349527762382,0.0,0.0,null,,,,,,
2026-05-01T16:25:46-07:00,249,37.42938395658077,-122.1712795611528,34.2373407767265,0.0,0.0,null,,,,,,
2026-05-01T16:25:50-07:00,250,37.42938395658077,-122.1712795611528,29.9037291930172,0.0,0.0,null,,,,,,
2026-05-01T16:25:53-07:00,251,37.42938392829053,-122.1712795799218,34.2349527762382,0.0,0.0,null,,,,,,
2026-05-01T16:25:56-07:00,252,37.42938392340589,-122.1712795831624,34.2349527762382,0.0,0.0,null,,,,,,
2026-05-01T16:25:59-07:00,253,37.42938391899497,-122.1712795860888,34.2349527762382,0.0,0.0,null,,,,,,
2026-05-01T16:26:03-07:00,254,37.42938391844512,-122.1712795864536,34.2349527762382,0.0,0.0,null,,,,,,
2026-05-01T16:26:06-07:00,255,37.42938391844505,-122.1712795864537,34.2349527762382,0.0,0.0,null,,,,,,
2026-05-01T16:26:10-07:00,256,37.42938391408777,-122.1712795893445,34.2349527762382,0.0,0.0,null,,,,,,
2026-05-01T16:26:13-07:00,257,37.42938391001046,-122.1712795920495,34.2349527762382,0.0,0.0,null,,,,,,
2026-05-01T16:26:16-07:00,258,37.42938391001041,-122.1712795920495,34.2349527762382,0.0,0.0,null,,,,,,
2026-05-01T16:26:20-07:00,259,37.42938391001037,-122.1712795920496,34.2349527762382,0.0,0.0,null,,,,,,
2026-05-01T16:26:23-07:00,260,37.42938391001032,-122.1712795920496,34.2349527762382,0.0,0.0,null,,,,,,
2026-05-01T16:26:26-07:00,261,37.42938391001027,-122.1712795920496,34.2349527762382,0.0,0.0,null,,,,,,
2026-05-01T16:26:30-07:00,262,37.42938391001022,-122.1712795920497,34.2349527762382,0.0,0.0,null,,,,,,
2026-05-01T16:26:33-07:00,263,37.4293839095208,-122.1712795923744,34.2349527762382,0.0,0.0,null,,,,,,
2026-05-01T16:26:36-07:00,264,37.42938390580226,-122.1712795948414,34.2349527762382,0.0,0.0,null,,,,,,
2026-05-01T16:26:40-07:00,265,37.42938390533018,-122.1712795951546,34.2349527762382,0.0,0.0,null,,,,,,
2026-05-01T16:26:43-07:00,266,37.42938390533014,-122.1712795951546,34.2349527762382,0.0,0.0,null,,,,,,
2026-05-01T16:26:46-07:00,267,37.42938390487038,-122.1712795954596,34.2349527762382,0.0,0.0,null,,,,,,
2026-05-01T16:26:49-07:00,268,37.42938390487033,-122.1712795954597,34.2349527762382,0.0,0.0,null,,,,,,
2026-05-01T16:26:53-07:00,269,37.42938390487029,-122.1712795954597,34.2349527762382,0.0,0.0,null,,,,,,
2026-05-01T16:26:56-07:00,270,37.42938390487025,-122.1712795954597,34.2349527762382,0.0,0.0,null,,,,,,
2026-05-01T16:26:59-07:00,271,37.42938390441794,-122.1712795957598,34.2349527762382,0.0,0.0,null,,,,,,
2026-05-01T16:27:03-07:00,272,37.4293839044179,-122.1712795957598,34.2349527762382,0.0,0.0,null,,,,,,
2026-05-01T16:27:06-07:00,273,37.42938390395762,-122.1712795960652,34.2349527762382,0.0,0.0,null,,,,,,
2026-05-01T16:27:09-07:00,274,37.42938390395757,-122.1712795960652,34.2349527762382,0.0,0.0,null,,,,,,
2026-05-01T16:27:13-07:00,275,37.42938390349619,-122.1712795963712,34.2349527762382,0.0,0.0,null,,,,,,
2026-05-01T16:27:16-07:00,276,37.42938389993061,-122.1712795987368,34.2349527762382,0.0,0.0,null,,,,,,
2026-05-01T16:27:19-07:00,277,37.42938389993056,-122.1712795987368,34.2349527762382,0.0,0.0,null,,,,,,
2026-05-01T16:27:23-07:00,278,37.42938389442945,-122.1712796023865,34.2349527762382,0.0,0.0,null,,,,,,
2026-05-01T16:27:26-07:00,279,37.42938388936898,-122.1712796057439,34.2349527762382,0.0,0.0,null,,,,,,
2026-05-01T16:27:30-07:00,280,37.42938388936891,-122.1712796057439,34.2349527762382,0.0,0.0,null,,,,,,
2026-05-01T16:27:33-07:00,281,37.42938388936885,-122.1712796057439,34.2349527762382,0.0,0.0,null,,,,,,
2026-05-01T16:27:36-07:00,282,37.42938388936879,-122.171279605744,34.1010786828582,0.0,0.0,null,,,,,,
2026-05-01T16:27:40-07:00,283,37.42938388936872,-122.171279605744,34.1010786828582,0.0,0.0,null,,,,,,
2026-05-01T16:27:43-07:00,284,37.42938388936867,-122.171279605744,34.1010786828582,0.0,0.0,null,,,,,,
2026-05-01T16:27:46-07:00,285,37.42938388936861,-122.1712796057441,34.1010786828582,0.0,0.0,null,,,,,,
2026-05-01T16:27:50-07:00,286,37.42938388936854,-122.1712796057441,34.1010786828582,0.0,0.0,null,,,,,,
2026-05-01T16:27:53-07:00,287,37.42938388936848,-122.1712796057442,34.1010786828582,0.0,0.0,null,,,,,,
2026-05-01T16:27:56-07:00,288,37.42938388936842,-122.1712796057442,34.1010786828582,0.0,0.0,null,,,,,,
2026-05-01T16:28:00-07:00,289,37.42938388936836,-122.1712796057443,34.1010786828582,0.0,0.0,null,,,,,,
2026-05-01T16:28:03-07:00,290,37.4293838893683,-122.1712796057443,34.1010786828582,0.0,0.0,null,,,,,,
2026-05-01T16:28:06-07:00,291,37.42938388936823,-122.1712796057443,34.1010786828582,0.0,0.0,null,,,,,,
2026-05-01T16:28:10-07:00,292,37.42938388936818,-122.1712796057444,34.1010786828582,0.0,0.0,null,,,,,,
2026-05-01T16:28:13-07:00,293,37.42938388936811,-122.1712796057444,34.1010786828582,0.0,0.0,null,,,,,,
2026-05-01T16:28:16-07:00,294,37.42938388936805,-122.1712796057445,34.1010786828582,0.0,0.0,null,,,,,,
2026-05-01T16:28:20-07:00,295,37.42938388936799,-122.1712796057445,34.1010786828582,0.0,0.0,null,,,,,,
2026-05-01T16:28:23-07:00,296,37.42938388936793,-122.1712796057446,34.1010786828582,0.0,0.0,null,,,,,,
2026-05-01T16:28:26-07:00,297,37.42938393682616,-122.1712795768878,34.1034666833465,0.0,0.0,null,,,,,,
2026-05-01T16:28:30-07:00,298,37.42938393682608,-122.1712795768878,34.1010786828582,0.0,0.0,null,,,,,,
2026-05-01T16:28:33-07:00,299,37.42938393682599,-122.1712795768879,34.1010786828582,0.0,0.0,null,,,,,,
2026-05-01T16:28:36-07:00,300,37.4293839368259,-122.171279576888,34.1010786828582,0.0,0.0,null,,,,,,
2026-05-01T16:28:40-07:00,301,37.4293839368258,-122.171279576888,34.1010786828582,0.0,0.0,null,,,,,,
2026-05-01T16:28:43-07:00,302,37.42938398540861,-122.1712795473474,34.1034666833465,0.0,0.0,null,,,,,,
2026-05-01T16:28:46-07:00,303,37.42938398540849,-122.1712795473475,34.1010786828582,0.0,0.0,null,,,,,,
2026-05-01T16:28:50-07:00,304,37.42938403398772,-122.1712795178091,34.1034666833465,0.0,0.0,null,,,,,,
2026-05-01T16:28:53-07:00,305,37.42938403398756,-122.1712795178092,34.1010786828582,0.0,0.0,null,,,,,,
2026-05-01T16:28:56-07:00,306,37.4293840339874,-122.1712795178093,34.1010786828582,0.0,0.0,null,,,,,,
2026-05-01T16:29:00-07:00,307,37.42938403398723,-122.1712795178094,34.1010786828582,0.0,0.0,null,,,,,,
2026-05-01T16:29:03-07:00,308,37.42938403398708,-122.1712795178095,34.1010786828582,0.0,0.0,null,,,,,,
2026-05-01T16:29:07-07:00,309,37.42938403247155,-122.1712795187647,34.1010786828582,0.0,0.0,null,,,,,,
2026-05-01T16:29:10-07:00,310,37.42938407893807,-122.171279490545,34.1034666833465,0.0,0.0,null,,,,,,
2026-05-01T16:29:13-07:00,311,37.42938407893789,-122.1712794905451,34.1010786828582,0.0,0.0,null,,,,,,
2026-05-01T16:29:16-07:00,312,37.42938407893771,-122.1712794905452,34.1010786828582,0.0,0.0,null,,,,,,
2026-05-01T16:29:20-07:00,313,37.42938407893752,-122.1712794905453,34.1010786828582,0.0,0.0,null,,,,,,
2026-05-01T16:29:23-07:00,314,37.42938407893733,-122.1712794905454,34.1010786828582,0.0,0.0,null,,,,,,
2026-05-01T16:29:26-07:00,315,37.42938407893715,-122.1712794905455,34.1010786828582,0.0,0.0,null,,,,,,
2026-05-01T16:29:30-07:00,316,37.42938407893696,-122.1712794905456,34.1010786828582,0.0,0.0,null,,,,,,
2026-05-01T16:29:33-07:00,317,37.42938407893678,-122.1712794905457,34.1010786828582,0.0,0.0,null,,,,,,
2026-05-01T16:29:36-07:00,318,37.42938407893661,-122.1712794905458,34.1010786828582,0.0,0.0,null,,,,,,
2026-05-01T16:29:40-07:00,319,37.42938407893642,-122.1712794905459,34.1010786828582,0.0,0.0,null,,,,,,
2026-05-01T16:29:43-07:00,320,37.42938407893624,-122.171279490546,34.1010786828582,0.0,0.0,null,,,,,,
2026-05-01T16:29:46-07:00,321,37.42938407893605,-122.1712794905461,34.1010786828582,0.0,0.0,null,,,,,,
2026-05-01T16:29:50-07:00,322,37.42938407893587,-122.1712794905463,34.1010786828582,0.0,0.0,null,,,,,,
2026-05-01T16:29:53-07:00,323,37.42938412702928,-122.1712794613032,34.1034666833465,0.0,0.0,null,,,,,,
2026-05-01T16:29:56-07:00,324,37.42938412702907,-122.1712794613034,34.1010786828582,0.0,0.0,null,,,,,,
2026-05-01T16:30:00-07:00,325,37.42938412702885,-122.1712794613035,34.1010786828582,0.0,0.0,null,,,,,,
2026-05-01T16:30:03-07:00,326,37.42938412702863,-122.1712794613036,34.1010786828582,0.0,0.0,null,,,,,,
2026-05-01T16:30:06-07:00,327,37.42938412702841,-122.1712794613038,34.1010786828582,0.0,0.0,null,,,,,,
2026-05-01T16:30:10-07:00,328,37.42938412702819,-122.1712794613039,34.1010786828582,0.0,0.0,null,,,,,,
2026-05-01T16:30:13-07:00,329,37.42938412702797,-122.171279461304,34.1010786828582,0.0,0.0,null,,,,,,
2026-05-01T16:30:16-07:00,330,37.42938412702775,-122.1712794613042,34.1010786828582,0.0,0.0,null,,,,,,
2026-05-01T16:30:20-07:00,331,37.42938412702733,-122.1712794613044,34.2474883578606,0.0,0.0,null,,,,,,
2026-05-01T16:30:23-07:00,332,37.42938412702733,-122.1712794613044,34.2474883578606,0.0,0.0,null,,,,,,
2026-05-01T16:30:26-07:00,333,37.42938412702726,-122.1712794613045,34.2357275439585,0.0,0.0,null,,,,,,
2026-05-01T16:30:30-07:00,334,37.42938412702706,-122.1712794613046,34.2311786651611,0.0,0.0,null,,,,,,
2026-05-01T16:30:33-07:00,335,37.42938412702695,-122.1712794613046,34.238122122132,0.0,0.0,null,,,,,,
2026-05-01T16:30:36-07:00,336,37.42938412702675,-122.1712794613047,34.2338250191839,0.0,0.0,null,,,,,,
2026-05-01T16:30:40-07:00,337,37.42938412702653,-122.1712794613049,34.2311786651611,0.0,0.0,null,,,,,,
2026-05-01T16:30:43-07:00,338,37.42938412702631,-122.171279461305,34.2311786651611,0.0,0.0,null,,,,,,
2026-05-01T16:30:46-07:00,339,37.4293841270261,-122.1712794613051,34.2311786651611,0.0,0.0,null,,,,,,
2026-05-01T16:30:50-07:00,340,37.42938412702588,-122.1712794613053,34.2311786651611,0.0,0.0,null,,,,,,
2026-05-01T16:30:53-07:00,341,37.42938412702566,-122.1712794613054,34.2311786651611,0.0,0.0,null,,,,,,
2026-05-01T16:30:56-07:00,342,37.42938412702546,-122.1712794613055,34.2311786651611,0.0,0.0,null,,,,,,
2026-05-01T16:30:59-07:00,343,37.42938412702525,-122.1712794613056,34.2311786651611,0.0,0.0,null,,,,,,
2026-05-01T16:31:03-07:00,344,37.42938412702504,-122.1712794613058,34.1010786828582,0.0,0.0,null,,,,,,
2026-05-01T16:31:06-07:00,345,37.42938412702483,-122.1712794613059,34.1010786828582,0.0,0.0,null,,,,,,
2026-05-01T16:31:09-07:00,346,37.42938412702461,-122.171279461306,34.1010786828582,0.0,0.0,null,,,,,,
2026-05-01T16:31:13-07:00,347,37.4293841270244,-122.1712794613062,34.1010786828582,0.0,0.0,null,,,,,,
2026-05-01T16:31:16-07:00,348,37.42938412702421,-122.1712794613063,34.1010786828582,0.0,0.0,null,,,,,,
2026-05-01T16:31:19-07:00,349,37.42938412702399,-122.1712794613064,34.1010786828582,0.0,0.0,null,,,,,,
2026-05-01T16:31:22-07:00,350,37.42938412702377,-122.1712794613065,34.1010786828582,0.0,0.0,null,,,,,,
2026-05-01T16:31:26-07:00,351,37.42938412702355,-122.1712794613067,34.1010786828582,0.0,0.0,null,,,,,,
2026-05-01T16:31:29-07:00,352,37.42938412702335,-122.1712794613068,34.1010786828582,0.0,0.0,null,,,,,,
2026-05-01T16:31:32-07:00,353,37.42938412702313,-122.1712794613069,34.1010786828582,0.0,0.0,null,,,,,,
2026-05-01T16:31:36-07:00,354,37.42938412702294,-122.1712794613071,34.1010786828582,0.0,0.0,null,,,,,,
2026-05-01T16:31:39-07:00,355,37.42938412702273,-122.1712794613072,34.1010786828582,0.0,0.0,null,,,,,,
2026-05-01T16:31:42-07:00,356,37.42938412702251,-122.1712794613073,34.1010786828582,0.0,0.0,null,,,,,,
2026-05-01T16:31:45-07:00,357,37.4293841270223,-122.1712794613075,34.1010786828582,0.0,0.0,null,,,,,,
2026-05-01T16:31:49-07:00,358,37.42938412702209,-122.1712794613076,34.1010786828582,0.0,0.0,null,,,,,,
2026-05-01T16:31:52-07:00,359,37.42938417518464,-122.1712794320225,34.1034666833465,0.0,0.0,null,,,,,,
2026-05-01T16:31:55-07:00,360,37.42938417518464,-122.1712794320225,34.1010786828582,0.0,0.0,null,,,,,,
2026-05-01T16:31:59-07:00,361,37.42938417518438,-122.1712794320226,34.1034666833465,0.0,0.0,null,,,,,,
2026-05-01T16:32:02-07:00,362,37.42938415660041,-122.1712794435796,34.1010786828582,0.0,0.0,null,,,,,,
2026-05-01T16:32:05-07:00,363,37.42938415660018,-122.1712794435797,34.1010786828582,0.0,0.0,null,,,,,,
2026-05-01T16:32:09-07:00,364,37.42938415659994,-122.1712794435798,34.1010786828582,0.0,0.0,null,,,,,,
2026-05-01T16:32:12-07:00,365,37.42938413976649,-122.1712794540481,34.1010786828582,0.0,0.0,null,,,,,,
2026-05-01T16:32:15-07:00,366,37.42938408954589,-122.171279485743,34.2501666171924,0.0,0.0,null,,,,,,
2026-05-01T16:32:29-07:00,367,37.42938379765764,-122.1712796668052,34.234838531427,0.0,0.0,null,,,,,,
2026-05-01T16:33:17-07:00,368,37.4293838625679,-122.1712796273775,34.234838531427,0.0,0.0,null,,,,,,
2026-05-01T16:33:31-07:00,369,37.42938394521956,-122.1712795771406,34.1010786828582,0.0,0.0,null,,,,,,
2026-05-01T16:33:44-07:00,370,37.42938390465413,-122.1712796018069,34.1010786828582,0.0,0.0,null,,,,,,
2026-05-01T16:33:54-07:00,371,37.42938390064442,-122.1712796042451,34.1010786828582,0.0,0.0,null,,,,,,
2026-05-01T16:33:57-07:00,372,37.42938390064442,-122.1712796042451,34.1010786828582,0.0,0.0,null,,,,,,
2026-05-01T16:34:00-07:00,373,37.42938389590895,-122.1712796071245,34.1010786828582,0.0,0.0,null,,,,,,
2026-05-01T16:34:04-07:00,374,37.42938389590888,-122.1712796071246,34.1010786828582,0.0,0.0,null,,,,,,
2026-05-01T16:34:07-07:00,375,37.42938389590883,-122.1712796071246,34.1010786828582,0.0,0.0,null,,,,,,
2026-05-01T16:34:10-07:00,376,37.42938389147789,-122.1712796098188,34.1010786828582,0.0,0.0,null,,,,,,
2026-05-01T16:34:14-07:00,377,37.42938389147783,-122.1712796098189,34.1010786828582,0.0,0.0,null,,,,,,
2026-05-01T16:34:17-07:00,378,37.42938389147778,-122.1712796098189,34.1010786828582,0.0,0.0,null,,,,,,
2026-05-01T16:34:20-07:00,379,37.42938389147773,-122.1712796098189,34.1010786828582,0.0,0.0,null,,,,,,
2026-05-01T16:34:24-07:00,380,37.42938389147767,-122.171279609819,34.1010786828582,0.0,0.0,null,,,,,,
2026-05-01T16:34:27-07:00,381,37.42938389147762,-122.171279609819,34.1010786828582,0.0,0.0,null,,,,,,
2026-05-01T16:34:40-07:00,382,37.42938389386573,-122.171279608367,34.1010786828582,0.0,0.0,null,,,,,,
2026-05-01T16:34:44-07:00,383,37.42938387083642,-122.17127962237,34.1010786828582,0.0,0.0,null,,,,,,
2026-05-01T16:34:47-07:00,384,37.42938391764872,-122.1712795939057,34.1034666833465,0.0,0.0,null,,,,,,
2026-05-01T16:34:51-07:00,385,37.42938391172618,-122.1712795975069,34.1010786828582,0.0,0.0,null,,,,,,
2026-05-01T16:34:54-07:00,386,37.42938390625326,-122.1712796008347,34.1010786828582,0.0,0.0,null,,,,,,
2026-05-01T16:34:57-07:00,387,37.42938390129384,-122.1712796038503,34.1010786828582,0.0,0.0,null,,,,,,
2026-05-01T16:35:01-07:00,388,37.42938394318909,-122.1712795783758,34.1034666833465,0.0,0.0,null,,,,,,
2026-05-01T16:35:10-07:00,389,37.42934610960951,-122.1712846590566,26.5551414489746,0.0,0.0,null,,,,,,
2026-05-01T16:35:13-07:00,390,37.42934610960951,-122.1712846590566,26.5551414489746,0.0,0.0,null,,,,,,
2026-05-01T16:35:16-07:00,391,37.42935353814794,-122.1712836755357,34.1010786828582,0.0,0.0,null,,,,,,
2026-05-01T17:00:07-07:00,1,37.42895941803722,-122.1712073899698,33.6573860772524,0.0003806560349699,0.0001448608323783,indoor,2026-05-02T00:00:05.566242+0000,-1.433758,65f3a1e2d3d8,380,1.0,2498
2026-05-01T17:00:20-07:00,2,37.42899021907698,-122.1711876653566,30.1098076714014,-5.5745260375772486e-05,-3.408150885775285e-05,indoor,2026-05-02T00:00:19.802588+0000,-0.197412,c224bbfeb1f2,380,1.0,2506
2026-05-01T17:00:33-07:00,3,37.42917319712236,-122.1710903313447,28.1019132138718,-0.0001870357907307,-0.00015245517001,indoor,2026-05-02T00:00:34.177982+0000,1.177982,09d66cab370d,380,1.0,2514
2026-05-01T17:00:47-07:00,4,37.42915833174287,-122.171268558357,29.1170207079074,1.709913929914819e-05,0.0001378931149673,indoor,2026-05-02T00:00:45.577417+0000,-1.422583,d69e32b6f0c3,380,1.0,2522
2026-05-01T17:01:00-07:00,5,37.42911013203152,-122.1714840290749,29.2210245151372,9.216202141715256e-05,0.0001986301160599,indoor,2026-05-02T00:00:59.872803+0000,-0.127197,37a29ec0486c,380,1.0,2530
2026-05-01T17:01:13-07:00,6,37.42916568532949,-122.1711586188946,24.1309364318848,3.756562421131094e-07,-0.0002470342293321,outdoor,2026-05-02T00:01:14.210921+0000,1.210921,7e8f4d671269,380,1.0,2538
2026-05-01T17:01:26-07:00,7,37.42872316787691,-122.1708827443931,20.022518157959,0.000393029685874,-5.605179829615281e-05,outdoor,2026-05-02T00:01:25.632150+0000,-0.36785,9be554f5c375,380,1.0,2546
2026-05-01T17:01:40-07:00,8,37.42891754262077,-122.1707521270368,26.8725242614746,-0.0002672986370413,2.23857141179451e-05,indoor,2026-05-02T00:01:39.902715+0000,-0.097285,27317bf77628,420,1.0,2554
2026-05-01T17:01:53-07:00,9,37.42884415653953,-122.1708807317766,26.3501896945333,1.4203681701019376e-05,8.183914938797443e-05,indoor,2026-05-02T00:01:54.257076+0000,1.257076,c04652d2fe73,420,1.0,2562
2026-05-01T17:02:06-07:00,10,37.42884078081502,-122.1708861292701,27.781179755042,-4.883529780386198e-05,-2.342052040660292e-05,indoor,2026-05-02T00:02:05.641928+0000,-0.358072,75b8a3ba1545,420,1.0,2570
2026-05-01T17:02:19-07:00,11,37.42867686958814,-122.1709660426782,27.8291326161363,8.801925565649071e-05,4.407526535032957e-05,indoor,2026-05-02T00:02:19.254125+0000,0.254125,c463b6de6471,420,1.0,2577
2026-05-01T17:02:33-07:00,12,37.42860351406768,-122.1709570733793,27.8290887471177,-8.119788779481496e-05,-4.0172376046143654e-05,indoor,2026-05-02T00:02:34.255984+0000,1.255984,caaeb8a9742c,420,1.0,2586
2026-05-01T17:02:46-07:00,13,37.4285805163465,-122.1709036827269,27.7372298404638,-3.1436440721677172e-06,3.873332019566078e-05,indoor,2026-05-02T00:02:45.652767+0000,-0.347233,e861b2a33035,420,1.0,2594
2026-05-01T17:02:59-07:00,14,37.42865650716363,-122.1708976029334,27.8288940500792,2.070115981211984e-05,-2.284280667197436e-05,indoor,2026-05-02T00:02:59.284533+0000,0.284533,7a83f13f9fe6,420,1.0,2601
2026-05-01T17:03:12-07:00,15,37.42881623098535,-122.1707911073314,27.6335666656494,-0.0001013138722711,-7.66809189514106e-05,indoor,2026-05-02T00:03:10.663916+0000,-1.336084,1888e55a8edf,420,1.0,2609
2026-05-01T17:03:26-07:00,16,37.42892350903823,-122.1707804029308,27.6312435150146,-3.950324612134182e-05,2.17535432227578e-05,indoor,2026-05-02T00:03:25.689783+0000,-0.310217,c26009588615,420,1.0,2618
2026-05-01T17:03:39-07:00,17,37.42907978359801,-122.1706946297524,27.6312435150147,-5.6004257729114215e-05,-3.701842871350891e-05,indoor,2026-05-02T00:03:39.301720+0000,0.30172,94e1e4f8f438,420,1.0,2625
2026-05-01T17:03:52-07:00,18,37.42910135791527,-122.1706827880644,27.6312435150147,0.0,0.0,indoor,2026-05-02T00:03:50.682405+0000,-1.317595,e3ea8776fe8a,420,1.0,2633
2026-05-01T17:04:05-07:00,19,37.42884133116434,-122.1708000281172,24.0365562438965,0.0003246440296962,0.0001209466419851,outdoor,2026-05-02T00:04:05.020843+0000,0.020843,d35d0bd1ee51,420,1.0,2641
2026-05-01T17:04:19-07:00,20,37.42871729143703,-122.1707283471404,19.146297454834,9.374376221416007e-05,4.926126389648289e-05,outdoor,2026-05-02T00:04:19.358938+0000,0.358938,ee23df81adfd,420,1.0,2649
2026-05-01T17:04:32-07:00,21,37.42856006141513,-122.1705641226118,22.1603050231934,0.0001407894956528,-8.27231700526454e-05,outdoor,2026-05-02T00:04:30.743625+0000,-1.256375,d8d8238ea630,420,1.0,2657
2026-05-01T17:04:45-07:00,22,37.42853779724501,-122.1703950895462,23.701229095459,1.1053657019033596e-05,-0.0001175677545006,outdoor,2026-05-02T00:04:45.052618+0000,0.052618,576ded7dfde2,420,1.0,2665
2026-05-01T17:04:58-07:00,23,37.42855785107184,-122.1704032777632,21.277400970459,-2.8805112030738655e-05,8.72088999983589e-05,outdoor,2026-05-02T00:04:59.365297+0000,1.365297,17ba96279c2e,420,1.0,2673
2026-05-01T17:05:12-07:00,24,37.42859952596648,-122.1703815865066,26.433763425062,-0.000124408089178,5.2872191275810096e-05,indoor,2026-05-02T00:05:10.773529+0000,-1.226471,2f5eb8cb4503,460,1.0,2681
2026-05-01T17:05:25-07:00,25,37.42863004194066,-122.1703648670489,27.0427938436935,-7.908105266096754e-05,-7.547629250836962e-05,indoor,2026-05-02T00:05:25.075968+0000,0.075968,aacd04eb7885,460,1.0,2689
2026-05-01T17:05:38-07:00,26,37.42846458957061,-122.1707364631304,27.6300266265869,0.0001102874506813,0.0003440540028805,indoor,2026-05-02T00:05:39.403137+0000,1.403137,02906c819288,460,1.0,2697
2026-05-01T17:05:51-07:00,27,37.42916446564131,-122.1700740726888,27.6319664001465,-0.0007479597918091,-0.0006730089403106,indoor,2026-05-02T00:05:50.809164+0000,-0.190836,99b465b5597b,460,1.0,2705
2026-05-01T17:06:05-07:00,28,37.42855444595436,-122.1704027227257,27.6316441015772,0.0005465609652191,0.0002875274283553,indoor,2026-05-02T00:06:05.106526+0000,0.106526,40f819421f93,460,1.0,2713
2026-05-01T17:06:18-07:00,29,37.42859930518487,-122.1703817019858,26.4378434168068,-0.0001019359599681,-3.39854498179193e-05,indoor,2026-05-02T00:06:19.437546+0000,1.437546,8925bc9d31c3,460,1.0,2721
2026-05-01T17:06:31-07:00,30,37.42867766456379,-122.17026091783,29.4848208388551,-9.779996156567012e-05,-1.701625149053143e-05,indoor,2026-05-02T00:06:30.850934+0000,-0.149066,120095f1e944,460,2.0,2729
2026-05-01T17:06:45-07:00,31,37.42841572064694,-122.1701966899768,30.3702546308368,0.0002475982519953,-1.5815370261407224e-05,indoor,2026-05-02T00:06:45.161076+0000,0.161076,5966b792256e,460,2.0,2737
2026-05-01T17:06:58-07:00,32,37.42840133476571,-122.1704905883573,29.8103867321542,8.346742902887172e-05,0.0003091974615614,indoor,2026-05-02T00:06:59.464635+0000,1.464635,a0086e51b1d9,460,2.0,2745
2026-05-01T17:07:11-07:00,33,37.42841246555034,-122.1704625065239,29.8471984985053,3.088331037304215e-05,-1.4766708844149434e-05,indoor,2026-05-02T00:07:10.872780+0000,-0.12722,f515627cdf7f,460,2.0,2753
2026-05-01T17:07:24-07:00,34,37.42906893953726,-122.1701437463151,29.5534792643514,-0.0006119689416408,-0.0002989335595486,indoor,2026-05-02T00:07:24.483104+0000,0.483104,1cf4843367c3,460,2.0,2760
2026-05-01T17:07:38-07:00,35,37.42901321318396,-122.1701533377414,29.5525198679891,0.0001000859721003,3.559167635103222e-05,indoor,2026-05-02T00:07:39.486174+0000,1.486174,c8bc3f5de045,460,2.0,2769
2026-05-01T17:07:51-07:00,36,37.42864499866295,-122.1703573952381,28.0307056427002,0.0003915026669787,0.0002075254952984,indoor,2026-05-02T00:07:50.871957+0000,-0.128043,a06057a17204,460,2.0,2777
2026-05-01T17:08:04-07:00,37,37.42863143976283,-122.170281855498,31.6999716148806,4.672493785307097e-05,-6.106065956146267e-05,indoor,2026-05-02T00:08:04.513737+0000,0.513737,7b6c5c411200,460,2.0,2784
2026-05-01T17:08:17-07:00,38,37.42860050360096,-122.1703789178867,26.4378434168068,5.945004203766757e-05,0.000112007329946,indoor,2026-05-02T00:08:15.943194+0000,-1.056806,765d2f8c8d67,460,2.0,2792
2026-05-01T17:08:31-07:00,39,37.4286000755634,-122.1703803664839,26.4378434168068,1.844617325730269e-05,-6.498384490782882e-05,indoor,2026-05-02T00:08:30.928096+0000,-0.071904,aa8909899b01,460,2.0,2801
2026-05-01T17:08:34-07:00,40,37.42859995888289,-122.1703806254971,26.4378434168068,0.0,0.0,indoor,2026-05-02T00:08:34.532405+0000,0.532405,3731e3cbd22c,460,2.0,2802
2026-05-01T17:08:37-07:00,41,37.42860003585792,-122.1703806371204,26.4408112512795,0.0,0.0,indoor,2026-05-02T00:08:35.939004+0000,-1.060996,3731e3cbd22c,460,2.0,2804
2026-05-01T17:08:50-07:00,42,37.42864456806863,-122.1703378245596,22.9715538024902,-1.084412777174748e-05,4.821015647848981e-05,outdoor,2026-05-02T00:08:50.216011+0000,0.216011,3dad3a74707e,460,1.0,2812
2026-05-01T17:09:00-07:00,43,37.42861896463923,-122.1702145725234,23.2239036560059,0.0,0.0,outdoor,2026-05-02T00:09:00.232177+0000,0.232177,5df0126ffdf3,460,1.0,2818
2026-05-01T17:09:03-07:00,44,37.42861896463923,-122.1702145725234,23.2239036560059,0.0,0.0,outdoor,2026-05-02T00:09:04.562278+0000,1.562278,d19023100887,460,1.0,2820
2026-05-01T17:09:15-07:00,45,37.42855978123252,-122.1699546831874,26.3061790466309,-3.507893207199686e-05,-7.965113186969575e-05,outdoor,2026-05-02T00:09:15.213857+0000,0.213857,1d413ac46961,460,1.0,2827
2026-05-01T17:09:18-07:00,46,37.42853808369508,-122.1699006963791,27.8947410583496,0.0,0.0,outdoor,2026-05-02T00:09:19.568229+0000,1.568229,cf6b053a97e3,460,1.0,2829
2026-05-01T17:09:21-07:00,47,37.42853530443195,-122.1698542129151,28.2081871032715,0.0,0.0,outdoor,2026-05-02T00:09:20.900012+0000,-0.099988,cf6b053a97e3,460,1.0,2831
2026-05-01T17:09:24-07:00,48,37.42852859475416,-122.1698055173792,27.7611961364746,0.0,0.0,outdoor,2026-05-02T00:09:24.567719+0000,0.567719,1700ad86e5f0,460,1.0,2832
2026-05-01T17:09:28-07:00,49,37.42851585135922,-122.1697509461498,27.6766321612522,0.0,0.0,outdoor,2026-05-02T00:09:29.567401+0000,1.567401,7ae67e28a21c,460,1.0,2835
2026-05-01T17:09:31-07:00,50,37.42851440109836,-122.1697040739451,27.2115442287177,0.0,0.0,outdoor,2026-05-02T00:09:30.925147+0000,-0.074853,7ae67e28a21c,460,1.0,2837
2026-05-01T17:09:34-07:00,51,37.42851723145981,-122.1696645422022,27.5883752340451,0.0,0.0,outdoor,2026-05-02T00:09:34.583160+0000,0.58316,1b32582b74ee,460,1.0,2838
2026-05-01T17:09:37-07:00,52,37.42851274230373,-122.1696273202516,23.7140932776044,0.0,0.0,outdoor,2026-05-02T00:09:35.959869+0000,-1.040131,1b32582b74ee,460,1.0,2840
2026-05-01T17:09:40-07:00,53,37.42851935667451,-122.1696150726002,28.371486720629,0.0,0.0,outdoor,2026-05-02T00:09:40.225273+0000,0.225273,ec02dd4e7ef2,460,1.0,2842
2026-05-01T17:09:44-07:00,54,37.42852230803825,-122.1695705147668,28.3032496059313,0.0,0.0,outdoor,2026-05-02T00:09:44.570514+0000,0.570514,3b1695c04f40,460,1.0,2844
2026-05-01T17:09:57-07:00,55,37.42849464518479,-122.1694066275871,27.042906884104,0.0,0.0,outdoor,2026-05-02T00:09:56.063941+0000,-0.936059,e8c441d25d17,460,1.0,2852
2026-05-01T17:10:10-07:00,56,37.42889076841831,-122.1694048805999,27.8524566346568,-0.000437951016714,-1.406008681215104e-05,indoor,2026-05-02T00:10:10.260433+0000,0.260433,58718051a9e8,460,1.0,2860
2026-05-01T17:10:24-07:00,57,37.42889469555276,-122.1694089202352,27.5420864104744,-3.824110606842623e-06,-4.7163267467453807e-05,indoor,2026-05-02T00:10:24.568535+0000,0.568535,48316080134e,460,1.0,2868
2026-05-01T17:10:37-07:00,58,37.42837111129518,-122.1697401853992,28.9572523005419,0.0005052030297321,0.0002066543172105,indoor,2026-05-02T00:10:35.970787+0000,-1.029213,0c104a8cae9c,460,1.0,2876
2026-05-01T17:10:50-07:00,59,37.42831965167187,-122.1697361345306,27.8695378772901,-3.259677497879926e-05,1.4614014034464162e-05,indoor,2026-05-02T00:10:50.322116+0000,0.322116,e1fea1c28db8,460,1.0,2884
2026-05-01T17:11:03-07:00,60,37.42848460067881,-122.1698243536193,23.5347303996911,-0.0001988324778565,6.489263314790605e-05,indoor,2026-05-02T00:11:04.626712+0000,1.626712,068529e40f5a,460,1.0,2892
2026-05-01T17:11:17-07:00,61,37.42831691336138,-122.1697609370464,26.7310580200857,7.265129732303421e-05,-9.911386028704784e-05,indoor,2026-05-02T00:11:16.024163+0000,-0.975837,16422ee50180,460,1.0,2900
2026-05-01T17:11:30-07:00,62,37.42831776996908,-122.16955968418,26.9271643412828,-2.86740482522419e-05,-3.741073453511495e-05,indoor,2026-05-02T00:11:30.334826+0000,0.334826,727f73916125,460,1.0,2908
2026-05-01T17:11:43-07:00,63,37.42875486227505,-122.1691602547895,27.57370110137,-0.0003663590438378,-0.0004816459363041,indoor,2026-05-02T00:11:44.655706+0000,1.655706,7297f25f3ec5,460,1.0,2916
2026-05-01T17:11:56-07:00,64,37.42828798036783,-122.1692504045922,27.4129255663604,0.0006005528140491,0.0003689511616471,indoor,2026-05-02T00:11:56.057398+0000,0.057398,daf082d4c727,460,1.0,2924
2026-05-01T17:12:10-07:00,65,37.42850466827041,-122.1694016752832,27.2995772522826,-0.0002014902319515,1.1712570682220758e-05,indoor,2026-05-02T00:12:09.656656+0000,-0.343344,b933c48c4bbf,460,1.0,2931
2026-05-01T17:12:23-07:00,66,37.42845869953123,-122.1693818024487,27.5016894976201,5.7906134074414695e-06,-3.93960917079994e-05,indoor,2026-05-02T00:12:24.688585+0000,1.688585,b9af72d2fbf0,460,1.0,2940
2026-05-01T17:12:36-07:00,67,37.42836875043879,-122.1694304833026,20.2560081481934,0.0002400157728104,-1.164723680346924e-05,outdoor,2026-05-02T00:12:36.125194+0000,0.125194,18336bfafd34,460,1.0,2948
2026-05-01T17:12:49-07:00,68,37.42844859432297,-122.1694570702668,12.3539695739746,-7.992845587523329e-05,1.6766606108831184e-05,outdoor,2026-05-02T00:12:49.703247+0000,0.703247,b3ad078fd0f3,460,1.0,2955
2026-05-01T17:12:57-07:00,69,37.4283808052967,-122.1696704232631,26.1848411560059,-6.371753533329633e-05,3.692364109042501e-05,outdoor,2026-05-02T00:12:56.055142+0000,-0.944858,1fa341868ef2,460,1.0,2960
2026-05-01T17:13:10-07:00,70,37.42826900159974,-122.1697309235339,25.5190086364746,0.0,0.0,outdoor,2026-05-02T00:13:09.714194+0000,-0.285806,f536bf56b770,460,1.0,2967
2026-05-01T17:13:20-07:00,71,37.42815393753964,-122.1696994291492,19.410457611084,0.0,0.0,outdoor,2026-05-02T00:13:19.732190+0000,-0.26781,f486f9d9ff97,460,1.0,2973
2026-05-01T17:13:23-07:00,72,37.42815393753964,-122.1696994291492,19.410457611084,0.0,0.0,outdoor,2026-05-02T00:13:24.730019+0000,1.730019,7ef136febcaf,460,1.0,2976
2026-05-01T17:13:31-07:00,73,37.42802056021749,-122.1697835159694,18.0360069274902,0.0,0.0,outdoor,2026-05-02T00:13:31.101395+0000,0.101395,e2eec8ec306e,460,1.0,2981
2026-05-01T17:13:34-07:00,74,37.4280012346424,-122.1698009450276,21.2049217224121,0.0,0.0,outdoor,2026-05-02T00:13:34.737176+0000,0.737176,f718406f8228,460,1.0,2982
2026-05-01T17:13:37-07:00,75,37.42798453724286,-122.1698171639683,19.5090599060059,0.0,0.0,outdoor,2026-05-02T00:13:36.371726+0000,-0.628274,f718406f8228,460,1.0,2984
2026-05-01T17:13:40-07:00,76,37.42795326106464,-122.1698192458282,19.7077903747559,0.0,0.0,outdoor,2026-05-02T00:13:39.735358+0000,-0.264642,6100fd769afc,460,1.0,2985
2026-05-01T17:13:44-07:00,77,37.42790715608501,-122.1698292451868,19.622005622834,0.0,0.0,outdoor,2026-05-02T00:13:44.764251+0000,0.764251,f75d82b08c52,460,1.0,2988
2026-05-01T17:13:47-07:00,78,37.42786344055812,-122.1698318581956,19.1875878823921,0.0,0.0,outdoor,2026-05-02T00:13:46.222683+0000,-0.777317,f75d82b08c52,460,1.0,2990
2026-05-01T17:13:50-07:00,79,37.42786344055812,-122.1698318581956,19.1875878823921,0.0,0.0,outdoor,2026-05-02T00:13:49.753402+0000,-0.246598,4551f1b5921a,460,1.0,2991
2026-05-01T17:13:53-07:00,80,37.42786344055812,-122.1698318581956,19.1875878823921,0.0,0.0,outdoor,2026-05-02T00:13:54.740130+0000,1.74013,565129b5bc6b,460,1.0,2994
2026-05-01T17:14:02-07:00,81,37.42777898463351,-122.1697978399495,23.6417503356934,0.0,0.0,outdoor,2026-05-02T00:14:01.132886+0000,-0.867114,afe085d6ea81,460,1.0,2999
2026-05-01T17:14:05-07:00,82,37.42777898463351,-122.1697978399495,23.6417503356934,8.430507847378787e-06,-7.296359007113995e-05,outdoor,2026-05-02T00:14:04.754571+0000,-0.245429,5d8b8874442a,460,1.0,3000
2026-05-01T17:14:14-07:00,83,37.42784321972203,-122.1696156323111,23.6226463317871,-0.0001031524443888,3.244838865157362e-05,outdoor,2026-05-02T00:14:14.767731+0000,0.767731,fe6498f82a17,460,1.0,3006
2026-05-01T17:14:17-07:00,84,37.42784321972203,-122.1696156323111,23.6226463317871,-8.001891416140115e-08,-1.5244578662532147e-05,outdoor,2026-05-02T00:14:16.150563+0000,-0.849437,fe6498f82a17,460,1.0,3008
2026-05-01T17:14:29-07:00,85,37.42771902415495,-122.1697658044733,29.5374412536621,0.00012907605619,8.478306469328345e-05,outdoor,2026-05-02T00:14:29.770464+0000,0.770464,2735d3015e2e,460,1.0,3015
2026-05-01T17:14:32-07:00,86,37.42771902415495,-122.1697658044733,29.5374412536621,2.7751781153995346e-05,-5.8384137247458165e-05,outdoor,2026-05-02T00:14:31.145250+0000,-0.85475,2735d3015e2e,460,1.0,3017
2026-05-01T17:14:44-07:00,87,37.42783602380679,-122.169936129443,28.9750938415527,-7.128426712199598e-05,3.5582185958560304e-05,outdoor,2026-05-02T00:14:44.789130+0000,0.78913,40828778c17b,460,1.0,3024
2026-05-01T17:14:47-07:00,88,37.42783602380679,-122.169936129443,28.9750938415527,1.037394027036953e-05,-3.248836425484572e-05,outdoor,2026-05-02T00:14:46.200804+0000,-0.799196,40828778c17b,460,1.0,3026
2026-05-01T17:14:50-07:00,89,37.42783561032406,-122.1699383738189,29.1401034578477,-5.8882093867396186e-08,-1.2798086103771338e-05,outdoor,2026-05-02T00:14:49.798232+0000,-0.201768,d2521caab1be,460,1.0,3027
2026-05-01T17:14:54-07:00,90,37.42785616831534,-122.1700860473319,27.722957611084,-9.36309730548146e-06,4.0030164143445345e-05,outdoor,2026-05-02T00:14:54.797221+0000,0.797221,dc6a862545da,460,1.0,3030
2026-05-01T17:14:57-07:00,91,37.42785616831534,-122.1700860473319,27.722957611084,2.6273944015997586e-06,-2.4758333680097194e-05,outdoor,2026-05-02T00:14:56.166206+0000,-0.833794,dc6a862545da,460,1.0,3032
2026-05-01T17:15:00-07:00,92,37.42784348467952,-122.1700651844773,23.1467213397968,1.4881855022963464e-05,-4.296141663928668e-05,outdoor,2026-05-02T00:14:59.798904+0000,-0.201096,4a2f061468b4,460,1.0,3033
2026-05-01T17:15:07-07:00,93,37.42787622384488,-122.1702795569991,30.3161582946777,-2.2287858726599552e-05,6.742137119886146e-05,outdoor,2026-05-02T00:15:06.147372+0000,-0.852628,e8a2ce45412a,460,1.0,3038
2026-05-01T17:15:10-07:00,94,37.42787533230002,-122.1702759005751,30.3161582946777,1.3193176464198933e-05,-2.454026913767393e-05,outdoor,2026-05-02T00:15:10.339140+0000,0.33914,a36b9a4e8b1c,460,1.0,3039
2026-05-01T17:15:17-07:00,95,37.42789210755139,-122.1703881864642,27.9890098571777,-1.0401938432380469e-05,6.291563067861716e-05,outdoor,2026-05-02T00:15:16.407615+0000,-0.592385,9217b2822624,460,1.0,3044
2026-05-01T17:15:20-07:00,96,37.42789210755139,-122.1703881864642,27.9890098571777,0.0,0.0,outdoor,2026-05-02T00:15:19.809105+0000,-0.190895,bc6be576844f,460,1.0,3045
2026-05-01T17:15:23-07:00,97,37.42789313213818,-122.1703932679286,28.0637903350595,0.0,0.0,outdoor,2026-05-02T00:15:24.817882+0000,1.817882,32d9ada29d47,460,1.0,3048
2026-05-01T17:15:34-07:00,98,37.42791947446524,-122.170561943317,31.8019676208496,0.0,0.0,outdoor,2026-05-02T00:15:34.828651+0000,0.828651,657f80044f76,460,1.0,3054
2026-05-01T17:15:37-07:00,99,37.42791947446524,-122.170561943317,31.8019676208496,0.0,0.0,outdoor,2026-05-02T00:15:36.163021+0000,-0.836979,657f80044f76,460,1.0,3056
2026-05-01T17:15:40-07:00,100,37.42789826202965,-122.1705492053578,23.7596470291723,0.0,0.0,outdoor,2026-05-02T00:15:39.811805+0000,-0.188195,5e5fcda26088,460,1.0,3057
2026-05-01T17:15:52-07:00,101,37.4280068558058,-122.1706778650378,29.602352142334,-3.6634421370251966e-05,-2.7851865297634663e-05,outdoor,2026-05-02T00:15:51.244966+0000,-0.755034,7beb3e50b66b,460,1.0,3065
2026-05-01T17:15:55-07:00,102,37.4280068558058,-122.1706778650378,29.602352142334,0.0,0.0,outdoor,2026-05-02T00:15:54.846531+0000,-0.153469,f16ff697acbe,460,1.0,3066
2026-05-01T17:15:58-07:00,103,37.42799671170118,-122.1706843836777,29.5930362740889,2.698031175185655e-05,-6.265603332167329e-06,outdoor,2026-05-02T00:15:56.349847+0000,-1.650153,f16ff697acbe,460,1.0,3068
2026-05-01T17:16:01-07:00,104,37.42798217292847,-122.1707309535265,23.9314837641176,2.2206775156519143e-06,2.126777121702617e-05,outdoor,2026-05-02T00:16:01.268004+0000,0.268004,f34cbf67dd11,460,1.0,3071
2026-05-01T17:16:15-07:00,105,37.42800593379646,-122.1709698067253,35.1125755310059,3.467504193821469e-05,-1.0190359446937691e-05,outdoor,2026-05-02T00:16:14.849155+0000,-0.150845,908ed04d7b5a,460,1.0,3078
2026-05-01T17:16:28-07:00,106,37.42782216283612,-122.1709001478421,28.0280852466601,0.0002275937478728,-4.433101517520299e-05,indoor,2026-05-02T00:16:26.314573+0000,-1.685427,a3475456b177,460,1.0,3086
2026-05-01T17:16:41-07:00,107,37.42808867460202,-122.1709458595598,28.0820016622543,-0.0002211371472782,6.118009241617983e-05,indoor,2026-05-02T00:16:41.261478+0000,0.261478,fb9256d7416d,460,1.0,3095
2026-05-01T17:16:54-07:00,108,37.42791930926267,-122.1710208030709,28.0431828975666,0.0001748898750761,3.8827444058142646e-05,indoor,2026-05-02T00:16:54.898149+0000,0.898149,bff627618cac,460,1.0,3102
2026-05-01T17:17:08-07:00,109,37.4277271758403,-122.1708989852244,28.0395704332313,0.000226051655602,-0.0001811711513823,indoor,2026-05-02T00:17:06.291197+0000,-1.708803,4d1dacdf83bd,460,1.0,3110
2026-05-01T17:17:21-07:00,110,37.42771290657479,-122.1708821370291,28.0311873274316,-8.378015529331151e-06,-3.8908287677941216e-05,indoor,2026-05-02T00:17:21.287381+0000,0.287381,9f52f0d46486,460,1.0,3119
2026-05-01T17:17:34-07:00,111,37.42804712116671,-122.1709876475186,28.0707234097661,-0.00035876570238,8.701243812936355e-05,indoor,2026-05-02T00:17:34.932254+0000,0.932254,9105dc06d59d,460,1.0,3126
2026-05-01T17:17:47-07:00,112,37.42806054314747,-122.1709784457868,28.1057676156592,-3.7032009231552365e-05,-7.63921273971846e-06,indoor,2026-05-02T00:17:46.339476+0000,-0.660524,976c209d6094,460,1.0,3134
2026-05-01T17:18:01-07:00,113,37.42802003061401,-122.1710233778215,28.7994346618652,2.576983939661659e-05,4.3855395361447336e-05,indoor,2026-05-02T00:18:01.311105+0000,0.311105,a377b34b93de,460,1.0,3143
2026-05-01T17:18:10-07:00,114,37.42801603745455,-122.1710227848962,30.3413963532075,-4.0656958148588274e-05,2.0542247241905898e-05,outdoor,2026-05-02T00:18:09.955652+0000,-0.044348,a7f8b708f0c0,460,1.0,3147
2026-05-01T17:18:13-07:00,115,37.42802531165142,-122.1710259548387,29.5444603189826,0.0,0.0,outdoor,2026-05-02T00:18:11.383443+0000,-1.616557,a7f8b708f0c0,460,1.0,3149
2026-05-01T17:18:16-07:00,116,37.42802614475949,-122.1710257371397,29.2688865903765,0.0,0.0,outdoor,2026-05-02T00:18:15.648297+0000,-0.351703,14206a32d06c,460,1.0,3151
2026-05-01T17:18:19-07:00,117,37.42805935202622,-122.1710870449736,28.3204308161512,0.0,0.0,outdoor,2026-05-02T00:18:19.963619+0000,0.963619,16e040f9cb66,460,1.0,3153
2026-05-01T17:18:23-07:00,118,37.4280280407627,-122.171200569788,26.6212426032871,0.0,0.0,outdoor,2026-05-02T00:18:21.329235+0000,-1.670765,16e040f9cb66,460,1.0,3155
2026-05-01T17:18:26-07:00,119,37.42800654201796,-122.1712122412706,26.8408165471628,0.0,0.0,outdoor,2026-05-02T00:18:25.689956+0000,-0.310044,d1d08fb2025b,460,1.0,3157
2026-05-01T17:18:29-07:00,120,37.42795817209806,-122.1712019854432,26.2958642626181,0.0,0.0,outdoor,2026-05-02T00:18:29.973364+0000,0.973364,44aa0994b703,460,1.0,3159
2026-05-01T17:18:42-07:00,121,37.42797215712622,-122.1711190316526,26.9257005667314,3.1495090922817e-05,-6.272622739800228e-05,indoor,2026-05-02T00:18:41.406137+0000,-0.593863,3e8f4ff820d2,460,1.0,3167
2026-05-01T17:18:56-07:00,122,37.42797940857646,-122.1712183599473,28.0121321303323,0.0,0.0,indoor,2026-05-02T00:18:55.658522+0000,-0.341478,6cb0a1d5886c,460,1.0,3175
2026-05-01T17:19:09-07:00,123,37.42785881203574,-122.1712592757837,28.1505955842646,0.0,0.0,indoor,2026-05-02T00:19:09.980603+0000,0.980603,eb14b209729a,460,1.0,3183
2026-05-01T17:19:22-07:00,124,37.42786219352911,-122.1709929146405,27.0059213191271,-2.740400697120993e-05,-0.0001594630342083,outdoor,2026-05-02T00:19:21.385811+0000,-0.614189,d5b5d9bb9a9f,460,1.0,3191
2026-05-01T17:19:35-07:00,125,37.42781134623592,-122.1712651517045,26.4666727203876,-2.0345449883052533e-05,0.0002273585714078,outdoor,2026-05-02T00:19:35.018385+0000,0.018385,f6b2573ba1b2,460,1.0,3198
2026-05-01T17:19:43-07:00,126,37.42771927919833,-122.1712858326185,26.949212144129,0.0,0.0,outdoor,2026-05-02T00:19:41.508925+0000,-1.491075,df50a981c42c,460,1.0,3203
2026-05-01T17:19:48-07:00,127,37.42770223641488,-122.1712792989325,26.6070778276771,0.0,0.0,outdoor,2026-05-02T00:19:46.402816+0000,-1.597184,5d6a57a5eca9,460,1.0,3206
2026-05-01T17:19:51-07:00,128,37.42771617079939,-122.1712773639376,26.7598039908335,0.0,0.0,outdoor,2026-05-02T00:19:50.719051+0000,-0.280949,d00e2dbd1205,460,1.0,3208
2026-05-01T17:19:57-07:00,129,37.42760846755321,-122.1713006217861,26.7040409287438,0.0,0.0,outdoor,2026-05-02T00:19:56.431545+0000,-0.568455,0488a1fb0dd1,460,1.0,3212
2026-05-01T17:20:00-07:00,130,37.4275818448158,-122.1713006248025,26.5026769144461,0.0,0.0,outdoor,2026-05-02T00:20:00.038293+0000,0.038293,da947a230bc7,460,1.0,3213
2026-05-01T17:20:03-07:00,131,37.42757343577099,-122.1712722913424,26.5176859349012,0.0,0.0,outdoor,2026-05-02T00:20:01.698907+0000,-1.301093,da947a230bc7,460,1.0,3215
2026-05-01T17:20:06-07:00,132,37.42753645834621,-122.1712987643895,26.6234962660819,0.0,0.0,outdoor,2026-05-02T00:20:05.719680+0000,-0.28032,2706f81410e6,460,1.0,3217
2026-05-01T17:20:14-07:00,133,37.42744708961337,-122.1713495607179,26.5191738419235,0.0,0.0,outdoor,2026-05-02T00:20:15.059333+0000,1.059333,929062b87c66,460,1.0,3222
2026-05-01T17:20:17-07:00,134,37.42741997025046,-122.171346494798,26.4306720672175,0.0,0.0,outdoor,2026-05-02T00:20:16.448148+0000,-0.551852,929062b87c66,460,1.0,3224
2026-05-01T17:20:20-07:00,135,37.42740282218384,-122.1714029715612,26.2499523118862,0.0,0.0,outdoor,2026-05-02T00:20:20.034165+0000,0.034165,e8e7d510ee77,460,1.0,3225
2026-05-01T17:20:33-07:00,136,37.42733608967496,-122.1715247060051,26.7131305122748,0.0,0.0,outdoor,2026-05-02T00:20:31.436206+0000,-1.563794,fdb4468b5e1c,460,1.0,3233
2026-05-01T17:20:45-07:00,137,37.42740215634837,-122.1716761420579,27.2467206167057,0.0,0.0,outdoor,2026-05-02T00:20:45.065507+0000,0.065507,e10b51dd3c48,460,1.0,3240
2026-05-01T17:20:50-07:00,138,37.42741721235672,-122.1717357127893,26.565537317656,0.0,0.0,outdoor,2026-05-02T00:20:50.085259+0000,0.085259,6eb1ba10f9e8,460,1.0,3243
2026-05-01T17:20:53-07:00,139,37.427442435521,-122.1717623146401,26.5422512628138,0.0,0.0,outdoor,2026-05-02T00:20:51.447466+0000,-1.552534,6eb1ba10f9e8,460,1.0,3245
2026-05-01T17:20:56-07:00,140,37.42747590293756,-122.1717779347245,26.4528949251398,0.0,0.0,outdoor,2026-05-02T00:20:55.780215+0000,-0.219785,50f509fbc63c,460,1.0,3247
2026-05-01T17:20:59-07:00,141,37.42746040478717,-122.1718201428387,26.5130027635023,0.0,0.0,outdoor,2026-05-02T00:21:00.054124+0000,1.054124,a6ea5b27d6f5,460,1.0,3249
2026-05-01T17:21:03-07:00,142,37.4274426707662,-122.1718580887771,26.7037827521563,0.0,0.0,outdoor,2026-05-02T00:21:01.472309+0000,-1.527691,a6ea5b27d6f5,460,1.0,3251
2026-05-01T17:21:06-07:00,143,37.42747954261417,-122.1718728013021,26.5576938549057,0.0,0.0,outdoor,2026-05-02T00:21:05.716965+0000,-0.283035,58cd4eec0e6a,460,1.0,3253
2026-05-01T17:21:09-07:00,144,37.42749311915436,-122.1718791683509,26.682200031355,0.0,0.0,outdoor,2026-05-02T00:21:10.066641+0000,1.066641,ea5cbaae3bdc,460,1.0,3255
2026-05-01T17:21:22-07:00,145,37.42756639778282,-122.1718700720141,26.7157826945186,-6.302623670961801e-05,2.6015681072522233e-05,outdoor,2026-05-02T00:21:21.521166+0000,-0.478834,367a02ea91a3,460,1.0,3263
2026-05-01T17:21:36-07:00,146,37.42759922587066,-122.1718379509754,26.7195938229561,0.0,0.0,indoor,2026-05-02T00:21:35.773493+0000,-0.226507,644b20be5f75,460,1.0,3271
2026-05-01T17:21:49-07:00,147,37.4275844338538,-122.1717435963314,22.2170373750851,-8.345153617028673e-06,-3.1071016152850475e-05,indoor,2026-05-02T00:21:50.095743+0000,1.095743,57596923cdaa,460,1.0,3279
2026-05-01T17:22:02-07:00,148,37.42765640843434,-122.1717076656615,24.2184105152264,-7.956666183872588e-05,1.0475054324388125e-05,indoor,2026-05-02T00:22:01.471527+0000,-0.528473,6735e16d8913,460,1.0,3287
2026-05-01T17:22:15-07:00,149,37.42752707566839,-122.1716999543106,25.2967491392046,0.0001753726719044,1.7186580308248267e-05,indoor,2026-05-02T00:22:15.133614+0000,0.133614,17471e7a1b4b,460,1.0,3294
2026-05-01T17:22:29-07:00,150,37.42752056999251,-122.1717953987901,27.672659595497,3.9656631976470126e-05,7.70416227311444e-05,indoor,2026-05-02T00:22:30.111464+0000,1.111464,ed64fb265761,460,2.0,3303
2026-05-01T17:22:42-07:00,151,37.42752389477126,-122.1717610790401,26.6327326279134,-4.619648652948166e-05,-9.176779313690986e-05,indoor,2026-05-02T00:22:41.495018+0000,-0.504982,8ad504bc7388,460,2.0,3311
2026-05-01T17:22:55-07:00,152,37.42759584161362,-122.1717454372499,26.551423815079,0.0,0.0,indoor,2026-05-02T00:22:55.131212+0000,0.131212,7390adad4efd,460,2.0,3318
2026-05-01T17:23:08-07:00,153,37.42763275488269,-122.1717420428129,26.2011287687346,0.0,0.0,indoor,2026-05-02T00:23:06.561683+0000,-1.438317,d4b3f733efbb,460,2.0,3326
2026-05-01T17:23:22-07:00,154,37.42768548255124,-122.1718707564471,26.874383806251,0.0,0.0,indoor,2026-05-02T00:23:21.549527+0000,-0.450473,bd31ea27b760,460,1.0,3335
2026-05-01T17:23:35-07:00,155,37.42782389091985,-122.1717816764527,27.2129018586129,-7.507381624801676e-05,-6.890933725837311e-05,outdoor,2026-05-02T00:23:35.168664+0000,0.168664,c9a73d05cfe9,460,1.0,3342
2026-05-01T17:23:39-07:00,156,37.42786577590568,-122.1717679224933,27.6802250305191,6.58678751719321e-05,5.990093812613395e-05,outdoor,2026-05-02T00:23:40.178012+0000,1.178012,f8ac9ef30c4e,460,1.0,3345
2026-05-01T17:23:46-07:00,157,37.42790599676118,-122.1717502118554,27.8961133779958,0.0,0.0,outdoor,2026-05-02T00:23:45.855516+0000,-0.144484,e98d8411cf3d,460,1.0,3349
2026-05-01T17:23:49-07:00,158,37.42793403348454,-122.1717321545483,28.0423220153898,0.0,0.0,outdoor,2026-05-02T00:23:50.188626+0000,1.188626,3eb049b7071f,460,1.0,3351
2026-05-01T17:23:52-07:00,159,37.42794768955544,-122.1717236407261,28.0358825866133,0.0,0.0,outdoor,2026-05-02T00:23:51.571741+0000,-0.428259,3eb049b7071f,460,1.0,3353
2026-05-01T17:23:55-07:00,160,37.42796346678078,-122.1717502425455,28.0404429798946,0.0,0.0,outdoor,2026-05-02T00:23:55.184438+0000,0.184438,a96daa0cfbef,460,1.0,3354
2026-05-01T17:24:04-07:00,161,37.42794958298294,-122.1716594120368,28.2335297493264,0.0,0.0,outdoor,2026-05-02T00:24:05.195175+0000,1.195175,5afef20c554f,460,1.0,3360
2026-05-01T17:24:17-07:00,162,37.4281191883345,-122.1716947568844,28.2811818271875,0.0,0.0,outdoor,2026-05-02T00:24:16.577959+0000,-0.422041,3e5cfbbeafbb,460,1.0,3368
2026-05-01T17:24:30-07:00,163,37.42822195961079,-122.1716051752082,28.3742686035112,0.0,0.0,outdoor,2026-05-02T00:24:30.213321+0000,0.213321,9fc0dfdda048,460,1.0,3375
2026-05-01T17:24:33-07:00,164,37.42824538501157,-122.171598982843,28.4951981743798,0.0,0.0,outdoor,2026-05-02T00:24:31.584135+0000,-1.415865,9fc0dfdda048,460,1.0,3377
2026-05-01T17:24:37-07:00,165,37.42828972007605,-122.1715841573514,28.206922436133,0.0,0.0,outdoor,2026-05-02T00:24:36.639664+0000,-0.360336,0fb1915b8fe1,460,1.0,3380
2026-05-01T17:24:40-07:00,166,37.42831655356849,-122.1715698354138,28.1414220742881,0.0,0.0,outdoor,2026-05-02T00:24:40.203122+0000,0.203122,d65d8c2917fb,460,1.0,3381
2026-05-01T17:24:43-07:00,167,37.42832801087588,-122.1715602892297,28.4452748643234,0.0,0.0,outdoor,2026-05-02T00:24:41.744665+0000,-1.255335,d65d8c2917fb,460,1.0,3383
2026-05-01T17:24:46-07:00,168,37.42836285123593,-122.1715770204132,28.4882746143267,0.0,0.0,outdoor,2026-05-02T00:24:45.892781+0000,-0.107219,0aa5e3d1f91d,460,1.0,3385
2026-05-01T17:24:50-07:00,169,37.42838848604512,-122.1715671031214,28.5072074094787,0.0,0.0,outdoor,2026-05-02T00:24:50.234085+0000,0.234085,86cf3100870d,460,1.0,3387
2026-05-01T17:24:53-07:00,170,37.42838942209224,-122.1715831344236,28.8340067379177,0.0,0.0,outdoor,2026-05-02T00:24:51.589788+0000,-1.410212,86cf3100870d,460,1.0,3389
2026-05-01T17:24:56-07:00,171,37.42840174487947,-122.171590605083,28.8137775389478,0.0,0.0,outdoor,2026-05-02T00:24:55.939356+0000,-0.060644,fff371bbb46a,460,1.0,3391
2026-05-01T17:24:59-07:00,172,37.42841410158111,-122.1715818402824,28.8504852838814,0.0,0.0,outdoor,2026-05-02T00:25:00.249974+0000,1.249974,e5028b83bb0a,460,1.0,3393
2026-05-01T17:25:03-07:00,173,37.42843020595264,-122.1715356123966,28.722464476712,0.0,0.0,outdoor,2026-05-02T00:25:01.628495+0000,-1.371505,e5028b83bb0a,460,1.0,3395
2026-05-01T17:25:06-07:00,174,37.42839359219145,-122.1715114975328,28.6850047642365,0.0,0.0,outdoor,2026-05-02T00:25:05.908101+0000,-0.091899,1c65715fd99c,460,1.0,3397
2026-05-01T17:25:09-07:00,175,37.42838446420831,-122.1715184507785,28.6227165814489,0.0,0.0,outdoor,2026-05-02T00:25:10.224897+0000,1.224897,3445df4dbe06,460,1.0,3399
2026-05-01T17:25:12-07:00,176,37.42841251652164,-122.1715024804684,28.5415423782542,0.0,0.0,outdoor,2026-05-02T00:25:11.638665+0000,-0.361335,3445df4dbe06,460,1.0,3401
2026-05-01T17:25:22-07:00,177,37.4284714302424,-122.1715960925779,27.8019737442955,0.0,0.0,outdoor,2026-05-02T00:25:21.862469+0000,-0.137531,1848dff217a8,460,1.0,3407
2026-05-01T17:25:25-07:00,178,37.42848984317138,-122.1716295423013,27.997327066958,0.0,0.0,outdoor,2026-05-02T00:25:25.241628+0000,0.241628,58bb5d2b29dd,460,1.0,3408
2026-05-01T17:25:28-07:00,179,37.42849310149221,-122.1716747924614,28.2365203881636,0.0,0.0,outdoor,2026-05-02T00:25:26.615196+0000,-1.384804,58bb5d2b29dd,460,1.0,3410
2026-05-01T17:25:31-07:00,180,37.42850458690557,-122.171707022016,28.2632978176698,0.0,0.0,outdoor,2026-05-02T00:25:30.926558+0000,-0.073442,6973638acb89,460,1.0,3412
2026-05-01T17:25:35-07:00,181,37.42853483754313,-122.1717521058727,28.509963282384,0.0,0.0,outdoor,2026-05-02T00:25:35.241663+0000,0.241663,2747625b3c7d,460,1.0,3414
2026-05-01T17:25:38-07:00,182,37.42855580409142,-122.1717907010479,28.6167770475149,0.0,0.0,outdoor,2026-05-02T00:25:36.616964+0000,-1.383036,2747625b3c7d,460,1.0,3416
2026-05-01T17:25:41-07:00,183,37.42856281043729,-122.1718225879075,29.1776989372447,0.0,0.0,outdoor,2026-05-02T00:25:41.074420+0000,0.07442,75931f93dadd,460,1.0,3418
2026-05-01T17:25:44-07:00,184,37.42857510624899,-122.1718862278525,28.7813902227208,0.0,0.0,outdoor,2026-05-02T00:25:45.259096+0000,1.259096,f383560e6dda,460,1.0,3420
2026-05-01T17:25:48-07:00,185,37.42858104165433,-122.1719330524894,28.9353485703468,0.0,0.0,outdoor,2026-05-02T00:25:46.664093+0000,-1.335907,f383560e6dda,460,1.0,3422
2026-05-01T17:25:51-07:00,186,37.42859776562374,-122.1719635840961,29.1499212561175,0.0,0.0,outdoor,2026-05-02T00:25:50.922364+0000,-0.077636,cb0bbcdb838d,460,1.0,3424
2026-05-01T17:25:54-07:00,187,37.42861353846747,-122.171991936636,29.412705165334,0.0,0.0,outdoor,2026-05-02T00:25:55.253369+0000,1.253369,b0cce726b15a,460,1.0,3426
2026-05-01T17:25:57-07:00,188,37.42864348817169,-122.172012816931,29.2993022333831,0.0,0.0,outdoor,2026-05-02T00:25:56.662900+0000,-0.3371,b0cce726b15a,460,1.0,3428
2026-05-01T17:26:01-07:00,189,37.42866841980445,-122.1720363510784,29.3234115568921,0.0,0.0,outdoor,2026-05-02T00:26:00.946589+0000,-0.053411,33a4ae4a930a,460,1.0,3430
2026-05-01T17:26:04-07:00,190,37.42868517665874,-122.1720485756654,28.5637473585084,0.0,0.0,outdoor,2026-05-02T00:26:05.259238+0000,1.259238,cd994d4655ec,460,1.0,3432
2026-05-01T17:26:07-07:00,191,37.42868405361961,-122.1720685595857,28.9040890540928,0.0,0.0,outdoor,2026-05-02T00:26:06.634709+0000,-0.365291,cd994d4655ec,460,1.0,3434
2026-05-01T17:26:10-07:00,192,37.42868667851588,-122.1721431620712,29.0281178327277,0.0,0.0,outdoor,2026-05-02T00:26:10.265748+0000,0.265748,8878bb887328,460,1.0,3435
2026-05-01T17:26:14-07:00,193,37.42870707926632,-122.1721692395994,30.0316179236397,0.0,0.0,outdoor,2026-05-02T00:26:15.264618+0000,1.264618,c2e88035f8e5,460,1.0,3438
2026-05-01T17:26:17-07:00,194,37.42870930636128,-122.1721980200687,30.1632361253724,0.0,0.0,outdoor,2026-05-02T00:26:16.656657+0000,-0.343343,c2e88035f8e5,460,1.0,3440
2026-05-01T17:26:20-07:00,195,37.42870085766405,-122.1721844361821,30.1418300997466,0.0,0.0,outdoor,2026-05-02T00:26:20.261945+0000,0.261945,a277a66b612e,460,1.0,3441
2026-05-01T17:26:23-07:00,196,37.42867939647731,-122.1721553049319,30.178726432845,0.0,0.0,outdoor,2026-05-02T00:26:21.654039+0000,-1.345961,a277a66b612e,460,1.0,3443
2026-05-01T17:26:27-07:00,197,37.4286480039794,-122.172169602691,29.4593378519639,0.0,0.0,outdoor,2026-05-02T00:26:26.644562+0000,-0.355438,566fcd093157,460,1.0,3446
2026-05-01T17:26:30-07:00,198,37.42864685196691,-122.1721626144046,29.2116960631683,8.316456865742341e-05,1.7531237503476025e-05,indoor,2026-05-02T00:26:30.286746+0000,0.286746,b8e5d9c3f0a1,460,1.0,3447
2026-05-01T17:26:43-07:00,199,37.42878004446399,-122.1721023694819,25.7292747730389,-6.889871723103622e-05,-1.2617453748475768e-05,indoor,2026-05-02T00:26:41.676347+0000,-1.323653,b79e13b6e63f,460,1.0,3455
2026-05-01T17:26:56-07:00,200,37.42905217959067,-122.1718936459116,27.7209025872871,-0.0001167915712301,-0.0001661685444673,indoor,2026-05-02T00:26:55.952996+0000,-0.047004,75b29ff861d7,460,1.0,3463
2026-05-01T17:27:00-07:00,201,37.4290589719168,-122.1719156645559,26.962431275871,0.0,0.0,indoor,2026-05-02T00:26:56.653679+0000,-3.346321,75b29ff861d7,460,1.0,3464
2026-05-01T17:27:13-07:00,202,37.42893300664429,-122.1721969589514,31.411127633892,0.0001010269951464,0.0001808810090579,indoor,2026-05-02T00:26:56.653679+0000,-16.346321,75b29ff861d7,460,1.0,3464
2026-05-01T17:27:26-07:00,203,37.42895689606759,-122.1721930434319,31.4132599746641,0.0,0.0,indoor,2026-05-02T00:26:56.653679+0000,-29.346321,75b29ff861d7,460,1.0,3464
2026-05-01T17:27:40-07:00,204,37.42895861321675,-122.1722024229045,31.5217831819726,0.0,0.0,null,,,,,,
2026-05-01T17:27:53-07:00,205,37.42894026105625,-122.1721928729941,31.7609021070029,0.0,0.0,null,,,,,,
2026-05-01T17:28:06-07:00,206,37.42894313367005,-122.1722195580064,31.7653224566095,0.0,0.0,null,,,,,,
2026-05-01T17:28:19-07:00,207,37.42892017336914,-122.1722076195663,31.6659202463352,0.0,0.0,null,,,,,,
2026-05-01T17:28:33-07:00,208,37.42891215494563,-122.1721802803376,31.7563391201802,0.0,0.0,null,,,,,,
2026-05-01T17:28:46-07:00,209,37.4289195354386,-122.1721372005642,31.7534620402533,0.0,0.0,null,,,,,,
2026-05-01T17:28:49-07:00,210,37.42892132436747,-122.1721595263349,31.7594571719771,0.0,0.0,null,,,,,,
2026-05-01T17:28:53-07:00,211,37.42892062470543,-122.1721652748245,31.6759010395541,0.0,0.0,null,,,,,,
2026-05-01T17:28:56-07:00,212,37.42892070876174,-122.1721655403454,31.6165750259248,0.0,0.0,null,,,,,,
2026-05-01T17:29:09-07:00,213,37.42893156761168,-122.1722085045753,31.6922547553927,0.0,0.0,null,,,,,,
2026-05-01T17:29:23-07:00,214,37.42890462047608,-122.1721937413742,31.7026864304062,0.0,0.0,null,,,,,,
2026-05-01T17:29:36-07:00,215,37.42876232226541,-122.1720789393104,31.6005345235515,0.0,0.0,null,,,,,,
2026-05-01T17:29:46-07:00,216,37.4286940385776,-122.1721243195554,28.8619346618652,0.0,0.0,null,,,,,,
2026-05-01T17:29:49-07:00,217,37.4286940385776,-122.1721243195554,28.8619346618652,0.0,0.0,null,,,,,,
2026-05-01T17:29:52-07:00,218,37.42873440432995,-122.1721653458593,31.4215221190342,0.0,0.0,null,,,,,,
2026-05-01T17:29:56-07:00,219,37.42869922122789,-122.1721584768627,25.4421746616095,0.0,0.0,null,,,,,,
2026-05-01T17:30:03-07:00,220,37.42867807787253,-122.1720361487888,22.0345420837402,0.0,0.0,null,,,,,,
2026-05-01T17:30:06-07:00,221,37.42867807787253,-122.1720361487888,22.0345420837402,0.0,0.0,null,,,,,,
2026-05-01T17:30:09-07:00,222,37.42866410479997,-122.1719858765692,24.085919206264,0.0,0.0,null,,,,,,
2026-05-01T17:30:12-07:00,223,37.42870998186721,-122.1719327713131,30.1101427453454,0.0,0.0,null,,,,,,
2026-05-01T17:30:18-07:00,224,37.42887556044379,-122.1719030339805,10.7218589782715,0.0,0.0,null,,,,,,
2026-05-01T17:30:21-07:00,225,37.42887556044379,-122.1719030339805,10.7218589782715,0.0,0.0,null,,,,,,
2026-05-01T17:31:07-07:00,226,37.42861173552998,-122.1719737187461,22.2597007751465,0.0,0.0,null,,,,,,
2026-05-01T17:31:10-07:00,227,37.42861173552998,-122.1719737187461,22.2597007751465,0.0,0.0,null,,,,,,
2026-05-01T17:31:13-07:00,228,37.42859594400134,-122.1719997782332,28.1857427707517,0.0,0.0,null,,,,,,
2026-05-02T14:20:57-07:00,1,37.42893210204574,-122.1722084085537,31.6064052623856,0.0,0.0,indoor,2026-05-02T21:21:19.364334+0000,22.364334,336b71eee5bf,coda run,1.0,3465
2026-05-02T14:21:10-07:00,2,37.42897407467748,-122.1722889600651,31.6913919959214,0.0,0.0,indoor,2026-05-02T21:21:19.364334+0000,9.364334,336b71eee5bf,coda run,1.0,3465
2026-05-02T14:21:24-07:00,3,37.42902726466555,-122.1724086122035,31.6648450174488,6.057324903042797e-06,-2.063329051791882e-05,indoor,2026-05-02T21:21:20.765326+0000,-3.234674,336b71eee5bf,coda run,1.0,3467
2026-05-02T14:21:34-07:00,4,37.4290816414363,-122.1726839973797,29.1679649353027,-2.7158826206630343e-05,0.0002047960059456,indoor,2026-05-02T21:21:20.765326+0000,-13.234674,336b71eee5bf,coda run,1.0,3467
2026-05-02T14:21:37-07:00,5,37.42901679951795,-122.1727134485426,29.5079612731934,5.883594168665251e-05,3.292211324890104e-05,indoor,2026-05-02T21:21:20.765326+0000,-16.234674,336b71eee5bf,coda run,1.0,3467
2026-05-02T14:21:40-07:00,6,37.42903078985836,-122.1727002040214,29.8408470153809,-9.67128325868327e-06,-3.650719460779331e-05,indoor,2026-05-02T21:21:58.339670+0000,18.33967,5a347d7989ab,coda run,1.0,3468
2026-05-02T14:21:43-07:00,7,37.42901944187143,-122.1727149060033,30.9374961853027,0.0,0.0,indoor,2026-05-02T21:21:58.339670+0000,15.33967,5a347d7989ab,coda run,1.0,3468
2026-05-02T14:21:47-07:00,8,37.42902889059435,-122.1727114808841,31.625179329887,0.0,0.0,indoor,2026-05-02T21:21:58.339670+0000,11.33967,5a347d7989ab,coda run,1.0,3468
2026-05-02T14:21:50-07:00,9,37.42904138596278,-122.1727099692204,34.8567772237584,0.0,0.0,indoor,2026-05-02T21:21:58.339670+0000,8.33967,5a347d7989ab,coda run,1.0,3468
2026-05-02T14:21:53-07:00,10,37.42903077173027,-122.1727089630151,36.0024071140215,0.0,0.0,indoor,2026-05-02T21:21:58.339670+0000,5.33967,5a347d7989ab,coda run,1.0,3468
2026-05-02T14:21:56-07:00,11,37.42902179462357,-122.1727305646212,35.8383141355589,0.0,0.0,indoor,2026-05-02T21:21:58.339670+0000,2.33967,5a347d7989ab,coda run,1.0,3468
2026-05-02T14:22:00-07:00,12,37.42903727292845,-122.1727192901812,37.1189537448809,0.0,0.0,indoor,2026-05-02T21:21:59.720194+0000,-0.279806,5a347d7989ab,coda run,1.0,3470
2026-05-02T14:22:03-07:00,13,37.42905824898165,-122.1727147666622,36.2853661347181,-1.6400042923692126e-05,-0.0001198495110514,outdoor,2026-05-02T21:22:03.041175+0000,0.041175,0b6e5c9937de,coda run,1.0,3472
2026-05-02T14:22:17-07:00,14,37.42919441645473,-122.1725908965901,29.5087145091966,-1.7350051699338565e-05,-8.813560825160494e-05,outdoor,2026-05-02T21:22:15.783086+0000,-1.216914,6b3b463329ac,coda run,1.0,3482
2026-05-02T14:22:20-07:00,15,37.42922265409094,-122.172601460181,29.5999205913395,0.0,0.0,outdoor,2026-05-02T21:22:19.805485+0000,-0.194515,35ec7b030cea,coda run,1.0,3485
2026-05-02T14:22:23-07:00,16,37.4292458632786,-122.1725815287484,29.7393670789897,0.0,0.0,outdoor,2026-05-02T21:22:23.065306+0000,0.065306,48be82245f29,coda run,1.0,3487
2026-05-02T14:22:27-07:00,17,37.42928282196966,-122.1725599637853,29.7941195266321,0.0,0.0,outdoor,2026-05-02T21:22:27.234392+0000,0.234392,25285156c452,coda run,1.0,3490
2026-05-02T14:22:30-07:00,18,37.42928943974703,-122.172536580631,29.0053841732442,0.0,0.0,outdoor,2026-05-02T21:22:30.393006+0000,0.393006,7e8d37bdd4a5,coda run,1.0,3492
2026-05-02T14:22:34-07:00,19,37.42934622205337,-122.1725245685986,28.2071533370763,0.0,0.0,outdoor,2026-05-02T21:22:34.434512+0000,0.434512,4c7a46ef2fa2,coda run,1.0,3495
2026-05-02T14:22:37-07:00,20,37.42940092451102,-122.1725226964032,27.3183152945712,0.0,0.0,outdoor,2026-05-02T21:22:35.843740+0000,-1.15626,4c7a46ef2fa2,coda run,1.0,3497
2026-05-02T14:22:41-07:00,21,37.42948951622241,-122.17249514437,27.0089320940897,0.0,0.0,outdoor,2026-05-02T21:22:39.885069+0000,-1.114931,864a7dd2ca79,coda run,1.0,3500
2026-05-02T14:22:44-07:00,22,37.42952860572156,-122.1724623935592,26.5998404948041,0.0,0.0,outdoor,2026-05-02T21:22:43.747139+0000,-0.252861,c62c8be272e3,coda run,1.0,3503
2026-05-02T14:22:47-07:00,23,37.42955364863699,-122.1724166117564,26.3465129816905,0.0,0.0,outdoor,2026-05-02T21:22:47.098290+0000,0.09829,3317545003cf,coda run,1.0,3505
2026-05-02T14:22:51-07:00,24,37.42958498139907,-122.1723703366963,27.0548011409119,0.0,0.0,outdoor,2026-05-02T21:22:51.081192+0000,0.081192,6f5ffdb6723c,coda run,1.0,3508
2026-05-02T14:22:54-07:00,25,37.42958536965406,-122.1723375295493,26.8194479355589,0.0,0.0,outdoor,2026-05-02T21:22:54.413619+0000,0.413619,48d4c4aa4eb8,coda run,1.0,3510
2026-05-02T14:22:58-07:00,26,37.4295986625436,-122.1722865646293,27.1559285633266,0.0,0.0,outdoor,2026-05-02T21:22:58.421730+0000,0.42173,c2fe4803b35d,coda run,1.0,3513
2026-05-02T14:23:01-07:00,27,37.42959319261328,-122.1722499502824,26.9468139475212,0.0,0.0,outdoor,2026-05-02T21:22:59.814122+0000,-1.185878,c2fe4803b35d,coda run,1.0,3515
2026-05-02T14:23:05-07:00,28,37.42960695987031,-122.1722098881507,26.7565979389474,0.0,0.0,outdoor,2026-05-02T21:23:03.771072+0000,-1.228928,136bf2011e53,coda run,1.0,3518
2026-05-02T14:23:08-07:00,29,37.42959506730688,-122.1721622779051,26.5130877895281,0.0,0.0,outdoor,2026-05-02T21:23:07.833216+0000,-0.166784,d390301786ff,coda run,1.0,3521
2026-05-02T14:23:11-07:00,30,37.42960834101974,-122.1721110252621,26.6140646282583,3.1734625657975574e-05,3.3122213721981084e-05,outdoor,2026-05-02T21:23:11.085561+0000,0.085561,2556f313972d,coda run,1.0,3523
2026-05-02T14:23:15-07:00,31,37.42957848765977,-122.1720365448327,26.768373071216,0.0,0.0,outdoor,2026-05-02T21:23:15.114349+0000,0.114349,ffbc680d30bb,coda run,1.0,3526
2026-05-02T14:23:18-07:00,32,37.42957109458263,-122.1719854530684,26.8662213981152,0.0,0.0,outdoor,2026-05-02T21:23:18.444750+0000,0.44475,4c67e57d0e8a,coda run,1.0,3528
2026-05-02T14:23:22-07:00,33,37.42954367396634,-122.1719317970755,26.6626414349303,0.0,0.0,outdoor,2026-05-02T21:23:22.422112+0000,0.422112,bc6131de1f25,coda run,1.0,3531
2026-05-02T14:23:25-07:00,34,37.42955306723926,-122.1719040378507,26.5237840749323,0.0,0.0,outdoor,2026-05-02T21:23:23.817281+0000,-1.182719,bc6131de1f25,coda run,1.0,3533
2026-05-02T14:23:29-07:00,35,37.42957989017011,-122.1719014397236,25.2906093923375,0.0,0.0,outdoor,2026-05-02T21:23:27.835804+0000,-1.164196,8cee1e7e5780,coda run,1.0,3536
2026-05-02T14:23:32-07:00,36,37.42959330850181,-122.1718929229494,25.1693777740002,0.0,0.0,outdoor,2026-05-02T21:23:31.821598+0000,-0.178402,765012ecc2e2,coda run,1.0,3539
2026-05-02T14:23:35-07:00,37,37.42961686714042,-122.1718920057766,25.453498265706,0.0,0.0,outdoor,2026-05-02T21:23:35.119512+0000,0.119512,2c2eae0287f8,coda run,1.0,3541
2026-05-02T14:23:42-07:00,38,37.42960485319211,-122.1720494583164,25.9555221106857,7.490359526940427e-05,0.0002180624766054,outdoor,2026-05-02T21:23:42.449588+0000,0.449588,d0d733ca4f14,coda run,1.0,3546
2026-05-02T14:23:45-07:00,39,37.42958795414253,-122.1720460756307,26.0855049435049,8.060531998665965e-05,4.901660730637926e-07,outdoor,2026-05-02T21:23:43.811648+0000,-1.188352,d0d733ca4f14,coda run,1.0,3548
2026-05-02T14:23:58-07:00,40,37.4297141543981,-122.1721334480808,26.0581994373351,5.1095927133815167e-05,0.0001461830978257,indoor,2026-05-02T21:23:58.474032+0000,0.474032,6beb6bee625c,coda run,1.0,3558
2026-05-02T14:24:01-07:00,41,37.42973932924868,-122.1721882293004,25.6315649999306,-6.158382878851398e-05,9.788006354938256e-05,indoor,2026-05-02T21:23:59.890721+0000,-1.109279,6beb6bee625c,coda run,1.0,3560
2026-05-02T14:24:14-07:00,42,37.42982732135577,-122.1721180436408,25.0179710611701,-0.0001449475077635,-9.167789315256398e-05,indoor,2026-05-02T21:24:14.470534+0000,0.470534,f7b931aeb1e8,coda run,1.0,3570
2026-05-02T14:24:28-07:00,43,37.42971868820263,-122.1718598236438,26.1022778535005,3.335958176364773e-05,-0.0002815665334168,indoor,2026-05-02T21:24:27.868369+0000,-0.131631,22bed4c3a112,coda run,1.0,3581
2026-05-02T14:24:41-07:00,44,37.42972672225395,-122.1717144447827,26.1320664675614,-6.091321023404806e-05,-0.0001078744777771,indoor,2026-05-02T21:24:39.894769+0000,-1.105231,56ac2c3a2fd4,coda run,1.0,3590
2026-05-02T14:24:55-07:00,45,37.42971204447286,-122.1717137838746,26.1541861933338,-6.013221253908807e-05,3.986857817039889e-05,indoor,2026-05-02T21:24:55.379194+0000,0.379194,5338ebaa643a,coda run,1.0,3601
2026-05-02T14:25:08-07:00,46,37.42971691397732,-122.1717602369702,26.2156934832659,0.0,0.0,indoor,2026-05-02T21:25:07.894830+0000,-0.10517,08c6914d3f22,coda run,1.0,3611
2026-05-02T14:25:22-07:00,47,37.42977995656619,-122.17178714037,26.2223077003322,0.0,0.0,indoor,2026-05-02T21:25:22.510400+0000,0.5104,af8d48a2cc4a,coda run,1.0,3621
2026-05-02T14:25:35-07:00,48,37.42992038465895,-122.1717086638458,26.2226262275538,6.246915511809453e-05,-3.135654822017386e-05,indoor,2026-05-02T21:25:35.220975+0000,0.220975,d2e267988b18,coda run,1.0,3631
2026-05-02T14:25:49-07:00,49,37.42989413857741,-122.1716418829103,26.8313482148248,5.764058364832181e-06,9.482476092159686e-05,indoor,2026-05-02T21:25:47.943506+0000,-1.056494,8eee7a8bfb3b,coda run,1.0,3641
2026-05-02T14:26:02-07:00,50,37.42998292685602,-122.1715970914319,26.2453455740893,0.0,0.0,indoor,2026-05-02T21:26:02.543348+0000,0.543348,17333fa6923f,coda run,1.0,3651
2026-05-02T14:26:15-07:00,51,37.42998232779567,-122.1716228105049,26.2453341299975,4.797732211869735e-05,3.8545941706046954e-05,indoor,2026-05-02T21:26:15.271399+0000,0.271399,eadc571f6a6d,coda run,1.0,3661
2026-05-02T14:26:29-07:00,52,37.43002169399138,-122.1715436506564,26.8220671099915,2.618753036642856e-06,-5.111738636287558e-05,indoor,2026-05-02T21:26:27.983627+0000,-1.016373,b367290f4453,coda run,1.0,3671
2026-05-02T14:26:42-07:00,53,37.43007712516243,-122.1716102696986,30.2239396632197,-4.867377604966778e-06,-6.912067377129447e-06,indoor,2026-05-02T21:26:42.584240+0000,0.58424,3d2f39746fae,coda run,1.0,3681
2026-05-02T14:26:56-07:00,54,37.43005378329247,-122.1716768128672,28.2669568983637,3.093560577838153e-05,-2.3440700317678434e-05,indoor,2026-05-02T21:26:55.995008+0000,-0.004992,e54aa6476e2a,coda run,1.0,3692
2026-05-02T14:27:09-07:00,55,37.42996679595973,-122.1717394160277,27.3315490247782,2.698999909256375e-05,3.661118068976067e-05,indoor,2026-05-02T21:27:07.992896+0000,-1.007104,709823cbd787,coda run,1.0,3701
2026-05-02T14:27:23-07:00,56,37.4299861859219,-122.1717724566642,27.3315547468241,-0.000109983885153,-0.0001057163661499,indoor,2026-05-02T21:27:23.296312+0000,0.296312,7a6373909ec5,coda run,1.0,3712
2026-05-02T14:27:36-07:00,57,37.43011291006816,-122.1718214315107,27.0635583911592,-1.682715501516438e-05,-1.909410147504785e-05,indoor,2026-05-02T21:27:36.068011+0000,0.068011,ab3478c191b4,coda run,1.0,3722
2026-05-02T14:27:50-07:00,58,37.43014299945849,-122.1718375502769,26.7468146187729,3.665838300292992e-05,1.2987802037400813e-05,indoor,2026-05-02T21:27:50.675824+0000,0.675824,a7eec225092b,coda run,1.0,3732
2026-05-02T14:28:03-07:00,59,37.43019444357356,-122.1718704791827,26.5437888924299,-2.3307647012415784e-06,1.1225095235545268e-05,indoor,2026-05-02T21:28:02.669145+0000,-0.330855,fefc6512e74f,coda run,1.0,3741
2026-05-02T14:28:17-07:00,60,37.43025917551468,-122.1719745076749,26.4417427086582,4.519168172123527e-06,4.1258478134409415e-05,indoor,2026-05-02T21:28:16.094742+0000,-0.905258,3c63963e9af3,coda run,1.0,3752
2026-05-02T14:28:30-07:00,61,37.43011158267044,-122.1718987727228,26.4012837389209,0.0001187058543976,-0.0001361933993564,indoor,2026-05-02T21:28:30.703681+0000,0.703681,1268f19f576e,coda run,1.0,3762
2026-05-02T14:28:43-07:00,62,37.43007024445989,-122.1719396227818,26.388048558131,2.6630137099914735e-06,-1.6499398668656795e-05,indoor,2026-05-02T21:28:42.691637+0000,-0.308363,7415f4e98383,coda run,1.0,3771
2026-05-02T14:28:57-07:00,63,37.43010224273218,-122.1718955746121,26.3160485798772,-7.063538411244971e-05,-6.0972827355954e-05,indoor,2026-05-02T21:28:56.088484+0000,-0.911516,1b618035b5a8,coda run,1.0,3782
2026-05-02T14:29:10-07:00,64,37.43005199074044,-122.1719210796838,26.4182304330864,0.0,0.0,indoor,2026-05-02T21:29:10.736996+0000,0.736996,9bb12fa0389f,coda run,1.0,3792
2026-05-02T14:29:24-07:00,65,37.43006958464095,-122.1718988499747,26.4016110205628,4.686132425746339e-05,7.675990808309055e-05,indoor,2026-05-02T21:29:24.109260+0000,0.10926,cea06df40d90,coda run,1.0,3803
2026-05-02T14:29:37-07:00,66,37.42998795238964,-122.1718656461033,26.4408131524382,0.0,0.0,indoor,2026-05-02T21:29:36.171585+0000,-0.828415,a547b409c46a,coda run,1.0,3812
2026-05-02T14:29:51-07:00,67,37.42998031517896,-122.1718992186056,26.4407750054656,0.0,0.0,indoor,2026-05-02T21:29:50.776780+0000,-0.22322,52da4c72e64b,coda run,1.0,3822
2026-05-02T14:30:04-07:00,68,37.43008208829034,-122.1719296887513,26.4409218713103,0.0,0.0,indoor,2026-05-02T21:30:04.138649+0000,0.138649,dba8a7f2fc0a,coda run,1.0,3833
2026-05-02T14:30:18-07:00,69,37.4299778357836,-122.1717769142423,26.4357264579545,0.0,0.0,indoor,2026-05-02T21:30:18.774779+0000,0.774779,feb8b4b49d99,coda run,1.0,3843
2026-05-02T14:30:31-07:00,70,37.42995019445384,-122.1717769306709,26.6379847360482,0.0,0.0,indoor,2026-05-02T21:30:30.802072+0000,-0.197928,0d6d8455eb74,coda run,1.0,3852
2026-05-02T14:30:45-07:00,71,37.42992093298713,-122.1717737110086,25.3836359482973,0.0,0.0,indoor,2026-05-02T21:30:44.182369+0000,-0.817631,a1cb75199b0c,coda run,1.0,3863
2026-05-02T14:30:58-07:00,72,37.42989202978868,-122.1717542263068,21.7790965974277,0.0,0.0,indoor,2026-05-02T21:30:58.826547+0000,0.826547,443b8e862f4a,coda run,0.0,3873
2026-05-02T14:31:12-07:00,73,37.42979156408089,-122.171717978526,20.4905986044926,4.93830071377483e-05,7.448531846421355e-06,indoor,2026-05-02T21:31:12.202130+0000,0.20213,5fef73203751,coda run,0.0,3884
2026-05-02T14:31:25-07:00,74,37.42979304013891,-122.1717221694964,20.304770721699,7.649571891477026e-06,5.620216569468431e-06,indoor,2026-05-02T21:31:24.229124+0000,-0.770876,e6491a0a202c,coda run,0.0,3893
2026-05-02T14:31:39-07:00,75,37.42977336045644,-122.1717345843066,20.2631268388358,0.0,0.0,indoor,2026-05-02T21:31:38.865269+0000,-0.134731,f5bf0995f559,coda run,0.0,3903
2026-05-02T14:31:52-07:00,76,37.42983810381656,-122.1716986821833,20.063952861219,-0.000178250666913,8.494689036808722e-05,indoor,2026-05-02T21:31:52.251831+0000,0.251831,8eccf9c671ad,coda run,0.0,3914
2026-05-02T14:32:06-07:00,77,37.42983602573266,-122.1717478025844,20.053364884966,0.0,0.0,indoor,2026-05-02T21:32:06.891524+0000,0.891524,4c892ba1da1a,coda run,0.0,3924
2026-05-02T14:32:19-07:00,78,37.42987441589928,-122.1717766032145,20.0717636541903,9.88051510191212e-05,-6.631744591345523e-05,indoor,2026-05-02T21:32:18.904656+0000,-0.095344,a960780e919c,coda run,0.0,3933
2026-05-02T14:32:33-07:00,79,37.42981026494772,-122.1719372148125,20.071500440079,-7.268127319548458e-06,2.2127036004349065e-05,indoor,2026-05-02T21:32:32.329629+0000,-0.670371,80aa5aad5438,coda run,0.0,3944
2026-05-02T14:32:46-07:00,80,37.42989291407795,-122.1719264899891,20.0716625647128,3.799116603886427e-05,-0.0001444072889285,indoor,2026-05-02T21:32:46.908251+0000,0.908251,ea2bc2664124,coda run,0.0,3954
2026-05-02T14:33:00-07:00,81,37.42994212563745,-122.1719274754123,20.0717464880526,0.0,0.0,indoor,2026-05-02T21:33:00.304931+0000,0.304931,705afe737bdb,coda run,0.0,3965
2026-05-02T14:33:13-07:00,82,37.42991151534329,-122.1717964212856,20.8867669930197,2.855936504886391e-05,-4.586327705169261e-06,indoor,2026-05-02T21:33:12.309336+0000,-0.690664,e66d8412b15b,coda run,0.0,3974
2026-05-02T14:33:26-07:00,83,37.42990623940617,-122.1717396376484,21.4049857646246,0.0,0.0,indoor,2026-05-02T21:33:26.961056+0000,0.961056,4b1ed68de971,coda run,0.0,3984
2026-05-02T14:33:40-07:00,84,37.42987191571142,-122.1717220420307,21.1403663635374,-2.0015915843885068e-05,1.3813888472213876e-05,indoor,2026-05-02T21:33:39.649878+0000,-0.350122,4dad4bfb486a,coda run,0.0,3994
2026-05-02T14:33:53-07:00,85,37.42979814972376,-122.1719117644978,20.9459039439841,1.914678390591007e-05,0.0002717324879739,indoor,2026-05-02T21:33:52.375282+0000,-0.624718,81a87bbacae8,coda run,0.0,4004
2026-05-02T14:34:06-07:00,86,37.42971722505747,-122.1720011999106,53.8243980407715,1.652536093388335e-05,6.975408884102305e-05,outdoor,2026-05-02T21:34:06.996098+0000,0.996098,c2b9949af8f0,coda run,0.0,4014
2026-05-02T14:34:09-07:00,87,37.42970163471757,-122.1720133536702,58.7127647399902,-3.6755495955276274e-05,-2.2667546943466732e-05,outdoor,2026-05-02T21:34:08.392721+0000,-0.607279,c2b9949af8f0,coda run,0.0,4016
2026-05-02T14:34:12-07:00,88,37.42970917843043,-122.1720219870304,55.5065879821777,-4.3508327131291935e-05,-1.7175851951378718e-05,outdoor,2026-05-02T21:34:11.684675+0000,-0.315325,d55033fe570d,coda run,0.0,4018
2026-05-02T14:34:16-07:00,89,37.42972439158481,-122.1720376611894,54.146053337492,-5.040398376365829e-05,-3.1790662049502316e-05,outdoor,2026-05-02T21:34:15.678061+0000,-0.321939,2a99b994b546,coda run,0.0,4021
2026-05-02T14:34:19-07:00,90,37.42972721751902,-122.1720609019862,55.0640221061185,-2.4178070752611697e-05,-2.645624323349699e-05,outdoor,2026-05-02T21:34:19.004960+0000,0.00496,d05617f2561a,coda run,0.0,4023
2026-05-02T14:34:23-07:00,91,37.42974060118623,-122.1720840280044,56.88000111375,0.0,0.0,outdoor,2026-05-02T21:34:22.985687+0000,-0.014313,8c466f4634ba,coda run,0.0,4026
2026-05-02T14:34:26-07:00,92,37.42974769327564,-122.1720978432541,56.4078331226483,-1.3441397769042744e-05,-3.554682649564711e-05,outdoor,2026-05-02T21:34:27.001272+0000,1.001272,5fc60572bb6c,coda run,0.0,4029
2026-05-02T14:34:30-07:00,93,37.42975293196512,-122.1721234080588,60.4979210132733,0.0,0.0,outdoor,2026-05-02T21:34:31.014090+0000,1.01409,1d80cf969d16,coda run,0.0,4032
2026-05-02T14:34:33-07:00,94,37.42975153693626,-122.1721330144804,64.3746910430491,0.0,0.0,outdoor,2026-05-02T21:34:32.391542+0000,-0.608458,1d80cf969d16,coda run,0.0,4034
2026-05-02T14:34:36-07:00,95,37.42975739784897,-122.1721508195066,65.1857261983678,0.0,0.0,outdoor,2026-05-02T21:34:35.691591+0000,-0.308409,61a143e096db,coda run,0.0,4036
2026-05-02T14:34:40-07:00,96,37.42975485729966,-122.1721831057264,68.1123009333387,0.0,0.0,outdoor,2026-05-02T21:34:39.681254+0000,-0.318746,2b93ec2f928f,coda run,0.0,4039
2026-05-02T14:34:43-07:00,97,37.42975994322557,-122.1722013218985,68.2909508328885,0.0,0.0,outdoor,2026-05-02T21:34:42.995675+0000,-0.004325,c0847e521c40,coda run,0.0,4041
2026-05-02T14:34:47-07:00,98,37.42977239518131,-122.1722297666294,69.6697960766032,0.0,0.0,outdoor,2026-05-02T21:34:47.012320+0000,0.01232,0de803dc8a0f,coda run,0.0,4044
2026-05-02T14:34:50-07:00,99,37.42978880718955,-122.1722676026005,67.8355065500364,0.0,0.0,outdoor,2026-05-02T21:34:51.019255+0000,1.019255,7bff936d1397,coda run,0.0,4047
2026-05-02T14:34:57-07:00,100,37.42976032404017,-122.1722087920821,64.0958803454414,5.0402974530072616e-05,-0.0001533153411656,outdoor,2026-05-02T21:34:56.398521+0000,-0.601479,2a78962326a2,coda run,1.0,4052
2026-05-02T14:35:00-07:00,101,37.42976830298227,-122.1721940621387,59.3547256840393,0.0,0.0,outdoor,2026-05-02T21:34:59.722509+0000,-0.277491,cd5310644e17,coda run,1.0,4054
2026-05-02T14:35:07-07:00,102,37.42975883925803,-122.1721893294433,49.617249567993,0.0,0.0,outdoor,2026-05-02T21:35:07.035828+0000,0.035828,8a20f3bbacfd,coda run,1.0,4059
2026-05-02T14:35:20-07:00,103,37.42971688980711,-122.172091131962,44.5361011335626,0.0001158852520859,-8.82422356482948e-05,outdoor,2026-05-02T21:35:19.738802+0000,-0.261198,8ce6b9542ea8,coda run,1.0,4069
2026-05-02T14:35:33-07:00,104,37.42989414470446,-122.1721549932239,24.0572062768042,-0.0001159783550335,9.289503510956364e-05,outdoor,2026-05-02T21:35:32.456326+0000,-0.543674,b9c61a789bb1,coda run,1.0,4079
2026-05-02T14:35:47-07:00,105,37.43007818500321,-122.1721386428602,25.1133459378034,-8.985054355292729e-05,4.500520134342743e-07,outdoor,2026-05-02T21:35:47.079220+0000,0.07922,a9e9c6423a61,coda run,1.0,4089
2026-05-02T14:36:00-07:00,106,37.43017035615007,-122.172038762947,25.7711709579453,-3.488612498614438e-05,-6.001618415041314e-05,outdoor,2026-05-02T21:35:59.756851+0000,-0.243149,a77c329374f4,coda run,1.0,4099
2026-05-02T14:36:14-07:00,107,37.43023651990341,-122.1720732440014,28.7363550607115,2.4759902387927495e-05,6.515509465998548e-05,outdoor,2026-05-02T21:36:15.098666+0000,1.098666,65daafa6f4d6,coda run,1.0,4110
2026-05-02T14:36:25-07:00,108,37.43031579224683,-122.1720516299473,32.070088728331,0.0,0.0,outdoor,2026-05-02T21:36:24.475052+0000,-0.524948,c6328e7c4f4c,coda run,1.0,4118
2026-05-02T14:36:28-07:00,109,37.43035023686178,-122.1720615879698,31.8466589013115,4.6256991048210266e-05,0.0001162050382106,outdoor,2026-05-02T21:36:27.818993+0000,-0.181007,109dd6a1746e,coda run,1.0,4120
2026-05-02T14:36:31-07:00,110,37.43039267824437,-122.1721354588697,29.4349371585995,0.0,0.0,outdoor,2026-05-02T21:36:31.115418+0000,0.115418,dc300a01499a,coda run,1.0,4122
2026-05-02T14:36:35-07:00,111,37.43042644613637,-122.1722176284464,28.8045263197273,0.0,0.0,outdoor,2026-05-02T21:36:35.113662+0000,0.113662,930409e95b17,coda run,1.0,4125
2026-05-02T14:36:38-07:00,112,37.43043757254851,-122.1722811343304,27.5930221611634,0.0,0.0,outdoor,2026-05-02T21:36:39.126750+0000,1.12675,e45f1dad63d6,coda run,1.0,4128
2026-05-02T14:36:42-07:00,113,37.43046471105097,-122.1723423406314,26.7691112486646,0.0,0.0,outdoor,2026-05-02T21:36:43.109244+0000,1.109244,9807739c7ccf,coda run,1.0,4131
2026-05-02T14:36:45-07:00,114,37.4304847393209,-122.1723891469871,25.6125947646797,0.0,0.0,outdoor,2026-05-02T21:36:44.504532+0000,-0.495468,9807739c7ccf,coda run,1.0,4133
2026-05-02T14:36:49-07:00,115,37.43049866593454,-122.1724409395103,25.7366166161373,0.0,0.0,outdoor,2026-05-02T21:36:48.652725+0000,-0.347275,727a7ea71825,coda run,1.0,4136
2026-05-02T14:36:52-07:00,116,37.43051568691731,-122.1724774222663,25.161805476062,0.0,0.0,outdoor,2026-05-02T21:36:51.806642+0000,-0.193358,bfe7113bede7,coda run,1.0,4138
2026-05-02T14:36:56-07:00,117,37.43052396788323,-122.1725177606362,26.3253224566579,0.0,0.0,outdoor,2026-05-02T21:36:55.819665+0000,-0.180335,86b0fad38ca1,coda run,1.0,4141
2026-05-02T14:36:59-07:00,118,37.43051731751643,-122.1725497688376,27.3630758207291,0.0,0.0,outdoor,2026-05-02T21:36:59.139909+0000,0.139909,008e50767a8e,coda run,1.0,4143
2026-05-02T14:37:02-07:00,119,37.43052214458898,-122.1726002725486,26.5131015703082,0.0,0.0,outdoor,2026-05-02T21:37:03.127047+0000,1.127047,50237f2534e4,coda run,1.0,4146
2026-05-02T14:37:06-07:00,120,37.43052809265609,-122.172633726698,26.6256641009822,0.0,0.0,outdoor,2026-05-02T21:37:07.122628+0000,1.122628,2ac0a1773fff,coda run,1.0,4149
2026-05-02T14:37:09-07:00,121,37.4305381904927,-122.1726438705652,27.6498414212838,0.0,0.0,outdoor,2026-05-02T21:37:08.527769+0000,-0.472231,2ac0a1773fff,coda run,1.0,4151
2026-05-02T14:37:14-07:00,122,37.43052896996267,-122.1726893307495,24.7486658124253,0.0,0.0,outdoor,2026-05-02T21:37:15.150839+0000,1.150839,50b1e56c73e1,coda run,1.0,4155
2026-05-02T14:37:17-07:00,123,37.4304804207228,-122.1727164143458,24.4162185592577,0.0,0.0,outdoor,2026-05-02T21:37:16.572901+0000,-0.427099,50b1e56c73e1,coda run,1.0,4157
2026-05-02T14:37:21-07:00,124,37.43045029529539,-122.1727226905622,26.1751199597493,0.0,0.0,outdoor,2026-05-02T21:37:20.564421+0000,-0.435579,d31c820ab4c6,coda run,1.0,4160
2026-05-02T14:37:25-07:00,125,37.43041862553584,-122.172730320327,27.2747746296227,0.0,0.0,outdoor,2026-05-02T21:37:24.533595+0000,-0.466405,0115e35b62bd,coda run,1.0,4163
2026-05-02T14:37:28-07:00,126,37.43039146323046,-122.17274257585,27.6219302304089,0.0,0.0,outdoor,2026-05-02T21:37:27.842869+0000,-0.157131,148d3278d0dc,coda run,1.0,4165
2026-05-02T14:37:32-07:00,127,37.43035650689883,-122.1727427507193,27.4326069718227,0.0,0.0,outdoor,2026-05-02T21:37:31.850069+0000,-0.149931,be801ca05a3e,coda run,1.0,4168
2026-05-02T14:37:35-07:00,128,37.43033862058932,-122.1727424469207,27.0231090188026,0.0,0.0,outdoor,2026-05-02T21:37:35.166618+0000,0.166618,573b755bf708,coda run,1.0,4170
2026-05-02T14:37:39-07:00,129,37.43036422319997,-122.1727374662944,26.8068511113524,0.0,0.0,outdoor,2026-05-02T21:37:39.172798+0000,0.172798,b8fc15cd8276,coda run,1.0,4173
2026-05-02T14:37:42-07:00,130,37.43038534738034,-122.1727439268542,27.3091800305992,0.0,0.0,outdoor,2026-05-02T21:37:43.156707+0000,1.156707,bbfd41f3c318,coda run,1.0,4176
2026-05-02T14:37:46-07:00,131,37.43037468391511,-122.1727870349858,26.198930921033,0.0,0.0,outdoor,2026-05-02T21:37:47.176897+0000,1.176897,b7e23bbe5ac7,coda run,1.0,4179
2026-05-02T14:37:49-07:00,132,37.43036072606492,-122.1728201920777,26.1793226171285,0.0,0.0,outdoor,2026-05-02T21:37:48.584179+0000,-0.415821,b7e23bbe5ac7,coda run,1.0,4181
2026-05-02T14:37:53-07:00,133,37.43032052272579,-122.1728469004431,27.9193489635363,0.0,0.0,outdoor,2026-05-02T21:37:52.605372+0000,-0.394628,8f48fd0444e3,coda run,1.0,4184
2026-05-02T14:37:56-07:00,134,37.43030249350191,-122.1728561534824,27.6010256800801,0.0,0.0,outdoor,2026-05-02T21:37:55.872807+0000,-0.127193,7fc891c3cb3d,coda run,1.0,4186
2026-05-02T14:38:00-07:00,135,37.43027517018735,-122.1728811985814,28.5071023060009,0.0,0.0,outdoor,2026-05-02T21:37:59.866206+0000,-0.133794,8c6d2db16345,coda run,1.0,4189
2026-05-02T14:38:03-07:00,136,37.43026101455625,-122.17290201631,28.1978472853079,0.0,0.0,outdoor,2026-05-02T21:38:03.166877+0000,0.166877,da69ab422831,coda run,1.0,4191
2026-05-02T14:38:07-07:00,137,37.43025811697817,-122.1729426891377,27.8638046886772,0.0,0.0,outdoor,2026-05-02T21:38:07.186917+0000,0.186917,94ee5f2f513e,coda run,1.0,4194
2026-05-02T14:38:10-07:00,138,37.43027312830504,-122.1729878295876,28.4017940079793,0.0,0.0,outdoor,2026-05-02T21:38:11.189346+0000,1.189346,f14be0e3f2a6,coda run,1.0,4197
2026-05-02T14:38:14-07:00,139,37.43028991942928,-122.173040306207,27.9170622685924,0.0,0.0,outdoor,2026-05-02T21:38:15.168797+0000,1.168797,20b4391d0ad1,coda run,1.0,4200
2026-05-02T14:38:17-07:00,140,37.43029188715003,-122.1730524285295,28.2999687995762,0.0,0.0,outdoor,2026-05-02T21:38:16.546707+0000,-0.453293,20b4391d0ad1,coda run,1.0,4202
2026-05-02T14:38:21-07:00,141,37.43031020117547,-122.1730685679,28.0216231411323,0.0,0.0,outdoor,2026-05-02T21:38:20.617385+0000,-0.382615,d58d7fc2158e,coda run,1.0,4205
2026-05-02T14:38:24-07:00,142,37.43031191954255,-122.1730665078609,28.1339699029922,0.0,0.0,outdoor,2026-05-02T21:38:23.857011+0000,-0.142989,2501c9383414,coda run,1.0,4207
2026-05-02T14:38:28-07:00,143,37.43030034280036,-122.1730881908498,27.9020770816132,8.040831701805527e-06,-2.7094995871834713e-05,outdoor,2026-05-02T21:38:27.869360+0000,-0.13064,2e4f94b62c0e,coda run,1.0,4210
2026-05-02T14:38:31-07:00,144,37.43029705038953,-122.1730706006599,28.5588162112981,-7.006474298520916e-06,-6.873611918933875e-05,indoor,2026-05-02T21:38:31.210830+0000,0.21083,13fe3fbaadb1,coda run,1.0,4212
2026-05-02T14:38:35-07:00,145,37.43028579578905,-122.1730810207225,27.8711655400693,-4.3435815989312286e-05,-2.2954857143986378e-06,indoor,2026-05-02T21:38:35.241173+0000,0.241173,8ccff29f0021,coda run,1.0,4215
2026-05-02T14:38:39-07:00,146,37.430287326269,-122.1730768225551,27.7755997488275,-4.4496903718993454e-05,-2.4107108771431726e-05,indoor,2026-05-02T21:38:39.225811+0000,0.225811,c7ad5ba98c0d,gats,1.0,4218
2026-05-02T14:38:42-07:00,147,37.43027500652482,-122.1730127191659,27.5803021267056,-2.3750358600693744e-05,-6.284110322951618e-05,indoor,2026-05-02T21:38:43.222416+0000,1.222416,d0715ea975ed,gats,1.0,4221
2026-05-02T14:38:56-07:00,148,37.43028434244882,-122.1730499068615,26.9916915223002,-6.4730310995742e-05,1.8517694030606435e-05,indoor,2026-05-02T21:38:55.928248+0000,-0.071752,ee9e1d025eda,gats,1.0,4231
2026-05-02T14:39:09-07:00,149,37.43011795362403,-122.1731623060136,28.5371283786479,0.0001067258668712,0.0001351037453076,indoor,2026-05-02T21:39:08.697336+0000,-0.302664,4b86dbe58013,gats,1.0,4241
2026-05-02T14:39:23-07:00,150,37.42988827420033,-122.1731885184925,28.5368499057475,0.000184750397274,2.189732188639938e-05,indoor,2026-05-02T21:39:23.245896+0000,0.245896,8126baccc1c9,gats,1.0,4251
2026-05-02T14:39:36-07:00,151,37.42983460717817,-122.1731442358732,28.5611498491856,-5.688563909700352e-06,-0.0001381110798917,indoor,2026-05-02T21:39:35.945188+0000,-0.054812,f5f1249305ac,gats,1.0,4261
2026-05-02T14:39:50-07:00,152,37.42984992508657,-122.1731702749936,28.5793853405418,-5.39009779743088e-06,-3.8928235412072354e-05,indoor,2026-05-02T21:39:36.659750+0000,-13.34025,f5f1249305ac,gats,1.0,4262
2026-05-02T14:40:04-07:00,153,37.42977940656074,-122.1738335965916,25.8875084146857,7.875068924789735e-05,0.0006149603466951,indoor,2026-05-02T21:40:04.092179+0000,0.092179,9435f8daa519,gats,1.0,4263
2026-05-02T14:40:17-07:00,154,37.42987261889039,-122.173243819962,28.909866896458,-8.61575995614316e-05,-0.0006281820608791,indoor,2026-05-02T21:40:16.808682+0000,-0.191318,5e475f85ccb5,gats,1.0,4273
2026-05-02T14:40:31-07:00,155,37.42996513177607,-122.1735935828242,28.5865617400503,-7.863083344972205e-05,0.0002518496582979,indoor,2026-05-02T21:40:32.116588+0000,1.116588,cc0f0a887f15,gats,1.0,4284
2026-05-02T14:40:44-07:00,156,37.42995799317443,-122.1735782394382,28.5865293151235,3.2516389346426476e-05,-9.19329899460308e-05,indoor,2026-05-02T21:40:44.129266+0000,0.129266,b7f2c54d6526,gats,1.0,4293
2026-05-02T14:40:58-07:00,157,37.42997729916274,-122.1737434128191,28.58646446527,-1.7787103686828286e-05,0.0001003145687263,indoor,2026-05-02T21:40:57.520750+0000,-0.47925,9f9015d468de,gats,1.0,4304
2026-05-02T14:41:11-07:00,158,37.43009498867212,-122.1739081663534,28.5419763326173,-7.758041650873787e-05,2.3564878830484304e-06,indoor,2026-05-02T21:41:12.164748+0000,1.164748,2555bb367a03,gats,1.0,4314
2026-05-02T14:41:25-07:00,159,37.43013382056716,-122.1738449634446,28.3098588371009,3.6989029943867936e-05,-6.897930056481982e-05,indoor,2026-05-02T21:41:24.846764+0000,-0.153236,b87c897e2355,gats,1.0,4324
2026-05-02T14:41:39-07:00,160,37.43017426804453,-122.1738354908959,28.1837529838517,1.8318800989902735e-05,-3.450072767918755e-06,indoor,2026-05-02T21:41:40.187849+0000,1.187849,75a6a6e71292,gats,1.0,4335
2026-05-02T14:41:52-07:00,161,37.43015445413474,-122.1736875488087,27.9609260352564,2.5399844382434312e-05,-6.862685678754588e-05,indoor,2026-05-02T21:41:52.193632+0000,0.193632,381df511dd94,gats,1.0,4344
2026-05-02T14:42:06-07:00,162,37.43015851789269,-122.1737706022316,27.9608535560083,-2.3186662787111423e-05,0.0001673405235891,indoor,2026-05-02T21:42:05.578027+0000,-0.421973,e46ab8a3536a,gats,1.0,4355
2026-05-02T14:42:19-07:00,163,37.43001712397658,-122.1735607823396,28.4397279834117,0.0001244456224114,-0.0001353843626787,indoor,2026-05-02T21:42:20.202806+0000,1.202806,fc6d28414fe5,gats,1.0,4365
2026-05-02T14:42:33-07:00,164,37.42989548002207,-122.1732165785012,28.6855992804212,0.0001069485656373,-0.0002649356586061,indoor,2026-05-02T21:42:32.913197+0000,-0.086803,c4a2e3b81370,gats,1.0,4375
2026-05-02T14:42:46-07:00,165,37.42982542324607,-122.1732582953944,28.7575230139786,5.853673516043045e-05,0.0001521417024719,indoor,2026-05-02T21:42:45.638951+0000,-0.361049,70359ab37014,gats,1.0,4385
2026-05-02T14:43:00-07:00,166,37.43051049976494,-122.1731686768824,-32.4736366048455,-0.0006146703420384,-4.723614206625373e-05,indoor,2026-05-02T21:43:00.246107+0000,0.246107,c35cee403439,gats,1.0,4395
2026-05-02T14:43:13-07:00,167,37.42938913193762,-122.1733568307141,28.9918700810522,0.0011555071607105,0.0002122933307759,indoor,2026-05-02T21:43:12.929018+0000,-0.070982,f92c2f523aa8,gats,1.0,4405
2026-05-02T14:43:27-07:00,168,37.42970797529302,-122.1732442757025,28.8557958388701,-0.0002450736582702,-0.0001000797464598,indoor,2026-05-02T21:43:28.261801+0000,1.261801,6285493097db,gats,1.0,4416
2026-05-02T14:43:35-07:00,169,37.42988725808004,-122.1731213252422,27.5231432272121,-0.0001370107044635,-0.0001073466122107,indoor,2026-05-02T21:43:36.275065+0000,1.275065,e83ce965196f,gats,1.0,4422
2026-05-02T14:43:38-07:00,170,37.42991245092212,-122.1730550937931,27.4492439487949,-0.0003587085317562,-0.0002069781720308,indoor,2026-05-02T21:43:37.669117+0000,-0.330883,e83ce965196f,gats,1.0,4424
2026-05-02T14:43:42-07:00,171,37.42990659040202,-122.1730259401344,27.329673836939,0.0,0.0,indoor,2026-05-02T21:43:41.691575+0000,-0.308425,2f27d08046bd,gats,1.0,4427
2026-05-02T14:43:45-07:00,172,37.42991780341123,-122.1729418423786,27.3231051033363,0.0,0.0,indoor,2026-05-02T21:43:44.970251+0000,-0.029749,66281492ce67,gats,1.0,4429
2026-05-02T14:43:49-07:00,173,37.4299373525253,-122.1727467635425,26.7324699517339,0.0,0.0,indoor,2026-05-02T21:43:48.972599+0000,-0.027401,cdb3b2d6ea63,gats,1.0,4432
2026-05-02T14:43:52-07:00,174,37.42990348945367,-122.1727655505361,25.7065960802138,0.0,0.0,indoor,2026-05-02T21:43:52.306058+0000,0.306058,e517dbfe182c,gats,1.0,4434
2026-05-02T14:43:56-07:00,175,37.42991242427013,-122.172863891915,26.8313283743337,0.0,0.0,indoor,2026-05-02T21:43:56.300816+0000,0.300816,b40832d16576,gats,1.0,4437
2026-05-02T14:43:59-07:00,176,37.4299242214209,-122.1728708770762,26.4198284083977,0.0,0.0,indoor,2026-05-02T21:43:57.745364+0000,-1.254636,b40832d16576,gats,1.0,4439
2026-05-02T14:44:03-07:00,177,37.42994692153648,-122.1729269973447,27.5642877481878,0.0,0.0,indoor,2026-05-02T21:44:04.298651+0000,1.298651,d8c33ca0d0f8,gats,1.0,4443
2026-05-02T14:44:06-07:00,178,37.42995681416398,-122.1729413276868,27.8900544252247,0.0,0.0,indoor,2026-05-02T21:44:05.716398+0000,-0.283602,d8c33ca0d0f8,gats,1.0,4445
2026-05-02T14:44:10-07:00,179,37.42996697317091,-122.1729577524742,28.0538741331548,-0.0001361974600584,0.0002977349378028,outdoor,2026-05-02T21:44:10.232026+0000,0.232026,1c866a17677f,gats,1.0,4448
2026-05-02T14:44:24-07:00,180,37.42996657804376,-122.1730077093411,29.4563008472323,2.8641670020590455e-05,0.0001093391280164,outdoor,2026-05-02T21:44:23.480816+0000,-0.519184,507d7f22882c,gats,1.0,4457
2026-05-02T14:44:27-07:00,181,37.42998243377701,-122.1729674330391,28.9775792816654,0.0,0.0,outdoor,2026-05-02T21:44:26.740286+0000,-0.259714,2bd6ec03866d,gats,1.0,4459
2026-05-02T14:44:41-07:00,182,37.43009901347058,-122.172921701075,29.42598450277,0.0,0.0,outdoor,2026-05-02T21:44:42.052247+0000,1.052247,03a84c07d2db,gats,1.0,4470
2026-05-02T14:44:53-07:00,183,37.43022593125401,-122.1728629109361,28.2376733645797,0.0,0.0,outdoor,2026-05-02T21:44:54.059421+0000,1.059421,304b82fd4ea2,gats,1.0,4479
2026-05-02T14:44:56-07:00,184,37.4302559598455,-122.1728469087392,27.5337932007387,0.0,0.0,outdoor,2026-05-02T21:44:55.460194+0000,-0.539806,304b82fd4ea2,gats,1.0,4481
2026-05-02T14:47:15-07:00,1,37.42977468663344,-122.1721993305182,26.184871673584,0.0,0.0,outdoor,2026-05-02T21:47:14.857082+0000,-0.142918,43b73f9c8ddb,gats,1.0,4585
2026-05-02T14:47:18-07:00,2,37.4297819237047,-122.1722080999414,26.2149315103888,0.0,0.0,outdoor,2026-05-02T21:47:18.172438+0000,0.172438,54e7de67d0a8,gats,1.0,4587
2026-05-02T14:47:36-07:00,1,37.4297011737129,-122.1724033636247,26.2731590270996,0.0,0.0,outdoor,2026-05-02T21:47:35.606469+0000,-0.393531,efc280838d8b,gats,1.0,4601
2026-05-02T14:47:45-07:00,2,37.42976661583642,-122.1725903198884,22.1937828622758,0.0,0.0,outdoor,2026-05-02T21:47:46.187266+0000,1.187266,61ddb52322d4,gats,1.0,4608
2026-05-02T14:47:48-07:00,3,37.42978696912064,-122.1726373097338,21.8052025837824,0.0,0.0,outdoor,2026-05-02T21:47:47.593771+0000,-0.406229,61ddb52322d4,gats,1.0,4610
2026-05-02T14:47:51-07:00,4,37.42979997192321,-122.1726594404822,23.5257530678064,0.0,0.0,outdoor,2026-05-02T21:47:50.863661+0000,-0.136339,44e2eace5774,gats,1.0,4612
2026-05-02T14:48:00-07:00,5,37.42986252613169,-122.1727837906779,24.5935936793685,0.0,0.0,outdoor,2026-05-02T21:47:59.619031+0000,-0.380969,f3b674e41fb0,gats,1.0,4619
2026-05-02T14:48:03-07:00,6,37.42988584139912,-122.1727759718977,23.4248314462602,0.0,0.0,outdoor,2026-05-02T21:48:02.891016+0000,-0.108984,cf61166997eb,gats,1.0,4621
2026-05-02T14:48:06-07:00,7,37.42992992706665,-122.172922467732,27.0428130552173,0.0,0.0,outdoor,2026-05-02T21:48:06.228506+0000,0.228506,f3bea6adc378,gats,1.0,4623
2026-05-02T14:48:10-07:00,8,37.42995772435205,-122.1728670146388,26.9434332475066,0.0,0.0,outdoor,2026-05-02T21:48:10.228079+0000,0.228079,22187c32eedb,gats,1.0,4626
2026-05-02T14:48:13-07:00,9,37.42998731272185,-122.1728353165819,26.4822481181473,0.0,0.0,outdoor,2026-05-02T21:48:14.230384+0000,1.230384,98b9fb1f3211,gats,1.0,4629
2026-05-02T14:48:17-07:00,10,37.43001773076048,-122.1728537295778,26.2963150283322,0.0,0.0,outdoor,2026-05-02T21:48:18.231686+0000,1.231686,13f15cfc8f06,gats,1.0,4632
2026-05-02T14:48:21-07:00,11,37.43006216894644,-122.1728592279874,26.156221408397,0.0,0.0,outdoor,2026-05-02T21:48:22.238008+0000,1.238008,d7a2282a57fc,gats,1.0,4635
2026-05-02T14:48:24-07:00,12,37.43013475882145,-122.1728212177077,26.1988543318585,0.0,0.0,outdoor,2026-05-02T21:48:23.659074+0000,-0.340926,d7a2282a57fc,gats,1.0,4637
2026-05-02T14:48:28-07:00,13,37.43017483911778,-122.1729951760738,27.1776472218335,0.0,0.0,outdoor,2026-05-02T21:48:27.651302+0000,-0.348698,987690eaa61d,gats,1.0,4640
2026-05-02T14:48:31-07:00,14,37.43014156736118,-122.1729728755231,27.5089100087062,0.0,0.0,outdoor,2026-05-02T21:48:30.927034+0000,-0.072966,b1282f9956e0,gats,1.0,4642
2026-05-02T14:48:35-07:00,15,37.43015133097248,-122.1726653038232,26.0624246085063,0.0,0.0,outdoor,2026-05-02T21:48:34.941135+0000,-0.058865,09f0cf522799,gats,1.0,4645
2026-05-02T14:48:38-07:00,16,37.43018983290136,-122.1726385082292,25.4286739462987,0.0,0.0,outdoor,2026-05-02T21:48:38.248924+0000,0.248924,37bcb724b8ab,gats,1.0,4647
2026-05-02T14:48:42-07:00,17,37.43023747927819,-122.1726443563289,26.2730496544391,0.0,0.0,outdoor,2026-05-02T21:48:42.251948+0000,0.251948,daa02d11ca97,gats,1.0,4650
2026-05-02T14:48:45-07:00,18,37.43025662445609,-122.1726455418006,27.0831837356091,0.0,0.0,outdoor,2026-05-02T21:48:46.253433+0000,1.253433,7864851023d1,gats,1.0,4653
2026-05-02T14:48:49-07:00,19,37.43023831647537,-122.1726426385933,28.0826883791015,0.0,0.0,outdoor,2026-05-02T21:48:50.254146+0000,1.254146,b7fa3a61c40e,gats,1.0,4656
2026-05-02T14:48:53-07:00,20,37.43021527006267,-122.1726242933342,27.8839078480378,0.0,0.0,outdoor,2026-05-02T21:48:54.258353+0000,1.258353,4670af210c35,gats,1.0,4659
2026-05-02T14:48:56-07:00,21,37.43018613264596,-122.1726294462815,26.4515927033499,0.0,0.0,outdoor,2026-05-02T21:48:55.676257+0000,-0.323743,4670af210c35,gats,1.0,4661
2026-05-02T14:49:00-07:00,22,37.43017165376036,-122.1726930279612,25.6506146630272,0.0,0.0,outdoor,2026-05-02T21:48:59.647460+0000,-0.35254,b18afa12cc9d,gats,1.0,4664
2026-05-02T14:49:03-07:00,23,37.43013427796327,-122.1727871679277,25.662331789732,0.0,0.0,outdoor,2026-05-02T21:49:02.926734+0000,-0.073266,5ef1763bf4cf,gats,1.0,4666
2026-05-02T14:49:07-07:00,24,37.43010919830341,-122.172832042863,25.8000719584525,0.0,0.0,outdoor,2026-05-02T21:49:06.950812+0000,-0.049188,e65e5cfab545,gats,1.0,4669
2026-05-02T14:49:10-07:00,25,37.43008884428324,-122.1728203449526,25.9389822660014,0.0,0.0,outdoor,2026-05-02T21:49:10.273865+0000,0.273865,3d46f5c816d9,gats,1.0,4671
2026-05-02T14:49:14-07:00,26,37.43004801779732,-122.1729667675533,26.5019728811458,0.0,0.0,outdoor,2026-05-02T21:49:14.275675+0000,0.275675,04f13b1a3d96,gats,1.0,4674
2026-05-02T14:49:17-07:00,27,37.43003036448303,-122.1730458888694,27.1380213517696,0.0,0.0,outdoor,2026-05-02T21:49:18.280424+0000,1.280424,f4df1e83cd19,gats,1.0,4677
2026-05-02T14:49:21-07:00,28,37.43001580745887,-122.1731267977996,27.6322632255033,0.0,0.0,outdoor,2026-05-02T21:49:22.285251+0000,1.285251,6035cab093fa,gats,1.0,4680
2026-05-02T14:49:24-07:00,29,37.43002193044025,-122.1731503915416,27.6335115320981,0.0,0.0,outdoor,2026-05-02T21:49:23.680498+0000,-0.319502,6035cab093fa,gats,1.0,4682
2026-05-02T14:49:28-07:00,30,37.43001513659188,-122.1731442836549,27.7648538397625,0.0,0.0,outdoor,2026-05-02T21:49:27.681932+0000,-0.318068,ea45791df1a6,gats,1.0,4685
2026-05-02T14:49:32-07:00,31,37.42984729929111,-122.1730414003331,27.7347247591242,0.0,0.0,outdoor,2026-05-02T21:49:31.686070+0000,-0.31393,7c85bcfdd98a,gats,1.0,4688
2026-05-02T14:49:35-07:00,32,37.42982694870763,-122.1728817843499,27.5305473059416,0.0,0.0,outdoor,2026-05-02T21:49:34.970026+0000,-0.029974,7cff3c60d874,gats,1.0,4690
2026-05-02T14:49:39-07:00,33,37.42979398289859,-122.1727738645075,26.7410823302344,0.0,0.0,outdoor,2026-05-02T21:49:38.969014+0000,-0.030986,90fa9b49d4fa,gats,1.0,4693
2026-05-02T14:49:52-07:00,34,37.42968651891427,-122.1724933167282,25.6921323509887,0.0,0.0,outdoor,2026-05-02T21:49:51.714466+0000,-0.285534,863d93a08ac7,gats,1.0,4703
2026-05-02T14:50:06-07:00,35,37.42967771828017,-122.172443354873,27.5637001246214,0.0,0.0,outdoor,2026-05-02T21:50:06.311532+0000,0.311532,63d315321ed3,gats,1.0,4713
2026-05-02T14:50:17-07:00,36,37.42955057108946,-122.1724609434922,27.6366355204955,0.0,0.0,outdoor,2026-05-02T21:50:15.811358+0000,-1.188642,f4c0027d5a16,gats,1.0,4721
2026-05-02T14:50:20-07:00,37,37.42952149577668,-122.1724802688523,27.6057093041018,0.0,0.0,outdoor,2026-05-02T21:50:19.732311+0000,-0.267689,737b3d4b2076,gats,1.0,4724
2026-05-02T14:50:24-07:00,38,37.4294916281427,-122.17249628101,27.6929364092648,0.0,0.0,outdoor,2026-05-02T21:50:23.719121+0000,-0.280879,86e0693d9230,gats,1.0,4727
2026-05-02T14:50:27-07:00,39,37.42948833694933,-122.1724923129298,27.032791595906,0.0,0.0,outdoor,2026-05-02T21:50:27.025054+0000,0.025054,9250acce73a8,gats,1.0,4729
2026-05-02T14:50:31-07:00,40,37.42949412816554,-122.1724653812181,26.5255882712081,0.0,0.0,outdoor,2026-05-02T21:50:31.022462+0000,0.022462,0f735215a28f,gats,1.0,4732
2026-05-02T14:50:34-07:00,41,37.42951349977073,-122.1724234935224,26.4281276902184,0.0,0.0,outdoor,2026-05-02T21:50:34.339145+0000,0.339145,27f65757bf3f,gats,1.0,4734
2026-05-02T14:50:38-07:00,42,37.42955596201224,-122.1724122232722,26.2227996727452,0.0,0.0,outdoor,2026-05-02T21:50:38.341434+0000,0.341434,2a8c8dc26007,gats,1.0,4737
2026-05-02T14:50:41-07:00,43,37.42957606381589,-122.172417064661,25.1876131584868,0.0,0.0,outdoor,2026-05-02T21:50:39.714760+0000,-1.28524,2a8c8dc26007,gats,1.0,4739
2026-05-02T14:50:45-07:00,44,37.42960137864007,-122.1724342200467,26.4559737546369,0.0,0.0,outdoor,2026-05-02T21:50:43.750804+0000,-1.249196,8129de9d60bd,gats,1.0,4742
2026-05-02T14:50:49-07:00,45,37.42962363133154,-122.1724421928906,26.5961332824081,0.0,0.0,outdoor,2026-05-02T21:50:47.738138+0000,-1.261862,8702c47ce37c,gats,1.0,4745
2026-05-02T14:50:52-07:00,46,37.42964277497938,-122.1724358616522,25.990571776405,0.0,0.0,outdoor,2026-05-02T21:50:51.751291+0000,-0.248709,b88049d19805,gats,1.0,4748
2026-05-02T14:50:56-07:00,47,37.4296650480463,-122.1724228311821,25.2151815183461,0.0,0.0,outdoor,2026-05-02T21:50:55.761718+0000,-0.238282,7c7579aecf6c,gats,1.0,4751
2026-05-02T14:50:59-07:00,48,37.4296971252782,-122.1724080482569,25.2638178830966,0.0,0.0,outdoor,2026-05-02T21:50:59.044797+0000,0.044797,2cbae9cd486d,gats,1.0,4753
2026-05-02T14:51:03-07:00,49,37.42974967386589,-122.1723975145177,25.6111045926809,0.0,0.0,outdoor,2026-05-02T21:51:03.031453+0000,0.031453,b380bfa33521,gats,1.0,4756
2026-05-02T14:51:06-07:00,50,37.42978270816049,-122.1723918884072,25.8316312162206,0.0,0.0,outdoor,2026-05-02T21:51:06.361038+0000,0.361038,5a9b1b12a557,gats,1.0,4758
2026-05-02T14:51:10-07:00,51,37.42981235831426,-122.1724070956274,25.9745781980455,0.0,0.0,outdoor,2026-05-02T21:51:10.362911+0000,0.362911,28e986d9370f,gats,1.0,4761
2026-05-02T14:51:13-07:00,52,37.42984993114207,-122.1724299818139,25.8215659735724,0.0,0.0,outdoor,2026-05-02T21:51:11.778158+0000,-1.221842,28e986d9370f,gats,1.0,4763
2026-05-02T14:51:17-07:00,53,37.42989136278092,-122.1724236266909,25.7308845734224,0.0,0.0,outdoor,2026-05-02T21:51:15.759083+0000,-1.240917,5efed87f0dc5,gats,1.0,4766
2026-05-02T14:51:21-07:00,54,37.42986973804864,-122.1723915481067,25.9352415120229,0.0,0.0,outdoor,2026-05-02T21:51:19.734017+0000,-1.265983,0771ed14ee28,gats,1.0,4769
2026-05-02T14:51:34-07:00,55,37.43003603325587,-122.172194184934,27.4838366890326,0.0,0.0,outdoor,2026-05-02T21:51:34.370847+0000,0.370847,98a0e64b844b,gats,1.0,4779
2026-05-02T14:51:48-07:00,56,37.4301641431368,-122.1721149116006,28.4362452030182,2.3308565104684755e-05,-3.8093207535893814e-05,outdoor,2026-05-02T21:51:47.774494+0000,-0.225506,5eec5ae3fe22,gats,1.0,4790
2026-05-02T14:51:54-07:00,57,37.4302131371915,-122.1720723522446,28.1205309461802,0.0,0.0,outdoor,2026-05-02T21:51:54.391352+0000,0.391352,0e97e830f1f0,gats,1.0,4794
2026-05-02T14:51:57-07:00,58,37.43024535626612,-122.1720674653031,28.0135694807395,0.0,0.0,outdoor,2026-05-02T21:51:55.793422+0000,-1.206578,0e97e830f1f0,gats,1.0,4796
2026-05-02T14:52:01-07:00,59,37.43028361404357,-122.1720641968154,27.8190806116909,0.0,0.0,outdoor,2026-05-02T21:51:59.772077+0000,-1.227923,b531e1bf60dd,gats,1.0,4799
2026-05-02T14:52:04-07:00,60,37.43031899000928,-122.1720632262252,27.4762969147414,-1.489034885082674e-05,3.670248959508626e-05,outdoor,2026-05-02T21:52:03.787907+0000,-0.212093,3975c70c920b,gats,1.0,4802
2026-05-02T14:52:08-07:00,61,37.43036000706455,-122.1720493697776,27.1779180532321,-6.318806057947768e-06,2.805914093073625e-06,outdoor,2026-05-02T21:52:07.794970+0000,-0.20503,3879ca1204fe,gats,1.0,4805
2026-05-02T14:52:11-07:00,62,37.43036778225853,-122.1720317481523,27.0244831526652,-1.114380054900721e-06,3.740687341746707e-05,outdoor,2026-05-02T21:52:11.086138+0000,0.086138,35b7245e6a68,gats,1.0,4807
2026-05-02T14:52:15-07:00,63,37.43036017055998,-122.172006818828,26.7874968182296,3.1443627293015197e-06,3.885620539278989e-05,outdoor,2026-05-02T21:52:15.087856+0000,0.087856,9d62ef7b22c7,gats,1.0,4810
2026-05-02T14:52:18-07:00,64,37.43035041542419,-122.1720037485184,26.356516731903,-5.92236375496227e-06,3.895305633250251e-05,outdoor,2026-05-02T21:52:18.401137+0000,0.401137,332c9d246308,gats,1.0,4812
2026-05-02T14:52:22-07:00,65,37.43033381871391,-122.1719704856597,27.0419631106779,1.169591190830488e-05,3.1225629157916046e-06,outdoor,2026-05-02T21:52:22.393839+0000,0.393839,5a7414a077df,gats,1.0,4815
2026-05-02T14:52:26-07:00,66,37.4303027674403,-122.1719644257138,25.3370823934674,3.755849455444604e-06,1.973863258797337e-05,outdoor,2026-05-02T21:52:26.388863+0000,0.388863,0c68cf9b1bb2,gats,1.0,4818
2026-05-02T14:52:29-07:00,67,37.43028964547245,-122.1719563355364,25.3178980639204,-8.214759496638635e-06,1.078667274612144e-05,outdoor,2026-05-02T21:52:27.780347+0000,-1.219653,0c68cf9b1bb2,gats,1.0,4820
2026-05-02T14:52:33-07:00,68,37.43026330679603,-122.1719102624517,25.28292715922,-1.9378489163557333e-05,-2.5805706727055625e-05,outdoor,2026-05-02T21:52:31.796206+0000,-1.203794,874a6169be11,gats,1.0,4823
2026-05-02T14:52:36-07:00,69,37.43028761853832,-122.1718547595785,25.8782150195912,-6.213227427309675e-05,-4.657470034885591e-05,outdoor,2026-05-02T21:52:35.811861+0000,-0.188139,7b9b3c5796aa,gats,1.0,4826
2026-05-02T14:52:40-07:00,70,37.43028650976932,-122.1717714313098,25.9579863008112,-5.416806250480019e-05,-7.893293999927664e-05,outdoor,2026-05-02T21:52:39.793502+0000,-0.206498,577da1d8ffa5,gats,1.0,4829
2026-05-02T14:52:43-07:00,71,37.43025569883851,-122.1717173218566,25.9775081416592,5.383593190799702e-06,-4.771945944526123e-05,outdoor,2026-05-02T21:52:43.098851+0000,0.098851,1cb85a5777ae,gats,1.0,4831
2026-05-02T14:52:47-07:00,72,37.43021520819036,-122.1717654688657,27.7974679321051,2.6792129084185517e-05,7.583552888945646e-05,outdoor,2026-05-02T21:52:47.111172+0000,0.111172,26126449b846,gats,1.0,4834
2026-05-02T14:52:51-07:00,73,37.43019171016746,-122.1717572930287,27.9548261407763,3.473328023062552e-05,2.279015944850498e-06,outdoor,2026-05-02T21:52:51.109919+0000,0.109919,1b4b11a254e8,gats,1.0,4837
2026-05-02T14:52:54-07:00,74,37.4301779333174,-122.1717640614093,28.9780283467844,3.817719898790986e-05,1.856460902160964e-05,outdoor,2026-05-02T21:52:54.411295+0000,0.411295,84b468496973,gats,1.0,4839
2026-05-02T14:52:58-07:00,75,37.43019967919313,-122.1717498399883,29.6101779090241,2.0942111156330157e-05,-1.1679560287802544e-06,outdoor,2026-05-02T21:52:58.413094+0000,0.413094,17c86106f620,gats,1.0,4842
2026-05-02T14:53:01-07:00,76,37.43021146334895,-122.1717565331585,30.3135299012065,1.117724060151204e-05,1.9980095103733247e-05,outdoor,2026-05-02T21:52:59.833203+0000,-1.166797,17c86106f620,gats,1.0,4844
2026-05-02T14:53:05-07:00,77,37.43021863768102,-122.1717559592324,30.2074520867318,0.0,0.0,outdoor,2026-05-02T21:53:03.812577+0000,-1.187423,789329b6535d,gats,1.0,4847
2026-05-02T14:53:08-07:00,78,37.43022498089069,-122.1717218439232,30.0439011640847,0.0,0.0,outdoor,2026-05-02T21:53:07.812118+0000,-0.187882,9e354ae8a8ab,gats,1.0,4850
2026-05-02T14:53:12-07:00,79,37.43022750737172,-122.1716966731812,31.4957567201927,0.0,0.0,outdoor,2026-05-02T21:53:11.947012+0000,-0.052988,5ed9b7a745a1,gats,1.0,4853
2026-05-02T14:53:15-07:00,80,37.43022211963557,-122.1716580034716,30.5828147251159,0.0,0.0,outdoor,2026-05-02T21:53:15.118087+0000,0.118087,14435855aa17,gats,1.0,4855
2026-05-02T14:53:19-07:00,81,37.4302204031551,-122.1716214685093,30.2632965147495,0.0,0.0,outdoor,2026-05-02T21:53:19.148999+0000,0.148999,046a379e5de2,gats,1.0,4858
2026-05-02T14:53:22-07:00,82,37.43020682636793,-122.1715820399922,29.3017685106024,0.0,0.0,outdoor,2026-05-02T21:53:22.451270+0000,0.45127,67f037043eeb,gats,1.0,4860
2026-05-02T14:53:26-07:00,83,37.43019055323774,-122.171529176992,28.2149390224367,0.0,0.0,outdoor,2026-05-02T21:53:26.449784+0000,0.449784,9654be6e2e5a,gats,1.0,4863
2026-05-02T14:53:30-07:00,84,37.43018427043365,-122.1714854226271,27.5593130188063,0.0,0.0,outdoor,2026-05-02T21:53:30.453842+0000,0.453842,50cee20ac097,gats,1.0,4866
2026-05-02T14:53:33-07:00,85,37.43018804471294,-122.1714231541779,26.5237319236621,0.0,0.0,outdoor,2026-05-02T21:53:31.829994+0000,-1.170006,50cee20ac097,gats,1.0,4868
2026-05-02T14:53:37-07:00,86,37.4301712726847,-122.171378386885,26.4253560043871,0.0,0.0,outdoor,2026-05-02T21:53:35.840875+0000,-1.159125,a8f09cc08d60,gats,1.0,4871
2026-05-02T14:53:40-07:00,87,37.43016169265712,-122.1713438744624,26.3213221086189,0.0,0.0,outdoor,2026-05-02T21:53:40.119050+0000,0.11905,0ad9838beac0,gats,1.0,4874
2026-05-02T14:53:44-07:00,88,37.43014439379822,-122.1713019364105,26.3277507973835,0.0,0.0,outdoor,2026-05-02T21:53:43.862800+0000,-0.1372,71a2e44cb2ab,gats,1.0,4877
2026-05-02T14:53:47-07:00,89,37.43013416503497,-122.1712758512229,26.8391418466344,0.0,0.0,outdoor,2026-05-02T21:53:47.129619+0000,0.129619,035474ced857,gats,1.0,4879
2026-05-02T14:53:51-07:00,90,37.43010790530869,-122.1712478387904,26.8617305066437,5.276355011574196e-06,-7.099637826968335e-05,outdoor,2026-05-02T21:53:51.144120+0000,0.14412,2f4c6b008754,gats,1.0,4882
2026-05-02T14:53:54-07:00,91,37.43009556918788,-122.1712333885762,27.7202059086412,0.0,0.0,outdoor,2026-05-02T21:53:54.481391+0000,0.481391,368682111649,gats,1.0,4884
2026-05-02T14:53:58-07:00,92,37.43006287636269,-122.1712261142757,26.8435102794319,0.0,0.0,outdoor,2026-05-02T21:53:58.487805+0000,0.487805,86887bbc2c47,gats,1.0,4887
2026-05-02T14:54:02-07:00,93,37.43002211592645,-122.1712209263262,25.5918627623469,0.0,0.0,outdoor,2026-05-02T21:54:02.474635+0000,0.474635,5f24329887d4,gats,1.0,4890
2026-05-02T14:54:05-07:00,94,37.43000141299208,-122.1712141500898,26.5569908171892,0.0,0.0,outdoor,2026-05-02T21:54:03.859306+0000,-1.140694,5f24329887d4,gats,1.0,4892
2026-05-02T14:54:09-07:00,95,37.4299660520388,-122.1712256221909,26.1123081836849,0.0,0.0,outdoor,2026-05-02T21:54:07.886323+0000,-1.113677,1c088de28bc9,gats,1.0,4895
2026-05-02T14:54:12-07:00,96,37.42993655489126,-122.1712234969416,25.7297086734325,0.0,0.0,outdoor,2026-05-02T21:54:11.874389+0000,-0.125611,6ec4d71760d8,gats,1.0,4898
2026-05-02T14:54:16-07:00,97,37.42990131391373,-122.1712314885106,25.5584219228476,0.0,0.0,outdoor,2026-05-02T21:54:15.851553+0000,-0.148447,bd328fc9b4f2,gats,1.0,4901
2026-05-02T14:54:19-07:00,98,37.42987200631517,-122.1712349652609,25.8533603753895,0.0,0.0,outdoor,2026-05-02T21:54:19.172717+0000,0.172717,bf4dc39fc0e1,gats,1.0,4903
2026-05-02T14:54:23-07:00,99,37.42982001619362,-122.17123191889,26.5954712396488,0.0,0.0,outdoor,2026-05-02T21:54:23.185348+0000,0.185348,a014665b65f4,gats,1.0,4906
2026-05-02T14:54:26-07:00,100,37.42979502442093,-122.1712402680202,25.7236739108339,0.0,0.0,outdoor,2026-05-02T21:54:26.503318+0000,0.503318,9ff21e57cfff,gats,1.0,4908
2026-05-02T14:54:30-07:00,101,37.42976978914353,-122.171251501229,25.9684421094134,0.0,0.0,outdoor,2026-05-02T21:54:30.504524+0000,0.504524,9f7134aa1083,gats,1.0,4911
2026-05-02T14:54:33-07:00,102,37.42974361421861,-122.1712604315926,26.1132610524073,0.0,0.0,outdoor,2026-05-02T21:54:31.909689+0000,-1.090311,9f7134aa1083,gats,1.0,4913
2026-05-02T14:54:37-07:00,103,37.42969135926095,-122.1712684864229,26.0503607299179,0.0,0.0,outdoor,2026-05-02T21:54:35.897111+0000,-1.102889,071bcb372a58,gats,1.0,4916
2026-05-02T14:54:41-07:00,104,37.42966809603637,-122.1712761922676,26.3713353937492,0.0,0.0,outdoor,2026-05-02T21:54:39.989282+0000,-1.010718,29e16af6261a,gats,1.0,4919
2026-05-02T14:54:44-07:00,105,37.4296525392591,-122.1712889193028,25.9005214422941,0.0,0.0,outdoor,2026-05-02T21:54:44.240190+0000,0.24019,0e0ab2a32ef2,gats,1.0,4922
2026-05-02T14:54:48-07:00,106,37.42964979234479,-122.1712812836722,25.9706741599366,0.0,0.0,outdoor,2026-05-02T21:54:47.911445+0000,-0.088555,8c241c16038a,gats,1.0,4925
2026-05-02T14:54:51-07:00,107,37.42962472015993,-122.1712647780301,26.3643540572375,0.0,0.0,outdoor,2026-05-02T21:54:51.182279+0000,0.182279,b32295e58d10,gats,1.0,4927
2026-05-02T14:54:55-07:00,108,37.42961130431794,-122.1712387985341,26.6077724127099,0.0,0.0,outdoor,2026-05-02T21:54:55.161726+0000,0.161726,4d8ae40dd26a,gats,1.0,4930
2026-05-02T14:54:58-07:00,109,37.42962836355565,-122.1712280942721,26.6156938532367,0.0,0.0,outdoor,2026-05-02T21:54:58.529933+0000,0.529933,ac828f439546,gats,1.0,4932
2026-05-02T14:55:02-07:00,110,37.42965009934503,-122.1712196268966,25.8053653035313,0.0,0.0,outdoor,2026-05-02T21:55:02.527867+0000,0.527867,d7ba9e16c582,gats,1.0,4935
2026-05-02T14:55:05-07:00,111,37.42967350900854,-122.1712167984451,26.1315205777064,0.0,0.0,outdoor,2026-05-02T21:55:03.917598+0000,-1.082402,d7ba9e16c582,gats,1.0,4937
2026-05-02T14:55:09-07:00,112,37.42971025040509,-122.171202641251,25.9093632735312,0.0,0.0,outdoor,2026-05-02T21:55:07.906094+0000,-1.093906,5ecb17b6cfb8,gats,1.0,4940
2026-05-02T14:55:13-07:00,113,37.42972617664178,-122.1712059992129,25.9258435592055,0.0,0.0,outdoor,2026-05-02T21:55:12.039879+0000,-0.960121,9070276764de,gats,1.0,4943
2026-05-02T14:55:16-07:00,114,37.42976600830693,-122.1711880957964,25.6576383467764,0.0,0.0,outdoor,2026-05-02T21:55:15.890515+0000,-0.109485,ff1dd8a4cf23,gats,1.0,4946
2026-05-02T14:55:20-07:00,115,37.42979852864318,-122.1711687067901,25.3739232737571,0.0,0.0,outdoor,2026-05-02T21:55:19.885488+0000,-0.114512,76c39135c9b9,gats,1.0,4949
2026-05-02T14:55:23-07:00,116,37.42982423084933,-122.1711653307842,25.2482532598078,0.0,0.0,outdoor,2026-05-02T21:55:23.201940+0000,0.20194,ad8d16fd4360,gats,1.0,4951
2026-05-02T14:55:27-07:00,117,37.42986150368363,-122.1711580519865,25.4749805126339,0.0,0.0,outdoor,2026-05-02T21:55:27.230918+0000,0.230918,b7915d597e27,gats,1.0,4954
2026-05-02T14:55:30-07:00,118,37.42988797292318,-122.1711385564519,25.454969056882,0.0,0.0,outdoor,2026-05-02T21:55:30.555403+0000,0.555403,fbfdcef24fbb,gats,1.0,4956
2026-05-02T14:55:34-07:00,119,37.42992295781216,-122.1711280112499,25.6673842249438,0.0,0.0,outdoor,2026-05-02T21:55:34.557315+0000,0.557315,5ef2ec83e13b,gats,1.0,4959
2026-05-02T14:55:37-07:00,120,37.42993995782111,-122.1711334895078,25.6399999028072,0.0,0.0,outdoor,2026-05-02T21:55:35.897650+0000,-1.10235,5ef2ec83e13b,gats,1.0,4961
2026-05-02T14:55:41-07:00,121,37.42994983335103,-122.1711780396482,24.9827557951212,0.0,0.0,outdoor,2026-05-02T21:55:39.906282+0000,-1.093718,5d90060b0c4b,gats,1.0,4964
2026-05-02T14:55:44-07:00,122,37.42993124054754,-122.1712005662704,25.1868614405394,0.0,0.0,outdoor,2026-05-02T21:55:43.906593+0000,-0.093407,9db3a3e2cc35,gats,1.0,4967
2026-05-02T14:55:48-07:00,123,37.42989480275981,-122.1712138241648,25.1620513731614,0.0,0.0,outdoor,2026-05-02T21:55:47.927584+0000,-0.072416,8d658ddc1b2f,gats,1.0,4970
2026-05-02T14:55:52-07:00,124,37.42986541654516,-122.1712298232694,25.0315058510751,0.0,0.0,outdoor,2026-05-02T21:55:51.916136+0000,-0.083864,952bc7a6ae69,gats,1.0,4973
2026-05-02T14:55:55-07:00,125,37.42983512579955,-122.1712382572685,25.3809393774718,0.0,0.0,outdoor,2026-05-02T21:55:55.249215+0000,0.249215,62565822c3a0,gats,1.0,4975
2026-05-02T14:55:59-07:00,126,37.42978996169132,-122.1712512475483,25.2997045964003,0.0,0.0,outdoor,2026-05-02T21:55:59.244127+0000,0.244127,0f072cef7f47,gats,1.0,4978
2026-05-02T14:56:02-07:00,127,37.42977395356665,-122.1712736723174,25.5630547478795,0.0,0.0,outdoor,2026-05-02T21:56:02.573044+0000,0.573044,252200b37422,gats,1.0,4980
2026-05-02T14:56:06-07:00,128,37.42977571893275,-122.17132078666,25.5983491027728,0.0,0.0,outdoor,2026-05-02T21:56:06.595179+0000,0.595179,a43320752ad8,gats,1.0,4983
2026-05-02T14:56:09-07:00,129,37.42978009859637,-122.1713507576213,25.7630486842245,0.0,0.0,outdoor,2026-05-02T21:56:07.984592+0000,-1.015408,a43320752ad8,gats,1.0,4985
2026-05-02T14:56:13-07:00,130,37.42975254058767,-122.1713932372963,26.3006638940424,0.0,0.0,outdoor,2026-05-02T21:56:11.952222+0000,-1.047778,303d41dc3729,gats,1.0,4988
2026-05-02T14:56:16-07:00,131,37.42972164267368,-122.1714147091911,26.2641617823392,0.0,0.0,outdoor,2026-05-02T21:56:15.994136+0000,-0.005864,cb21f0678edc,gats,1.0,4991
2026-05-02T14:56:20-07:00,132,37.42969119270183,-122.1714391941285,26.3174176709726,0.0,0.0,outdoor,2026-05-02T21:56:20.046813+0000,0.046813,faab172d3549,gats,1.0,4994
2026-05-02T14:56:23-07:00,133,37.42966738704975,-122.1714571359076,26.8017027396709,0.0,0.0,outdoor,2026-05-02T21:56:22.676300+0000,-0.3237,8ce0534b4725,gats,1.0,4995
2026-05-02T14:56:27-07:00,134,37.42963776076687,-122.1714745820498,26.7392186494544,0.0,0.0,outdoor,2026-05-02T21:56:26.630066+0000,-0.369934,d8e3c52fd6d6,gats,1.0,4998
2026-05-02T14:56:30-07:00,135,37.42960830683552,-122.1714851281431,26.6287307869643,0.0,0.0,outdoor,2026-05-02T21:56:30.625449+0000,0.625449,bae0c92c5df7,gats,1.0,5001
2026-05-02T14:56:34-07:00,136,37.42957065257927,-122.1715083212382,26.9414916746318,0.0,0.0,outdoor,2026-05-02T21:56:34.629028+0000,0.629028,9bf374c08a7b,gats,1.0,5004
2026-05-02T14:56:37-07:00,137,37.42953861053392,-122.1715226785983,27.1131926877424,0.0,0.0,outdoor,2026-05-02T21:56:36.002521+0000,-0.997479,9bf374c08a7b,gats,1.0,5006
2026-05-02T14:56:41-07:00,138,37.4294969884897,-122.1715253079848,26.9316435530782,0.0,0.0,outdoor,2026-05-02T21:56:39.986995+0000,-1.013005,00b69ee2a234,gats,1.0,5009
2026-05-02T14:56:44-07:00,139,37.42946897418727,-122.1715405359748,27.118214474991,0.0,0.0,outdoor,2026-05-02T21:56:43.966382+0000,-0.033618,3284e8bcfb03,gats,1.0,5012
2026-05-02T14:56:48-07:00,140,37.42945604765294,-122.171578889317,26.9570767721161,0.0,0.0,outdoor,2026-05-02T21:56:48.002689+0000,0.002689,dd5343d882df,gats,1.0,5015
2026-05-02T14:56:52-07:00,141,37.4294361578155,-122.171613421354,27.0229490948841,0.0,0.0,outdoor,2026-05-02T21:56:52.042087+0000,0.042087,c3686b77376c,gats,1.0,5018
2026-05-02T14:56:55-07:00,142,37.42941309635963,-122.1716288468928,26.0784939816222,0.0,0.0,outdoor,2026-05-02T21:56:55.305849+0000,0.305849,cc6293152c92,gats,1.0,5020
2026-05-02T14:56:59-07:00,143,37.42939422998878,-122.1716580752596,26.9426437923685,0.0,0.0,outdoor,2026-05-02T21:56:59.309237+0000,0.309237,35139ba26e8e,gats,1.0,5023
2026-05-02T14:57:02-07:00,144,37.42937446590985,-122.1716889087293,27.0667409216985,0.0,0.0,outdoor,2026-05-02T21:57:02.656744+0000,0.656744,3291953d43f5,gats,1.0,5025
2026-05-02T14:57:06-07:00,145,37.42935507846072,-122.1717149618049,26.9761069426313,0.0,0.0,outdoor,2026-05-02T21:57:06.662237+0000,0.662237,4cc91dce8108,gats,1.0,5028
2026-05-02T14:57:09-07:00,146,37.42935689692027,-122.1717119522218,26.9516964526847,0.0,0.0,outdoor,2026-05-02T21:57:08.006347+0000,-0.993653,4cc91dce8108,gats,1.0,5030
2026-05-02T14:57:13-07:00,147,37.42935689692027,-122.1717119522218,26.9516964526847,0.0,0.0,outdoor,2026-05-02T21:57:12.047518+0000,-0.952482,d02bb5497e5a,gats,1.0,5033
2026-05-02T14:57:16-07:00,148,37.42935689692027,-122.1717119522218,26.9516964526847,0.0,0.0,outdoor,2026-05-02T21:57:12.047518+0000,-3.952482,d02bb5497e5a,gats,1.0,5033
2026-05-02T14:57:20-07:00,149,37.42935689692027,-122.1717119522218,26.9516964526847,0.0,0.0,outdoor,2026-05-02T21:57:12.047518+0000,-7.952482,d02bb5497e5a,gats,1.0,5033
2026-05-02T14:57:24-07:00,150,37.42935689692027,-122.1717119522218,26.9516964526847,0.0,0.0,outdoor,2026-05-02T21:57:12.047518+0000,-11.952482,d02bb5497e5a,gats,1.0,5033
2026-05-02T14:57:27-07:00,151,37.42935689692027,-122.1717119522218,26.9516964526847,0.0,0.0,outdoor,2026-05-02T21:57:38.927923+0000,11.927923,d40e679d22ba,gats,1.0,5034
2026-05-02T14:57:31-07:00,152,37.42935689692027,-122.1717119522218,26.9516964526847,0.0,0.0,outdoor,2026-05-02T21:57:38.927923+0000,7.927923,d40e679d22ba,gats,1.0,5034
2026-05-02T14:57:34-07:00,153,37.42935689692027,-122.1717119522218,26.9516964526847,0.0,0.0,outdoor,2026-05-02T21:57:38.927923+0000,4.927923,d40e679d22ba,gats,1.0,5034
2026-05-02T14:57:38-07:00,154,37.42935689692027,-122.1717119522218,26.9516964526847,0.0,0.0,outdoor,2026-05-02T21:57:38.927923+0000,0.927923,d40e679d22ba,gats,1.0,5034
2026-05-02T14:57:41-07:00,155,37.42938812657984,-122.1717007193605,26.1036462029442,0.0,0.0,outdoor,2026-05-02T21:57:40.339402+0000,-0.660598,d40e679d22ba,gats,1.0,5036
2026-05-02T14:57:45-07:00,156,37.42934961090597,-122.1717109791903,26.5678705461323,0.0,0.0,outdoor,2026-05-02T21:57:44.257699+0000,-0.742301,ef01aa4589e6,gats,1.0,5039
2026-05-02T14:57:48-07:00,157,37.42931724755992,-122.1717265587224,27.2242444436997,0.0,0.0,outdoor,2026-05-02T21:57:48.346810+0000,0.34681,913015f867cd,gats,1.0,5042
2026-05-02T14:57:52-07:00,158,37.42927702599153,-122.1717347042818,27.9644966460764,0.0,0.0,outdoor,2026-05-02T21:57:52.290699+0000,0.290699,7ff3a4089507,gats,1.0,5045
2026-05-02T14:57:56-07:00,159,37.4292425660216,-122.1717485992009,27.1033796044067,0.0,0.0,outdoor,2026-05-02T21:57:56.306331+0000,0.306331,71cf18cbe2c5,gats,1.0,5048
2026-05-02T14:57:59-07:00,160,37.42920251639329,-122.1717708019269,28.0080661084503,0.0,0.0,outdoor,2026-05-02T21:57:58.939443+0000,-0.060557,fc4f1b2ebb12,gats,1.0,5049
2026-05-02T14:58:03-07:00,161,37.42914933303398,-122.171799289798,27.5764428991824,0.0,0.0,outdoor,2026-05-02T21:58:02.923103+0000,-0.076897,0acadb72a784,gats,1.0,5052
2026-05-02T14:58:06-07:00,162,37.42912357183491,-122.1718075145117,27.4318940043449,0.0,0.0,outdoor,2026-05-02T21:58:06.943099+0000,0.943099,e899f5dbd7f8,gats,1.0,5055
2026-05-02T14:58:10-07:00,163,37.42908130113445,-122.1718332186222,27.7406389769167,0.0,0.0,outdoor,2026-05-02T21:58:10.941130+0000,0.94113,ffdbe80bdb4f,gats,1.0,5058
2026-05-02T14:58:13-07:00,164,37.42906091043071,-122.1718685728375,27.3236946025863,0.0,0.0,outdoor,2026-05-02T21:58:12.311409+0000,-0.688591,ffdbe80bdb4f,gats,1.0,5060
2026-05-02T14:58:17-07:00,165,37.4290276275788,-122.1719078080075,27.5945975473151,0.0,0.0,outdoor,2026-05-02T21:58:16.356026+0000,-0.643974,513cafcfdf90,gats,1.0,5063
2026-05-02T14:58:20-07:00,166,37.42901419741238,-122.1719333381738,26.9388821376488,0.0,0.0,outdoor,2026-05-02T21:58:20.305619+0000,0.305619,0e01d060e7e9,gats,1.0,5066
2026-05-02T14:58:24-07:00,167,37.42899435704297,-122.1719782733982,27.7135582668707,0.0,0.0,outdoor,2026-05-02T21:58:24.320081+0000,0.320081,b88a643d2117,gats,1.0,5069
2026-05-02T14:58:28-07:00,168,37.42899124178994,-122.1720002467246,28.0086241951212,0.0,0.0,outdoor,2026-05-02T21:58:28.319612+0000,0.319612,5873eae14e3e,gats,1.0,5072
2026-05-02T14:58:31-07:00,169,37.42899862341541,-122.1719761837758,27.7266134954989,0.0,0.0,outdoor,2026-05-02T21:58:30.965887+0000,-0.034113,3349e2be0a93,gats,1.0,5073
2026-05-02T14:58:35-07:00,170,37.42901955981278,-122.1719835249288,27.3951978208497,0.0,0.0,outdoor,2026-05-02T21:58:34.968158+0000,-0.031842,9247b6ff6336,gats,1.0,5076
2026-05-02T14:58:38-07:00,171,37.42902370015604,-122.1719589135646,27.289110542275,-4.547396706300301e-05,-6.539579821662792e-05,indoor,2026-05-02T21:58:38.958292+0000,0.958292,8346658e2125,gats,1.0,5079
2026-05-02T14:58:42-07:00,172,37.429019670617,-122.1719504411269,27.3957374179736,-1.4176134200738488e-05,-4.594326740914312e-05,indoor,2026-05-02T21:58:42.974897+0000,0.974897,efed454654f3,seq,1.0,5082
2026-05-02T14:58:45-07:00,173,37.42901433369589,-122.1719602810037,27.4009458413348,0.0,0.0,indoor,2026-05-02T21:58:44.335448+0000,-0.664552,efed454654f3,seq,1.0,5084
2026-05-02T14:58:59-07:00,174,37.42899030450506,-122.1718145349269,33.3604393238202,0.0,0.0,indoor,2026-05-02T21:58:52.325051+0000,-6.674949,ae92a8bd3555,seq,1.0,5090
2026-05-08T15:20:27-07:00,1,37.42922178840597,-122.1726108861385,28.3416709899902,4.7677234149989746e-05,0.0001126798593276,outdoor,2026-05-08T22:20:34.982581+0000,7.982581,ae9302635890,gilbert attempt,1.0,5091
2026-05-08T15:20:30-07:00,2,37.42922178840597,-122.1726108861385,28.3416709899902,0.0,0.0,outdoor,2026-05-08T22:20:34.982581+0000,4.982581,ae9302635890,gilbert attempt,1.0,5091
2026-05-08T15:20:34-07:00,3,37.42922167182704,-122.1726108243531,32.6716591873169,0.0,0.0,outdoor,2026-05-08T22:20:34.982581+0000,0.982581,ae9302635890,gilbert attempt,1.0,5091
2026-05-08T15:20:37-07:00,4,37.42922153980871,-122.1726107915289,32.6716685276031,0.0,0.0,outdoor,2026-05-08T22:20:36.403820+0000,-0.59618,ae9302635890,gilbert attempt,1.0,5093
2026-05-08T15:20:40-07:00,5,37.42924654472642,-122.1726152046382,32.6716674938201,0.0,0.0,outdoor,2026-05-08T22:20:40.200170+0000,0.20017,867bc723e6bf,gilbert attempt,1.0,5096
2026-05-08T15:20:46-07:00,6,37.42926221364043,-122.1726001187025,28.0035667419434,0.0,0.0,outdoor,2026-05-08T22:20:46.771026+0000,0.771026,bd75d578c876,gilbert attempt,1.0,5100
2026-05-08T15:20:49-07:00,7,37.42917646816133,-122.1725818011056,28.3283653259277,0.0,0.0,outdoor,2026-05-08T22:20:48.147793+0000,-0.852207,bd75d578c876,gilbert attempt,1.0,5102
2026-05-08T15:20:53-07:00,8,37.42918497218416,-122.1726104491362,29.0439414978027,0.0,0.0,outdoor,2026-05-08T22:20:52.188693+0000,-0.811307,4c58c11a6510,gilbert attempt,1.0,5105
2026-05-08T15:20:56-07:00,9,37.42923191735665,-122.1725829591019,28.1477012634277,0.0,0.0,outdoor,2026-05-08T22:20:56.207238+0000,0.207238,49a15ca65aaa,gilbert attempt,1.0,5108
2026-05-08T15:20:59-07:00,10,37.42925485222648,-122.172573466376,28.0384790273383,0.0,0.0,outdoor,2026-05-08T22:20:58.793925+0000,-0.206075,bcc87a88fbbf,gilbert attempt,1.0,5109
2026-05-08T15:21:02-07:00,11,37.42928810808683,-122.1725650416781,28.0310021610931,0.0,0.0,outdoor,2026-05-08T22:21:02.822863+0000,0.822863,084ec03b34ab,gilbert attempt,1.0,5112
2026-05-08T15:21:05-07:00,12,37.42932061980098,-122.1725539026255,27.7342797424644,0.0,0.0,outdoor,2026-05-08T22:21:04.254382+0000,-0.745618,084ec03b34ab,gilbert attempt,1.0,5114
2026-05-08T15:21:08-07:00,13,37.42934860344246,-122.1725486665244,28.3445092970505,0.0,0.0,outdoor,2026-05-08T22:21:08.308671+0000,0.308671,0d13aebc18e3,gilbert attempt,1.0,5117
2026-05-08T15:21:12-07:00,14,37.42938585926588,-122.1725440121043,29.5541955614462,0.0,0.0,outdoor,2026-05-08T22:21:11.822640+0000,-0.17736,cbfc3410e696,gilbert attempt,1.0,5119
2026-05-08T15:21:15-07:00,15,37.42942724515915,-122.1725281747579,27.0842248527333,0.0,0.0,outdoor,2026-05-08T22:21:15.305756+0000,0.305756,9f3c84299222,gilbert attempt,1.0,5121
2026-05-08T15:21:18-07:00,16,37.42948929782312,-122.1725033539961,27.9433877458796,0.0,0.0,outdoor,2026-05-08T22:21:18.918158+0000,0.918158,3c55096de3ac,gilbert attempt,1.0,5124
2026-05-08T15:21:21-07:00,17,37.42952612534484,-122.1725028994671,28.1712854132056,0.0,0.0,outdoor,2026-05-08T22:21:20.367909+0000,-0.632091,3c55096de3ac,gilbert attempt,1.0,5126
2026-05-08T15:21:24-07:00,18,37.42956608128495,-122.1724808707896,27.8679450973868,0.0,0.0,outdoor,2026-05-08T22:21:23.676195+0000,-0.323805,dffc2ef91de5,gilbert attempt,1.0,5128
2026-05-08T15:21:28-07:00,19,37.42959898666242,-122.1724513155641,27.3127646781504,0.0,0.0,outdoor,2026-05-08T22:21:27.617330+0000,-0.38267,c7550258fc07,gilbert attempt,1.0,5131
2026-05-08T15:21:31-07:00,20,37.42963283205403,-122.1724339149753,26.9819588251412,0.0,0.0,outdoor,2026-05-08T22:21:30.909134+0000,-0.090866,693d06aa3fec,gilbert attempt,1.0,5133
2026-05-08T15:21:34-07:00,21,37.42966062460083,-122.1724110269591,26.5215077837929,0.0,0.0,outdoor,2026-05-08T22:21:34.897385+0000,0.897385,a5dd2d2c7d80,gilbert attempt,1.0,5136
2026-05-08T15:21:37-07:00,22,37.42968149427092,-122.1723947884805,26.1833603223786,0.0,0.0,outdoor,2026-05-08T22:21:36.292471+0000,-0.707529,a5dd2d2c7d80,gilbert attempt,1.0,5138
2026-05-08T15:21:40-07:00,23,37.42971091792307,-122.1723861643718,25.5343388449401,0.0,0.0,outdoor,2026-05-08T22:21:40.344109+0000,0.344109,c03c651b23e3,gilbert attempt,1.0,5141
2026-05-08T15:21:44-07:00,24,37.42975196194038,-122.1723989866614,25.904249785468,0.0,0.0,outdoor,2026-05-08T22:21:44.412211+0000,0.412211,27a9d1d83ce3,gilbert attempt,1.0,5144
2026-05-08T15:21:47-07:00,25,37.42976441951464,-122.1723447312117,26.2352171363309,0.0,0.0,outdoor,2026-05-08T22:21:46.924599+0000,-0.075401,f7b9b5798146,gilbert attempt,1.0,5145
2026-05-08T15:21:50-07:00,26,37.42977764419974,-122.1723323050568,26.4829901745543,7.368295896981072e-06,-9.484122352887408e-05,outdoor,2026-05-08T22:21:50.942217+0000,0.942217,d84b56aa8d7a,gilbert attempt,1.0,5148
2026-05-08T15:21:57-07:00,27,37.4298250998636,-122.172212228297,25.7740536136553,-3.151554578550986e-05,-0.0001754886744151,indoor,2026-05-08T22:21:56.326976+0000,-0.673024,9f63d8c9216d,gilbert attempt,1.0,5153
2026-05-08T15:22:10-07:00,28,37.4297624035157,-122.1722212248688,25.907527946867,7.184183066044625e-05,-4.880938502083154e-05,indoor,2026-05-08T22:22:11.015347+0000,1.015347,891d0c2bc995,gilbert attempt,1.0,5163
2026-05-08T15:22:23-07:00,29,37.42962322201353,-122.1723389906084,26.2105674976483,0.0001525321778146,5.3010762258054456e-05,indoor,2026-05-08T22:22:22.990968+0000,-0.009032,0db57a1846d8,gilbert attempt,1.0,5172
2026-05-08T15:22:36-07:00,30,37.4299064253314,-122.1728995911065,41.7419492996987,-0.0002718422862741,0.0004736901083361,indoor,2026-05-08T22:22:35.664901+0000,-0.335099,774f598affea,gilbert attempt,1.0,5182
2026-05-08T15:22:47-07:00,31,37.42995646052226,-122.1729568435203,26.4322176212445,-3.615406095747176e-05,-2.7377426931707305e-05,outdoor,2026-05-08T22:22:46.991975+0000,-0.008025,26744f0c7a79,gilbert attempt,1.0,5190
2026-05-08T15:22:50-07:00,32,37.42997377962649,-122.1729459662097,26.8220458244905,0.0,0.0,outdoor,2026-05-08T22:22:50.989899+0000,0.989899,d5800005779a,gilbert attempt,1.0,5193
2026-05-08T15:22:53-07:00,33,37.4300256553301,-122.1730603224918,27.4219452869147,-6.605996404118741e-06,0.0001316314069867,outdoor,2026-05-08T22:22:52.512612+0000,-0.487388,d5800005779a,gilbert attempt,1.0,5195
2026-05-08T15:22:56-07:00,34,37.43004443852698,-122.1731049879301,27.8889317428693,1.700412082072944e-05,5.12036678657069e-05,outdoor,2026-05-08T22:22:55.702405+0000,-0.297595,e46679c61da2,gilbert attempt,1.0,5197
2026-05-08T15:22:59-07:00,35,37.43004876842105,-122.1731340662994,28.1822674097493,2.9564791567793236e-05,3.932771883796704e-05,outdoor,2026-05-08T22:22:58.977624+0000,-0.022376,064d21d2e5ac,gilbert attempt,1.0,5199
2026-05-08T15:23:03-07:00,36,37.43011291106799,-122.1731124308558,28.1859808247536,-3.4780789491151154e-05,-8.38027031591082e-06,outdoor,2026-05-08T22:23:03.004527+0000,0.004527,03212a6ea337,gilbert attempt,1.0,5202
2026-05-08T15:23:06-07:00,37,37.4301369534039,-122.1731288419286,28.1005232464522,5.053575087288209e-06,2.0114446826369203e-05,outdoor,2026-05-08T22:23:07.008694+0000,1.008694,b64c7cf19e47,gilbert attempt,1.0,5205
2026-05-08T15:23:09-07:00,38,37.43015782445428,-122.1731385399884,27.7416359847412,1.713977110284759e-05,2.129726374278107e-05,outdoor,2026-05-08T22:23:08.428180+0000,-0.57182,b64c7cf19e47,gilbert attempt,1.0,5207
2026-05-08T15:23:12-07:00,39,37.43016970494858,-122.1731295153476,27.5021603433415,2.273997232293823e-05,1.0666117020718955e-06,outdoor,2026-05-08T22:23:11.708188+0000,-0.291812,c44b8156f2f3,gilbert attempt,1.0,5209
2026-05-08T15:23:25-07:00,40,37.430285993527,-122.1728358246573,26.5607356028631,-5.925276875018426e-05,-0.0002696406824043,outdoor,2026-05-08T22:23:24.434500+0000,-0.5655,840404d730a2,gilbert attempt,1.0,5219
2026-05-08T15:23:38-07:00,41,37.43020802220507,-122.1729704380466,26.6074946131557,0.0001257927692037,0.0002294363783619,indoor,2026-05-08T22:23:39.041699+0000,1.041699,ea66d951ca35,gilbert attempt,1.0,5229
2026-05-08T15:23:51-07:00,42,37.43023374537756,-122.1725120920428,26.1237438237295,-4.2108136426580655e-06,-0.0003881773108105,indoor,2026-05-08T22:23:51.049251+0000,0.049251,98143b143ae7,gilbert attempt,1.0,5238
2026-05-08T15:24:04-07:00,43,37.43024901542994,-122.1724784721692,26.1625940855592,-1.0619146451062988e-08,-2.4113358378485817e-05,indoor,2026-05-08T22:24:03.717940+0000,-0.28206,5807879a7a99,gilbert attempt,1.0,5248
2026-05-08T15:24:17-07:00,44,37.43014408226544,-122.1724449203331,26.2643648351543,0.0,0.0,indoor,2026-05-08T22:24:16.451122+0000,-0.548878,66f9f309ae4e,gilbert attempt,1.0,5258
2026-05-08T15:24:30-07:00,45,37.43012318390353,-122.1727784541326,26.0803423444416,-5.14805657303441e-06,2.850593723735527e-05,outdoor,2026-05-08T22:24:31.093102+0000,1.093102,bcc56b598f8a,gilbert attempt,1.0,5268
2026-05-08T15:24:44-07:00,46,37.43010391521914,-122.1730583501245,26.8115961113945,-3.969778865808848e-05,0.0002675977143411,outdoor,2026-05-08T22:24:43.783754+0000,-0.216246,8ae2acfd8beb,gilbert attempt,1.0,5278
2026-05-08T15:24:57-07:00,47,37.43002784643267,-122.1731033227119,27.3015089100227,1.137057299871447e-05,2.4552091161922363e-05,outdoor,2026-05-08T22:24:56.457231+0000,-0.542769,3b2df747dd4e,gilbert attempt,1.0,5288
2026-05-08T15:25:00-07:00,48,37.43000657695033,-122.1731385111147,27.652500317432,-6.450034561566998e-05,1.2487243509440304e-05,outdoor,2026-05-08T22:24:59.803771+0000,-0.196229,fcf853c7b0d3,gilbert attempt,1.0,5290
2026-05-08T15:25:13-07:00,49,37.42983324421109,-122.1731578674595,27.8916678046808,3.2935128182032204e-05,5.1728160769926035e-05,outdoor,2026-05-08T22:25:12.463748+0000,-0.536252,2b377dfc68df,gilbert attempt,1.0,5300
2026-05-08T15:25:26-07:00,50,37.42983417153683,-122.1726315440404,26.7299396749586,-5.646913037793405e-05,-0.0003438497286794,outdoor,2026-05-08T22:25:27.136830+0000,1.13683,7902f47833ba,gilbert attempt,1.0,5310
2026-05-08T15:25:31-07:00,51,37.42975644438766,-122.1725146697151,25.9293433604762,4.421427817646872e-05,7.58686530133446e-05,outdoor,2026-05-08T22:25:31.146212+0000,0.146212,1c157531e843,gilbert attempt,1.0,5313
2026-05-08T15:25:44-07:00,52,37.42977592841407,-122.1722808803855,25.5860622217879,9.806352827723686e-05,-0.0002529125186043,indoor,2026-05-08T22:25:43.860941+0000,-0.139059,7f11d509094f,gilbert attempt,1.0,5323
2026-05-08T15:25:57-07:00,53,37.42972833107931,-122.1722467896735,24.127895379439,7.887903973369248e-05,-0.0002428377870131,indoor,2026-05-08T22:25:56.576188+0000,-0.423812,3f056fecccde,gilbert attempt,1.0,5333
2026-05-08T15:26:10-07:00,54,37.42997322451527,-122.1725834782593,25.8385097859427,-0.0002225981295396,0.0001797890150356,outdoor,2026-05-08T22:26:11.172806+0000,1.172806,4fe14f1c0666,gilbert attempt,1.0,5343
2026-05-08T15:26:23-07:00,55,37.42979438687544,-122.1729972380185,27.8768042251468,0.0001004932872064,0.0004034520430593,outdoor,2026-05-08T22:26:23.207516+0000,0.207516,e727a29b49e9,gilbert attempt,1.0,5352
2026-05-08T15:26:37-07:00,56,37.42973415034397,-122.1724265103455,26.1337467953563,-2.6983293153648447e-05,-0.0001795942723958,outdoor,2026-05-08T22:26:36.615460+0000,-0.38454,7e8adaad9158,gilbert attempt,1.0,5363
2026-05-08T15:26:50-07:00,57,37.42985224824773,-122.1722043984718,26.0325733339414,5.685429889012994e-05,-0.000144007066126,outdoor,2026-05-08T22:26:51.222848+0000,1.222848,b93dffe3ada5,gilbert attempt,1.0,5373
2026-05-08T15:27:03-07:00,58,37.42991127917433,-122.172212105612,25.7693600421771,-2.315348144321671e-05,-3.958293964956275e-05,indoor,2026-05-08T22:27:03.234621+0000,0.234621,cb8f252a6e95,gilbert attempt,1.0,5382
2026-05-08T15:27:16-07:00,59,37.4298860709042,-122.1720591780064,25.9087315024808,4.529423593169224e-05,-0.0001918891124432,indoor,2026-05-08T22:27:15.919065+0000,-0.080935,be28df1ea91c,gilbert attempt,1.0,5392
2026-05-08T15:27:30-07:00,60,37.42980619751555,-122.1722176079185,26.1472728783265,1.3973702955638492e-05,0.0002436347990908,outdoor,2026-05-08T22:27:31.257675+0000,1.257675,768dc3bf6e68,gilbert attempt,1.0,5403
2026-05-08T15:27:43-07:00,61,37.42993622062858,-122.1721067935769,25.48229606729,-0.0001444697644998,-0.0001670419859607,indoor,2026-05-08T22:27:43.263029+0000,0.263029,7e526a1c2320,gilbert attempt,1.0,5412
2026-05-08T15:27:56-07:00,62,37.42992427235777,-122.1721433193512,25.8232514057308,0.0,0.0,indoor,2026-05-08T22:27:55.950715+0000,-0.049285,7a4e8a356944,gilbert attempt,1.0,5422
2026-05-08T15:28:05-07:00,63,37.42976826899132,-122.1721152108762,25.8501045648009,0.0001552684236898,-7.756810248338297e-06,indoor,2026-05-08T22:28:04.661918+0000,-0.338082,66383904a072,gilbert attempt,1.0,5429
2026-05-08T15:28:10-07:00,64,37.42977013482793,-122.172163293033,25.8090044325218,0.0,0.0,indoor,2026-05-08T22:28:11.276607+0000,1.276607,97f01768943f,gilbert attempt,1.0,5433
2026-05-08T15:28:13-07:00,65,37.42977013482793,-122.172163293033,25.8090044325218,0.0,0.0,indoor,2026-05-08T22:28:12.659265+0000,-0.340735,97f01768943f,gilbert attempt,1.0,5435
2026-05-08T15:28:26-07:00,66,37.42980775108224,-122.1721456541653,26.0203819265589,-6.204883160876307e-05,7.113847836137676e-05,outdoor,2026-05-08T22:28:26.001108+0000,0.001108,6779445ffe94,gilbert attempt,1.0,5438
2026-05-08T15:28:39-07:00,67,37.43000585163797,-122.1721796124878,25.0696317721158,-3.6768177089641085e-05,8.925395933090383e-05,outdoor,2026-05-08T22:28:38.140441+0000,-0.859559,1417b5f2797d,gilbert attempt,1.0,5447
2026-05-08T15:28:52-07:00,68,37.43011791915672,-122.1720903179597,26.0433251066133,4.4150036799806e-06,-3.4700659142572504e-05,outdoor,2026-05-08T22:28:52.616400+0000,0.6164,77041de6ed8a,gilbert attempt,1.0,5457
2026-05-08T15:29:06-07:00,69,37.43023486847297,-122.1720345133041,27.3822359582409,3.403359225018221e-05,7.943495030815487e-05,outdoor,2026-05-08T22:29:06.042576+0000,0.042576,da36d2eeacc0,gilbert attempt,1.0,5468
2026-05-08T15:29:19-07:00,70,37.43035194719319,-122.1720578820095,27.9253026517108,1.0175615997809471e-05,9.31323246931015e-05,outdoor,2026-05-08T22:29:18.118771+0000,-0.881229,2a4b8dc48232,gilbert attempt,1.0,5477
2026-05-08T15:29:29-07:00,71,37.43044871475666,-122.1720170910951,28.5880536977202,0.0,0.0,outdoor,2026-05-08T22:29:29.325890+0000,0.32589,368254e49d09,gilbert attempt,1.0,5485
2026-05-08T15:29:32-07:00,72,37.43049195038697,-122.1720001812764,28.7619545776397,0.0,0.0,outdoor,2026-05-08T22:29:32.663065+0000,0.663065,cd182719c07f,gilbert attempt,1.0,5487
2026-05-08T15:29:35-07:00,73,37.43053034855087,-122.1719796405951,28.7078783232719,0.0,0.0,outdoor,2026-05-08T22:29:34.053737+0000,-0.946263,cd182719c07f,gilbert attempt,1.0,5489
2026-05-08T15:29:38-07:00,74,37.43056219838829,-122.1719639242807,28.5125832883641,0.0,0.0,outdoor,2026-05-08T22:29:38.062979+0000,0.062979,b324d6675818,gilbert attempt,1.0,5492
2026-05-08T15:29:41-07:00,75,37.43056957575148,-122.1719498665581,27.7936125285923,0.0,0.0,outdoor,2026-05-08T22:29:40.675033+0000,-0.324967,554e9115253b,gilbert attempt,1.0,5493
2026-05-08T15:29:45-07:00,76,37.43053300050542,-122.1719658642647,27.1999558070675,0.0,0.0,outdoor,2026-05-08T22:29:44.675428+0000,-0.324572,2272381d31c0,gilbert attempt,1.0,5496
2026-05-08T15:29:48-07:00,77,37.43050515447655,-122.1719820898241,26.779597222805,0.0,0.0,outdoor,2026-05-08T22:29:48.674657+0000,0.674657,5045fe63dae7,gilbert attempt,1.0,5499
2026-05-08T15:29:51-07:00,78,37.43046654210066,-122.172010196027,26.2247574385256,0.0,0.0,outdoor,2026-05-08T22:29:50.204709+0000,-0.795291,5045fe63dae7,gilbert attempt,1.0,5501
2026-05-08T15:29:54-07:00,79,37.4304385085741,-122.1720324511085,25.9854140151292,0.0,0.0,outdoor,2026-05-08T22:29:54.038472+0000,0.038472,d10595ff750b,gilbert attempt,1.0,5504
2026-05-08T15:29:57-07:00,80,37.43041249260583,-122.1720507375902,25.934449441731,0.0,0.0,outdoor,2026-05-08T22:29:56.680631+0000,-0.319369,d26b0ee0f03f,gilbert attempt,1.0,5505
2026-05-08T15:30:01-07:00,81,37.43039291735685,-122.1720262615275,26.579014047049,0.0,0.0,outdoor,2026-05-08T22:30:00.686464+0000,-0.313536,9fdc0d259318,gilbert attempt,1.0,5508
2026-05-08T15:30:04-07:00,82,37.4303794805557,-122.1719732634144,26.9121606918052,0.0,0.0,outdoor,2026-05-08T22:30:04.688078+0000,0.688078,b46d26de5309,gilbert attempt,1.0,5511
2026-05-08T15:30:07-07:00,83,37.43037548032513,-122.1719333525869,27.4798093894497,0.0,0.0,outdoor,2026-05-08T22:30:06.076872+0000,-0.923128,b46d26de5309,gilbert attempt,1.0,5513
2026-05-08T15:30:10-07:00,84,37.43036842454394,-122.1718931254494,27.8429399291053,0.0,0.0,outdoor,2026-05-08T22:30:10.089996+0000,0.089996,6bdc005440b5,gilbert attempt,1.0,5516
2026-05-08T15:30:13-07:00,85,37.43033890057713,-122.1718623733976,27.3471591919661,0.0,0.0,outdoor,2026-05-08T22:30:12.709979+0000,-0.290021,0729b99a632c,gilbert attempt,1.0,5517
2026-05-08T15:30:17-07:00,86,37.4303254938567,-122.1718287342258,29.3775319484994,0.0,0.0,outdoor,2026-05-08T22:30:16.701227+0000,-0.298773,97605f7c548b,gilbert attempt,1.0,5520
2026-05-08T15:30:20-07:00,87,37.43029615460329,-122.1717983584369,29.5520663140342,0.0,0.0,outdoor,2026-05-08T22:30:20.681643+0000,0.681643,6a7aa652ec4c,gilbert attempt,1.0,5523
2026-05-08T15:30:23-07:00,88,37.43027481457173,-122.1717666420869,30.1108059035614,0.0,0.0,outdoor,2026-05-08T22:30:22.124924+0000,-0.875076,6a7aa652ec4c,gilbert attempt,1.0,5525
2026-05-08T15:30:26-07:00,89,37.43027599915471,-122.1717307018395,31.3606296740472,0.0,0.0,outdoor,2026-05-08T22:30:26.081843+0000,0.081843,bfbdd2d56ad6,gilbert attempt,1.0,5528
2026-05-08T15:30:29-07:00,90,37.43027095169761,-122.1716853379654,31.1104861572385,0.0,0.0,outdoor,2026-05-08T22:30:28.707156+0000,-0.292844,e03c93026357,gilbert attempt,1.0,5529
2026-05-08T15:30:33-07:00,91,37.43026709075135,-122.1716428027904,30.6414181888104,0.0,0.0,outdoor,2026-05-08T22:30:32.709107+0000,-0.290893,6d2eb642bca7,gilbert attempt,1.0,5532
2026-05-08T15:30:36-07:00,92,37.4302536707511,-122.1715771626099,30.3224224587902,0.0,0.0,outdoor,2026-05-08T22:30:36.697645+0000,0.697645,2558d66b4894,gilbert attempt,1.0,5535
2026-05-08T15:30:39-07:00,93,37.43024455386895,-122.1715313113526,30.1901013553143,0.0,0.0,outdoor,2026-05-08T22:30:38.107281+0000,-0.892719,2558d66b4894,gilbert attempt,1.0,5537
2026-05-08T15:30:42-07:00,94,37.43023243159276,-122.1714827660011,29.7324062222615,0.0,0.0,outdoor,2026-05-08T22:30:42.077311+0000,0.077311,db953c2c095f,gilbert attempt,1.0,5540
2026-05-08T15:30:45-07:00,95,37.43022890068689,-122.171424977451,29.2471755044535,0.0,0.0,outdoor,2026-05-08T22:30:44.714111+0000,-0.285889,93fcae77686c,gilbert attempt,1.0,5541
2026-05-08T15:30:48-07:00,96,37.43022753785338,-122.1713699489749,29.1013095080852,0.0,0.0,outdoor,2026-05-08T22:30:48.709523+0000,0.709523,db894c498775,gilbert attempt,1.0,5544
2026-05-08T15:30:52-07:00,97,37.4302567062547,-122.1713201392021,28.3711049789563,0.0,0.0,outdoor,2026-05-08T22:30:52.718962+0000,0.718962,05878a9cd0c8,gilbert attempt,1.0,5547
2026-05-08T15:30:55-07:00,98,37.43029315679023,-122.1713042695836,27.2537677716464,0.0,0.0,outdoor,2026-05-08T22:30:54.127123+0000,-0.872877,05878a9cd0c8,gilbert attempt,1.0,5549
2026-05-08T15:30:58-07:00,99,37.43032870002189,-122.1712878982017,27.2942064488307,0.0,0.0,outdoor,2026-05-08T22:30:58.119609+0000,0.119609,9a7c9651488e,gilbert attempt,1.0,5552
2026-05-08T15:31:01-07:00,100,37.43036009449111,-122.1712692529764,27.1606906037778,0.0,0.0,outdoor,2026-05-08T22:31:00.725631+0000,-0.274369,5268343fde21,gilbert attempt,1.0,5553
2026-05-08T15:31:05-07:00,101,37.43039921235771,-122.1712683086248,26.7888470385224,0.0,0.0,outdoor,2026-05-08T22:31:04.738478+0000,-0.261522,eea8379be719,gilbert attempt,1.0,5556
2026-05-08T15:31:08-07:00,102,37.43043992896543,-122.1712494078557,25.7288561537862,0.0,0.0,outdoor,2026-05-08T22:31:08.732452+0000,0.732452,557516aed0d4,gilbert attempt,1.0,5559
2026-05-08T15:31:11-07:00,103,37.43046849455427,-122.1712615315963,25.8045523473993,0.0,0.0,outdoor,2026-05-08T22:31:10.120508+0000,-0.879492,557516aed0d4,gilbert attempt,1.0,5561
2026-05-08T15:31:14-07:00,104,37.43048334732583,-122.1713109743445,26.2144072446972,0.0,0.0,outdoor,2026-05-08T22:31:14.116045+0000,0.116045,4e19dd0ff8b4,gilbert attempt,1.0,5564
2026-05-08T15:31:17-07:00,105,37.43049425546502,-122.1713485222568,26.4737361520529,0.0,0.0,outdoor,2026-05-08T22:31:16.749253+0000,-0.250747,e86638cfdf56,gilbert attempt,1.0,5565
2026-05-08T15:31:20-07:00,106,37.43050263232199,-122.1713659171059,27.131675966084,0.0,0.0,outdoor,2026-05-08T22:31:20.749545+0000,0.749545,ca7a13de189d,gilbert attempt,1.0,5568
2026-05-08T15:31:24-07:00,107,37.43051131949704,-122.1713907364825,27.3625804949552,0.0,0.0,outdoor,2026-05-08T22:31:24.748873+0000,0.748873,ce51b6c1125c,gilbert attempt,1.0,5571
2026-05-08T15:31:27-07:00,108,37.43051128792872,-122.1713889179968,27.395130221732,0.0,0.0,outdoor,2026-05-08T22:31:26.122491+0000,-0.877509,ce51b6c1125c,gilbert attempt,1.0,5573
2026-05-08T15:31:30-07:00,109,37.43050797452659,-122.1713905643958,26.5869447803125,0.0,0.0,outdoor,2026-05-08T22:31:30.147835+0000,0.147835,5061836a8dc0,gilbert attempt,2.0,5576
2026-05-08T15:31:33-07:00,110,37.43050053937606,-122.1713926266282,26.3910290151834,0.0,0.0,outdoor,2026-05-08T22:31:30.147835+0000,-2.852165,5061836a8dc0,gilbert attempt,2.0,5576
2026-05-08T15:31:36-07:00,111,37.43049765715123,-122.1713775518898,26.2107734670863,0.0,0.0,outdoor,2026-05-08T22:31:30.147835+0000,-5.852165,5061836a8dc0,gilbert attempt,2.0,5576
2026-05-08T15:31:40-07:00,112,37.43049038724148,-122.1713495867641,25.6170655312017,4.093883165978717e-05,-2.262630643201715e-05,indoor,2026-05-08T22:31:43.924434+0000,3.924434,93529aeb7822,gilbert attempt,2.0,5577
2026-05-08T15:31:43-07:00,113,37.43049038724148,-122.1713495867641,25.6170655312017,1.1747369825343412e-05,-4.952404766811469e-05,indoor,2026-05-08T22:31:43.924434+0000,0.924434,93529aeb7822,gilbert attempt,2.0,5577
2026-05-08T15:31:46-07:00,114,37.43050416116377,-122.1713633022679,25.7386607024819,-6.738412470497224e-05,-1.2066026656043356e-05,indoor,2026-05-08T22:31:45.333825+0000,-0.666175,93529aeb7822,gilbert attempt,2.0,5579
2026-05-08T15:31:49-07:00,115,37.4305027406901,-122.1713638966867,25.7986454311758,9.785862374656062e-06,-4.716471276822176e-05,indoor,2026-05-08T22:31:49.311588+0000,0.311588,bd1dc0af1fc9,gilbert attempt,2.0,5582
2026-05-08T15:31:52-07:00,116,37.43051855564853,-122.1714152132739,25.8837647438049,0.0,0.0,indoor,2026-05-08T22:31:51.917630+0000,-0.08237,96e7a87b7726,gilbert attempt,2.0,5583
2026-05-08T15:32:06-07:00,117,37.430508476717,-122.1713870578652,25.6758995288983,1.2343567057371274e-05,-4.54989153695351e-05,indoor,2026-05-08T22:32:05.314788+0000,-0.685212,1aad307cc4ee,gilbert attempt,2.0,5594
2026-05-08T15:32:13-07:00,118,37.43048124506034,-122.1716034154928,25.8492666846141,3.3206639379557146e-05,0.000152893958969,indoor,2026-05-08T22:32:13.353945+0000,0.353945,fd44226eebbb,gilbert attempt,2.0,5600
2026-05-08T15:32:16-07:00,119,37.43048966365126,-122.1716192334304,25.9050798034295,4.449947305573687e-05,3.3425584632595915e-05,indoor,2026-05-08T22:32:15.963400+0000,-0.0366,c53e6edf9a3b,gilbert attempt,2.0,5601
2026-05-08T15:32:20-07:00,120,37.43054163491291,-122.1716425096764,25.8830568566918,-1.6870716017081122e-05,3.778994545200476e-05,indoor,2026-05-08T22:32:19.963560+0000,-0.03644,e9906e7e1c9a,gilbert attempt,2.0,5604
2026-05-08T15:32:23-07:00,121,37.43056756130969,-122.1715871638179,25.9673985978588,1.6778017979390825e-05,-3.640921654834983e-05,indoor,2026-05-08T22:32:23.970491+0000,0.970491,138fba60eb81,gilbert attempt,2.0,5607
2026-05-08T15:32:26-07:00,122,37.43058118947883,-122.1715897569998,26.0040841028094,1.0918461761377785e-05,2.0112398317451247e-05,indoor,2026-05-08T22:32:25.364734+0000,-0.635266,138fba60eb81,gilbert attempt,2.0,5609
2026-05-08T15:32:39-07:00,123,37.43072624731013,-122.1716276014762,26.0833488507196,-0.0001047939026506,4.7596464909815936e-05,indoor,2026-05-08T22:32:39.986165+0000,0.986165,a621b5eadb69,gilbert attempt,2.0,5619
2026-05-08T15:32:46-07:00,124,37.43076819667565,-122.1714486243859,25.7791112372652,2.0076192171814e-05,-0.00015494184629,indoor,2026-05-08T22:32:45.402343+0000,-0.597657,8b153aedd222,gilbert attempt,2.0,5624
2026-05-08T15:32:59-07:00,125,37.43084349579844,-122.171446380996,25.849820307456,-2.3960429139435743e-05,2.1759529630571743e-05,indoor,2026-05-08T22:32:59.998079+0000,0.998079,0f5e3fa7a203,gilbert attempt,2.0,5634
2026-05-08T15:33:12-07:00,126,37.43076204251686,-122.1713864406684,33.8215689097738,6.752192230408127e-05,3.0006620633571388e-05,indoor,2026-05-08T22:33:11.990913+0000,-0.009087,b736bbf580aa,gilbert attempt,2.0,5643
2026-05-08T15:33:25-07:00,127,37.43066174031958,-122.1714617554422,28.8283159085622,5.134115030358544e-05,5.60080179354827e-05,indoor,2026-05-08T22:33:24.699730+0000,-0.30027,12b992c9373b,gilbert attempt,2.0,5653
2026-05-08T15:33:38-07:00,128,37.43072143155064,-122.1718712026463,25.8454954503104,-0.0001024130913904,0.0003995973877408,indoor,2026-05-08T22:33:37.419794+0000,-0.580206,b5bd391f204b,gilbert attempt,2.0,5663
2026-05-08T15:33:52-07:00,129,37.43073659021181,-122.1719349828755,18.4686546549201,-5.943176912381887e-05,3.853985128898779e-05,indoor,2026-05-08T22:33:52.044747+0000,0.044747,0d6f66ff6678,gilbert attempt,2.0,5673
2026-05-08T15:34:05-07:00,130,37.43059843221815,-122.1715065166397,27.7405691111586,9.896138173814972e-05,-0.0004438468171485,indoor,2026-05-08T22:34:04.736139+0000,-0.263861,162d2e115e68,gilbert attempt,2.0,5683
2026-05-08T15:34:18-07:00,131,37.43075155190898,-122.1717409418171,20.1522484058514,-0.0001953834285188,0.0002184923492052,indoor,2026-05-08T22:34:17.472858+0000,-0.527142,95c49462be81,gilbert attempt,2.0,5693
2026-05-08T15:34:31-07:00,132,37.43074786387157,-122.1713494231199,20.6983299488202,1.710292792722666e-06,-0.0003799756111959,indoor,2026-05-08T22:34:32.070797+0000,1.070797,f556ceda674b,gilbert attempt,2.0,5703
2026-05-08T15:34:45-07:00,133,37.43053554056419,-122.1714024733823,27.2956699984637,0.0002224694898984,5.054032590123825e-05,indoor,2026-05-08T22:34:44.769327+0000,-0.230673,1307d15cdf2f,gilbert attempt,2.0,5713
2026-05-08T15:34:58-07:00,134,37.43053130528169,-122.1714110706914,27.5225376779689,-2.7576489927128023e-06,3.135404625709257e-06,indoor,2026-05-08T22:34:57.504888+0000,-0.495112,bb7675038b47,gilbert attempt,2.0,5723
2026-05-08T15:35:11-07:00,135,37.43057110365029,-122.1713197013665,25.5858421567827,-3.865161684046825e-05,-8.029278023968801e-05,indoor,2026-05-08T22:35:12.099589+0000,1.099589,9de7408cd450,gilbert attempt,2.0,5733
2026-05-08T15:35:24-07:00,136,37.43073085324184,-122.1714154273637,25.0155906910077,-0.0001865133431095,0.0001285805695374,indoor,2026-05-08T22:35:24.107764+0000,0.107764,dbd86ba5bf31,gilbert attempt,2.0,5742
2026-05-08T15:35:37-07:00,137,37.43057658166936,-122.171513914207,25.3792381510138,0.0001909183854067,4.96207592277642e-05,indoor,2026-05-08T22:35:36.797679+0000,-0.202321,db2c009788a8,gilbert attempt,2.0,5752
2026-05-08T15:35:41-07:00,138,37.43053953980905,-122.1714252849073,27.7162527695625,8.549611423092085e-05,-5.8366155286648655e-05,indoor,2026-05-08T22:35:40.813003+0000,-0.186997,9301f3ecca8d,gilbert attempt,2.0,5755
2026-05-08T15:35:54-07:00,139,37.4304533952014,-122.1714069564341,25.9241837030277,0.0001360176868985,8.001567806559237e-06,indoor,2026-05-08T22:35:53.516492+0000,-0.483508,fb5665397a2f,gilbert attempt,2.0,5765
2026-05-08T15:36:08-07:00,140,37.43055807021643,-122.1715299310826,28.491579257615,-7.26115040876607e-05,0.0001359181201507,indoor,2026-05-08T22:36:08.147073+0000,0.147073,15cc65b176b0,gilbert attempt,2.0,5775
2026-05-08T15:36:21-07:00,141,37.43080786170157,-122.1713769749771,20.6210902240127,-0.0001775023825416,-0.0001298950681842,indoor,2026-05-08T22:36:20.836488+0000,-0.163512,0e3e74d8b5f9,gilbert attempt,2.0,5785
2026-05-08T15:36:34-07:00,142,37.43083449934677,-122.1714734635056,25.8556791739538,-2.80197103634805e-05,0.0001294900249888,indoor,2026-05-08T22:36:33.574803+0000,-0.425197,b9bab20636c7,gilbert attempt,2.0,5795
2026-05-08T15:36:40-07:00,143,37.43085700167507,-122.1714967149739,25.8811881039292,-3.5641321979085205e-05,6.958201815621126e-05,indoor,2026-05-08T22:36:37.541504+0000,-2.458496,20de8272d464,gilbert attempt,2.0,5798
2026-05-08T15:36:43-07:00,144,37.43080686193649,-122.1713914436825,25.7903712429106,4.370439038581253e-05,-8.054042764626964e-05,indoor,2026-05-08T22:36:37.541504+0000,-5.458496,20de8272d464,gilbert attempt,2.0,5798
2026-05-08T15:36:46-07:00,145,37.43077875814343,-122.1713352333537,26.0999113405123,1.5779484797917576e-05,-1.9651862473324373e-05,outdoor,2026-05-08T22:36:49.154872+0000,3.154872,76836158670e,gilbert attempt,2.0,5799
2026-05-08T15:36:49-07:00,146,37.43078014651243,-122.1713036168915,26.2824777048081,0.0,0.0,outdoor,2026-05-08T22:36:49.154872+0000,0.154872,76836158670e,gilbert attempt,2.0,5799
2026-05-08T15:36:52-07:00,147,37.43078540156524,-122.1713092592475,26.2490498675033,0.0,0.0,outdoor,2026-05-08T22:36:53.160403+0000,1.160403,9f83eb042eac,gilbert attempt,2.0,5802
2026-05-08T15:36:56-07:00,148,37.43077730704672,-122.1712908212048,24.9181765522808,0.0,0.0,outdoor,2026-05-08T22:36:57.150125+0000,1.150125,cf4eb783e51d,gilbert attempt,2.0,5805
2026-05-08T15:36:59-07:00,149,37.43075479721564,-122.1712392627162,24.7230711793527,0.0,0.0,outdoor,2026-05-08T22:36:58.545162+0000,-0.454838,cf4eb783e51d,gilbert attempt,2.0,5807
2026-05-08T15:37:02-07:00,150,37.43074490263152,-122.1711855999076,25.1025126837194,0.0,0.0,outdoor,2026-05-08T22:37:01.847946+0000,-0.152054,68670c7555a4,gilbert attempt,2.0,5809
2026-05-08T15:37:05-07:00,151,37.43073301598914,-122.1711433560398,25.6965589076281,-6.136066780016206e-06,-6.781997814187004e-05,outdoor,2026-05-08T22:37:05.162976+0000,0.162976,ad04cd7f2640,gilbert attempt,2.0,5811
2026-05-08T15:37:08-07:00,152,37.43073115561065,-122.1710873132913,25.3363861907274,0.0,0.0,outdoor,2026-05-08T22:37:09.150031+0000,1.150031,efaca9db6517,gilbert attempt,2.0,5814
2026-05-08T15:37:12-07:00,153,37.43071637003373,-122.1710369795766,25.2675784258172,0.0,0.0,outdoor,2026-05-08T22:37:13.156832+0000,1.156832,463060cd68c3,gilbert attempt,2.0,5817
2026-05-08T15:37:15-07:00,154,37.4307026478955,-122.1710027659963,25.5114535661414,0.0,0.0,outdoor,2026-05-08T22:37:14.588420+0000,-0.41158,463060cd68c3,gilbert attempt,2.0,5819
2026-05-08T15:37:18-07:00,155,37.43067312409245,-122.1709660376749,25.4784467034042,0.0,0.0,outdoor,2026-05-08T22:37:17.877710+0000,-0.12229,ced5cbbcd00d,gilbert attempt,2.0,5821
2026-05-08T15:37:21-07:00,156,37.43065321181338,-122.1709341153202,25.7117620790377,0.0,0.0,outdoor,2026-05-08T22:37:21.174860+0000,0.17486,c94366ffbef0,gilbert attempt,2.0,5823
2026-05-08T15:37:24-07:00,157,37.43063082207897,-122.1709019053736,25.6067675994709,0.0,0.0,outdoor,2026-05-08T22:37:25.179443+0000,1.179443,a6d9df65ffb1,gilbert attempt,2.0,5826
2026-05-08T15:37:28-07:00,158,37.43058044594288,-122.170911205783,25.5538713922724,0.0,0.0,outdoor,2026-05-08T22:37:29.181718+0000,1.181718,d32f63bea817,gilbert attempt,2.0,5829
2026-05-08T15:37:31-07:00,159,37.43055078825014,-122.1709237656068,25.1175036588684,0.0,0.0,outdoor,2026-05-08T22:37:30.597380+0000,-0.40262,d32f63bea817,gilbert attempt,2.0,5831
2026-05-08T15:37:34-07:00,160,37.43051333193421,-122.170927636434,25.0429909601808,0.0,0.0,outdoor,2026-05-08T22:37:33.863323+0000,-0.136677,f47a294c8a38,gilbert attempt,2.0,5833
2026-05-08T15:37:37-07:00,161,37.43048327541138,-122.1709344316298,25.0408182181418,0.0,0.0,outdoor,2026-05-08T22:37:37.178223+0000,0.178223,e6923c6d9a07,gilbert attempt,2.0,5835
2026-05-08T15:37:40-07:00,162,37.43044375830421,-122.1709348704798,25.1549765495583,0.0,0.0,outdoor,2026-05-08T22:37:41.197312+0000,1.197312,2421f7ddc941,gilbert attempt,2.0,5838
2026-05-08T15:37:44-07:00,163,37.43040116032191,-122.1709509866321,25.2797390241176,0.0,0.0,outdoor,2026-05-08T22:37:45.193192+0000,1.193192,030ac21521ae,gilbert attempt,2.0,5841
2026-05-08T15:37:47-07:00,164,37.43037398491376,-122.1709621421313,25.4699362758547,0.0,0.0,outdoor,2026-05-08T22:37:46.615044+0000,-0.384956,030ac21521ae,gilbert attempt,2.0,5843
2026-05-08T15:37:50-07:00,165,37.43033366993399,-122.170965713068,25.5879605859518,0.0,0.0,outdoor,2026-05-08T22:37:49.915146+0000,-0.084854,7b97284f2ac1,gilbert attempt,2.0,5845
2026-05-08T15:37:53-07:00,166,37.43031103810561,-122.1709550220124,25.6270220577717,0.0,0.0,outdoor,2026-05-08T22:37:53.190641+0000,0.190641,f360d85b9386,gilbert attempt,2.0,5847
2026-05-08T15:37:56-07:00,167,37.43027713240517,-122.1709378568874,25.6470600767061,0.0,0.0,outdoor,2026-05-08T22:37:57.205429+0000,1.205429,410c8f9971cb,gilbert attempt,2.0,5850
2026-05-08T15:38:00-07:00,168,37.43024305316868,-122.1709231647649,25.4721307586879,0.0,0.0,outdoor,2026-05-08T22:38:01.201859+0000,1.201859,96a2958d733d,gilbert attempt,2.0,5853
2026-05-08T15:38:03-07:00,169,37.43020695907158,-122.1708958180343,25.8643040806055,0.0,0.0,outdoor,2026-05-08T22:38:02.577898+0000,-0.422102,96a2958d733d,gilbert attempt,2.0,5855
2026-05-08T15:38:06-07:00,170,37.43018019203665,-122.1708809038054,26.4673721985891,0.0,0.0,outdoor,2026-05-08T22:38:05.887030+0000,-0.11297,9f4830a0f2c7,gilbert attempt,2.0,5857
2026-05-08T15:38:09-07:00,171,37.43015596218765,-122.1708629768921,26.0013789609075,0.0,0.0,outdoor,2026-05-08T22:38:09.218739+0000,0.218739,8a2c28555ac5,gilbert attempt,2.0,5859
2026-05-08T15:38:12-07:00,172,37.43013825940329,-122.1708515276638,25.9190376549959,0.0,0.0,outdoor,2026-05-08T22:38:13.226846+0000,1.226846,2dd618896d40,gilbert attempt,2.0,5862
2026-05-08T15:38:15-07:00,173,37.43011429325367,-122.1708346799544,25.897440158762,0.0,0.0,outdoor,2026-05-08T22:38:14.616247+0000,-0.383753,2dd618896d40,gilbert attempt,2.0,5864
2026-05-08T15:38:19-07:00,174,37.43008196685295,-122.1708206766659,25.9602291230112,0.0,0.0,outdoor,2026-05-08T22:38:18.756638+0000,-0.243362,f5b7b46bd0dd,gilbert attempt,2.0,5867
2026-05-08T15:38:22-07:00,175,37.4300633522837,-122.1708092697273,26.9012731565163,0.0,0.0,outdoor,2026-05-08T22:38:21.880172+0000,-0.119828,de17db08c51d,gilbert attempt,2.0,5869
2026-05-08T15:38:25-07:00,176,37.43003884772348,-122.1707969562965,26.4556076163426,0.0,0.0,outdoor,2026-05-08T22:38:25.225348+0000,0.225348,eb0f2d45f0fd,gilbert attempt,2.0,5871
2026-05-08T15:38:28-07:00,177,37.43002766127492,-122.1707945937294,26.5563370352611,0.0,0.0,outdoor,2026-05-08T22:38:29.224978+0000,1.224978,00f5dcc96608,gilbert attempt,2.0,5874
2026-05-08T15:38:31-07:00,178,37.42998989761348,-122.1707690897528,26.0651008179411,0.0,0.0,outdoor,2026-05-08T22:38:30.627296+0000,-0.372704,00f5dcc96608,gilbert attempt,2.0,5876
2026-05-08T15:38:35-07:00,179,37.42996089985373,-122.1707518923297,25.6529154842719,0.0,0.0,outdoor,2026-05-08T22:38:34.619366+0000,-0.380634,3a537af4a170,gilbert attempt,2.0,5879
2026-05-08T15:38:38-07:00,180,37.42993849939321,-122.1707627282811,25.1996700195596,0.0,0.0,outdoor,2026-05-08T22:38:37.939145+0000,-0.060855,7a8896f1b716,gilbert attempt,2.0,5881
2026-05-08T15:38:41-07:00,181,37.42991401039794,-122.1707722225284,25.5261315591633,0.0,0.0,outdoor,2026-05-08T22:38:41.268958+0000,0.268958,dd99a211665e,gilbert attempt,2.0,5883
2026-05-08T15:38:44-07:00,182,37.42989881685803,-122.1707907752747,25.8350089583546,0.0,0.0,outdoor,2026-05-08T22:38:42.785908+0000,-1.214092,dd99a211665e,gilbert attempt,2.0,5885
2026-05-08T15:38:47-07:00,183,37.42988683406995,-122.1707960843049,25.5668369466439,0.0,0.0,outdoor,2026-05-08T22:38:46.838718+0000,-0.161282,024aeadbb208,gilbert attempt,2.0,5888
2026-05-08T15:38:51-07:00,184,37.42988725424873,-122.1707958462752,25.5631116265431,0.0,0.0,outdoor,2026-05-08T22:38:50.624298+0000,-0.375702,8857ec198355,gilbert attempt,2.0,5891
2026-05-08T15:39:04-07:00,185,37.42985941192411,-122.1708076381802,24.9054351076484,0.0,0.0,outdoor,2026-05-08T22:39:05.268212+0000,1.268212,94a6769a49f5,gilbert attempt,2.0,5901
2026-05-08T15:39:07-07:00,186,37.42984676234572,-122.1708210872161,25.2642936138436,0.0,0.0,outdoor,2026-05-08T22:39:06.625286+0000,-0.374714,94a6769a49f5,gilbert attempt,2.0,5903
2026-05-08T15:39:10-07:00,187,37.42983436366124,-122.1708372886759,25.8447766015306,0.0,0.0,outdoor,2026-05-08T22:39:09.926793+0000,-0.073207,267b95e1bc1f,gilbert attempt,2.0,5905
2026-05-08T15:39:13-07:00,188,37.42981466431218,-122.1708506729662,25.4138597361743,0.0,0.0,outdoor,2026-05-08T22:39:13.254920+0000,0.25492,4c0ab96c3f4a,gilbert attempt,2.0,5907
2026-05-08T15:39:17-07:00,189,37.42978362995786,-122.170873391102,25.49389449507,0.0,0.0,outdoor,2026-05-08T22:39:17.252513+0000,0.252513,bc6f66c85c4f,gilbert attempt,2.0,5910
2026-05-08T15:39:20-07:00,190,37.42976878343497,-122.1708834674427,25.9289792161435,0.0,0.0,outdoor,2026-05-08T22:39:21.263680+0000,1.26368,0e88743dcc20,gilbert attempt,2.0,5913
2026-05-08T15:39:23-07:00,191,37.42974863658206,-122.1709079785312,25.8224373627454,0.0,0.0,outdoor,2026-05-08T22:39:22.626352+0000,-0.373648,0e88743dcc20,gilbert attempt,2.0,5915
2026-05-08T15:39:26-07:00,192,37.42973177596616,-122.1709352035702,25.5845414549112,0.0,0.0,outdoor,2026-05-08T22:39:25.964560+0000,-0.03544,8df7b4a10a4d,gilbert attempt,2.0,5917
2026-05-08T15:39:29-07:00,193,37.42969974699361,-122.1709444259196,25.9346530549228,0.0,0.0,outdoor,2026-05-08T22:39:29.282327+0000,0.282327,ef94ec6c4eeb,gilbert attempt,2.0,5919
2026-05-08T15:39:33-07:00,194,37.42968458704559,-122.170976834177,26.2589362747967,0.0,0.0,outdoor,2026-05-08T22:39:33.290230+0000,0.29023,882de7dee945,gilbert attempt,2.0,5922
2026-05-08T15:39:36-07:00,195,37.42968007886252,-122.1709638786025,25.7589822318405,0.0,0.0,outdoor,2026-05-08T22:39:37.296382+0000,1.296382,d1f4feefcd27,gilbert attempt,2.0,5925
2026-05-08T15:39:39-07:00,196,37.42969610007612,-122.1709432409459,25.5888281194493,0.0,0.0,outdoor,2026-05-08T22:39:38.685230+0000,-0.31477,d1f4feefcd27,gilbert attempt,2.0,5927
2026-05-08T15:39:42-07:00,197,37.42972069201168,-122.170930302143,25.8333235951141,0.0,0.0,outdoor,2026-05-08T22:39:41.959251+0000,-0.040749,d0e50c189e89,gilbert attempt,2.0,5929
2026-05-08T15:39:45-07:00,198,37.42973902605602,-122.1709110614974,25.7436184845865,0.0,0.0,outdoor,2026-05-08T22:39:45.302726+0000,0.302726,7dafe429d936,gilbert attempt,2.0,5931
2026-05-08T15:39:49-07:00,199,37.42976258533928,-122.1708829772598,25.654830458574,0.0,0.0,outdoor,2026-05-08T22:39:49.365197+0000,0.365197,0ad3b009e626,gilbert attempt,2.0,5934
2026-05-08T15:39:52-07:00,200,37.42978292995927,-122.1708605434669,25.6408769413829,0.0,0.0,outdoor,2026-05-08T22:39:50.770145+0000,-1.229855,0ad3b009e626,gilbert attempt,2.0,5936
2026-05-08T15:39:55-07:00,201,37.42980535758002,-122.1708414335341,25.190408712253,0.0,0.0,outdoor,2026-05-08T22:39:54.693998+0000,-0.306002,9018c915a4ea,gilbert attempt,2.0,5939
2026-05-08T15:39:58-07:00,202,37.4298355220589,-122.1708157482164,25.5961820483208,0.0,0.0,outdoor,2026-05-08T22:39:57.964231+0000,-0.035769,0034cd7495f0,gilbert attempt,2.0,5941
2026-05-08T15:40:01-07:00,203,37.42985630994119,-122.1707977559474,25.5281210532412,0.0,0.0,outdoor,2026-05-08T22:40:01.346772+0000,0.346772,6d310428aebb,gilbert attempt,2.0,5943
2026-05-08T15:40:05-07:00,204,37.42986151191199,-122.1707588439212,26.1212600646541,0.0,0.0,outdoor,2026-05-08T22:40:05.320312+0000,0.320312,54bf74b1ce7f,gilbert attempt,2.0,5946
2026-05-08T15:40:08-07:00,205,37.42983291187433,-122.1707238287545,25.3387268120423,0.0,0.0,outdoor,2026-05-08T22:40:09.325886+0000,1.325886,7e2415a173a9,gilbert attempt,2.0,5949
2026-05-08T15:40:11-07:00,206,37.42981184889875,-122.1707242525153,27.277790106833,0.0,0.0,outdoor,2026-05-08T22:40:10.760726+0000,-0.239274,7e2415a173a9,gilbert attempt,2.0,5951
2026-05-08T15:40:14-07:00,207,37.42978993148563,-122.1707072587109,27.5024785585701,0.0,0.0,outdoor,2026-05-08T22:40:14.002712+0000,0.002712,455eacaad68f,gilbert attempt,2.0,5953
2026-05-08T15:40:17-07:00,208,37.42976234077598,-122.1706855847626,27.0404402855784,0.0,0.0,outdoor,2026-05-08T22:40:17.330453+0000,0.330453,cf59ed562c19,gilbert attempt,2.0,5955
2026-05-08T15:40:21-07:00,209,37.42973126741165,-122.1706674129508,27.404406843707,0.0,0.0,outdoor,2026-05-08T22:40:21.370012+0000,0.370012,ab766697e323,gilbert attempt,2.0,5958
2026-05-08T15:40:24-07:00,210,37.42970829641298,-122.1706619589612,26.6157666603103,0.0,0.0,outdoor,2026-05-08T22:40:22.750591+0000,-1.249409,ab766697e323,gilbert attempt,2.0,5960
2026-05-08T15:40:27-07:00,211,37.42967836450254,-122.1706490593134,25.9979809354991,0.0,0.0,outdoor,2026-05-08T22:40:26.760524+0000,-0.239476,0e0b81736a21,gilbert attempt,2.0,5963
2026-05-08T15:40:30-07:00,212,37.4296489867473,-122.1706343606348,26.3996997596696,0.0,0.0,outdoor,2026-05-08T22:40:30.062141+0000,0.062141,da475ee35ad0,gilbert attempt,2.0,5965
2026-05-08T15:40:34-07:00,213,37.42962492755439,-122.1706138830568,26.1579428995028,0.0,0.0,outdoor,2026-05-08T22:40:34.068284+0000,0.068284,a945cad875cb,gilbert attempt,2.0,5968
2026-05-08T15:40:37-07:00,214,37.42959420900618,-122.1705952142245,25.9842195687816,0.0,0.0,outdoor,2026-05-08T22:40:37.369608+0000,0.369608,e004a9337801,gilbert attempt,2.0,5970
2026-05-08T15:40:40-07:00,215,37.42957388667342,-122.1705740181297,26.3658984731883,0.0,0.0,outdoor,2026-05-08T22:40:38.836944+0000,-1.163056,e004a9337801,gilbert attempt,2.0,5972
2026-05-08T15:40:43-07:00,216,37.42955031948446,-122.1705651181202,26.1077009448782,0.0,0.0,outdoor,2026-05-08T22:40:42.736151+0000,-0.263849,a86a1ee0ac27,gilbert attempt,2.0,5975
2026-05-08T15:40:46-07:00,217,37.42953147587099,-122.1705553133894,26.6104756249115,0.0,0.0,outdoor,2026-05-08T22:40:46.022189+0000,0.022189,db75b5172648,gilbert attempt,2.0,5977
2026-05-08T15:40:50-07:00,218,37.42950985468202,-122.1705417917975,26.2422085488215,0.0,0.0,outdoor,2026-05-08T22:40:50.011260+0000,0.01126,295205d0b510,gilbert attempt,2.0,5980
2026-05-08T15:40:53-07:00,219,37.42948198469325,-122.1705170840434,26.010989333503,0.0,0.0,outdoor,2026-05-08T22:40:53.359573+0000,0.359573,79de7b4f3f37,gilbert attempt,2.0,5982
2026-05-08T15:40:56-07:00,220,37.4294598321739,-122.1704945711051,25.9166603479534,0.0,0.0,outdoor,2026-05-08T22:40:54.709262+0000,-1.290738,79de7b4f3f37,gilbert attempt,2.0,5984
2026-05-08T15:40:59-07:00,221,37.42945552929529,-122.1704917326671,25.9555283933878,0.0,0.0,outdoor,2026-05-08T22:40:59.007789+0000,0.007789,b17d2fa2f341,gilbert attempt,2.0,5987
2026-05-08T15:41:02-07:00,222,37.42945614205414,-122.1704921839717,25.9561264524236,0.0,0.0,outdoor,2026-05-08T22:41:02.026410+0000,0.02641,fbeb5c1fe334,gilbert attempt,2.0,5989
2026-05-08T15:41:06-07:00,223,37.42945614205414,-122.1704921839717,25.9561264524236,0.0,0.0,outdoor,2026-05-08T22:41:05.926000+0000,-0.074,6f0dac3c869a,gilbert attempt,2.0,5991
2026-05-08T15:41:09-07:00,224,37.42945614205414,-122.1704921839717,25.9561264524236,0.0,0.0,outdoor,2026-05-08T22:41:09.361816+0000,0.361816,d61db90745ac,gilbert attempt,2.0,5994
2026-05-08T15:41:12-07:00,225,37.42945614205414,-122.1704921839717,25.9561264524236,0.0,0.0,outdoor,2026-05-08T22:41:10.737487+0000,-1.262513,d61db90745ac,gilbert attempt,2.0,5996
2026-05-08T15:41:15-07:00,226,37.42945614205414,-122.1704921839717,25.9561264524236,0.0,0.0,outdoor,2026-05-08T22:41:15.104155+0000,0.104155,a22d28f99e1c,gilbert attempt,2.0,5998
2026-05-08T15:41:18-07:00,227,37.42944847835309,-122.170422718733,25.9854994779453,0.0,0.0,outdoor,2026-05-08T22:41:18.392568+0000,0.392568,6dc5d6e0c0b4,gilbert attempt,2.0,6000
2026-05-08T15:41:22-07:00,228,37.42942506222361,-122.1704118420096,26.5082086455077,0.0,0.0,outdoor,2026-05-08T22:41:22.393835+0000,0.393835,2c35b679cc82,gilbert attempt,2.0,6003
2026-05-08T15:41:25-07:00,229,37.42936829361363,-122.1703901552388,26.8415426686406,0.0,0.0,outdoor,2026-05-08T22:41:23.735681+0000,-1.264319,2c35b679cc82,gilbert attempt,2.0,6005
2026-05-08T15:41:28-07:00,230,37.42933831478229,-122.1703708859531,27.3186437534168,0.0,0.0,outdoor,2026-05-08T22:41:27.743984+0000,-0.256016,2b5918e90414,gilbert attempt,2.0,6008
2026-05-08T15:41:31-07:00,231,37.42930990341475,-122.170357191787,27.7654115110636,0.0,0.0,outdoor,2026-05-08T22:41:31.190425+0000,0.190425,736572c83ba1,gilbert attempt,2.0,6010
2026-05-08T15:41:34-07:00,232,37.42929146088731,-122.1703459500998,27.6278175599873,0.0,0.0,outdoor,2026-05-08T22:41:34.382070+0000,0.38207,2b79a32acead,gilbert attempt,2.0,6012
2026-05-08T15:41:38-07:00,233,37.42927308288976,-122.1702975250609,27.9007378267124,0.0,0.0,outdoor,2026-05-08T22:41:38.407784+0000,0.407784,cfb230f5011f,gilbert attempt,2.0,6015
2026-05-08T15:41:41-07:00,234,37.42926172053254,-122.170267100728,27.7262704651803,0.0,0.0,outdoor,2026-05-08T22:41:39.784281+0000,-1.215719,cfb230f5011f,gilbert attempt,2.0,6017
2026-05-08T15:41:44-07:00,235,37.42923632606971,-122.1702475547744,27.7597846360877,0.0,0.0,outdoor,2026-05-08T22:41:43.786867+0000,-0.213133,d5e8308488eb,gilbert attempt,2.0,6020
2026-05-08T15:41:47-07:00,236,37.42921937446767,-122.1702217977155,27.6021733684465,0.0,0.0,outdoor,2026-05-08T22:41:47.106833+0000,0.106833,f0e9dc4976f2,gilbert attempt,2.0,6022
2026-05-08T15:41:50-07:00,237,37.42919906406054,-122.1701944840716,27.7908415608108,0.0,0.0,outdoor,2026-05-08T22:41:50.421810+0000,0.42181,dd7ee84837e9,gilbert attempt,2.0,6024
2026-05-08T15:41:54-07:00,238,37.42917607548725,-122.1701619537347,27.6328898491338,0.0,0.0,outdoor,2026-05-08T22:41:54.415866+0000,0.415866,1b860764a27f,gilbert attempt,2.0,6027
2026-05-08T15:41:57-07:00,239,37.42916102528833,-122.1701088216556,27.76359269768,0.0,0.0,outdoor,2026-05-08T22:41:55.742124+0000,-1.257876,1b860764a27f,gilbert attempt,2.0,6029
2026-05-08T15:42:00-07:00,240,37.42914493819549,-122.1700750966248,27.3290428388864,0.0,0.0,outdoor,2026-05-08T22:41:59.763802+0000,-0.236198,9bd2ec82d105,gilbert attempt,2.0,6032
2026-05-08T15:42:03-07:00,241,37.42913056196071,-122.1700365722285,27.2986985864118,0.0,0.0,outdoor,2026-05-08T22:42:03.082941+0000,0.082941,957a25db3cfc,gilbert attempt,2.0,6034
2026-05-08T15:42:06-07:00,242,37.42911874953015,-122.169998619635,27.389338827692,0.0,0.0,outdoor,2026-05-08T22:42:06.442661+0000,0.442661,36b90dff6d7c,gilbert attempt,2.0,6036
2026-05-08T15:42:10-07:00,243,37.42910517476876,-122.1699631389707,27.3043911103159,0.0,0.0,outdoor,2026-05-08T22:42:10.441632+0000,0.441632,6ebaa187f3bd,gilbert attempt,2.0,6039
2026-05-08T15:42:13-07:00,244,37.42910308291604,-122.1699060778625,27.2071348251775,0.0,0.0,outdoor,2026-05-08T22:42:11.799262+0000,-1.200738,6ebaa187f3bd,gilbert attempt,2.0,6041
2026-05-08T15:42:16-07:00,245,37.42909795301712,-122.1698656974972,27.1263363948092,0.0,0.0,outdoor,2026-05-08T22:42:15.812780+0000,-0.18722,15b867c8c17c,gilbert attempt,2.0,6044
2026-05-08T15:42:19-07:00,246,37.42908290169412,-122.1698306189618,27.3566623926163,0.0,0.0,outdoor,2026-05-08T22:42:19.107958+0000,0.107958,83d33ac0762d,gilbert attempt,2.0,6046
2026-05-08T15:42:22-07:00,247,37.42907662167121,-122.1697901730362,27.7541946237907,0.0,0.0,outdoor,2026-05-08T22:42:22.453004+0000,0.453004,fd94ac510bd1,gilbert attempt,2.0,6048
2026-05-08T15:42:26-07:00,248,37.42907044461304,-122.1697458718911,27.354272313416,0.0,0.0,outdoor,2026-05-08T22:42:26.455270+0000,0.45527,1609e7a4e216,gilbert attempt,2.0,6051
2026-05-08T15:42:29-07:00,249,37.42905603282518,-122.1696933633252,27.4729501400143,0.0,0.0,outdoor,2026-05-08T22:42:27.812029+0000,-1.187971,1609e7a4e216,gilbert attempt,2.0,6053
2026-05-08T15:42:32-07:00,250,37.42905315471985,-122.1696551076504,27.9837154336274,0.0,0.0,outdoor,2026-05-08T22:42:32.082476+0000,0.082476,4503721b6a5f,gilbert attempt,2.0,6056
2026-05-08T15:42:35-07:00,251,37.42906032919618,-122.1696210051028,28.170093218796,0.0,0.0,outdoor,2026-05-08T22:42:35.122272+0000,0.122272,527f00b417c8,gilbert attempt,2.0,6058
2026-05-08T15:42:38-07:00,252,37.42908912104868,-122.1695957877625,27.9966499647126,0.0,0.0,outdoor,2026-05-08T22:42:38.470339+0000,0.470339,ffa94039de36,gilbert attempt,2.0,6060
2026-05-08T15:42:42-07:00,253,37.42910907118112,-122.1695807767902,27.6688434397802,0.0,0.0,outdoor,2026-05-08T22:42:42.486442+0000,0.486442,6d450dd8217b,gilbert attempt,2.0,6063
2026-05-08T15:42:45-07:00,254,37.42911150315583,-122.1695775465158,27.6412425162271,0.0,0.0,outdoor,2026-05-08T22:42:43.905181+0000,-1.094819,6d450dd8217b,gilbert attempt,2.0,6065
2026-05-08T15:42:48-07:00,255,37.42911048802801,-122.169578831927,27.4505141088739,0.0,0.0,outdoor,2026-05-08T22:42:47.851254+0000,-0.148746,293aa9476f18,gilbert attempt,2.0,6068
2026-05-08T15:42:51-07:00,256,37.42911593481826,-122.1695746699132,26.8330692360178,0.0,0.0,outdoor,2026-05-08T22:42:47.851254+0000,-3.148746,293aa9476f18,gilbert attempt,2.0,6068
2026-05-08T15:42:54-07:00,257,37.42911549070352,-122.1695725256081,26.9413057994097,0.0,0.0,outdoor,2026-05-08T22:42:47.851254+0000,-6.148746,293aa9476f18,gilbert attempt,2.0,6068
2026-05-08T15:42:58-07:00,258,37.42911549070352,-122.1695725256081,26.9413057994097,0.0,0.0,outdoor,2026-05-08T22:42:47.851254+0000,-10.148746,293aa9476f18,gilbert attempt,2.0,6068
2026-05-08T15:43:01-07:00,259,37.42911549070352,-122.1695725256081,26.9413057994097,0.0,0.0,outdoor,2026-05-08T22:42:47.851254+0000,-13.148746,293aa9476f18,gilbert attempt,2.0,6068
2026-05-08T15:43:04-07:00,260,37.42911549070352,-122.1695725256081,26.9413057994097,0.0,0.0,outdoor,2026-05-08T22:43:15.340084+0000,11.340084,4243f302efb1,gilbert attempt,2.0,6069
2026-05-08T15:43:07-07:00,261,37.42910163092817,-122.1695588922879,26.9931656178087,0.0,0.0,outdoor,2026-05-08T22:43:15.340084+0000,8.340084,4243f302efb1,gilbert attempt,2.0,6069
2026-05-08T15:43:10-07:00,262,37.42910630953921,-122.1695587583737,27.0645304722711,0.0,0.0,outdoor,2026-05-08T22:43:15.340084+0000,5.340084,4243f302efb1,gilbert attempt,2.0,6069
2026-05-08T15:43:14-07:00,263,37.42910630953921,-122.1695587583737,27.0645304722711,0.0,0.0,outdoor,2026-05-08T22:43:15.340084+0000,1.340084,4243f302efb1,gilbert attempt,2.0,6069
2026-05-08T15:43:17-07:00,264,37.42911433740128,-122.1695601580254,26.5998399825767,0.0,0.0,outdoor,2026-05-08T22:43:16.750690+0000,-0.24931,4243f302efb1,gilbert attempt,2.0,6071
2026-05-08T15:43:20-07:00,265,37.42913903588676,-122.169552861176,26.8864649683237,0.0,0.0,outdoor,2026-05-08T22:43:20.019092+0000,0.019092,c2437a65b959,gilbert attempt,2.0,6073
2026-05-08T15:43:23-07:00,266,37.42916881587163,-122.1695423982186,26.3165733050555,0.0,0.0,outdoor,2026-05-08T22:43:23.340150+0000,0.34015,f8703c3dcfc4,gilbert attempt,2.0,6075
2026-05-08T15:43:26-07:00,267,37.42920740871988,-122.1695391996649,26.4185962546617,0.0,0.0,outdoor,2026-05-08T22:43:24.718742+0000,-1.281258,f8703c3dcfc4,gilbert attempt,2.0,6077
2026-05-08T15:43:30-07:00,268,37.42924695205164,-122.1695258099586,26.4328064220026,0.0,0.0,outdoor,2026-05-08T22:43:28.704277+0000,-1.295723,a94276f59f38,gilbert attempt,2.0,6080
2026-05-08T15:43:33-07:00,269,37.42930337577472,-122.1695121858331,25.8310493798926,0.0,0.0,outdoor,2026-05-08T22:43:32.713983+0000,-0.286017,5bdaf6b526bb,gilbert attempt,2.0,6083
2026-05-08T15:43:36-07:00,270,37.42933711098197,-122.1694994051058,25.3005802938715,0.0,0.0,outdoor,2026-05-08T22:43:36.018408+0000,0.018408,321b9e6db642,gilbert attempt,2.0,6085
2026-05-08T15:43:39-07:00,271,37.42937715926303,-122.1694877385925,25.5645458279178,0.0,0.0,outdoor,2026-05-08T22:43:39.352290+0000,0.35229,09ada9437ace,gilbert attempt,2.0,6087
2026-05-08T15:43:42-07:00,272,37.42941486991318,-122.1694737706189,25.5461577456444,0.0,0.0,outdoor,2026-05-08T22:43:40.779684+0000,-1.220316,09ada9437ace,gilbert attempt,2.0,6089
2026-05-08T15:43:46-07:00,273,37.42945407347891,-122.1694677783775,25.4242482669652,0.0,0.0,outdoor,2026-05-08T22:43:44.773835+0000,-1.226165,04d5aca13cb1,gilbert attempt,2.0,6092
2026-05-08T15:43:49-07:00,274,37.42950565554958,-122.1694518663657,25.1557086715475,0.0,0.0,outdoor,2026-05-08T22:43:48.733700+0000,-0.2663,3c2406b0bbf5,gilbert attempt,2.0,6095
2026-05-08T15:43:52-07:00,275,37.42954404307067,-122.1694410736522,24.9277195297182,0.0,0.0,outdoor,2026-05-08T22:43:52.051582+0000,0.051582,32ea3f7141b4,gilbert attempt,2.0,6097
2026-05-08T15:43:55-07:00,276,37.42958153966564,-122.1694291117635,25.0859091514722,0.0,0.0,outdoor,2026-05-08T22:43:55.381525+0000,0.381525,fa3b978ead37,gilbert attempt,2.0,6099
2026-05-08T15:43:58-07:00,277,37.42961756665724,-122.1694129596481,24.9490926815197,0.0,0.0,outdoor,2026-05-08T22:43:56.834698+0000,-1.165302,fa3b978ead37,gilbert attempt,2.0,6101
2026-05-08T15:44:02-07:00,278,37.42965591433646,-122.1694024280852,24.6166674047708,0.0,0.0,outdoor,2026-05-08T22:44:00.721213+0000,-1.278787,76f3ed46b693,gilbert attempt,2.0,6104
2026-05-08T15:44:05-07:00,279,37.42970191802331,-122.1693758044231,24.6183128105476,0.0,0.0,outdoor,2026-05-08T22:44:04.736046+0000,-0.263954,48a0cb900f24,gilbert attempt,2.0,6107
2026-05-08T15:44:08-07:00,280,37.42973727913078,-122.1693562058441,24.7109523434192,0.0,0.0,outdoor,2026-05-08T22:44:08.046023+0000,0.046023,642caf65c979,gilbert attempt,2.0,6109
2026-05-08T15:44:11-07:00,281,37.42977188739698,-122.1693306491829,24.8648210577667,0.0,0.0,outdoor,2026-05-08T22:44:11.384750+0000,0.38475,043994709a7d,gilbert attempt,2.0,6111
2026-05-08T15:44:14-07:00,282,37.42980458131499,-122.1693164999445,24.6964386478066,0.0,0.0,outdoor,2026-05-08T22:44:12.863507+0000,-1.136493,043994709a7d,gilbert attempt,2.0,6113
2026-05-08T15:44:18-07:00,283,37.42983246402724,-122.1693056572774,24.2830495210364,0.0,0.0,outdoor,2026-05-08T22:44:16.762530+0000,-1.23747,b9200729cc4e,gilbert attempt,2.0,6116
2026-05-08T15:44:21-07:00,284,37.42988519992277,-122.1693079702626,24.169489887543,0.0,0.0,outdoor,2026-05-08T22:44:20.742204+0000,-0.257796,e9338a4a7b0a,gilbert attempt,2.0,6119
2026-05-08T15:44:24-07:00,285,37.42991023047242,-122.1693108231634,24.2151046898216,0.0,0.0,outdoor,2026-05-08T22:44:24.057434+0000,0.057434,15f8483f5fc5,gilbert attempt,2.0,6121
2026-05-08T15:44:27-07:00,286,37.42994262290196,-122.1692857271002,24.2028000773862,0.0,0.0,outdoor,2026-05-08T22:44:27.401591+0000,0.401591,75691a224b45,gilbert attempt,2.0,6123
2026-05-08T15:44:30-07:00,287,37.42998106505982,-122.1692764877126,24.4813184021041,0.0,0.0,outdoor,2026-05-08T22:44:28.757554+0000,-1.242446,75691a224b45,gilbert attempt,2.0,6125
2026-05-08T15:44:34-07:00,288,37.43002867753308,-122.1692581016683,23.9590829620138,0.0,0.0,outdoor,2026-05-08T22:44:32.782363+0000,-1.217637,c01d31b28d98,gilbert attempt,2.0,6128
2026-05-08T15:44:37-07:00,289,37.43006641535479,-122.169247969528,24.0851804222912,0.0,0.0,outdoor,2026-05-08T22:44:36.733021+0000,-0.266979,9ab9521567fa,gilbert attempt,2.0,6131
2026-05-08T15:44:40-07:00,290,37.43009947308861,-122.1692364660031,24.7809727070853,0.0,0.0,outdoor,2026-05-08T22:44:40.088127+0000,0.088127,6544c03939f9,gilbert attempt,2.0,6133
2026-05-08T15:44:43-07:00,291,37.43013640369034,-122.1692171309251,24.779983012937,0.0,0.0,outdoor,2026-05-08T22:44:43.418373+0000,0.418373,0cc96e9eb6e3,gilbert attempt,2.0,6135
2026-05-08T15:44:46-07:00,292,37.43016888674052,-122.1692085105954,25.0781019069254,0.0,0.0,outdoor,2026-05-08T22:44:44.799478+0000,-1.200522,0cc96e9eb6e3,gilbert attempt,2.0,6137
2026-05-08T15:44:50-07:00,293,37.43021939308149,-122.1691925043364,25.2514094058424,0.0,0.0,outdoor,2026-05-08T22:44:48.796699+0000,-1.203301,b954cf50437d,gilbert attempt,2.0,6140
2026-05-08T15:44:53-07:00,294,37.43026201496824,-122.1691743188099,25.1667082803324,0.0,0.0,outdoor,2026-05-08T22:44:52.802406+0000,-0.197594,9b93e5eb772e,gilbert attempt,2.0,6143
2026-05-08T15:44:56-07:00,295,37.43029355780904,-122.169158890745,25.4675149340183,0.0,0.0,outdoor,2026-05-08T22:44:56.096487+0000,0.096487,c1cb5e945a4c,gilbert attempt,2.0,6145
2026-05-08T15:44:59-07:00,296,37.43033416821073,-122.169148990296,25.2991511384025,0.0,0.0,outdoor,2026-05-08T22:44:59.419009+0000,0.419009,351b84981322,gilbert attempt,2.0,6147
2026-05-08T15:45:02-07:00,297,37.43036966677165,-122.1691346872569,25.4395194174722,0.0,0.0,outdoor,2026-05-08T22:45:00.793605+0000,-1.206395,351b84981322,gilbert attempt,2.0,6149
2026-05-08T15:45:06-07:00,298,37.43041530476731,-122.1691206150969,25.1651346078143,0.0,0.0,outdoor,2026-05-08T22:45:04.778561+0000,-1.221439,6d02fa62b59e,gilbert attempt,2.0,6152
2026-05-08T15:45:09-07:00,299,37.43045869417164,-122.1691119329768,25.2386289285496,0.0,0.0,outdoor,2026-05-08T22:45:08.812362+0000,-0.187638,a4b992906b40,gilbert attempt,2.0,6155
2026-05-08T15:45:12-07:00,300,37.43049284599581,-122.1691045686827,24.6826133439317,0.0,0.0,outdoor,2026-05-08T22:45:12.137186+0000,0.137186,63060deda372,gilbert attempt,2.0,6157
2026-05-08T15:45:15-07:00,301,37.43052498797228,-122.1690969591698,24.3197678085417,0.0,0.0,outdoor,2026-05-08T22:45:15.449954+0000,0.449954,1c4d6abfcde3,gilbert attempt,2.0,6159
2026-05-08T15:45:18-07:00,302,37.43055906945262,-122.1690837023915,23.8819921920076,0.0,0.0,outdoor,2026-05-08T22:45:16.837684+0000,-1.162316,1c4d6abfcde3,gilbert attempt,2.0,6161
2026-05-08T15:45:22-07:00,303,37.43060385834099,-122.1690639910503,23.9591251816601,0.0,0.0,outdoor,2026-05-08T22:45:20.791877+0000,-1.208123,305793a633f3,gilbert attempt,2.0,6164
2026-05-08T15:45:25-07:00,304,37.43063621097372,-122.1690587613556,24.3787327762693,0.0,0.0,outdoor,2026-05-08T22:45:24.817516+0000,-0.182484,5661d393d13b,gilbert attempt,2.0,6167
2026-05-08T15:45:28-07:00,305,37.43067715533309,-122.1690421698322,24.2880377070978,0.0,0.0,outdoor,2026-05-08T22:45:28.157155+0000,0.157155,ad80f0b7e10d,gilbert attempt,2.0,6169
2026-05-08T15:45:31-07:00,306,37.43070771795831,-122.1690286931997,24.316134381108,0.0,0.0,outdoor,2026-05-08T22:45:31.469313+0000,0.469313,7edd426088a9,gilbert attempt,2.0,6171
2026-05-08T15:45:34-07:00,307,37.43074391831811,-122.1690244491973,23.8750091791153,0.0,0.0,outdoor,2026-05-08T22:45:32.820203+0000,-1.179797,7edd426088a9,gilbert attempt,2.0,6173
2026-05-08T15:45:38-07:00,308,37.43079645481047,-122.1690106141333,24.013993602246,0.0,0.0,outdoor,2026-05-08T22:45:36.779801+0000,-1.220199,703155e20362,gilbert attempt,2.0,6176
2026-05-08T15:45:41-07:00,309,37.43082751023265,-122.1689960659703,23.8955165343359,0.0,0.0,outdoor,2026-05-08T22:45:40.773870+0000,-0.22613,63a98092467d,gilbert attempt,2.0,6179
2026-05-08T15:45:44-07:00,310,37.43085966923275,-122.168988292677,23.8011995712295,0.0,0.0,outdoor,2026-05-08T22:45:43.674809+0000,-0.325191,0ab539df6894,gilbert attempt,2.0,6180
2026-05-08T15:45:47-07:00,311,37.4308943936942,-122.1689746110258,24.1837925054133,0.0,0.0,outdoor,2026-05-08T22:45:47.474214+0000,0.474214,9499843680be,gilbert attempt,2.0,6183
2026-05-08T15:45:50-07:00,312,37.43092546593172,-122.1689642747485,23.5073880376294,0.0,0.0,outdoor,2026-05-08T22:45:48.831728+0000,-1.168272,9499843680be,gilbert attempt,2.0,6185
2026-05-08T15:45:54-07:00,313,37.43097618053892,-122.1689445699432,24.51616948843,0.0,0.0,outdoor,2026-05-08T22:45:52.885134+0000,-1.114866,cec5147bd936,gilbert attempt,2.0,6188
2026-05-08T15:45:57-07:00,314,37.43100727537451,-122.1689561683837,24.0015457030386,0.0,0.0,outdoor,2026-05-08T22:45:56.847421+0000,-0.152579,a0546205e660,gilbert attempt,2.0,6191
2026-05-08T15:46:00-07:00,315,37.43103861545488,-122.1689818794163,23.6944908397272,0.0,0.0,outdoor,2026-05-08T22:46:00.155711+0000,0.155711,8372edfa151d,gilbert attempt,2.0,6193
2026-05-08T15:46:03-07:00,316,37.43106990829104,-122.169003071602,23.3701094994321,0.0,0.0,outdoor,2026-05-08T22:46:03.484591+0000,0.484591,ffd4459a1bdb,gilbert attempt,2.0,6195
2026-05-08T15:46:06-07:00,317,37.4310972795279,-122.1690347784309,23.5151795288548,0.0,0.0,outdoor,2026-05-08T22:46:04.859095+0000,-1.140905,ffd4459a1bdb,gilbert attempt,2.0,6197
2026-05-08T15:46:10-07:00,318,37.43110939058742,-122.1690926101844,23.1812171423808,0.0,0.0,outdoor,2026-05-08T22:46:08.818863+0000,-1.181137,b4164fd4187a,gilbert attempt,2.0,6200
2026-05-08T15:46:13-07:00,319,37.43109242656763,-122.1691378159275,23.2615746427327,0.0,0.0,outdoor,2026-05-08T22:46:12.817190+0000,-0.18281,81429e5f5c7b,gilbert attempt,2.0,6203
2026-05-08T15:46:16-07:00,320,37.43106863336657,-122.1691726224665,23.498056313023,0.0,0.0,outdoor,2026-05-08T22:46:16.155219+0000,0.155219,f381389fead3,gilbert attempt,2.0,6205
2026-05-08T15:46:19-07:00,321,37.43105483481175,-122.1692098048196,24.1916208574548,0.0,0.0,outdoor,2026-05-08T22:46:19.490216+0000,0.490216,11368c93de24,gilbert attempt,2.0,6207
2026-05-08T15:46:22-07:00,322,37.43101694316356,-122.1692259945006,23.5687364581972,0.0,0.0,outdoor,2026-05-08T22:46:20.829492+0000,-1.170508,11368c93de24,gilbert attempt,2.0,6209
2026-05-08T15:46:26-07:00,323,37.43097406065603,-122.1692509518943,23.4626356931403,0.0,0.0,outdoor,2026-05-08T22:46:24.862027+0000,-1.137973,a9df4e7056df,gilbert attempt,2.0,6212
2026-05-08T15:46:29-07:00,324,37.4309399760342,-122.1692621248259,23.2851183023304,0.0,0.0,outdoor,2026-05-08T22:46:28.875120+0000,-0.12488,fa638ade65cb,gilbert attempt,2.0,6215
2026-05-08T15:46:32-07:00,325,37.43090555182609,-122.169274031819,22.5272056153044,0.0,0.0,outdoor,2026-05-08T22:46:32.174269+0000,0.174269,d0515187e847,gilbert attempt,2.0,6217
2026-05-08T15:46:35-07:00,326,37.43086975042337,-122.1692847697637,22.605691014789,0.0,0.0,outdoor,2026-05-08T22:46:35.500146+0000,0.500146,02b0ce97e0c5,gilbert attempt,2.0,6219
2026-05-08T15:46:38-07:00,327,37.43083226136281,-122.1692935423978,23.0624906886369,0.0,0.0,outdoor,2026-05-08T22:46:36.841800+0000,-1.1582,02b0ce97e0c5,gilbert attempt,2.0,6221
2026-05-08T15:46:42-07:00,328,37.43078728268043,-122.1693039043528,23.0506907440722,0.0,0.0,outdoor,2026-05-08T22:46:40.860161+0000,-1.139839,361237de7ba2,gilbert attempt,2.0,6224
2026-05-08T15:46:45-07:00,329,37.43075768037362,-122.1693201797331,23.4811609247699,0.0,0.0,outdoor,2026-05-08T22:46:44.883781+0000,-0.116219,1a6e89b0b917,gilbert attempt,2.0,6227
2026-05-08T15:46:48-07:00,330,37.43072249135199,-122.1693263962918,23.5371013684198,0.0,0.0,outdoor,2026-05-08T22:46:48.201388+0000,0.201388,d86579810e9b,gilbert attempt,2.0,6229
2026-05-08T15:46:51-07:00,331,37.43069421578276,-122.1693334467925,23.5432045971975,0.0,0.0,outdoor,2026-05-08T22:46:51.487817+0000,0.487817,ee819036917b,gilbert attempt,2.0,6231
2026-05-08T15:46:54-07:00,332,37.43065860013654,-122.1693447049073,24.0429137544706,0.0,0.0,outdoor,2026-05-08T22:46:52.861604+0000,-1.138396,ee819036917b,gilbert attempt,2.0,6233
2026-05-08T15:46:58-07:00,333,37.43061258249386,-122.169357813712,23.4856948573142,0.0,0.0,outdoor,2026-05-08T22:46:56.896354+0000,-1.103646,4f500363ce26,gilbert attempt,1.0,6236
2026-05-08T15:47:01-07:00,334,37.43057908847221,-122.1693823931456,23.8474919181317,0.0,0.0,outdoor,2026-05-08T22:47:00.857186+0000,-0.142814,884c898a6898,gilbert attempt,1.0,6239
2026-05-08T15:47:04-07:00,335,37.43054400768591,-122.1693911034981,23.4943195758387,0.0,0.0,outdoor,2026-05-08T22:47:04.179435+0000,0.179435,5e8b770726e0,gilbert attempt,1.0,6241
2026-05-08T15:47:07-07:00,336,37.43051761223351,-122.1694105660023,24.9182734526694,0.0,0.0,outdoor,2026-05-08T22:47:07.528995+0000,0.528995,d3e1cbee857e,gilbert attempt,1.0,6243
2026-05-08T15:47:10-07:00,337,37.43047709966497,-122.1694210199924,23.8240224421024,0.0,0.0,outdoor,2026-05-08T22:47:08.893238+0000,-1.106762,d3e1cbee857e,gilbert attempt,1.0,6245
2026-05-08T15:47:14-07:00,338,37.43043252743278,-122.169434847398,24.6275438126177,0.0,0.0,outdoor,2026-05-08T22:47:12.904508+0000,-1.095492,d5272b84dc01,gilbert attempt,1.0,6248
2026-05-08T15:47:17-07:00,339,37.43040525862691,-122.1694419429581,23.8010628558695,0.0,0.0,outdoor,2026-05-08T22:47:17.032459+0000,0.032459,b455699b603a,gilbert attempt,1.0,6251
2026-05-08T15:47:20-07:00,340,37.43037853235103,-122.1694453848897,23.7678479105234,0.0,0.0,outdoor,2026-05-08T22:47:20.199796+0000,0.199796,a113e8729138,gilbert attempt,1.0,6253
2026-05-08T15:47:23-07:00,341,37.43034558152777,-122.169455371632,23.9807244474068,0.0,0.0,outdoor,2026-05-08T22:47:23.546085+0000,0.546085,cdcfabfcff48,gilbert attempt,1.0,6255
2026-05-08T15:47:26-07:00,342,37.43031108063274,-122.1694766491175,23.6623932793736,0.0,0.0,outdoor,2026-05-08T22:47:24.899483+0000,-1.100517,cdcfabfcff48,gilbert attempt,1.0,6257
2026-05-08T15:47:30-07:00,343,37.43026155309323,-122.1694862154663,23.7496714172885,0.0,0.0,outdoor,2026-05-08T22:47:28.907067+0000,-1.092933,6eec590bf1a4,gilbert attempt,1.0,6260
2026-05-08T15:47:33-07:00,344,37.43022899179643,-122.1694999011604,23.8594153225422,0.0,0.0,outdoor,2026-05-08T22:47:32.907344+0000,-0.092656,a7aa86bd1a92,gilbert attempt,1.0,6263
2026-05-08T15:47:36-07:00,345,37.4301985818143,-122.1695099507759,24.0482262345031,0.0,0.0,outdoor,2026-05-08T22:47:36.256401+0000,0.256401,8d8288178676,gilbert attempt,1.0,6265
2026-05-08T15:47:39-07:00,346,37.43016559307272,-122.1695212358005,24.725977559574,0.0,0.0,outdoor,2026-05-08T22:47:39.552315+0000,0.552315,61fb7cb429f8,gilbert attempt,1.0,6267
2026-05-08T15:47:42-07:00,347,37.43013066847381,-122.1695344590953,23.850448497571,0.0,0.0,outdoor,2026-05-08T22:47:40.942629+0000,-1.057371,61fb7cb429f8,gilbert attempt,1.0,6269
2026-05-08T15:47:46-07:00,348,37.43009044733344,-122.1695484564024,23.8156463075429,0.0,0.0,outdoor,2026-05-08T22:47:44.921382+0000,-1.078618,fd205d2e9908,gilbert attempt,1.0,6272
2026-05-08T15:47:49-07:00,349,37.43005800780287,-122.1695629543316,24.0842447783798,0.0,0.0,outdoor,2026-05-08T22:47:48.958254+0000,-0.041746,74ca2c37144c,gilbert attempt,1.0,6275
2026-05-08T15:47:52-07:00,350,37.43002536952345,-122.1695722402536,23.8646179847419,0.0,0.0,outdoor,2026-05-08T22:47:52.248932+0000,0.248932,8ec2b14717a9,gilbert attempt,1.0,6277
2026-05-08T15:47:55-07:00,351,37.4299915957719,-122.1695792306824,24.8105092095211,0.0,0.0,outdoor,2026-05-08T22:47:55.543499+0000,0.543499,2ae151738b37,gilbert attempt,1.0,6279
2026-05-08T15:47:58-07:00,352,37.4299572455141,-122.1695527428823,23.7506665615365,0.0,0.0,outdoor,2026-05-08T22:47:56.896489+0000,-1.103511,2ae151738b37,gilbert attempt,1.0,6281
2026-05-08T15:48:02-07:00,353,37.42993616981713,-122.1694970996794,23.638605736196,0.0,0.0,outdoor,2026-05-08T22:48:00.892936+0000,-1.107064,3784293f1c09,gilbert attempt,1.0,6284
2026-05-08T15:48:05-07:00,354,37.42992952085901,-122.1694538329265,23.2171594705433,0.0,0.0,outdoor,2026-05-08T22:48:04.997563+0000,-0.002437,1a3207675122,gilbert attempt,1.0,6287
2026-05-08T15:48:08-07:00,355,37.42990184716994,-122.1694224465921,22.7298705046996,0.0,0.0,outdoor,2026-05-08T22:48:08.306387+0000,0.306387,93373b842540,gilbert attempt,1.0,6289
2026-05-08T15:48:11-07:00,356,37.42987001384984,-122.169404155942,23.0777495289221,0.0,0.0,outdoor,2026-05-08T22:48:11.578409+0000,0.578409,a70e2ade3b67,gilbert attempt,1.0,6291
2026-05-08T15:48:14-07:00,357,37.42983214790155,-122.1694108431511,22.7832623217255,0.0,0.0,outdoor,2026-05-08T22:48:12.951823+0000,-1.048177,a70e2ade3b67,gilbert attempt,1.0,6293
2026-05-08T15:48:18-07:00,358,37.42979278505386,-122.1694355362147,23.1963365692645,0.0,0.0,outdoor,2026-05-08T22:48:16.965363+0000,-1.034637,6a05fba892c7,gilbert attempt,1.0,6296
2026-05-08T15:48:21-07:00,359,37.42977185905962,-122.1694679877549,23.5569616239518,0.0,0.0,outdoor,2026-05-08T22:48:20.943992+0000,-0.056008,f2b33e5a14b4,gilbert attempt,1.0,6299
2026-05-08T15:48:24-07:00,360,37.42977024056045,-122.169504027492,23.9937958950177,0.0,0.0,outdoor,2026-05-08T22:48:24.290379+0000,0.290379,4cf0c31c8f93,gilbert attempt,1.0,6301
2026-05-08T15:48:27-07:00,361,37.42978514867628,-122.169545906857,23.6556733679026,0.0,0.0,outdoor,2026-05-08T22:48:27.599948+0000,0.599948,8c3ff8ff54c3,gilbert attempt,1.0,6303
2026-05-08T15:48:31-07:00,362,37.42978202592531,-122.1696031634767,23.4084034301341,0.0,0.0,outdoor,2026-05-08T22:48:31.601773+0000,0.601773,0fd1f98e5bd9,gilbert attempt,1.0,6306
2026-05-08T15:48:34-07:00,363,37.42976285249427,-122.1696402937298,24.1165561154485,0.0,0.0,outdoor,2026-05-08T22:48:32.966314+0000,-1.033686,0fd1f98e5bd9,gilbert attempt,1.0,6308
2026-05-08T15:48:37-07:00,364,37.42973171163977,-122.169665399186,23.6903345333412,0.0,0.0,outdoor,2026-05-08T22:48:36.959943+0000,-0.040057,5c0cf3f9ff00,gilbert attempt,1.0,6311
2026-05-08T15:48:40-07:00,365,37.4297072770682,-122.1696772251528,23.5095145301893,0.0,0.0,outdoor,2026-05-08T22:48:40.345583+0000,0.345583,b6290f1e5aee,gilbert attempt,1.0,6313
2026-05-08T15:48:44-07:00,366,37.42968286416353,-122.1696881110758,21.7483434528112,0.0,0.0,outdoor,2026-05-08T22:48:44.297460+0000,0.29746,1d15fb81f9cf,gilbert attempt,1.0,6316
2026-05-08T15:48:47-07:00,367,37.42967127093234,-122.1696921946302,23.1451031798497,0.0,0.0,outdoor,2026-05-08T22:48:47.640800+0000,0.6408,86d86edaef65,gilbert attempt,1.0,6318
2026-05-08T15:48:50-07:00,368,37.4296448043924,-122.169706217949,24.4039587210864,0.0,0.0,outdoor,2026-05-08T22:48:50.324270+0000,0.32427,86d86edaef65,gilbert attempt,1.0,6320
2026-05-08T15:48:53-07:00,369,37.42961015025313,-122.1697139266746,23.3545753890648,0.0,0.0,outdoor,2026-05-08T22:48:52.972591+0000,-0.027409,0acc05990fb7,gilbert attempt,1.0,6323
2026-05-08T15:48:56-07:00,370,37.42957883264219,-122.1697212831535,23.3687350191176,0.0,0.0,outdoor,2026-05-08T22:48:56.304995+0000,0.304995,45ca9e333269,gilbert attempt,1.0,6325
2026-05-08T15:49:00-07:00,371,37.42953671346924,-122.1697433762095,23.7537382543087,0.0,0.0,outdoor,2026-05-08T22:49:00.309166+0000,0.309166,de0e97f3a174,gilbert attempt,1.0,6328
2026-05-08T15:49:03-07:00,372,37.42950446505834,-122.1697538157609,23.7692424673587,0.0,0.0,outdoor,2026-05-08T22:49:03.617983+0000,0.617983,5d3206e4cbdb,gilbert attempt,1.0,6330
2026-05-08T15:49:06-07:00,373,37.42947179237454,-122.1697691993993,24.5437949029729,0.0,0.0,outdoor,2026-05-08T22:49:05.021634+0000,-0.978366,5d3206e4cbdb,gilbert attempt,1.0,6332
2026-05-08T15:49:09-07:00,374,37.42943819003353,-122.1697807677661,23.4349368475378,0.0,0.0,outdoor,2026-05-08T22:49:09.056065+0000,0.056065,a5a27284664b,gilbert attempt,1.0,6335
2026-05-08T15:49:12-07:00,375,37.42940860146371,-122.1697869111755,23.7507892390713,0.0,0.0,outdoor,2026-05-08T22:49:12.305271+0000,0.305271,63bb32a6b2e7,gilbert attempt,1.0,6337
2026-05-08T15:49:16-07:00,376,37.42937943923864,-122.1698045072844,23.147694225423,0.0,0.0,outdoor,2026-05-08T22:49:15.705988+0000,-0.294012,9d6dba03d88c,gilbert attempt,1.0,6339
2026-05-08T15:49:19-07:00,377,37.42934341377517,-122.1698049067494,25.2156076356769,0.0,0.0,outdoor,2026-05-08T22:49:19.681829+0000,0.681829,d31fcb3f3fe6,gilbert attempt,1.0,6342
2026-05-08T15:49:22-07:00,378,37.42931465504515,-122.1698186287875,26.6924072103575,0.0,0.0,outdoor,2026-05-08T22:49:21.094077+0000,-0.905923,d31fcb3f3fe6,gilbert attempt,1.0,6344
2026-05-08T15:49:25-07:00,379,37.42928623840456,-122.1698248408141,27.253853530623,0.0,0.0,outdoor,2026-05-08T22:49:25.021723+0000,0.021723,70e99a5854a7,gilbert attempt,1.0,6347
2026-05-08T15:49:29-07:00,380,37.42924356392322,-122.1698339630313,27.3512442167848,0.0,0.0,outdoor,2026-05-08T22:49:29.033635+0000,0.033635,8eda3745c9d3,gilbert attempt,1.0,6350
2026-05-08T15:49:32-07:00,381,37.42920081167344,-122.169852404332,28.0996267013252,0.0,0.0,outdoor,2026-05-08T22:49:31.673326+0000,-0.326674,ad2bf0093da5,gilbert attempt,1.0,6351
2026-05-08T15:49:35-07:00,382,37.42916752317686,-122.169871694712,28.3277591671795,0.0,0.0,outdoor,2026-05-08T22:49:35.653342+0000,0.653342,4fa75d8ce143,gilbert attempt,1.0,6354
2026-05-08T15:49:38-07:00,383,37.429132515065,-122.1698906142071,28.0890696430579,0.0,0.0,outdoor,2026-05-08T22:49:37.031599+0000,-0.968401,4fa75d8ce143,gilbert attempt,1.0,6356
2026-05-08T15:49:41-07:00,384,37.42910989348665,-122.1699246485451,27.671718862839,0.0,0.0,outdoor,2026-05-08T22:49:41.016777+0000,0.016777,3c19e7e4254f,gilbert attempt,1.0,6359
2026-05-08T15:49:45-07:00,385,37.42912001002809,-122.1699698697709,27.7789505831897,0.0,0.0,outdoor,2026-05-08T22:49:45.072381+0000,0.072381,bea1abea5540,gilbert attempt,1.0,6362
2026-05-08T15:49:48-07:00,386,37.42912074994467,-122.1700322115827,27.761263648048,0.0,0.0,outdoor,2026-05-08T22:49:47.670420+0000,-0.32958,fccface76a9d,gilbert attempt,1.0,6363
2026-05-08T15:49:51-07:00,387,37.42912452715443,-122.1700716681558,27.109022195451,0.0,0.0,outdoor,2026-05-08T22:49:51.696934+0000,0.696934,73ce51306298,gilbert attempt,1.0,6366
2026-05-08T15:49:54-07:00,388,37.42912383449119,-122.1701213541169,27.1533821560442,0.0,0.0,outdoor,2026-05-08T22:49:53.178601+0000,-0.821399,73ce51306298,gilbert attempt,1.0,6368
2026-05-08T15:49:57-07:00,389,37.42912944511336,-122.1701696239714,27.3153240196407,0.0,0.0,outdoor,2026-05-08T22:49:57.092797+0000,0.092797,38d97d6e32e2,gilbert attempt,1.0,6371
2026-05-08T15:50:01-07:00,390,37.42914234090128,-122.1702112660216,27.2378233689815,0.0,0.0,outdoor,2026-05-08T22:50:01.088775+0000,0.088775,c58f5710443e,gilbert attempt,1.0,6374
2026-05-08T15:50:04-07:00,391,37.42915255711668,-122.1702695795474,27.3734645899385,0.0,0.0,outdoor,2026-05-08T22:50:03.671245+0000,-0.328755,4a689936071f,gilbert attempt,1.0,6375
2026-05-08T15:50:07-07:00,392,37.42916464614655,-122.1703172936748,27.5750761153176,0.0,0.0,outdoor,2026-05-08T22:50:07.680440+0000,0.68044,15ab35215db2,gilbert attempt,1.0,6378
2026-05-08T15:50:10-07:00,393,37.42916985025501,-122.1703628720314,27.3194907531142,0.0,0.0,outdoor,2026-05-08T22:50:09.055789+0000,-0.944211,15ab35215db2,gilbert attempt,1.0,6380
2026-05-08T15:50:13-07:00,394,37.42918005088391,-122.1704036920765,27.087615785189,0.0,0.0,outdoor,2026-05-08T22:50:13.080019+0000,0.080019,6f739509098a,gilbert attempt,1.0,6383
2026-05-08T15:50:17-07:00,395,37.42918260146158,-122.1704483311099,27.0139383208007,0.0,0.0,outdoor,2026-05-08T22:50:17.034962+0000,0.034962,2c12bf6a1f6f,gilbert attempt,1.0,6386
2026-05-08T15:50:20-07:00,396,37.4291991126487,-122.1705130553828,26.3984471466392,0.0,0.0,outdoor,2026-05-08T22:50:19.687684+0000,-0.312316,d06ca87c47b2,gilbert attempt,1.0,6387
2026-05-08T15:50:23-07:00,397,37.42920536932663,-122.1705557773921,26.6727024177089,0.0,0.0,outdoor,2026-05-08T22:50:23.693797+0000,0.693797,5ed2fe9fe92b,gilbert attempt,1.0,6390
2026-05-08T15:50:26-07:00,398,37.42921655871071,-122.1706012653387,25.5281249759719,0.0,0.0,outdoor,2026-05-08T22:50:25.053907+0000,-0.946093,5ed2fe9fe92b,gilbert attempt,1.0,6392
2026-05-08T15:50:29-07:00,399,37.42923293471185,-122.1706397707066,25.5843019401655,0.0,0.0,outdoor,2026-05-08T22:50:29.040808+0000,0.040808,9a56e92a33bd,gilbert attempt,1.0,6395
2026-05-08T15:50:33-07:00,400,37.42923953228099,-122.17068255169,25.9896694598719,0.0,0.0,outdoor,2026-05-08T22:50:33.113803+0000,0.113803,c4d0cba8382b,gilbert attempt,1.0,6398
2026-05-08T15:50:36-07:00,401,37.42925341817416,-122.1707429529849,26.0514277750626,0.0,0.0,outdoor,2026-05-08T22:50:35.708725+0000,-0.291275,6db01d1b1fe6,gilbert attempt,1.0,6399
2026-05-08T15:50:39-07:00,402,37.42925660547013,-122.1707908300297,25.7273616129532,0.0,0.0,outdoor,2026-05-08T22:50:39.709224+0000,0.709224,b3463beb223f,gilbert attempt,1.0,6402
2026-05-08T15:50:42-07:00,403,37.42926670967913,-122.1708346570285,25.4863104876131,0.0,0.0,outdoor,2026-05-08T22:50:41.066893+0000,-0.933107,b3463beb223f,gilbert attempt,1.0,6404
2026-05-08T15:50:45-07:00,404,37.42927480499515,-122.1708827293114,25.3965654522181,0.0,0.0,outdoor,2026-05-08T22:50:45.069023+0000,0.069023,d696ce872451,gilbert attempt,1.0,6407
2026-05-08T15:50:49-07:00,405,37.42928778578872,-122.1709490618223,25.6142825353891,0.0,0.0,outdoor,2026-05-08T22:50:49.088151+0000,0.088151,b70d3b00d2b1,gilbert attempt,1.0,6410
2026-05-08T15:50:52-07:00,406,37.42928157305779,-122.1709676392963,25.9186596078798,0.0,0.0,outdoor,2026-05-08T22:50:51.722427+0000,-0.277573,681e343e8ce9,gilbert attempt,1.0,6411
2026-05-08T15:50:55-07:00,407,37.4292882544927,-122.1709741380442,26.07397302147,0.0,0.0,outdoor,2026-05-08T22:50:55.716046+0000,0.716046,7e5a423755e5,gilbert attempt,1.0,6414
2026-05-08T15:50:58-07:00,408,37.4292949730903,-122.1709953432418,26.0076207490638,0.0,0.0,outdoor,2026-05-08T22:50:57.127483+0000,-0.872517,7e5a423755e5,gilbert attempt,1.0,6416
2026-05-08T15:51:01-07:00,409,37.42930596209374,-122.1710450231101,26.4271890791133,0.0,0.0,outdoor,2026-05-08T22:51:01.184346+0000,0.184346,f328cd81d7cc,gilbert attempt,1.0,6419
2026-05-08T15:51:05-07:00,410,37.4293178077751,-122.17110031012,25.8430901039392,0.0,0.0,outdoor,2026-05-08T22:51:05.112937+0000,0.112937,5668ef56df2c,gilbert attempt,1.0,6422
2026-05-08T15:51:08-07:00,411,37.42932240715484,-122.1711353602256,26.4534396091476,0.0,0.0,outdoor,2026-05-08T22:51:07.716242+0000,-0.283758,31711cf38e2e,gilbert attempt,1.0,6423
2026-05-08T15:51:11-07:00,412,37.42932744585124,-122.171178083816,26.2175152227283,0.0,0.0,outdoor,2026-05-08T22:51:11.738508+0000,0.738508,83d8e7cb8ba6,gilbert attempt,1.0,6426
2026-05-08T15:51:14-07:00,413,37.4293588459558,-122.1712108122751,26.3893685257062,0.0,0.0,outdoor,2026-05-08T22:51:13.120668+0000,-0.879332,83d8e7cb8ba6,gilbert attempt,1.0,6428
2026-05-08T15:51:17-07:00,414,37.42938721422039,-122.171229953021,26.1621265495196,0.0,0.0,outdoor,2026-05-08T22:51:17.109949+0000,0.109949,a04f3eb50d8d,gilbert attempt,1.0,6431
2026-05-08T15:51:21-07:00,415,37.42941414049088,-122.1712704389547,25.9542416976765,0.0,0.0,outdoor,2026-05-08T22:51:21.115268+0000,0.115268,c6aac16e37ae,gilbert attempt,1.0,6434
2026-05-08T15:51:24-07:00,416,37.42943283743173,-122.1713119975121,25.3853403218091,0.0,0.0,outdoor,2026-05-08T22:51:23.741743+0000,-0.258257,877b5dab609d,gilbert attempt,1.0,6435
2026-05-08T15:51:27-07:00,417,37.42941329427726,-122.1713512280227,25.9319676291198,0.0,0.0,outdoor,2026-05-08T22:51:27.747089+0000,0.747089,6cc8ad7bf34c,gilbert attempt,1.0,6438
2026-05-08T15:51:30-07:00,418,37.42938767479079,-122.1713822740728,26.0922979628667,0.0,0.0,outdoor,2026-05-08T22:51:29.121350+0000,-0.87865,6cc8ad7bf34c,gilbert attempt,1.0,6440
2026-05-08T15:51:33-07:00,419,37.42936266324011,-122.1714232911041,25.9975452553481,0.0,0.0,outdoor,2026-05-08T22:51:33.124625+0000,0.124625,e91b0f17c933,gilbert attempt,1.0,6443
2026-05-08T15:51:37-07:00,420,37.42934513487711,-122.1714481421538,26.6255048271269,0.0,0.0,outdoor,2026-05-08T22:51:37.092990+0000,0.09299,a7e42354928c,gilbert attempt,1.0,6446
2026-05-08T15:51:40-07:00,421,37.42931767733626,-122.1714638033934,27.1967095714062,0.0,0.0,outdoor,2026-05-08T22:51:39.766040+0000,-0.23396,7b2b8f4a92be,gilbert attempt,1.0,6447
2026-05-08T15:51:43-07:00,422,37.42927837499911,-122.1714654039262,26.7796654775739,0.0,0.0,outdoor,2026-05-08T22:51:43.776325+0000,0.776325,56035af5561b,gilbert attempt,1.0,6450
2026-05-08T15:51:46-07:00,423,37.42924737977318,-122.1714576453367,26.1173788160086,0.0,0.0,outdoor,2026-05-08T22:51:45.143509+0000,-0.856491,56035af5561b,gilbert attempt,1.0,6452
2026-05-08T15:51:49-07:00,424,37.42921107204318,-122.1714703989867,26.8452709652483,0.0,0.0,outdoor,2026-05-08T22:51:49.143063+0000,0.143063,60031dcc5662,gilbert attempt,1.0,6455
2026-05-08T15:51:53-07:00,425,37.42916624936198,-122.1714847975633,26.3834978388622,0.0,0.0,outdoor,2026-05-08T22:51:53.200019+0000,0.200019,0ddbfe26b98d,gilbert attempt,1.0,6458
2026-05-08T15:51:56-07:00,426,37.42912496641557,-122.1714958917907,26.672545065172,0.0,0.0,outdoor,2026-05-08T22:51:55.789796+0000,-0.210204,3c52f1e4a8fa,gilbert attempt,1.0,6459
2026-05-08T15:51:59-07:00,427,37.42909152996269,-122.1715104314932,26.4426234066486,0.0,0.0,outdoor,2026-05-08T22:51:59.783514+0000,0.783514,1f9ac3c885b1,gilbert attempt,1.0,6462
2026-05-08T15:52:02-07:00,428,37.42905922208796,-122.1715149069564,26.5899371979758,0.0,0.0,outdoor,2026-05-08T22:52:01.143001+0000,-0.856999,1f9ac3c885b1,gilbert attempt,1.0,6464
2026-05-08T15:52:05-07:00,429,37.4290208932523,-122.1715261409154,26.8349121399224,0.0,0.0,outdoor,2026-05-08T22:52:05.154916+0000,0.154916,98f4eb3233ca,gilbert attempt,1.0,6467
2026-05-08T15:52:09-07:00,430,37.42899180468692,-122.1715252763387,27.908299847506,0.0,0.0,outdoor,2026-05-08T22:52:09.159826+0000,0.159826,53bfa3bb63a8,gilbert attempt,1.0,6470
2026-05-08T15:52:12-07:00,431,37.42895511219943,-122.1715279454137,28.1678472692147,0.0,0.0,outdoor,2026-05-08T22:52:11.809104+0000,-0.190896,c74105676058,gilbert attempt,1.0,6471
2026-05-08T15:52:15-07:00,432,37.42893639941924,-122.1715499236691,28.094392362982,0.0,0.0,outdoor,2026-05-08T22:52:15.784883+0000,0.784883,016edc6ab920,gilbert attempt,1.0,6474
2026-05-08T15:52:18-07:00,433,37.42892986651488,-122.1715771821768,27.8821792760864,0.0,0.0,outdoor,2026-05-08T22:52:17.227154+0000,-0.772846,016edc6ab920,gilbert attempt,1.0,6476
2026-05-08T15:52:21-07:00,434,37.4289352996325,-122.1716123920979,27.7167702028528,0.0,0.0,outdoor,2026-05-08T22:52:21.285382+0000,0.285382,256eec7cb804,gilbert attempt,1.0,6479
2026-05-08T15:52:25-07:00,435,37.4289431210557,-122.171667384622,27.2098743794486,0.0,0.0,outdoor,2026-05-08T22:52:25.286439+0000,0.286439,a382f82eec60,gilbert attempt,1.0,6482
2026-05-08T15:52:28-07:00,436,37.42895098479617,-122.1717165991724,27.5494789350778,0.0,0.0,outdoor,2026-05-08T22:52:27.813640+0000,-0.18636,934462e889d5,gilbert attempt,1.0,6483
2026-05-08T15:52:31-07:00,437,37.42895735622482,-122.1717698007948,27.5922242393717,0.0,0.0,outdoor,2026-05-08T22:52:31.824160+0000,0.82416,583e87e6965b,gilbert attempt,1.0,6486
2026-05-08T15:52:34-07:00,438,37.42896376947596,-122.1718134122511,27.3820449076593,0.0,0.0,outdoor,2026-05-08T22:52:33.240172+0000,-0.759828,583e87e6965b,gilbert attempt,1.0,6488
2026-05-08T15:52:37-07:00,439,37.42895426015669,-122.1718538893702,27.521544277668,0.0,0.0,outdoor,2026-05-08T22:52:37.208620+0000,0.20862,b7ee20ddcbb6,gilbert attempt,1.0,6491
2026-05-08T15:52:41-07:00,440,37.42894236336649,-122.1719144472913,28.0422053020448,0.0,0.0,outdoor,2026-05-08T22:52:41.205199+0000,0.205199,635f590c8d3c,gilbert attempt,1.0,6494
2026-05-08T15:52:44-07:00,441,37.42895221965087,-122.1719478763368,27.9159871153533,0.0,0.0,outdoor,2026-05-08T22:52:43.838444+0000,-0.161556,ab1e7e75879c,gilbert attempt,1.0,6495
2026-05-08T15:52:47-07:00,442,37.42895633637266,-122.1719807238601,28.0007186448202,0.0,0.0,outdoor,2026-05-08T22:52:45.255366+0000,-1.744634,ab1e7e75879c,gilbert attempt,1.0,6497
2026-05-08T15:52:50-07:00,443,37.42896814968771,-122.1719892704971,27.8343719635159,0.0,0.0,outdoor,2026-05-08T22:52:45.255366+0000,-4.744634,ab1e7e75879c,gilbert attempt,1.0,6497
2026-05-08T15:52:53-07:00,444,37.4289799051725,-122.1719981209917,27.7076754225418,0.0,0.0,outdoor,2026-05-08T22:52:45.255366+0000,-7.744634,ab1e7e75879c,gilbert attempt,1.0,6497
2026-05-08T15:52:57-07:00,445,37.42899651841086,-122.1719965154149,27.6709058182314,0.0,0.0,outdoor,2026-05-08T22:52:45.255366+0000,-11.744634,ab1e7e75879c,gilbert attempt,1.0,6497
2026-05-08T15:53:10-07:00,446,37.42903595676508,-122.1721712810704,28.2946899374947,0.0,0.0,outdoor,2026-05-08T22:52:45.255366+0000,-24.744634,ab1e7e75879c,gilbert attempt,1.0,6497
2026-05-08T15:53:13-07:00,447,37.42901771190736,-122.172134751044,28.0580997718498,0.0,0.0,outdoor,2026-05-08T22:52:45.255366+0000,-27.744634,ab1e7e75879c,gilbert attempt,1.0,6497
2026-05-08T15:53:16-07:00,448,37.42898852485678,-122.1721489968078,28.4876375645399,0.0,0.0,null,,,,,,
2026-05-08T15:53:19-07:00,449,37.42896523524995,-122.1721292679005,36.9509545108303,0.0,0.0,null,,,,,,
2026-05-08T15:53:33-07:00,450,37.42903384547882,-122.1722447569993,28.2392085697502,0.0,0.0,null,,,,,,
2026-05-08T15:53:46-07:00,451,37.42891436662186,-122.1722448862281,31.7051600714798,0.0,0.0,null,,,,,,
2026-05-11T17:17:46-07:00,1,37.42883791750155,-122.1723290012045,31.8309593069648,0.0,0.0,null,,,,,,
2026-05-11T17:17:59-07:00,2,37.42883793067128,-122.1722810757135,31.531171738582,0.0,0.0,null,,,,,,
2026-05-11T17:18:12-07:00,3,37.42883853328168,-122.1722264470336,31.531171738582,0.0,0.0,null,,,,,,
2026-05-11T17:18:25-07:00,4,37.42883590885807,-122.1721638129096,31.6452009384481,-0.000126361259632,-2.3702519683848673e-05,outdoor,2026-05-12T00:18:53.141913+0000,28.141913,d4cf35d332c8,quad run,1.0,6498
2026-05-11T17:18:36-07:00,5,37.4287144274198,-122.17219382327,28.6993064880371,0.0001216554693357,2.8194298451467148e-05,outdoor,2026-05-12T00:18:53.141913+0000,17.141913,d4cf35d332c8,quad run,1.0,6498
2026-05-11T17:18:39-07:00,6,37.4287144274198,-122.17219382327,28.6993064880371,0.0,0.0,outdoor,2026-05-12T00:18:53.141913+0000,14.141913,d4cf35d332c8,quad run,1.0,6498
2026-05-11T17:18:48-07:00,7,37.42866672509704,-122.1721561432787,28.6520652770996,0.0,0.0,outdoor,2026-05-12T00:18:53.141913+0000,5.141913,d4cf35d332c8,quad run,1.0,6498
2026-05-11T17:18:51-07:00,8,37.42866672509704,-122.1721561432787,28.6520652770996,0.0,0.0,outdoor,2026-05-12T00:18:53.141913+0000,2.141913,d4cf35d332c8,quad run,1.0,6498
2026-05-11T17:18:54-07:00,9,37.4287030849369,-122.1721751322882,27.8291110992432,-1.6425500923844538e-05,5.030897399649368e-05,outdoor,2026-05-12T00:18:53.841012+0000,-0.158988,d4cf35d332c8,quad run,1.0,6499
2026-05-11T17:18:57-07:00,10,37.4287025754152,-122.1721745421383,27.8291110992432,-1.547462083095752e-05,4.459777855458924e-05,outdoor,2026-05-12T00:18:57.074966+0000,0.074966,f3952ab69c46,quad run,1.0,6501
2026-05-11T17:19:05-07:00,11,37.42868609337282,-122.1720572471285,28.8887596130371,7.410523046758044e-06,-6.078427597344671e-05,outdoor,2026-05-12T00:19:05.082427+0000,0.082427,eb912c5d5315,quad run,1.0,6507
2026-05-11T17:19:08-07:00,12,37.42866869108507,-122.1720280884769,28.8521690368652,0.0,0.0,outdoor,2026-05-12T00:19:09.078519+0000,1.078519,39dafc5a264f,quad run,1.0,6510
2026-05-11T17:19:11-07:00,13,37.4286452469445,-122.1719838083382,29.0132713317871,0.0,0.0,outdoor,2026-05-12T00:19:10.524884+0000,-0.475116,39dafc5a264f,quad run,1.0,6512
2026-05-11T17:19:14-07:00,14,37.4286224408551,-122.1719383348518,28.642635489814,0.0,0.0,outdoor,2026-05-12T00:19:13.760248+0000,-0.239752,52b251cd6fb3,quad run,1.0,6514
2026-05-11T17:19:18-07:00,15,37.42859980376544,-122.1718832398729,28.8004723982885,0.0,0.0,outdoor,2026-05-12T00:19:17.786685+0000,-0.213315,44cd38d7961f,quad run,1.0,6517
2026-05-11T17:19:21-07:00,16,37.4285788861056,-122.1718467457046,27.7268334962428,0.0,0.0,outdoor,2026-05-12T00:19:21.095183+0000,0.095183,fbc3c4e7a2e9,quad run,1.0,6519
2026-05-11T17:19:24-07:00,17,37.42855682312172,-122.1718215648339,27.5599633110687,0.0,0.0,outdoor,2026-05-12T00:19:25.123982+0000,1.123982,bd67274d6b4d,quad run,1.0,6522
2026-05-11T17:19:27-07:00,18,37.42853622724791,-122.1717870206815,27.5285913329572,0.0,0.0,outdoor,2026-05-12T00:19:26.545705+0000,-0.454295,bd67274d6b4d,quad run,1.0,6524
2026-05-11T17:19:30-07:00,19,37.42851453323501,-122.1717553544069,26.9648095639423,0.0,0.0,outdoor,2026-05-12T00:19:29.779057+0000,-0.220943,76e17c99349f,quad run,1.0,6526
2026-05-11T17:19:34-07:00,20,37.4284939448277,-122.1717571267117,23.5423304777371,0.0,0.0,outdoor,2026-05-12T00:19:33.821469+0000,-0.178531,0e2a264e20d6,quad run,1.0,6529
2026-05-11T17:19:38-07:00,21,37.42846035674104,-122.1718270257414,27.7586326599121,-1.3681372990959062e-05,0.0001087568332707,outdoor,2026-05-12T00:19:37.847392+0000,-0.152608,b07934dee85f,quad run,1.0,6532
2026-05-11T17:19:50-07:00,22,37.42826694626122,-122.1717352421229,26.9908103942871,3.323248323994221e-05,-0.0001485631359088,outdoor,2026-05-12T00:19:49.815612+0000,-0.184388,b4075dfb93de,quad run,1.0,6541
2026-05-11T17:20:03-07:00,23,37.42814901288359,-122.1717510001009,29.700252532959,2.331239620900771e-05,6.194024231831486e-05,outdoor,2026-05-12T00:20:02.558783+0000,-0.441217,b354dc948269,quad run,1.0,6551
2026-05-11T17:20:06-07:00,24,37.42815161127358,-122.1717029717957,30.1719017028809,-3.980425965011147e-05,9.949965047439946e-05,outdoor,2026-05-12T00:20:05.847219+0000,-0.152781,e46bcecc04d0,quad run,1.0,6553
2026-05-11T17:20:09-07:00,25,37.42815161127358,-122.1717029717957,30.1719017028809,-2.187498804318e-05,0.0001178239370744,outdoor,2026-05-12T00:20:09.156012+0000,0.156012,b204c96c1c82,quad run,1.0,6555
2026-05-11T17:20:22-07:00,26,37.42809117775171,-122.171442126969,29.7695274353027,3.312557009138562e-05,-0.0001778112449244,outdoor,2026-05-12T00:20:21.842919+0000,-0.157081,e7f90e0fa7ad,quad run,1.0,6565
2026-05-11T17:20:36-07:00,27,37.42809507533669,-122.1712840442752,23.977596282959,-3.325583436009072e-05,-7.666590050803306e-06,outdoor,2026-05-12T00:20:37.189908+0000,1.189908,791fa4195068,quad run,1.0,6576
2026-05-11T17:20:49-07:00,28,37.42805014833569,-122.1712791827714,22.2966270446777,-4.000045198182544e-05,-1.968335527635645e-05,outdoor,2026-05-12T00:20:49.192964+0000,0.192964,5f9a3e0791e4,quad run,1.0,6585
2026-05-11T17:20:58-07:00,29,37.42783645171433,-122.171291504169,25.5772972106934,0.0001219214347258,-1.7676514218578632e-05,outdoor,2026-05-12T00:20:57.873524+0000,-0.126476,dc6bcd718f70,quad run,1.0,6592
2026-05-11T17:21:01-07:00,30,37.42783645171433,-122.171291504169,25.5772972106934,-9.496235764316908e-05,-3.032322130991361e-05,outdoor,2026-05-12T00:21:01.182887+0000,0.182887,adae6cc0f7e5,quad run,1.0,6594
2026-05-11T17:21:04-07:00,31,37.42783645171433,-122.171291504169,25.5772972106934,-9.146091670686474e-05,-2.8053610094502777e-05,outdoor,2026-05-12T00:21:05.234384+0000,1.234384,7be3d339c62c,quad run,1.0,6597
2026-05-11T17:21:17-07:00,32,37.42762634726028,-122.1712992709942,24.8771324157715,0.00010018859723,-1.5330541302205347e-05,outdoor,2026-05-12T00:21:17.208798+0000,0.208798,50e2dad52be3,quad run,1.0,6606
2026-05-11T17:21:29-07:00,33,37.42752359717845,-122.1713366826271,23.9566307067871,3.043288639759112e-05,2.1942217870218883e-05,outdoor,2026-05-12T00:21:29.209297+0000,0.209297,c183435eea1d,quad run,1.0,6615
2026-05-11T17:21:32-07:00,34,37.42751884171428,-122.171303143391,24.9161595582849,-7.517507568621795e-05,-6.175331748181634e-05,outdoor,2026-05-12T00:21:33.187352+0000,1.187352,3d465013fcf0,quad run,1.0,6618
2026-05-11T17:21:35-07:00,35,37.42751884171428,-122.171303143391,24.9161595582849,-3.0026795698745445e-05,-1.0161063784153155e-05,outdoor,2026-05-12T00:21:34.562500+0000,-0.4375,3d465013fcf0,quad run,1.0,6620
2026-05-11T17:21:47-07:00,36,37.42748671680449,-122.1712921747213,26.514217376709,-2.2744377673689087e-05,5.483331653977075e-05,outdoor,2026-05-12T00:21:46.655742+0000,-0.344258,dc4a550aeb59,quad run,1.0,6629
2026-05-11T17:21:50-07:00,37,37.42748671680449,-122.1712921747213,26.514217376709,-3.428638572700038e-05,0.0001057091530185,outdoor,2026-05-12T00:21:49.913749+0000,-0.086251,3347851afd4a,quad run,1.0,6631
2026-05-11T17:22:02-07:00,38,37.42743579674272,-122.1713229363059,25.6409568786621,4.888837643335364e-05,2.0676933175423073e-05,outdoor,2026-05-12T00:22:02.015410+0000,0.01541,bc3647d5a204,quad run,1.0,6640
2026-05-11T17:22:05-07:00,39,37.42743579674272,-122.1713229363059,25.6409568786621,-5.245621699856445e-05,1.4671083050643168e-05,indoor,2026-05-12T00:22:05.262957+0000,0.262957,e057aa8390f2,quad run,1.0,6642
2026-05-11T17:22:08-07:00,40,37.42746234877436,-122.1713185322788,24.4212354698869,-6.502692924925668e-05,-1.4325147859040017e-05,indoor,2026-05-12T00:22:09.240484+0000,1.240484,7ec363c9fc05,quad run,1.0,6645
2026-05-11T17:22:11-07:00,41,37.42746234877436,-122.1713185322788,24.4212354698869,-1.45324374685174e-05,-3.2622908022972324e-05,indoor,2026-05-12T00:22:10.638828+0000,-0.361172,7ec363c9fc05,quad run,1.0,6647
2026-05-11T17:22:24-07:00,42,37.42745085328825,-122.1713141999723,28.9828608352956,1.488657061088361e-05,-8.982368603938082e-05,indoor,2026-05-12T00:22:25.250268+0000,1.250268,5708be3147cd,religious,1.0,6657
2026-05-11T17:22:32-07:00,43,37.42741680358727,-122.1712915737172,29.164044696059,7.335619637416357e-05,-3.120674192302887e-05,indoor,2026-05-12T00:22:33.252017+0000,1.252017,b0818dd539a7,religious,1.0,6663
2026-05-11T17:22:45-07:00,44,37.42744374158589,-122.1713174064347,28.9049205835319,6.948593318867324e-05,5.666936668546896e-05,outdoor,2026-05-12T00:22:45.271908+0000,0.271908,f8149cdf8b49,religious,1.0,6672
2026-05-11T17:22:58-07:00,45,37.42744194241435,-122.1713095613787,26.1220664978027,-1.103548939340726e-06,8.073395370900016e-05,outdoor,2026-05-12T00:22:57.986513+0000,-0.013487,2d776ce30a4b,religious,1.0,6682
2026-05-11T17:23:05-07:00,46,37.42728629795209,-122.1711569085532,20.9707908630371,0.0001247724968393,-4.407331763900402e-05,outdoor,2026-05-12T00:23:05.275228+0000,0.275228,938008c2502b,religious,1.0,6687
2026-05-11T17:23:08-07:00,47,37.42728629795209,-122.1711569085532,20.9707908630371,-5.521837518074335e-05,0.000141533478299,outdoor,2026-05-12T00:23:09.296753+0000,1.296753,a6539264dae4,religious,1.0,6690
2026-05-11T17:23:21-07:00,48,37.42731119213126,-122.1709420464697,22.1090354919434,-5.612153740486292e-05,-0.0002310692591578,indoor,2026-05-12T00:23:21.309477+0000,0.309477,04cb31e198f9,religious,1.0,6699
2026-05-11T17:23:34-07:00,49,37.42730315818586,-122.1709480923837,26.9961121877035,-4.723215264590408e-05,-1.0203691900301224e-05,indoor,2026-05-12T00:23:33.978515+0000,-0.021485,69779c34eaf9,305,1.0,6709
2026-05-11T17:23:47-07:00,50,37.4271493805832,-122.1709268528543,28.4334177151287,0.0001289317886232,5.003281567894646e-05,indoor,2026-05-12T00:23:46.687364+0000,-0.312636,c55743462f62,305,1.0,6719
2026-05-11T17:24:01-07:00,51,37.42709344962429,-122.1709244694416,26.4298667907715,8.436467589945096e-05,0.0001462588335527,indoor,2026-05-12T00:24:01.320020+0000,0.32002,94949cd5d0f5,305,1.0,6729
2026-05-11T17:24:14-07:00,52,37.42731086081247,-122.1707741389844,28.5442588049519,-0.000149982184098,-0.0001180040994341,outdoor,2026-05-12T00:24:14.015336+0000,0.015336,a694a54fd6c9,305,1.0,6739
2026-05-11T17:24:26-07:00,53,37.4272122371279,-122.1706836753538,24.6284446716309,6.536670585433058e-05,2.2253405617789185e-05,outdoor,2026-05-12T00:24:26.026809+0000,0.026809,658248d0ec96,quad,1.0,6748
2026-05-11T17:24:29-07:00,54,37.4272122371279,-122.1706836753538,24.6284446716309,-1.7032937215333277e-05,7.45769512207062e-05,outdoor,2026-05-12T00:24:29.950869+0000,0.950869,fce3a7db043f,quad,1.0,6750
2026-05-11T17:24:32-07:00,55,37.4272185471147,-122.170639245326,28.5449588019001,-2.5548189498181165e-05,3.470718091591569e-05,outdoor,2026-05-12T00:24:31.720736+0000,-0.279264,fce3a7db043f,quad,1.0,6752
2026-05-11T17:24:45-07:00,56,37.42754669642611,-122.1703685761342,28.5449588019001,-0.0003366101775768,-0.0002642444788847,outdoor,2026-05-12T00:24:45.362504+0000,0.362504,428e47ec521a,quad,1.0,6762
2026-05-11T17:24:58-07:00,57,37.4272799832888,-122.1704704041677,25.6802024841309,0.000266948295625,8.6019522910874e-05,outdoor,2026-05-12T00:24:58.342560+0000,0.34256,50fdd8529b73,quad,1.0,6772
2026-05-11T17:25:03-07:00,58,37.42721916347424,-122.1704873890435,28.0826334406128,6.17170458383498e-05,1.1710831032019088e-05,outdoor,2026-05-12T00:25:02.848114+0000,-0.151886,3eb6741188eb,quad,1.0,6776
2026-05-11T17:25:07-07:00,59,37.42721916347424,-122.1704873890435,28.0826334406128,1.301092993344355e-06,1.4947238170748278e-05,outdoor,2026-05-12T00:25:06.951481+0000,-0.048519,e4631b295712,quad,1.0,6779
2026-05-11T17:25:20-07:00,60,37.42724397377188,-122.170482195281,28.0825933862915,-2.2397464363166364e-05,7.506863170192446e-06,outdoor,2026-05-12T00:25:18.748808+0000,-1.251192,6a57fc2d0987,quad,1.0,6788
2026-05-11T17:25:29-07:00,61,37.42726092112073,-122.1704756366688,27.9954869307949,-2.6454764366690146e-05,-7.996607621407748e-06,outdoor,2026-05-12T00:25:29.411314+0000,0.411314,e479de4f61bf,quad,1.0,6795
2026-05-11T17:25:32-07:00,62,37.42726092112073,-122.1704756366688,27.9954869307949,-1.3857731183009037e-05,5.010513075376366e-05,outdoor,2026-05-12T00:25:30.845390+0000,-1.15461,e479de4f61bf,quad,1.0,6797
2026-05-11T17:25:45-07:00,63,37.42716797211703,-122.1704219457598,25.1134300231934,8.374723340409662e-05,-2.973634096292699e-06,outdoor,2026-05-12T00:25:45.387529+0000,0.387529,3b4e992f08f1,quad,1.0,6807
2026-05-11T17:25:59-07:00,64,37.42709345758856,-122.1704391036273,27.7507503074858,6.82859284140136e-05,6.727642617931906e-05,outdoor,2026-05-12T00:25:58.824399+0000,-0.175601,c91de1f5d1ae,quad,1.0,6818
2026-05-11T17:26:12-07:00,65,37.42708894060203,-122.1703768845682,23.3890473660543,0.0,0.0,outdoor,2026-05-12T00:26:10.834606+0000,-1.165394,2c11c5253074,quad,1.0,6827
2026-05-11T17:26:16-07:00,66,37.4270664276134,-122.1703154692507,21.8387413024902,0.0,0.0,outdoor,2026-05-12T00:26:14.833107+0000,-1.166893,cdcf7ecc4064,quad,1.0,6830
2026-05-11T17:26:19-07:00,67,37.42705828626885,-122.1702729002621,22.9129600524902,0.0,0.0,outdoor,2026-05-12T00:26:18.881958+0000,-0.118042,152f0e330e29,quad,1.0,6833
2026-05-11T17:26:22-07:00,68,37.42705777598574,-122.1702565284877,24.7405662536621,0.0,0.0,outdoor,2026-05-12T00:26:22.118536+0000,0.118536,ea29d40af5ec,quad,1.0,6835
2026-05-11T17:26:25-07:00,69,37.42712416144974,-122.170179344688,23.4755956771476,-5.798645720034301e-05,-0.0001197242361712,outdoor,2026-05-12T00:26:25.452888+0000,0.452888,cac3645e51b3,quad,1.0,6837
2026-05-11T17:26:28-07:00,70,37.42712416144974,-122.170179344688,23.4755956771476,-2.190235443322308e-05,9.285890686783203e-05,outdoor,2026-05-12T00:26:26.823927+0000,-1.176073,cac3645e51b3,quad,1.0,6839
2026-05-11T17:26:36-07:00,71,37.42703605401853,-122.1700083969434,26.2572593688965,6.81266531969984e-05,-7.973860277843409e-05,outdoor,2026-05-12T00:26:34.826514+0000,-1.173486,7b2a80c7803e,quad,1.0,6845
2026-05-11T17:26:39-07:00,72,37.42703605401853,-122.1700083969434,26.2572593688965,0.0,0.0,outdoor,2026-05-12T00:26:38.838496+0000,-0.161504,7747e5f45f42,quad,1.0,6848
2026-05-11T17:26:45-07:00,73,37.42709824210901,-122.1699370167928,26.7624168395996,-1.921238152391425e-05,-1.6995255094798267e-05,outdoor,2026-05-12T00:26:45.464230+0000,0.46423,696bcb87521f,quad,1.0,6852
2026-05-11T17:26:48-07:00,74,37.42710706492931,-122.1699377876912,26.7624168395996,0.0,0.0,outdoor,2026-05-12T00:26:46.867641+0000,-1.132359,696bcb87521f,quad,1.0,6854
2026-05-11T17:26:51-07:00,75,37.42710706492931,-122.1699377876912,26.7624168395996,0.0,0.0,outdoor,2026-05-12T00:26:50.859746+0000,-0.140254,ca449d6f9146,quad,1.0,6857
2026-05-11T17:27:01-07:00,76,37.4270546747945,-122.1697119542292,27.9898948669434,0.0,0.0,outdoor,2026-05-12T00:27:01.485856+0000,0.485856,277b065e3f7e,quad,1.0,6864
2026-05-11T17:27:11-07:00,77,37.42697223558782,-122.1694768221324,26.5640830993652,0.0,0.0,outdoor,2026-05-12T00:27:10.873492+0000,-0.126508,59092d9c96af,quad,1.0,6872
2026-05-11T17:27:14-07:00,78,37.42697757082966,-122.1694787108058,26.5640830993652,0.0,0.0,outdoor,2026-05-12T00:27:14.160892+0000,0.160892,1debdfa7d32e,quad,1.0,6874
2026-05-11T17:27:17-07:00,79,37.42697757082966,-122.1694787108058,26.5640830993652,0.0,0.0,outdoor,2026-05-12T00:27:17.507862+0000,0.507862,895bceaad72e,quad,1.0,6876
2026-05-11T17:27:25-07:00,80,37.42701087616144,-122.1694750619327,31.6489219665527,0.0,0.0,outdoor,2026-05-12T00:27:25.487170+0000,0.48717,df2f0e34950a,quad,1.0,6882
2026-05-11T17:27:28-07:00,81,37.42702382620184,-122.1695275326466,28.5397911071777,0.0,0.0,outdoor,2026-05-12T00:27:26.843913+0000,-1.156087,df2f0e34950a,quad,1.0,6884
2026-05-11T17:27:31-07:00,82,37.42703057363389,-122.1695778240656,27.8114585876465,0.0,0.0,outdoor,2026-05-12T00:27:30.856616+0000,-0.143384,9b2c90d1f204,quad,1.0,6887
2026-05-11T17:27:34-07:00,83,37.42702881343423,-122.1696245950853,26.640926361084,0.0,0.0,outdoor,2026-05-12T00:27:34.177360+0000,0.17736,1cd6c8fa61cc,quad,1.0,6889
2026-05-11T17:27:37-07:00,84,37.42703820116578,-122.1696657502299,27.1209678649902,0.0,0.0,outdoor,2026-05-12T00:27:37.489682+0000,0.489682,02e311fb409e,quad,1.0,6891
2026-05-11T17:27:41-07:00,85,37.42705779335635,-122.1697209998557,27.3630639621988,0.0,0.0,outdoor,2026-05-12T00:27:41.498012+0000,0.498012,5e8f4ad4c1fc,quad,1.0,6894
2026-05-11T17:27:44-07:00,86,37.42706967749697,-122.1697639913014,27.278347180225,0.0,0.0,outdoor,2026-05-12T00:27:42.880651+0000,-1.119349,5e8f4ad4c1fc,quad,1.0,6896
2026-05-11T17:27:47-07:00,87,37.42708541122102,-122.1698047592779,26.8467675885186,0.0,0.0,outdoor,2026-05-12T00:27:46.897304+0000,-0.102696,d634ae0ff345,quad,1.0,6899
2026-05-11T17:27:50-07:00,88,37.42708532145198,-122.1698497583218,26.9067041231319,0.0,0.0,outdoor,2026-05-12T00:27:50.174862+0000,0.174862,65afa9fb1fc1,quad,1.0,6901
2026-05-11T17:27:53-07:00,89,37.42709179749777,-122.1698767405728,26.7835656963289,0.0,0.0,outdoor,2026-05-12T00:27:53.488883+0000,0.488883,4e056f93f463,quad,1.0,6903
2026-05-11T17:27:57-07:00,90,37.42710109715689,-122.1699321921118,25.1340599060059,2.833897606535629e-05,-4.371399758440455e-05,outdoor,2026-05-12T00:27:57.506851+0000,0.506851,b9a6aca6c9d3,quad,1.0,6906
2026-05-11T17:28:00-07:00,91,37.4271036900215,-122.1699470972364,25.1570767837621,3.368893307964527e-05,-7.78289927154674e-05,outdoor,2026-05-12T00:27:58.909000+0000,-1.091,b9a6aca6c9d3,quad,1.0,6908
2026-05-11T17:28:12-07:00,92,37.42718115686343,-122.1701319522096,26.7038230895996,-5.518510685931233e-05,0.0001209004095272,outdoor,2026-05-12T00:28:10.917607+0000,-1.082393,60dff4aaf66d,quad,1.0,6917
2026-05-11T17:28:15-07:00,93,37.42718962208638,-122.170154171149,26.6007380925956,8.457283122709214e-06,-2.2549255163539783e-05,outdoor,2026-05-12T00:28:14.953960+0000,-0.04604,15c60cfa1aad,quad,1.0,6920
2026-05-11T17:28:18-07:00,94,37.42719586352236,-122.1701570160918,27.8730526529686,2.9980288829278834e-06,-5.335159470121198e-05,outdoor,2026-05-12T00:28:18.201669+0000,0.201669,60197a33e14a,quad,1.0,6922
2026-05-11T17:28:21-07:00,95,37.42720033303761,-122.1701831516145,27.6873789310088,3.5555715740542837e-06,-4.342992706085626e-05,outdoor,2026-05-12T00:28:21.518306+0000,0.518306,e69b9bace6d5,quad,1.0,6924
2026-05-11T17:28:27-07:00,96,37.42721497550367,-122.1702891961878,23.8661155700684,-1.6845376165974812e-05,0.0001150330906085,outdoor,2026-05-12T00:28:27.087088+0000,0.087088,af17c60f791b,quad,1.0,6929
2026-05-11T17:28:30-07:00,97,37.4271978764212,-122.1703335364556,24.4358787536621,0.0,0.0,outdoor,2026-05-12T00:28:30.179328+0000,0.179328,e01eec986f08,quad,1.0,6931
2026-05-11T17:28:33-07:00,98,37.42719158999382,-122.1703754459714,24.055233001709,0.0,0.0,outdoor,2026-05-12T00:28:33.520535+0000,0.520535,263cc67d016b,quad,1.0,6933
2026-05-11T17:28:36-07:00,99,37.42719858888297,-122.1704159305637,23.9698143005371,0.0,0.0,outdoor,2026-05-12T00:28:34.879315+0000,-1.120685,263cc67d016b,quad,1.0,6935
2026-05-11T17:28:39-07:00,100,37.42721081296245,-122.1704482687232,24.3822900298983,0.0,0.0,outdoor,2026-05-12T00:28:38.913029+0000,-0.086971,959c66e89d5b,quad,1.0,6938
2026-05-11T17:28:43-07:00,101,37.42722135532379,-122.1705063003664,24.4201318649575,0.0,0.0,outdoor,2026-05-12T00:28:42.904242+0000,-0.095758,2031e6b12d5f,quad,1.0,6941
2026-05-11T17:28:46-07:00,102,37.42722842253083,-122.1705529782327,23.6907618828118,0.0,0.0,outdoor,2026-05-12T00:28:46.199962+0000,0.199962,07cb6f1e48a5,quad,1.0,6943
2026-05-11T17:28:49-07:00,103,37.42723454745546,-122.1705916028095,24.0425683502108,0.0,0.0,outdoor,2026-05-12T00:28:49.535861+0000,0.535861,495af614f655,quad,1.0,6945
2026-05-11T17:28:52-07:00,104,37.42724026538254,-122.1706368867331,24.5018579112366,0.0,0.0,outdoor,2026-05-12T00:28:50.912557+0000,-1.087443,495af614f655,quad,1.0,6947
2026-05-11T17:28:55-07:00,105,37.42725123539047,-122.1706792556395,24.4189111348242,0.0,0.0,outdoor,2026-05-12T00:28:54.936149+0000,-0.063851,f911f9ec84f5,quad,1.0,6950
2026-05-11T17:28:59-07:00,106,37.42727546310058,-122.1707356414195,26.8017609473318,0.0,0.0,outdoor,2026-05-12T00:28:58.918151+0000,-0.081849,f9c2d25f06e3,quad,1.0,6953
2026-05-11T17:29:02-07:00,107,37.42728223891098,-122.1707786766382,26.8698447169736,0.0,0.0,outdoor,2026-05-12T00:29:02.225292+0000,0.225292,a0d02e854200,quad,1.0,6955
2026-05-11T17:29:05-07:00,108,37.4272934527182,-122.170825362219,26.4914966505021,0.0,0.0,outdoor,2026-05-12T00:29:05.549119+0000,0.549119,de006d47c1eb,quad,1.0,6957
2026-05-11T17:29:08-07:00,109,37.42730643099041,-122.1708719152398,25.8516760617495,0.0,0.0,outdoor,2026-05-12T00:29:06.938806+0000,-1.061194,de006d47c1eb,quad,1.0,6959
2026-05-11T17:29:11-07:00,110,37.42732081276728,-122.1709156917063,26.2944845007732,0.0,0.0,outdoor,2026-05-12T00:29:10.919119+0000,-0.080881,7a6101d5c8ce,quad,1.0,6962
2026-05-11T17:29:15-07:00,111,37.42732795245955,-122.1709691334276,26.5537465512753,0.0,0.0,outdoor,2026-05-12T00:29:14.928109+0000,-0.071891,f31aef0948fb,quad,1.0,6965
2026-05-11T17:29:18-07:00,112,37.42733443319246,-122.1710195469319,26.9316699430346,0.0,0.0,outdoor,2026-05-12T00:29:18.212768+0000,0.212768,658f57e82fb5,quad,1.0,6967
2026-05-11T17:29:21-07:00,113,37.42734992922839,-122.1710521400812,26.9625163422897,0.0,0.0,outdoor,2026-05-12T00:29:21.553491+0000,0.553491,b93c0ae7bb9c,quad,1.0,6969
2026-05-11T17:29:24-07:00,114,37.42735539426177,-122.1710929585641,27.112904895097,0.0,0.0,outdoor,2026-05-12T00:29:22.924675+0000,-1.075325,b93c0ae7bb9c,quad,1.0,6971
2026-05-11T17:29:27-07:00,115,37.42736281584204,-122.1711337009035,26.7690323414281,0.0,0.0,outdoor,2026-05-12T00:29:26.993638+0000,-0.006362,82719beed838,quad,1.0,6974
2026-05-11T17:29:31-07:00,116,37.4273727302578,-122.1711761455993,26.918401257135,0.0,0.0,outdoor,2026-05-12T00:29:30.982248+0000,-0.017752,a474926ef89b,quad,1.0,6977
2026-05-11T17:29:34-07:00,117,37.42738744158451,-122.1712113813115,26.8219291437417,0.0,0.0,outdoor,2026-05-12T00:29:34.231435+0000,0.231435,8c949889c28c,quad,1.0,6979
2026-05-11T17:29:37-07:00,118,37.42740142348477,-122.1712554489793,26.3759076520801,0.0,0.0,outdoor,2026-05-12T00:29:37.582499+0000,0.582499,deb5b301052f,quad,1.0,6981
2026-05-11T17:29:40-07:00,119,37.42740544521635,-122.1712994414914,26.4986656634137,0.0,0.0,outdoor,2026-05-12T00:29:38.976722+0000,-1.023278,deb5b301052f,quad,1.0,6983
2026-05-11T17:29:43-07:00,120,37.42741665835962,-122.1713422303313,26.4900158364326,0.0,0.0,outdoor,2026-05-12T00:29:42.984797+0000,-0.015203,46c512c84ca9,quad,1.0,6986
2026-05-11T17:29:47-07:00,121,37.42742021282286,-122.1713151035368,26.4036323400214,0.0,0.0,outdoor,2026-05-12T00:29:46.977434+0000,-0.022566,51a793d8756e,quad,1.0,6989
2026-05-11T17:29:50-07:00,122,37.42744659745682,-122.1713166809453,26.49330320023,0.0,0.0,outdoor,2026-05-12T00:29:50.261085+0000,0.261085,1fabb9832f0e,quad,1.0,6991
2026-05-11T17:29:53-07:00,123,37.42746576437752,-122.1712815051047,26.4234598949552,0.0,0.0,outdoor,2026-05-12T00:29:53.581932+0000,0.581932,5f7f1accfd08,quad,1.0,6993
2026-05-11T17:29:56-07:00,124,37.42749183995971,-122.1712656764873,26.6412575887516,0.0,0.0,outdoor,2026-05-12T00:29:55.001134+0000,-0.998866,5f7f1accfd08,quad,1.0,6995
2026-05-11T17:30:00-07:00,125,37.42752446648582,-122.1712311999753,27.1231557279825,0.0,0.0,outdoor,2026-05-12T00:29:58.975244+0000,-1.024756,9a34a01d5c13,quad,1.0,6998
2026-05-11T17:30:03-07:00,126,37.42754885339735,-122.1711809317298,26.6576768504456,0.0,0.0,outdoor,2026-05-12T00:30:02.939205+0000,-0.060795,1e9e144e2037,quad,1.0,7001
2026-05-11T17:30:06-07:00,127,37.42757518052681,-122.1711481569383,27.3038495471701,0.0,0.0,outdoor,2026-05-12T00:30:06.272643+0000,0.272643,9a77a80f1119,quad,1.0,7003
2026-05-11T17:30:09-07:00,128,37.4275978561021,-122.1711228622165,27.1986917983741,0.0,0.0,outdoor,2026-05-12T00:30:09.595073+0000,0.595073,154e42a5d222,quad,1.0,7005
2026-05-11T17:30:12-07:00,129,37.42760814493455,-122.171086018976,26.7413693368435,0.0,0.0,outdoor,2026-05-12T00:30:11.011454+0000,-0.988546,154e42a5d222,quad,1.0,7007
2026-05-11T17:30:16-07:00,130,37.42760406200895,-122.1710383220252,26.711362968199,0.0,0.0,outdoor,2026-05-12T00:30:15.024691+0000,-0.975309,1352021c7e51,quad,1.0,7010
2026-05-11T17:30:19-07:00,131,37.4275824101178,-122.170990912203,26.595158373937,0.0,0.0,outdoor,2026-05-12T00:30:19.005648+0000,0.005648,f202464d007d,quad,1.0,7013
2026-05-11T17:30:22-07:00,132,37.42755568800746,-122.170957137556,26.7783185765147,0.0,0.0,outdoor,2026-05-12T00:30:22.308061+0000,0.308061,67ca3ff90bd9,quad,1.0,7015
2026-05-11T17:30:25-07:00,133,37.42753882595574,-122.1709239479866,27.2886554710567,0.0,0.0,outdoor,2026-05-12T00:30:25.598222+0000,0.598222,ac73de6372ed,quad,1.0,7017
2026-05-11T17:30:28-07:00,134,37.4275167049047,-122.1709005046757,27.3551608175039,0.0,0.0,outdoor,2026-05-12T00:30:26.979821+0000,-1.020179,ac73de6372ed,quad,1.0,7019
2026-05-11T17:30:32-07:00,135,37.42748121303213,-122.1708509667962,27.0893739834428,0.0,0.0,outdoor,2026-05-12T00:30:30.977618+0000,-1.022382,87097864779f,quad,1.0,7022
2026-05-11T17:30:35-07:00,136,37.42745851950306,-122.170818074907,26.9096025452018,0.0,0.0,outdoor,2026-05-12T00:30:34.997882+0000,-0.002118,6cb7c30acc95,quad,1.0,7025
2026-05-11T17:30:38-07:00,137,37.42743555523566,-122.1707836962907,26.8767305016518,0.0,0.0,outdoor,2026-05-12T00:30:38.283275+0000,0.283275,1c91ca28e242,quad,1.0,7027
2026-05-11T17:30:41-07:00,138,37.42740827811781,-122.1707558200498,26.7814573924988,0.0,0.0,outdoor,2026-05-12T00:30:41.608849+0000,0.608849,02f410bd6222,quad,1.0,7029
2026-05-11T17:30:44-07:00,139,37.42738884621211,-122.170714880674,26.6203165072948,0.0,0.0,outdoor,2026-05-12T00:30:43.000564+0000,-0.999436,02f410bd6222,quad,1.0,7031
2026-05-11T17:30:48-07:00,140,37.42735615956214,-122.1706726775649,27.0137246008962,0.0,0.0,outdoor,2026-05-12T00:30:47.011249+0000,-0.988751,c103fa7b71b0,quad,1.0,7034
2026-05-11T17:30:51-07:00,141,37.42733704148552,-122.1706403447475,26.5092068379745,0.0,0.0,outdoor,2026-05-12T00:30:51.073179+0000,0.073179,4047e8726189,quad,1.0,7037
2026-05-11T17:30:54-07:00,142,37.42731516768067,-122.1705964176754,26.6629865914583,0.0,0.0,outdoor,2026-05-12T00:30:54.304663+0000,0.304663,da0c044332c9,quad,1.0,7039
2026-05-11T17:30:57-07:00,143,37.42730974211663,-122.1705564847934,26.6245148926973,0.0,0.0,outdoor,2026-05-12T00:30:57.631243+0000,0.631243,814718a24ef6,quad,1.0,7041
2026-05-11T17:31:00-07:00,144,37.4273048532387,-122.1705250479015,26.7301845801994,0.0,0.0,outdoor,2026-05-12T00:30:59.008630+0000,-0.99137,814718a24ef6,quad,1.0,7043
2026-05-11T17:31:04-07:00,145,37.42731550550207,-122.1704613766262,26.637457405217,0.0,0.0,outdoor,2026-05-12T00:31:03.046548+0000,-0.953452,c20f6c67dee7,quad,1.0,7046
2026-05-11T17:31:07-07:00,146,37.4273179650611,-122.1704148022591,26.7229333920404,0.0,0.0,outdoor,2026-05-12T00:31:07.010112+0000,0.010112,bbb964811147,quad,1.0,7049
2026-05-11T17:31:10-07:00,147,37.42733161689782,-122.1703749659933,26.7821876285598,0.0,0.0,outdoor,2026-05-12T00:31:10.308571+0000,0.308571,6ddce43d1f52,quad,1.0,7051
2026-05-11T17:31:13-07:00,148,37.42734429395436,-122.1703291941999,26.9657650878653,0.0,0.0,outdoor,2026-05-12T00:31:13.661837+0000,0.661837,ca664c0ab6fa,quad,1.0,7053
2026-05-11T17:31:16-07:00,149,37.42735901518473,-122.1702822825284,26.9868699349463,0.0,0.0,outdoor,2026-05-12T00:31:15.072302+0000,-0.927698,ca664c0ab6fa,quad,1.0,7055
2026-05-11T17:31:20-07:00,150,37.42736283809031,-122.1702316465423,26.5668100360781,0.0,0.0,outdoor,2026-05-12T00:31:19.057725+0000,-0.942275,364226666ffe,quad,1.0,7058
2026-05-11T17:31:23-07:00,151,37.42736893292997,-122.1701843829442,26.8660109210759,0.0,0.0,outdoor,2026-05-12T00:31:23.059392+0000,0.059392,58dac72a566b,quad,1.0,7061
2026-05-11T17:31:26-07:00,152,37.42737952205709,-122.1701461343531,26.4979801252484,0.0,0.0,outdoor,2026-05-12T00:31:25.664352+0000,-0.335648,2dfac86c90ad,quad,1.0,7062
2026-05-11T17:31:29-07:00,153,37.42738329607545,-122.1700969007743,26.7730798963457,0.0,0.0,outdoor,2026-05-12T00:31:29.671536+0000,0.671536,e4ef35c13cfb,quad,1.0,7065
2026-05-11T17:31:33-07:00,154,37.42737879094296,-122.170051338097,26.5044715851545,0.0,0.0,outdoor,2026-05-12T00:31:33.673518+0000,0.673518,e88969474886,quad,1.0,7068
2026-05-11T17:31:36-07:00,155,37.42736232678305,-122.1699990393411,26.4633781807497,0.0,0.0,outdoor,2026-05-12T00:31:35.339811+0000,-0.660189,e88969474886,quad,1.0,7070
2026-05-11T17:31:39-07:00,156,37.42733811574501,-122.1699666590535,26.7594790002331,0.0,0.0,outdoor,2026-05-12T00:31:39.099250+0000,0.09925,dbd6b134a8bd,quad,1.0,7073
2026-05-11T17:31:42-07:00,157,37.42731593265398,-122.1699304941304,26.6228011101484,0.0,0.0,outdoor,2026-05-12T00:31:41.730837+0000,-0.269163,d4178e6913a4,quad,1.0,7074
2026-05-11T17:31:45-07:00,158,37.42729648402081,-122.1698933823136,26.5310473628342,0.0,0.0,outdoor,2026-05-12T00:31:45.687153+0000,0.687153,4b0f9f03967c,quad,1.0,7077
2026-05-11T17:31:49-07:00,159,37.42726221147499,-122.1698572861954,27.0040340600535,0.0,0.0,outdoor,2026-05-12T00:31:49.703732+0000,0.703732,140c16c3aef6,quad,1.0,7080
2026-05-11T17:31:52-07:00,160,37.42722872713502,-122.169823742644,27.1488344948739,0.0,0.0,outdoor,2026-05-12T00:31:51.136369+0000,-0.863631,140c16c3aef6,quad,1.0,7082
2026-05-11T17:31:55-07:00,161,37.42720510271744,-122.1697814915643,27.1145639074966,0.0,0.0,outdoor,2026-05-12T00:31:55.108423+0000,0.108423,1cb716f5dd63,quad,1.0,7085
2026-05-11T17:31:58-07:00,162,37.42717901755202,-122.1697452958415,27.0218577710912,0.0,0.0,outdoor,2026-05-12T00:31:57.680302+0000,-0.319698,bc1ecb819cb3,quad,1.0,7086
2026-05-11T17:32:01-07:00,163,37.42715236407487,-122.1697060592996,27.1739100562409,0.0,0.0,outdoor,2026-05-12T00:32:01.688102+0000,0.688102,17df4be77bff,quad,1.0,7089
2026-05-11T17:32:05-07:00,164,37.42712558668512,-122.1696594110624,27.0202469024807,0.0,0.0,outdoor,2026-05-12T00:32:05.688377+0000,0.688377,3521b69df0a9,quad,1.0,7092
2026-05-11T17:32:08-07:00,165,37.42711168313221,-122.1696141842621,26.4560385700315,0.0,0.0,outdoor,2026-05-12T00:32:07.138247+0000,-0.861753,3521b69df0a9,quad,1.0,7094
2026-05-11T17:32:11-07:00,166,37.42709699031426,-122.1695761416324,26.1889081895351,0.0,0.0,outdoor,2026-05-12T00:32:11.104437+0000,0.104437,3446c259ade7,quad,1.0,7097
2026-05-11T17:32:14-07:00,167,37.42710219075899,-122.1695384769612,26.044211063534,0.0,0.0,outdoor,2026-05-12T00:32:13.706009+0000,-0.293991,265ee8237433,quad,1.0,7098
2026-05-11T17:32:17-07:00,168,37.42710971875515,-122.1694870686012,26.4106332119554,0.0,0.0,outdoor,2026-05-12T00:32:17.697834+0000,0.697834,3e230e138d04,quad,1.0,7101
2026-05-11T17:32:21-07:00,169,37.42712371230143,-122.1694307567299,26.2593685379252,0.0,0.0,outdoor,2026-05-12T00:32:21.742196+0000,0.742196,a5c05d479cd7,quad,1.0,7104
2026-05-11T17:32:24-07:00,170,37.42714500011049,-122.1693947338725,26.4117892077193,0.0,0.0,outdoor,2026-05-12T00:32:23.140484+0000,-0.859516,a5c05d479cd7,quad,1.0,7106
2026-05-11T17:32:27-07:00,171,37.4271768851381,-122.1694069421593,26.1015165876597,0.0,0.0,outdoor,2026-05-12T00:32:27.168523+0000,0.168523,fbc261ce822e,quad,1.0,7109
2026-05-11T17:32:30-07:00,172,37.42721201613691,-122.1694342592734,26.0276462426409,0.0,0.0,outdoor,2026-05-12T00:32:29.736708+0000,-0.263292,118b6a04df7c,quad,1.0,7110
2026-05-11T17:32:33-07:00,173,37.42723760273309,-122.169459088182,26.0294892899692,0.0,0.0,outdoor,2026-05-12T00:32:33.742786+0000,0.742786,576b4468d300,quad,1.0,7113
2026-05-11T17:32:37-07:00,174,37.42726893583506,-122.1695016983388,26.2729682708159,0.0,0.0,outdoor,2026-05-12T00:32:37.723333+0000,0.723333,74b8909d053f,quad,1.0,7116
2026-05-11T17:32:40-07:00,175,37.4272911554,-122.1695329581589,26.1760798580945,0.0,0.0,outdoor,2026-05-12T00:32:39.134910+0000,-0.86509,74b8909d053f,quad,1.0,7118
2026-05-11T17:32:43-07:00,176,37.42730299691135,-122.1695811208332,26.4033986004069,0.0,0.0,outdoor,2026-05-12T00:32:43.198090+0000,0.19809,37f7658e1abd,quad,1.0,7121
2026-05-11T17:32:46-07:00,177,37.42730046702493,-122.1696254419133,26.1874845577404,0.0,0.0,outdoor,2026-05-12T00:32:45.739958+0000,-0.260042,b8d4b7173c8b,quad,1.0,7122
2026-05-11T17:32:49-07:00,178,37.42728005016212,-122.169669543036,26.1532905995846,0.0,0.0,outdoor,2026-05-12T00:32:49.739392+0000,0.739392,a47980ee8de5,quad,1.0,7125
2026-05-11T17:32:53-07:00,179,37.4272635053999,-122.1697343433622,26.311467374675,0.0,0.0,outdoor,2026-05-12T00:32:53.730445+0000,0.730445,f60c0554a1c6,quad,1.0,7128
2026-05-11T17:32:56-07:00,180,37.42725435002694,-122.1697782097594,25.9229840515181,0.0,0.0,outdoor,2026-05-12T00:32:55.148151+0000,-0.851849,f60c0554a1c6,quad,1.0,7130
2026-05-11T17:32:59-07:00,181,37.42724315220907,-122.1698163514924,25.8548749266192,0.0,0.0,outdoor,2026-05-12T00:32:59.130317+0000,0.130317,e5c01d433484,quad,1.0,7133
2026-05-11T17:33:02-07:00,182,37.42723377124827,-122.169872879361,25.981436746195,0.0,0.0,outdoor,2026-05-12T00:33:01.761893+0000,-0.238107,860cfd779fb2,quad,1.0,7134
2026-05-11T17:33:05-07:00,183,37.4272188429452,-122.1699215814932,26.5843671327457,0.0,0.0,outdoor,2026-05-12T00:33:05.760691+0000,0.760691,0426f9ef8f51,quad,1.0,7137
2026-05-11T17:33:09-07:00,184,37.42721361535413,-122.1699737144241,26.7931668609381,0.0,0.0,outdoor,2026-05-12T00:33:09.970471+0000,0.970471,9c6a87d2d724,quad,1.0,7140
2026-05-11T17:33:12-07:00,185,37.42721364833513,-122.1700169575508,26.5840872926638,0.0,0.0,outdoor,2026-05-12T00:33:11.364845+0000,-0.635155,9c6a87d2d724,quad,1.0,7142
2026-05-11T17:33:15-07:00,186,37.42719701006178,-122.170053594137,27.1807422181591,0.0,0.0,outdoor,2026-05-12T00:33:15.170308+0000,0.170308,cc5c977824c3,quad,1.0,7145
2026-05-11T17:33:18-07:00,187,37.42720038190141,-122.1700879931767,26.6737559949979,0.0,0.0,outdoor,2026-05-12T00:33:17.811752+0000,-0.188248,3f5a9bdc935a,quad,1.0,7146
2026-05-11T17:33:22-07:00,188,37.4272242317268,-122.1701406117793,26.6421353528276,0.0,0.0,outdoor,2026-05-12T00:33:21.812136+0000,-0.187864,560d5492868d,quad,1.0,7149
2026-05-11T17:33:25-07:00,189,37.42724223300019,-122.1701727100343,26.6916872253642,0.0,0.0,outdoor,2026-05-12T00:33:25.818333+0000,0.818333,9d8c5ea2ad32,quad,1.0,7152
2026-05-11T17:33:28-07:00,190,37.42726641564444,-122.1702053088365,26.2242053393275,0.0,0.0,outdoor,2026-05-12T00:33:27.288682+0000,-0.711318,9d8c5ea2ad32,quad,1.0,7154
2026-05-11T17:33:31-07:00,191,37.42729087589615,-122.1702429784415,26.8298006663099,0.0,0.0,outdoor,2026-05-12T00:33:31.226977+0000,0.226977,df1289812b93,quad,1.0,7157
2026-05-11T17:33:34-07:00,192,37.42732504101932,-122.170279195311,26.0689744958654,0.0,0.0,outdoor,2026-05-12T00:33:33.810673+0000,-0.189327,0816d22463b7,quad,1.0,7158
2026-05-11T17:33:38-07:00,193,37.42735168004342,-122.1703198710657,26.5627535358071,0.0,0.0,outdoor,2026-05-12T00:33:37.818753+0000,-0.181247,3739d1d493c6,quad,1.0,7161
2026-05-11T17:33:41-07:00,194,37.4273728126171,-122.1703576581798,26.4370726421475,0.0,0.0,outdoor,2026-05-12T00:33:40.314347+0000,-0.685653,3739d1d493c6,quad,1.0,7163
2026-05-11T17:33:44-07:00,195,37.42739542422434,-122.1704016995154,26.5804638331756,0.0,0.0,outdoor,2026-05-12T00:33:43.194405+0000,-0.805595,77a1066413e2,quad,1.0,7166
2026-05-11T17:33:47-07:00,196,37.42741294364352,-122.1704307593344,26.6382506713271,0.0,0.0,outdoor,2026-05-12T00:33:47.130077+0000,0.130077,511a6f0bb341,quad,1.0,7169
2026-05-11T17:33:50-07:00,197,37.42740860127718,-122.1704229478901,26.3465977264568,0.0,0.0,outdoor,2026-05-12T00:33:49.810334+0000,-0.189666,0708a3ec99d8,quad,1.0,7170
2026-05-11T17:33:54-07:00,198,37.42741505357713,-122.1704282058756,26.3255726741627,0.0,0.0,outdoor,2026-05-12T00:33:53.818681+0000,-0.181319,7cf58b882e26,quad,1.0,7173
2026-05-11T17:33:57-07:00,199,37.42744236497358,-122.1704599323996,25.6842663930729,0.0,0.0,outdoor,2026-05-12T00:33:57.817824+0000,0.817824,01b8d983e029,quad,1.0,7176
2026-05-11T17:34:00-07:00,200,37.42746914823235,-122.1704844189502,26.0237686065957,0.0,0.0,outdoor,2026-05-12T00:33:59.173604+0000,-0.826396,01b8d983e029,quad,1.0,7178
2026-05-11T17:34:03-07:00,201,37.42748942183194,-122.1705182251926,25.7046335861087,0.0,0.0,outdoor,2026-05-12T00:34:03.336351+0000,0.336351,49ff4425bbda,quad,1.0,7181
2026-05-11T17:34:07-07:00,202,37.42749657854645,-122.1705681870326,25.6327098943293,0.0,0.0,outdoor,2026-05-12T00:34:07.212935+0000,0.212935,0856d1583fb4,quad,1.0,7184
2026-05-11T17:34:10-07:00,203,37.42749137777379,-122.1706240724338,26.9937396952882,0.0,0.0,outdoor,2026-05-12T00:34:09.815290+0000,-0.18471,0b40b1234483,quad,1.0,7185
2026-05-11T17:34:13-07:00,204,37.42748235121567,-122.1706655080071,26.8013269910589,0.0,0.0,outdoor,2026-05-12T00:34:13.851287+0000,0.851287,d23ec5088c4b,quad,1.0,7188
2026-05-11T17:34:16-07:00,205,37.42747784778986,-122.170708507346,26.7786468816921,0.0,0.0,outdoor,2026-05-12T00:34:15.217948+0000,-0.782052,d23ec5088c4b,quad,1.0,7190
2026-05-11T17:34:19-07:00,206,37.42746992516211,-122.1707514294797,26.9028741270304,0.0,0.0,outdoor,2026-05-12T00:34:19.233780+0000,0.23378,20e33563cbda,quad,1.0,7193
2026-05-11T17:34:23-07:00,207,37.42746253944599,-122.1708115368729,27.1065334109589,0.0,0.0,outdoor,2026-05-12T00:34:23.222445+0000,0.222445,e48b628cc61d,quad,1.0,7196
2026-05-11T17:34:26-07:00,208,37.42744953286224,-122.1708530358401,26.5445078210905,0.0,0.0,outdoor,2026-05-12T00:34:25.844623+0000,-0.155377,244d16a1c2c7,quad,1.0,7197
2026-05-11T17:34:29-07:00,209,37.42744231165757,-122.1708953539218,26.540197388269,0.0,0.0,outdoor,2026-05-12T00:34:29.842165+0000,0.842165,1e3a64ca5ec8,quad,1.0,7200
2026-05-11T17:34:32-07:00,210,37.42743223092884,-122.1709395246981,27.0995999816805,0.0,0.0,outdoor,2026-05-12T00:34:31.188629+0000,-0.811371,1e3a64ca5ec8,quad,1.0,7202
2026-05-11T17:34:35-07:00,211,37.4274267761682,-122.1709841426366,26.8059158204123,0.0,0.0,outdoor,2026-05-12T00:34:35.207199+0000,0.207199,98ffa6422948,quad,1.0,7205
2026-05-11T17:34:39-07:00,212,37.42741479664887,-122.1710398775248,27.2401982760057,0.0,0.0,outdoor,2026-05-12T00:34:39.219214+0000,0.219214,d7cd8022198a,quad,1.0,7208
2026-05-11T17:34:42-07:00,213,37.42741440040351,-122.1710797763497,26.791287641041,0.0,0.0,outdoor,2026-05-12T00:34:41.858669+0000,-0.141331,e24c7f6e4826,quad,1.0,7209
2026-05-11T17:34:45-07:00,214,37.42742623152682,-122.1711189110881,26.4320144122466,0.0,0.0,outdoor,2026-05-12T00:34:45.834480+0000,0.83448,4657ac9ebf4f,quad,1.0,7212
2026-05-11T17:34:48-07:00,215,37.42743929930273,-122.1711419282575,26.096892118454,0.0,0.0,outdoor,2026-05-12T00:34:47.239347+0000,-0.760653,4657ac9ebf4f,quad,1.0,7214
2026-05-11T17:34:52-07:00,216,37.42747538209147,-122.1711784974611,26.3827630355954,0.0,0.0,outdoor,2026-05-12T00:34:51.325698+0000,-0.674302,b65189d291c6,quad,1.0,7217
2026-05-11T17:34:55-07:00,217,37.42751010221853,-122.1712009557815,26.4716158788651,0.0,0.0,outdoor,2026-05-12T00:34:55.226782+0000,0.226782,6ae273ec5f97,quad,1.0,7220
2026-05-11T17:34:58-07:00,218,37.4275428816178,-122.1712021347353,26.7006770912558,0.0,0.0,outdoor,2026-05-12T00:34:57.871227+0000,-0.128773,a3f1b36e2b68,quad,1.0,7221
2026-05-11T17:35:01-07:00,219,37.42757848747689,-122.1712002730241,26.4639534195885,0.0,0.0,outdoor,2026-05-12T00:35:01.868368+0000,0.868368,a99c89c4136d,quad,1.0,7224
2026-05-11T17:35:04-07:00,220,37.427603605983,-122.1711804503108,25.6907141320407,0.0,0.0,outdoor,2026-05-12T00:35:03.311473+0000,-0.688527,a99c89c4136d,quad,1.0,7226
2026-05-11T17:35:08-07:00,221,37.42763427997219,-122.1711336871265,26.1580617781728,0.0,0.0,outdoor,2026-05-12T00:35:07.337224+0000,-0.662776,944e971db8d0,quad,1.0,7229
2026-05-11T17:35:11-07:00,222,37.42763471215996,-122.1710915029194,26.9399799061939,0.0,0.0,outdoor,2026-05-12T00:35:11.279694+0000,0.279694,5c8c8ed209bc,quad,1.0,7232
2026-05-11T17:35:14-07:00,223,37.42762974951259,-122.1710497870487,26.6063444968313,0.0,0.0,outdoor,2026-05-12T00:35:13.921250+0000,-0.07875,efb0792b3a5d,quad,1.0,7233
2026-05-11T17:35:17-07:00,224,37.42762390199882,-122.1710154337166,26.9111567446962,0.0,0.0,outdoor,2026-05-12T00:35:17.900681+0000,0.900681,886594a5644c,quad,1.0,7236
2026-05-11T17:35:20-07:00,225,37.42762010007222,-122.170964728429,26.5904084723443,0.0,0.0,outdoor,2026-05-12T00:35:19.365667+0000,-0.634333,886594a5644c,quad,1.0,7238
2026-05-11T17:35:24-07:00,226,37.42760461721443,-122.1709132730149,26.800271300599,0.0,0.0,outdoor,2026-05-12T00:35:23.360018+0000,-0.639982,d46ff52e59de,quad,1.0,7241
2026-05-11T17:35:27-07:00,227,37.42759703703747,-122.1708712572256,27.1007932499051,0.0,0.0,outdoor,2026-05-12T00:35:26.640736+0000,-0.359264,d1ff5941ae0d,quad,1.0,7243
2026-05-11T17:35:30-07:00,228,37.42758947820509,-122.1708305386565,26.7877445183694,0.0,0.0,outdoor,2026-05-12T00:35:29.958121+0000,-0.041879,b6a6fe409e66,quad,1.0,7245
2026-05-11T17:35:33-07:00,229,37.42758088177747,-122.1707880706172,27.7004497926682,0.0,0.0,outdoor,2026-05-12T00:35:33.947868+0000,0.947868,2b86094b3520,quad,1.0,7248
2026-05-11T17:35:37-07:00,230,37.42757058557311,-122.1707338580694,28.6342703141272,0.0,0.0,outdoor,2026-05-12T00:35:37.939989+0000,0.939989,2c74b20a6200,quad,1.0,7251
2026-05-11T17:35:40-07:00,231,37.4275588790045,-122.1706971480359,27.6844380795956,0.0,0.0,outdoor,2026-05-12T00:35:39.343925+0000,-0.656075,2c74b20a6200,quad,1.0,7253
2026-05-11T17:35:43-07:00,232,37.42754899171815,-122.1706708953161,29.1885466147214,0.0,0.0,outdoor,2026-05-12T00:35:42.721751+0000,-0.278249,6c3b8f7a8488,quad,1.0,7255
2026-05-11T17:35:46-07:00,233,37.42754312890614,-122.1706203923305,28.0181419420987,0.0,0.0,outdoor,2026-05-12T00:35:45.960964+0000,-0.039036,e9e2429e4bc6,quad,1.0,7257
2026-05-11T17:35:49-07:00,234,37.42752839562503,-122.1705838565139,28.3421312849969,0.0,0.0,outdoor,2026-05-12T00:35:49.956963+0000,0.956963,00d6292e37f2,quad,1.0,7260
2026-05-11T17:35:53-07:00,235,37.42753183603448,-122.1705390528924,27.8999488018453,0.0,0.0,outdoor,2026-05-12T00:35:53.956140+0000,0.95614,071d4dc8a38c,quad,1.0,7263
2026-05-11T17:35:56-07:00,236,37.42751646771247,-122.1705025986856,27.688831679523,0.0,0.0,outdoor,2026-05-12T00:35:55.349289+0000,-0.650711,071d4dc8a38c,quad,1.0,7265
2026-05-11T17:35:59-07:00,237,37.42752269067943,-122.1705082926717,28.350307058543,0.0,0.0,outdoor,2026-05-12T00:35:58.664892+0000,-0.335108,6d8fb59a753d,quad,1.0,7267
2026-05-11T17:36:02-07:00,238,37.42752022809789,-122.1704705406035,28.3446590257809,0.0,0.0,outdoor,2026-05-12T00:36:01.951705+0000,-0.048295,beaaa4b7b8d3,quad,1.0,7269
2026-05-11T17:36:06-07:00,239,37.42750297339851,-122.1704160432854,28.6680311206728,0.0,0.0,outdoor,2026-05-12T00:36:05.960147+0000,-0.039853,0159d9052393,quad,1.0,7272
2026-05-11T17:36:09-07:00,240,37.4274956421709,-122.1703770088539,28.4540770789608,0.0,0.0,outdoor,2026-05-12T00:36:09.972899+0000,0.972899,854c51fb0745,quad,1.0,7275
2026-05-11T17:36:12-07:00,241,37.42748942655836,-122.1703322218967,27.2385127572343,0.0,0.0,outdoor,2026-05-12T00:36:11.365744+0000,-0.634256,854c51fb0745,quad,1.0,7277
2026-05-11T17:36:15-07:00,242,37.42748205471349,-122.1702914893447,28.3645624583587,0.0,0.0,outdoor,2026-05-12T00:36:14.682181+0000,-0.317819,a3613e8f71ce,quad,1.0,7279
2026-05-11T17:36:18-07:00,243,37.42747661210579,-122.1702641875582,28.2418691394851,0.0,0.0,outdoor,2026-05-12T00:36:17.969585+0000,-0.030415,5dad412f5ac6,quad,1.0,7281
2026-05-11T17:36:22-07:00,244,37.42747271201986,-122.1702300783793,27.7511030295864,0.0,0.0,outdoor,2026-05-12T00:36:22.002700+0000,0.0027,7d421927d369,quad,1.0,7284
2026-05-11T17:36:25-07:00,245,37.42746696746025,-122.1702154293241,27.5945775927976,0.0,0.0,outdoor,2026-05-12T00:36:26.002899+0000,1.002899,b7978332fd86,quad,1.0,7287
2026-05-11T17:36:28-07:00,246,37.42746692812402,-122.1702148079721,27.5177294714376,0.0,0.0,outdoor,2026-05-12T00:36:27.398376+0000,-0.601624,b7978332fd86,quad,1.0,7289
2026-05-11T17:36:31-07:00,247,37.42746692812402,-122.1702148079721,27.5177294714376,0.0,0.0,outdoor,2026-05-12T00:36:30.847273+0000,-0.152727,92f6e644469a,quad,1.0,7291
2026-05-11T17:36:34-07:00,248,37.42746161691726,-122.1702382119269,26.8022420844063,0.0,0.0,outdoor,2026-05-12T00:36:34.018696+0000,0.018696,28e55552a232,quad,1.0,7293
2026-05-11T17:36:38-07:00,249,37.42747249402533,-122.1702731425564,26.3997948374599,0.0,0.0,outdoor,2026-05-12T00:36:38.020791+0000,0.020791,20b94ff98ea9,quad,1.0,7296
2026-05-11T17:36:41-07:00,250,37.4274839672257,-122.1703038727717,25.9687159592286,0.0,0.0,outdoor,2026-05-12T00:36:41.992669+0000,0.992669,8ff37b26ec40,quad,1.0,7299
2026-05-11T17:36:44-07:00,251,37.42748693029518,-122.1703366102762,26.1968326661736,0.0,0.0,outdoor,2026-05-12T00:36:43.403576+0000,-0.596424,8ff37b26ec40,quad,1.0,7301
2026-05-11T17:36:47-07:00,252,37.42749923027738,-122.1703769918121,26.6631445977837,0.0,0.0,outdoor,2026-05-12T00:36:46.743255+0000,-0.256745,a7aeb7c2dc0b,quad,1.0,7303
2026-05-11T17:36:51-07:00,253,37.42750990096462,-122.1704230582902,26.7668274454772,0.0,0.0,outdoor,2026-05-12T00:36:50.706035+0000,-0.293965,746f3ae1df10,quad,1.0,7306
2026-05-11T17:36:54-07:00,254,37.42751685690606,-122.1704647708334,25.9362147655338,0.0,0.0,outdoor,2026-05-12T00:36:54.014204+0000,0.014204,8fd2ebf6b89e,quad,1.0,7308
2026-05-11T17:36:57-07:00,255,37.42751944477344,-122.17050401633,26.1027582632378,0.0,0.0,outdoor,2026-05-12T00:36:58.014013+0000,1.014013,e343c01ec006,quad,1.0,7311
2026-05-11T17:37:00-07:00,256,37.42752959680534,-122.1705540634259,26.5724343797192,0.0,0.0,outdoor,2026-05-12T00:36:59.414760+0000,-0.58524,e343c01ec006,quad,1.0,7313
2026-05-11T17:37:03-07:00,257,37.42754156184902,-122.1705949697773,26.602681341581,0.0,0.0,outdoor,2026-05-12T00:37:02.676257+0000,-0.323743,8977e040555b,quad,1.0,7315
2026-05-11T17:37:07-07:00,258,37.42754906696234,-122.1706388856399,26.8686263114214,0.0,0.0,outdoor,2026-05-12T00:37:06.706151+0000,-0.293849,29e63a7aeeda,quad,1.0,7318
2026-05-11T17:37:10-07:00,259,37.42755881101699,-122.1706520311362,26.4796668104827,0.0,0.0,outdoor,2026-05-12T00:37:10.001566+0000,0.001566,27c73cb7d55d,quad,1.0,7320
2026-05-11T17:37:13-07:00,260,37.42755678281602,-122.1706223252902,26.657027380541,0.0,0.0,outdoor,2026-05-12T00:37:14.009281+0000,1.009281,7d1e254b5a22,quad,1.0,7323
2026-05-11T17:37:16-07:00,261,37.42754382155886,-122.1705851199467,26.7921078586951,0.0,0.0,outdoor,2026-05-12T00:37:15.430768+0000,-0.569232,7d1e254b5a22,quad,1.0,7325
2026-05-11T17:37:20-07:00,262,37.42753505212688,-122.1705475754108,26.4062274610624,0.0,0.0,outdoor,2026-05-12T00:37:19.399973+0000,-0.600027,c63794739384,quad,1.0,7328
2026-05-11T17:37:23-07:00,263,37.42752211576818,-122.170499564065,26.0354270106182,0.0,0.0,outdoor,2026-05-12T00:37:22.724949+0000,-0.275051,68094af4d999,quad,1.0,7330
2026-05-11T17:37:26-07:00,264,37.42751205115268,-122.1704748768812,25.9682647874579,0.0,0.0,outdoor,2026-05-12T00:37:26.023346+0000,0.023346,44d060d70602,quad,1.0,7332
2026-05-11T17:37:29-07:00,265,37.42750018124174,-122.1704422903629,26.3730055652559,0.0,0.0,outdoor,2026-05-12T00:37:30.067716+0000,1.067716,a2cf6f70b85a,quad,1.0,7335
2026-05-11T17:37:32-07:00,266,37.42749919232714,-122.1703911757626,26.3190548112616,0.0,0.0,outdoor,2026-05-12T00:37:31.479063+0000,-0.520937,a2cf6f70b85a,quad,1.0,7337
2026-05-11T17:37:36-07:00,267,37.42748971826842,-122.1703288629362,26.3742168592289,0.0,0.0,outdoor,2026-05-12T00:37:35.411190+0000,-0.58881,a1366846f9c6,quad,1.0,7340
2026-05-11T17:37:39-07:00,268,37.42748238208757,-122.1702944035625,26.9031805852428,0.0,0.0,outdoor,2026-05-12T00:37:38.717097+0000,-0.282903,4fc32c34dadb,quad,1.0,7342
2026-05-11T17:37:42-07:00,269,37.42747510255256,-122.1702413239155,26.7431564480066,0.0,0.0,outdoor,2026-05-12T00:37:42.075973+0000,0.075973,4ab9d4110ab3,quad,1.0,7344
2026-05-11T17:37:45-07:00,270,37.42746665090917,-122.1702007447505,26.358838240616,0.0,0.0,outdoor,2026-05-12T00:37:46.055771+0000,1.055771,82141a09a0b6,quad,1.0,7347
2026-05-11T17:37:48-07:00,271,37.42746192374928,-122.1701685096273,26.4530682284385,0.0,0.0,outdoor,2026-05-12T00:37:47.467067+0000,-0.532933,82141a09a0b6,quad,1.0,7349
2026-05-11T17:37:52-07:00,272,37.42745209166426,-122.1701135157013,26.5970106516033,0.0,0.0,outdoor,2026-05-12T00:37:51.457550+0000,-0.54245,714a34be8fde,quad,1.0,7352
2026-05-11T17:37:55-07:00,273,37.42744408489537,-122.1700822491824,26.6595874270424,0.0,0.0,outdoor,2026-05-12T00:37:54.720817+0000,-0.279183,570b87736b20,quad,1.0,7354
2026-05-11T17:37:58-07:00,274,37.42743668346907,-122.1700436212325,26.7348034065217,0.0,0.0,outdoor,2026-05-12T00:37:58.096903+0000,0.096903,997eb33b37f9,quad,1.0,7356
2026-05-11T17:38:01-07:00,275,37.42742617228102,-122.1700032754523,26.401740513742,0.0,0.0,outdoor,2026-05-12T00:38:02.074076+0000,1.074076,b12235747376,quad,1.0,7359
2026-05-11T17:38:05-07:00,276,37.42741467861936,-122.1699699170451,26.2990262936801,0.0,0.0,outdoor,2026-05-12T00:38:06.088054+0000,1.088054,bfa91646f750,quad,1.0,7362
2026-05-11T17:38:08-07:00,277,37.42740578267894,-122.1699102563992,26.3092633979395,0.0,0.0,outdoor,2026-05-12T00:38:07.485593+0000,-0.514407,bfa91646f750,quad,1.0,7364
2026-05-11T17:38:11-07:00,278,37.42740542341264,-122.169880990394,25.6872887117788,0.0,0.0,outdoor,2026-05-12T00:38:10.775162+0000,-0.224838,dce3f57a8a60,quad,1.0,7366
2026-05-11T17:38:14-07:00,279,37.42739311417744,-122.1698406229137,26.23805618193,0.0,0.0,outdoor,2026-05-12T00:38:14.103182+0000,0.103182,a911d2798da1,quad,1.0,7368
2026-05-11T17:38:17-07:00,280,37.42738225445634,-122.1697934924782,26.2215519836172,0.0,0.0,outdoor,2026-05-12T00:38:18.088760+0000,1.08876,3dfa543d3da1,quad,1.0,7371
2026-05-11T17:38:21-07:00,281,37.42737266532176,-122.1697453783464,26.4754565916955,0.0,0.0,outdoor,2026-05-12T00:38:22.088168+0000,1.088168,21694f83fd14,quad,1.0,7374
2026-05-11T17:38:24-07:00,282,37.42736526710078,-122.1697051469504,26.3510551061481,0.0,0.0,outdoor,2026-05-12T00:38:23.490666+0000,-0.509334,21694f83fd14,quad,1.0,7376
2026-05-11T17:38:27-07:00,283,37.42735234375311,-122.1696665812996,26.2427096599713,0.0,0.0,outdoor,2026-05-12T00:38:26.807999+0000,-0.192001,180fc5e1f16a,quad,1.0,7378
2026-05-11T17:38:30-07:00,284,37.42734622299363,-122.1696158430603,25.8969709044322,0.0,0.0,outdoor,2026-05-12T00:38:30.089878+0000,0.089878,83b330802719,quad,1.0,7380
2026-05-11T17:38:33-07:00,285,37.42733482638255,-122.1695854175624,26.1095863506198,0.0,0.0,outdoor,2026-05-12T00:38:34.096629+0000,1.096629,0ae7184f73a6,quad,1.0,7383
2026-05-11T17:38:37-07:00,286,37.4273299445265,-122.1695227322503,26.1412331191823,0.0,0.0,outdoor,2026-05-12T00:38:38.105151+0000,1.105151,f0dc395b1aff,quad,1.0,7386
2026-05-11T17:38:40-07:00,287,37.42732686035081,-122.1694970212165,24.5418521696702,0.0,0.0,outdoor,2026-05-12T00:38:39.451988+0000,-0.548012,f0dc395b1aff,quad,1.0,7388
2026-05-11T17:38:43-07:00,288,37.42733167839297,-122.1694380567851,25.178434397094,0.0,0.0,outdoor,2026-05-12T00:38:42.795782+0000,-0.204218,82fcc1d08608,quad,1.0,7390
2026-05-11T17:38:46-07:00,289,37.4273483565629,-122.1693992884033,25.5393089875579,0.0,0.0,outdoor,2026-05-12T00:38:46.111944+0000,0.111944,9707c7d02ac4,quad,1.0,7392
2026-05-11T17:38:50-07:00,290,37.42735985290183,-122.1693508582592,25.7384127732366,0.0,0.0,outdoor,2026-05-12T00:38:50.101414+0000,0.101414,279200cff8c5,quad,1.0,7395
2026-05-11T17:38:53-07:00,291,37.42737892370989,-122.1692954890748,25.9757312349975,0.0,0.0,outdoor,2026-05-12T00:38:54.117954+0000,1.117954,30877b09ea6d,quad,1.0,7398
2026-05-11T17:38:56-07:00,292,37.42737855719938,-122.1692791091555,26.5496606938541,0.0,0.0,outdoor,2026-05-12T00:38:55.517694+0000,-0.482306,30877b09ea6d,quad,1.0,7400
2026-05-11T17:38:59-07:00,293,37.42739858579349,-122.1692793306153,26.0991974659264,0.0,0.0,outdoor,2026-05-12T00:38:58.800352+0000,-0.199648,ea7dcd616772,quad,1.0,7402
2026-05-11T17:39:02-07:00,294,37.42743509285206,-122.1693036003825,26.1963120745495,0.0,0.0,outdoor,2026-05-12T00:39:02.139999+0000,0.139999,fd3c060da7bf,quad,1.0,7404
2026-05-11T17:39:06-07:00,295,37.42747044197785,-122.1693307020847,26.2168205501512,0.0,0.0,outdoor,2026-05-12T00:39:06.123654+0000,0.123654,c1f6f40a0579,quad,1.0,7407
2026-05-11T17:39:09-07:00,296,37.42749518055842,-122.169356910267,26.1147702038288,0.0,0.0,outdoor,2026-05-12T00:39:10.158622+0000,1.158622,e71c8108b6f2,quad,1.0,7410
2026-05-11T17:39:12-07:00,297,37.42751949115372,-122.1693873795264,26.1207400653511,0.0,0.0,outdoor,2026-05-12T00:39:11.544335+0000,-0.455665,e71c8108b6f2,quad,1.0,7412
2026-05-11T17:39:15-07:00,298,37.42753400517376,-122.1694193209024,25.9635755661875,0.0,0.0,outdoor,2026-05-12T00:39:14.848108+0000,-0.151892,f1bed38a647a,quad,1.0,7414
2026-05-11T17:39:19-07:00,299,37.4275439250976,-122.1694583342239,25.9593083756044,0.0,0.0,outdoor,2026-05-12T00:39:18.817459+0000,-0.182541,34844f53ad71,quad,1.0,7417
2026-05-11T17:39:22-07:00,300,37.42754626078589,-122.169514695662,26.2512215785682,0.0,0.0,outdoor,2026-05-12T00:39:22.142123+0000,0.142123,cbfd9beb7424,quad,1.0,7419
2026-05-11T17:39:25-07:00,301,37.42753874766404,-122.1695557906326,26.0323852309957,0.0,0.0,outdoor,2026-05-12T00:39:26.139160+0000,1.13916,8a30f13760ce,quad,1.0,7422
2026-05-11T17:39:28-07:00,302,37.42752732470307,-122.1695925234235,26.5406070370227,0.0,0.0,outdoor,2026-05-12T00:39:27.532242+0000,-0.467758,8a30f13760ce,quad,1.0,7424
2026-05-11T17:39:31-07:00,303,37.42751732347172,-122.1696403793189,26.4839773997664,0.0,0.0,outdoor,2026-05-12T00:39:30.820706+0000,-0.179294,11a7ba2b3ef9,quad,1.0,7426
2026-05-11T17:39:35-07:00,304,37.42750329910692,-122.1696981417876,26.4024069877341,0.0,0.0,outdoor,2026-05-12T00:39:34.837718+0000,-0.162282,f485a976c418,quad,1.0,7429
2026-05-11T17:39:38-07:00,305,37.42749698434812,-122.1697439554322,26.8703450234607,0.0,0.0,outdoor,2026-05-12T00:39:38.160702+0000,0.160702,ab777086cee5,quad,1.0,7431
2026-05-11T17:39:41-07:00,306,37.42749079801542,-122.1697875523675,26.8210354074836,0.0,0.0,outdoor,2026-05-12T00:39:42.160901+0000,1.160901,0fb2db36987e,quad,1.0,7434
2026-05-11T17:39:44-07:00,307,37.42749511084358,-122.1698304254134,26.1742270356044,0.0,0.0,outdoor,2026-05-12T00:39:43.554589+0000,-0.445411,0fb2db36987e,quad,1.0,7436
2026-05-11T17:39:48-07:00,308,37.42749511084358,-122.1698304254134,26.1742270356044,0.0,0.0,outdoor,2026-05-12T00:39:47.555184+0000,-0.444816,c135b46a9635,quad,1.0,7439
2026-05-11T17:40:00-07:00,309,37.42749794855474,-122.1699934826439,27.3283042907715,0.0,0.0,outdoor,2026-05-12T00:39:59.608424+0000,-0.391576,c1c3bd0dfe42,quad,1.0,7448
2026-05-11T17:40:03-07:00,310,37.42749769709764,-122.1700284351801,26.3185081481934,0.0,0.0,outdoor,2026-05-12T00:40:02.872849+0000,-0.127151,7fc9210616cd,quad,1.0,7450
2026-05-11T17:40:06-07:00,311,37.42750641427694,-122.1700539161658,26.0661277770996,0.0,0.0,outdoor,2026-05-12T00:40:06.206823+0000,0.206823,1e6fdbe4cc7d,quad,1.0,7452
2026-05-11T17:40:09-07:00,312,37.427518442308,-122.1700885334259,25.697322845459,0.0,0.0,outdoor,2026-05-12T00:40:10.216973+0000,1.216973,934215a58318,quad,1.0,7455
2026-05-11T17:40:13-07:00,313,37.42754648679043,-122.1701233955704,25.8332787957042,0.0,0.0,outdoor,2026-05-12T00:40:14.222921+0000,1.222921,c21d028e6e3b,quad,1.0,7458
2026-05-11T17:40:16-07:00,314,37.42756016490169,-122.1701261131627,26.1477929102257,0.0,0.0,outdoor,2026-05-12T00:40:15.679275+0000,-0.320725,c21d028e6e3b,quad,1.0,7460
2026-05-11T17:40:19-07:00,315,37.42756966578504,-122.1700912336897,25.3750572567806,0.0,0.0,outdoor,2026-05-12T00:40:18.913731+0000,-0.086269,77eb84e667de,quad,1.0,7462
2026-05-11T17:40:23-07:00,316,37.42756512950881,-122.1700886172449,25.1608543628827,0.0,0.0,outdoor,2026-05-12T00:40:22.918129+0000,-0.081871,04de4bdb1464,quad,1.0,7465
2026-05-11T17:40:26-07:00,317,37.42756512950881,-122.1700886172449,25.1608543628827,0.0,0.0,outdoor,2026-05-12T00:40:26.198212+0000,0.198212,7650f2303a56,quad,1.0,7467
2026-05-11T17:40:34-07:00,318,37.42751536875353,-122.1701008370984,26.923163103871,0.0,0.0,outdoor,2026-05-12T00:40:34.187143+0000,0.187143,b19046ec9fe9,quad,1.0,7473
2026-05-11T17:40:37-07:00,319,37.4275541650955,-122.1701388617618,26.3009943170473,0.0,0.0,outdoor,2026-05-12T00:40:38.185574+0000,1.185574,7017f3d73cad,quad,1.0,7476
2026-05-11T17:40:40-07:00,320,37.42757587289032,-122.170164873913,25.9682518029585,0.0,0.0,outdoor,2026-05-12T00:40:39.575978+0000,-0.424022,7017f3d73cad,quad,1.0,7478
2026-05-11T17:40:43-07:00,321,37.42760185793237,-122.1701945488482,25.2392576625571,0.0,0.0,outdoor,2026-05-12T00:40:42.893695+0000,-0.106305,f3db1449a458,quad,1.0,7480
2026-05-11T17:40:46-07:00,322,37.42762898300273,-122.1702335700073,24.899360130541,0.0,0.0,outdoor,2026-05-12T00:40:46.221977+0000,0.221977,006dbec187a3,quad,1.0,7482
2026-05-11T17:40:50-07:00,323,37.42766544897478,-122.1702962111935,24.8159743705764,0.0,0.0,outdoor,2026-05-12T00:40:50.244229+0000,0.244229,fea68baad537,quad,1.0,7485
2026-05-11T17:40:53-07:00,324,37.42768248563171,-122.1703209297069,24.8197972252965,0.0,0.0,outdoor,2026-05-12T00:40:54.227232+0000,1.227232,34c00401dea6,quad,1.0,7488
2026-05-11T17:40:56-07:00,325,37.42770755279945,-122.1703490186863,25.4175227172673,0.0,0.0,outdoor,2026-05-12T00:40:55.657085+0000,-0.342915,34c00401dea6,quad,1.0,7490
2026-05-11T17:40:59-07:00,326,37.42772553437075,-122.1703823502406,25.6630372516811,0.0,0.0,outdoor,2026-05-12T00:40:58.915686+0000,-0.084314,d1ed91fb0f05,quad,1.0,7492
2026-05-11T17:41:02-07:00,327,37.42774522342317,-122.1704234962687,25.5474080704153,0.0,0.0,outdoor,2026-05-12T00:41:02.249362+0000,0.249362,7cf715724d3c,quad,1.0,7494
2026-05-11T17:41:06-07:00,328,37.42776804667073,-122.1704796768091,25.829035946168,0.0,0.0,outdoor,2026-05-12T00:41:06.238788+0000,0.238788,7067569d3b34,quad,1.0,7497
2026-05-11T17:41:09-07:00,329,37.42776567796537,-122.1705229207788,26.1870546462014,0.0,0.0,outdoor,2026-05-12T00:41:10.253202+0000,1.253202,36f2fb1761ea,quad,1.0,7500
2026-05-11T17:41:12-07:00,330,37.42774957548593,-122.1705735570275,27.4235773971304,0.0,0.0,outdoor,2026-05-12T00:41:11.671303+0000,-0.328697,36f2fb1761ea,quad,1.0,7502
2026-05-11T17:41:15-07:00,331,37.42774721528712,-122.1706175116931,27.1663288744166,0.0,0.0,outdoor,2026-05-12T00:41:14.915097+0000,-0.084903,01a4b2ce5bf1,quad,1.0,7504
2026-05-11T17:41:19-07:00,332,37.42773323662517,-122.1706577594859,27.1537088565528,0.0,0.0,outdoor,2026-05-12T00:41:18.897797+0000,-0.102203,085cc0cbcff7,quad,1.0,7507
2026-05-11T17:41:22-07:00,333,37.42772429233222,-122.1707146683495,26.7430370664224,0.0,0.0,outdoor,2026-05-12T00:41:22.220598+0000,0.220598,4b79a8656800,quad,1.0,7509
2026-05-11T17:41:25-07:00,334,37.42771994890433,-122.1707591439797,26.6676071481779,0.0,0.0,outdoor,2026-05-12T00:41:26.257849+0000,1.257849,c9f2f34e161c,quad,1.0,7512
2026-05-11T17:41:28-07:00,335,37.42770656726286,-122.1708077731369,27.2474536178634,0.0,0.0,outdoor,2026-05-12T00:41:27.679309+0000,-0.320691,c9f2f34e161c,quad,1.0,7514
2026-05-11T17:41:31-07:00,336,37.42769673777564,-122.1708447400913,26.8952406300232,0.0,0.0,outdoor,2026-05-12T00:41:30.942829+0000,-0.057171,4f657ee90381,quad,1.0,7516
2026-05-11T17:41:35-07:00,337,37.42769915058774,-122.1709013596552,25.5507972976193,0.0,0.0,outdoor,2026-05-12T00:41:34.956517+0000,-0.043483,95ced5093da0,quad,1.0,7519
2026-05-11T17:41:38-07:00,338,37.42769112842277,-122.1709482425546,26.3740423247218,0.0,0.0,outdoor,2026-05-12T00:41:38.281647+0000,0.281647,b1fb0a09858d,quad,1.0,7521
2026-05-11T17:41:41-07:00,339,37.4276793858815,-122.1709883382148,26.6023031864315,0.0,0.0,outdoor,2026-05-12T00:41:42.249692+0000,1.249692,71d7fd2aefd0,quad,1.0,7524
2026-05-11T17:41:44-07:00,340,37.42768608646935,-122.1710282152723,26.1349482154474,0.0,0.0,outdoor,2026-05-12T00:41:43.672473+0000,-0.327527,71d7fd2aefd0,quad,1.0,7526
2026-05-11T17:41:47-07:00,341,37.42770201097748,-122.1710628609605,25.548051581718,0.0,0.0,outdoor,2026-05-12T00:41:46.972694+0000,-0.027306,0088abf3636a,quad,1.0,7528
2026-05-11T17:41:51-07:00,342,37.42773602550412,-122.1710988181314,25.2588114598766,0.0,0.0,outdoor,2026-05-12T00:41:50.967211+0000,-0.032789,c809484c6a46,quad,1.0,7531
2026-05-11T17:41:54-07:00,343,37.42776447420214,-122.171120272319,25.8110847510397,0.0,0.0,outdoor,2026-05-12T00:41:54.278420+0000,0.27842,979626dd6004,quad,1.0,7533
2026-05-11T17:41:57-07:00,344,37.42779663180642,-122.1711029647295,26.2079532006755,0.0,0.0,outdoor,2026-05-12T00:41:58.279505+0000,1.279505,e4268575ac7a,quad,1.0,7536
2026-05-11T17:42:00-07:00,345,37.42782761229805,-122.171081467964,26.3881634678692,0.0,0.0,outdoor,2026-05-12T00:41:59.739585+0000,-0.260415,e4268575ac7a,quad,1.0,7538
2026-05-11T17:42:03-07:00,346,37.42784416746884,-122.1710414476514,26.3551095454022,0.0,0.0,outdoor,2026-05-12T00:42:02.967272+0000,-0.032728,00cd24ea06c2,quad,1.0,7540
2026-05-11T17:42:07-07:00,347,37.42787157450179,-122.1709950416997,26.1398253049701,0.0,0.0,outdoor,2026-05-12T00:42:06.992156+0000,-0.007844,becc3d65de0e,quad,1.0,7543
2026-05-11T17:42:10-07:00,348,37.4278629533196,-122.1709454047112,25.7322668824345,0.0,0.0,outdoor,2026-05-12T00:42:10.279725+0000,0.279725,094dd2d5137e,quad,1.0,7545
2026-05-11T17:42:13-07:00,349,37.42784532571379,-122.1709005246123,26.0946463914588,0.0,0.0,outdoor,2026-05-12T00:42:11.713442+0000,-1.286558,094dd2d5137e,quad,1.0,7547
2026-05-11T17:42:16-07:00,350,37.42782311885085,-122.170874481882,24.9498376762494,0.0,0.0,outdoor,2026-05-12T00:42:15.689184+0000,-0.310816,5f93f5b90bc1,quad,1.0,7550
2026-05-11T17:42:20-07:00,351,37.42779783589636,-122.1708233352162,25.8942692512646,0.0,0.0,outdoor,2026-05-12T00:42:20.025795+0000,0.025795,1b33ede5c034,quad,1.0,7553
2026-05-11T17:42:23-07:00,352,37.42776713430446,-122.1707953103655,25.9516532253474,0.0,0.0,outdoor,2026-05-12T00:42:23.000315+0000,0.000315,46c6f3204930,quad,1.0,7555
2026-05-11T17:42:26-07:00,353,37.42774217941363,-122.1707612541884,25.4061805102974,0.0,0.0,outdoor,2026-05-12T00:42:26.301764+0000,0.301764,f6c7218d38c1,quad,1.0,7557
2026-05-11T17:42:29-07:00,354,37.42772042880977,-122.1707225879545,25.7368268826976,0.0,0.0,outdoor,2026-05-12T00:42:27.692304+0000,-1.307696,f6c7218d38c1,quad,1.0,7559
2026-05-11T17:42:32-07:00,355,37.42769382799364,-122.1706940129183,25.8542662514374,0.0,0.0,outdoor,2026-05-12T00:42:31.705450+0000,-0.29455,ecbdc849a5f3,quad,1.0,7562
2026-05-11T17:42:36-07:00,356,37.42766350732268,-122.1706493627707,26.8288280498236,0.0,0.0,outdoor,2026-05-12T00:42:35.880307+0000,-0.119693,2dbef2b82fd4,quad,1.0,7565
2026-05-11T17:42:39-07:00,357,37.42764020732994,-122.1706252343551,26.2782087819651,0.0,0.0,outdoor,2026-05-12T00:42:38.963487+0000,-0.036513,3dd874f7fddd,quad,1.0,7567
2026-05-11T17:42:42-07:00,358,37.42761432778943,-122.170585849219,26.4163897000253,0.0,0.0,outdoor,2026-05-12T00:42:42.300210+0000,0.30021,2909c9ef6153,quad,1.0,7569
2026-05-11T17:42:45-07:00,359,37.42758898565699,-122.1705581835287,26.1633690688759,0.0,0.0,outdoor,2026-05-12T00:42:44.416430+0000,-0.58357,2909c9ef6153,quad,1.0,7571
2026-05-11T17:42:48-07:00,360,37.42757149557836,-122.1705231496391,26.2721820380539,0.0,0.0,outdoor,2026-05-12T00:42:47.769666+0000,-0.230334,5e4eb86670ca,quad,1.0,7574
2026-05-11T17:42:52-07:00,361,37.42755036249191,-122.1704800823505,25.9969573644921,0.0,0.0,outdoor,2026-05-12T00:42:51.718641+0000,-0.281359,d2ae44d6bae6,quad,1.0,7577
2026-05-11T17:42:55-07:00,362,37.42755760255388,-122.1704331809175,25.8484534807503,0.0,0.0,outdoor,2026-05-12T00:42:55.006843+0000,0.006843,426210949fde,quad,1.0,7579
2026-05-11T17:42:58-07:00,363,37.42757634167466,-122.1704002366779,25.5537538854405,0.0,0.0,outdoor,2026-05-12T00:42:58.343359+0000,0.343359,44320794b5d0,quad,1.0,7581
2026-05-11T17:43:01-07:00,364,37.42758710090629,-122.1703601288593,25.5782780637965,0.0,0.0,outdoor,2026-05-12T00:42:59.742182+0000,-1.257818,44320794b5d0,quad,1.0,7583
2026-05-11T17:43:04-07:00,365,37.42760184556654,-122.1703095160322,25.7299412488937,0.0,0.0,outdoor,2026-05-12T00:43:03.833256+0000,-0.166744,90b8643863ab,quad,1.0,7586
2026-05-11T17:43:08-07:00,366,37.42762073299234,-122.1702558201352,25.1935638329014,0.0,0.0,outdoor,2026-05-12T00:43:08.366308+0000,0.366308,802f8dc48d0d,quad,1.0,7589
2026-05-11T17:43:11-07:00,367,37.42762877429305,-122.1702029981348,24.9580159150064,0.0,0.0,outdoor,2026-05-12T00:43:11.003376+0000,0.003376,8e62415b9aad,quad,1.0,7591
2026-05-11T17:43:14-07:00,368,37.42763751456077,-122.1701565380283,25.4005219815299,0.0,0.0,outdoor,2026-05-12T00:43:14.368568+0000,0.368568,61c6b64310ce,quad,1.0,7593
2026-05-11T17:43:17-07:00,369,37.42764499688714,-122.1701167407128,25.6068917578086,0.0,0.0,outdoor,2026-05-12T00:43:15.757419+0000,-1.242581,61c6b64310ce,quad,1.0,7595
2026-05-11T17:43:21-07:00,370,37.42765320278975,-122.1700797134851,25.4796006195247,0.0,0.0,outdoor,2026-05-12T00:43:20.033170+0000,-0.96683,474dfd703875,quad,1.0,7598
2026-05-11T17:43:24-07:00,371,37.42764981061318,-122.1700122292132,25.842903806828,0.0,0.0,outdoor,2026-05-12T00:43:23.823900+0000,-0.1761,b7ab9a8d10de,quad,1.0,7601
2026-05-11T17:43:27-07:00,372,37.42764755948379,-122.169966308618,25.7368399454281,0.0,0.0,outdoor,2026-05-12T00:43:27.035982+0000,0.035982,b1594bed2bd4,quad,1.0,7603
2026-05-11T17:43:30-07:00,373,37.42763577357112,-122.1699270696519,26.1002080505714,0.0,0.0,outdoor,2026-05-12T00:43:30.366834+0000,0.366834,15d2f039d252,quad,1.0,7605
2026-05-11T17:43:33-07:00,374,37.42761813397364,-122.1698933077019,25.5821438310668,0.0,0.0,outdoor,2026-05-12T00:43:31.753141+0000,-1.246859,15d2f039d252,quad,1.0,7607
2026-05-11T17:43:37-07:00,375,37.42758172607881,-122.1698523242558,25.2857632692903,0.0,0.0,outdoor,2026-05-12T00:43:35.739126+0000,-1.260874,d894216b45a4,quad,1.0,7610
2026-05-11T17:43:40-07:00,376,37.42755803093088,-122.1698233532959,25.3731191242114,0.0,0.0,outdoor,2026-05-12T00:43:39.794771+0000,-0.205229,19e7be0addc5,quad,1.0,7613
2026-05-11T17:43:43-07:00,377,37.42754016466193,-122.1697940361107,25.0013324413449,0.0,0.0,outdoor,2026-05-12T00:43:43.030519+0000,0.030519,f812295de8cf,quad,1.0,7615
2026-05-11T17:43:46-07:00,378,37.42751550051138,-122.1697605945751,24.8180635645986,0.0,0.0,outdoor,2026-05-12T00:43:46.361075+0000,0.361075,bbfb602469d2,quad,1.0,7617
2026-05-11T17:43:49-07:00,379,37.42748875013968,-122.1697298548701,24.8064480666071,0.0,0.0,outdoor,2026-05-12T00:43:47.751948+0000,-1.248052,bbfb602469d2,quad,1.0,7619
2026-05-11T17:43:53-07:00,380,37.42745702017024,-122.1696804966581,25.4428221601993,0.0,0.0,outdoor,2026-05-12T00:43:51.789730+0000,-1.21027,3ed724e01a20,quad,1.0,7622
2026-05-11T17:43:56-07:00,381,37.4274298952562,-122.1696503239322,25.4745136126876,0.0,0.0,outdoor,2026-05-12T00:43:55.779354+0000,-0.220646,ee667ff708c3,quad,1.0,7625
2026-05-11T17:43:59-07:00,382,37.42740996665268,-122.1696155517594,25.4751075748354,0.0,0.0,outdoor,2026-05-12T00:43:59.050347+0000,0.050347,af93b29e7d9c,quad,1.0,7627
2026-05-11T17:44:02-07:00,383,37.42738171389035,-122.1695788384261,25.4879975002259,0.0,0.0,outdoor,2026-05-12T00:44:02.355324+0000,0.355324,ea2ade4e21d0,quad,1.0,7629
2026-05-11T17:44:06-07:00,384,37.42736706909546,-122.1695213635435,25.5467293281108,0.0,0.0,outdoor,2026-05-12T00:44:06.379693+0000,0.379693,983fc6f8158d,quad,1.0,7632
2026-05-11T17:44:09-07:00,385,37.42736669953472,-122.1694789072266,25.5218467209488,0.0,0.0,outdoor,2026-05-12T00:44:07.759042+0000,-1.240958,983fc6f8158d,quad,1.0,7634
2026-05-11T17:44:12-07:00,386,37.42738547878328,-122.169434963514,25.7123017832637,0.0,0.0,outdoor,2026-05-12T00:44:11.755925+0000,-0.244075,5245fa436436,quad,1.0,7637
2026-05-11T17:44:15-07:00,387,37.42740788226769,-122.1694017893045,24.9316994892433,0.0,0.0,outdoor,2026-05-12T00:44:15.088414+0000,0.088414,cc87ff6a85b5,quad,1.0,7639
2026-05-11T17:44:18-07:00,388,37.42743787575316,-122.1693753118021,25.7339040208608,0.0,0.0,outdoor,2026-05-12T00:44:18.406112+0000,0.406112,5c0ef5de5c09,quad,1.0,7641
2026-05-11T17:44:22-07:00,389,37.42747451880424,-122.1693379400916,25.986912837252,0.0,0.0,outdoor,2026-05-12T00:44:22.430095+0000,0.430095,3f80b50d5e55,quad,1.0,7644
2026-05-11T17:44:25-07:00,390,37.42750868113782,-122.1693240853463,26.0542552145198,0.0,0.0,outdoor,2026-05-12T00:44:23.830273+0000,-1.169727,3f80b50d5e55,quad,1.0,7646
2026-05-11T17:44:28-07:00,391,37.42754199116496,-122.169324213276,26.2164086820558,0.0,0.0,outdoor,2026-05-12T00:44:27.866230+0000,-0.13377,b126a60b6b72,quad,1.0,7649
2026-05-11T17:44:31-07:00,392,37.42757170750804,-122.1693485162799,26.1932706572115,0.0,0.0,outdoor,2026-05-12T00:44:31.103101+0000,0.103101,f7a88abf1f65,quad,1.0,7651
2026-05-11T17:44:34-07:00,393,37.42757528007507,-122.1693893112842,26.0164815168828,0.0,0.0,outdoor,2026-05-12T00:44:34.412176+0000,0.412176,4e3d81cb1550,quad,1.0,7653
2026-05-11T17:44:38-07:00,394,37.42758756271892,-122.1694453221933,26.136357751675,0.0,0.0,outdoor,2026-05-12T00:44:38.416757+0000,0.416757,7725acae3efe,quad,1.0,7656
2026-05-11T17:44:41-07:00,395,37.42760440354148,-122.1694843156692,25.9753465205431,0.0,0.0,outdoor,2026-05-12T00:44:39.843824+0000,-1.156176,7725acae3efe,quad,1.0,7658
2026-05-11T17:44:44-07:00,396,37.42762135057028,-122.1695241747158,25.8117747185752,0.0,0.0,outdoor,2026-05-12T00:44:43.805166+0000,-0.194834,8c5ae61435af,quad,1.0,7661
2026-05-11T17:44:47-07:00,397,37.4276346264333,-122.1695631570713,26.7059954386204,0.0,0.0,outdoor,2026-05-12T00:44:47.124351+0000,0.124351,168d3e535366,quad,1.0,7663
2026-05-11T17:44:51-07:00,398,37.42764830893421,-122.1696210769469,25.7113013081253,0.0,0.0,outdoor,2026-05-12T00:44:51.162079+0000,0.162079,06d650e4de5e,quad,1.0,7666
2026-05-11T17:44:54-07:00,399,37.42765849727287,-122.1696585748782,26.1572343120351,0.0,0.0,outdoor,2026-05-12T00:44:54.445309+0000,0.445309,112f5f42b1af,quad,1.0,7668
2026-05-11T17:44:57-07:00,400,37.42766671648138,-122.1696975082191,25.7516435291618,0.0,0.0,outdoor,2026-05-12T00:44:55.820116+0000,-1.179884,112f5f42b1af,quad,1.0,7670
2026-05-11T17:45:00-07:00,401,37.42766609799199,-122.1697329620291,25.4028527820483,0.0,0.0,outdoor,2026-05-12T00:45:00.274273+0000,0.274273,af0e8012f20a,quad,1.0,7673
2026-05-11T17:45:03-07:00,402,37.4276774665061,-122.169768141042,25.1033336427063,0.0,0.0,outdoor,2026-05-12T00:45:03.114599+0000,0.114599,9cea5d71fa7b,quad,1.0,7675
2026-05-11T17:45:07-07:00,403,37.42768677404832,-122.1698292834135,25.5898241773248,0.0,0.0,outdoor,2026-05-12T00:45:07.121130+0000,0.12113,bc993557387b,quad,1.0,7678
2026-05-11T17:45:10-07:00,404,37.42769154182448,-122.16987512171,25.2761896140873,0.0,0.0,outdoor,2026-05-12T00:45:10.438147+0000,0.438147,fea4a5005f8e,quad,1.0,7680
2026-05-11T17:45:13-07:00,405,37.42769805458894,-122.1699245442177,25.0359901469201,0.0,0.0,outdoor,2026-05-12T00:45:11.860276+0000,-1.139724,fea4a5005f8e,quad,1.0,7682
2026-05-11T17:45:16-07:00,406,37.42771669058651,-122.1699672903732,25.5220399368554,0.0,0.0,outdoor,2026-05-12T00:45:15.841464+0000,-0.158536,1b9216c2fe8a,quad,1.0,7685
2026-05-11T17:45:19-07:00,407,37.42772720134468,-122.1700159751025,25.6935647502542,0.0,0.0,outdoor,2026-05-12T00:45:19.126492+0000,0.126492,bf14beb8754b,quad,1.0,7687
2026-05-11T17:45:23-07:00,408,37.42773553578035,-122.1700675232076,26.4251734018326,0.0,0.0,outdoor,2026-05-12T00:45:23.149812+0000,0.149812,3a385e5f5f30,quad,1.0,7690
2026-05-11T17:45:26-07:00,409,37.4277520786601,-122.1701274102483,26.5382904736325,0.0,0.0,outdoor,2026-05-12T00:45:26.445795+0000,0.445795,32fb1371a0c6,quad,1.0,7692
2026-05-11T17:45:29-07:00,410,37.4277634125887,-122.1701740116069,26.5159685220569,0.0,0.0,outdoor,2026-05-12T00:45:27.794956+0000,-1.205044,32fb1371a0c6,quad,1.0,7694
2026-05-11T17:45:32-07:00,411,37.42777081391761,-122.1702098726886,26.8039688300341,0.0,0.0,outdoor,2026-05-12T00:45:31.841282+0000,-0.158718,c946c405e7d7,quad,1.0,7697
2026-05-11T17:45:36-07:00,412,37.42777863724931,-122.1702518174527,26.8272552760318,0.0,0.0,outdoor,2026-05-12T00:45:35.869954+0000,-0.130046,6b91d505aaed,quad,1.0,7700
2026-05-11T17:45:39-07:00,413,37.42780054349002,-122.1703045848959,26.6374930609018,0.0,0.0,outdoor,2026-05-12T00:45:39.148022+0000,0.148022,08de17ade3c7,quad,1.0,7702
2026-05-11T17:45:42-07:00,414,37.42780207188476,-122.1703497801236,27.0633412525058,0.0,0.0,outdoor,2026-05-12T00:45:42.480266+0000,0.480266,f93b52ba7859,quad,1.0,7704
2026-05-11T17:45:45-07:00,415,37.42781469571698,-122.1703988135848,26.5952614489943,0.0,0.0,outdoor,2026-05-12T00:45:43.854091+0000,-1.145909,f93b52ba7859,quad,1.0,7706
2026-05-11T17:45:48-07:00,416,37.42782224288927,-122.1704432103877,27.3514627255499,0.0,0.0,outdoor,2026-05-12T00:45:47.855526+0000,-0.144474,5d5fd1eaf540,quad,1.0,7709
2026-05-11T17:45:52-07:00,417,37.42783392661472,-122.1705015766814,27.4315650658682,0.0,0.0,outdoor,2026-05-12T00:45:51.840183+0000,-0.159817,def37cd15ff4,quad,1.0,7712
2026-05-11T17:45:55-07:00,418,37.4278441275243,-122.1705408340581,27.7663744101301,0.0,0.0,outdoor,2026-05-12T00:45:55.134684+0000,0.134684,2bbcd3a4a295,quad,1.0,7714
2026-05-11T17:45:58-07:00,419,37.42786062308857,-122.170590851957,27.8457165779546,0.0,0.0,outdoor,2026-05-12T00:45:58.485911+0000,0.485911,d296d174cd15,quad,1.0,7716
2026-05-11T17:46:01-07:00,420,37.42787034163311,-122.1706314849335,27.4267919873819,0.0,0.0,outdoor,2026-05-12T00:45:59.860725+0000,-1.139275,d296d174cd15,quad,1.0,7718
2026-05-11T17:46:04-07:00,421,37.42788106844897,-122.1706784182167,27.1886572688818,0.0,0.0,outdoor,2026-05-12T00:46:03.867104+0000,-0.132896,6d04881f2b13,quad,1.0,7721
2026-05-11T17:46:08-07:00,422,37.42789270138061,-122.1707344074496,26.7525717709214,0.0,0.0,outdoor,2026-05-12T00:46:07.881511+0000,-0.118489,27686e5e34f9,quad,1.0,7724
2026-05-11T17:46:11-07:00,423,37.42789877942455,-122.1707762516202,26.5797755345702,0.0,0.0,outdoor,2026-05-12T00:46:11.284648+0000,0.284648,01ce263fc3d8,quad,1.0,7726
2026-05-11T17:46:14-07:00,424,37.42790797809126,-122.1708152918153,26.9069377323613,0.0,0.0,outdoor,2026-05-12T00:46:14.482473+0000,0.482473,54c020ff83d2,quad,1.0,7728
2026-05-11T17:46:17-07:00,425,37.42791448125427,-122.1708607748106,26.6364354006946,0.0,0.0,outdoor,2026-05-12T00:46:15.852935+0000,-1.147065,54c020ff83d2,quad,1.0,7730
2026-05-11T17:46:21-07:00,426,37.42791862271461,-122.1709012409155,27.1329735247418,0.0,0.0,outdoor,2026-05-12T00:46:19.873413+0000,-1.126587,79545ed06741,quad,1.0,7733
2026-05-11T17:46:24-07:00,427,37.42792274997763,-122.1709648066502,27.2210877137259,0.0,0.0,outdoor,2026-05-12T00:46:23.881184+0000,-0.118816,1cda7d6700fd,quad,1.0,7736
2026-05-11T17:46:27-07:00,428,37.42793653295715,-122.1710096259194,27.3328343536705,0.0,0.0,outdoor,2026-05-12T00:46:27.189067+0000,0.189067,82d8693b8af1,quad,1.0,7738
2026-05-11T17:46:30-07:00,429,37.42795214760613,-122.1710514974223,27.54457273148,0.0,0.0,outdoor,2026-05-12T00:46:30.496519+0000,0.496519,4db1e089033f,quad,1.0,7740
2026-05-11T17:46:33-07:00,430,37.42796517573692,-122.1710924008263,27.6953512681648,0.0,0.0,outdoor,2026-05-12T00:46:31.864572+0000,-1.135428,4db1e089033f,quad,1.0,7742
2026-05-11T17:46:37-07:00,431,37.42798273090749,-122.171149446619,27.4412809805945,0.0,0.0,outdoor,2026-05-12T00:46:35.895358+0000,-1.104642,a9f2656379d8,quad,1.0,7745
2026-05-11T17:46:40-07:00,432,37.42799726674026,-122.1711738483974,27.6608712552115,0.0,0.0,outdoor,2026-05-12T00:46:39.905612+0000,-0.094388,04a0de15078f,quad,1.0,7748
2026-05-11T17:46:43-07:00,433,37.42802058636593,-122.1711793918746,27.6672094259411,0.0,0.0,outdoor,2026-05-12T00:46:43.209274+0000,0.209274,7908a95e12b2,quad,1.0,7750
2026-05-11T17:46:46-07:00,434,37.42803544558544,-122.1711932444336,27.4864934915677,0.0,0.0,outdoor,2026-05-12T00:46:46.536211+0000,0.536211,b5118a5406c2,quad,1.0,7752
2026-05-11T17:46:49-07:00,435,37.4280293623702,-122.171190499582,27.3417569072917,0.0,0.0,outdoor,2026-05-12T00:46:47.919145+0000,-1.080855,b5118a5406c2,quad,1.0,7754
2026-05-11T17:46:53-07:00,436,37.42800011735933,-122.1711333100275,27.3468176508322,0.0,0.0,outdoor,2026-05-12T00:46:51.930229+0000,-1.069771,daa3c43a0839,quad,1.0,7757
2026-05-11T17:46:56-07:00,437,37.42796170441901,-122.1710617795221,27.3903559325263,0.0,0.0,outdoor,2026-05-12T00:46:55.947733+0000,-0.052267,0f56c3936527,quad,1.0,7760
2026-05-11T17:46:59-07:00,438,37.42799252631244,-122.1709776136831,27.1294570285827,0.0,0.0,outdoor,2026-05-12T00:46:59.258793+0000,0.258793,ca2be0655a6a,quad,1.0,7762
2026-05-11T17:47:02-07:00,439,37.4279940720702,-122.1709273958317,27.1035908693448,0.0,0.0,outdoor,2026-05-12T00:47:02.567333+0000,0.567333,aadb123430dd,quad,1.0,7764
2026-05-11T17:47:06-07:00,440,37.42797780788987,-122.1708702020298,26.8522280799225,0.0,0.0,outdoor,2026-05-12T00:47:06.569871+0000,0.569871,d1874d7b4355,quad,1.0,7767
2026-05-11T17:47:09-07:00,441,37.4279659349254,-122.1708488789155,26.8796917395666,0.0,0.0,outdoor,2026-05-12T00:47:07.941478+0000,-1.058522,d1874d7b4355,quad,1.0,7769
2026-05-11T17:47:12-07:00,442,37.42795540460386,-122.1708069286456,26.5555606056005,0.0,0.0,outdoor,2026-05-12T00:47:11.904129+0000,-0.095871,5bbcbd249a38,quad,1.0,7772
2026-05-11T17:47:15-07:00,443,37.42794028159561,-122.170772885696,26.6545267999172,0.0,0.0,outdoor,2026-05-12T00:47:15.204184+0000,0.204184,905dd17c7803,quad,1.0,7774
2026-05-11T17:47:18-07:00,444,37.42794046197437,-122.1707321162524,26.5392804229632,0.0,0.0,outdoor,2026-05-12T00:47:18.570149+0000,0.570149,74f9db19aefc,quad,1.0,7776
2026-05-11T17:47:22-07:00,445,37.42794007954151,-122.1707102234316,26.6792812151834,0.0,0.0,outdoor,2026-05-12T00:47:22.572048+0000,0.572048,3450b360e3ae,quad,1.0,7779
2026-05-11T17:47:25-07:00,446,37.42794007954151,-122.1707102234316,26.6792812151834,0.0,0.0,outdoor,2026-05-12T00:47:23.953288+0000,-1.046712,3450b360e3ae,quad,1.0,7781
2026-05-11T17:47:28-07:00,447,37.42793824341254,-122.1707089040456,26.6792812151834,0.0,0.0,outdoor,2026-05-12T00:47:27.957235+0000,-0.042765,2e2cc137a3c0,quad,1.0,7784
2026-05-11T17:47:31-07:00,448,37.42793708284935,-122.1707097140644,26.6792812151834,0.0,0.0,outdoor,2026-05-12T00:47:31.252797+0000,0.252797,fff905b14359,quad,1.0,7786
2026-05-11T17:47:45-07:00,449,37.42789659421892,-122.170734998279,26.8202370982617,0.0,0.0,outdoor,2026-05-12T00:47:44.013184+0000,-0.986816,3fbc57574e30,quad,1.0,7796
2026-05-11T17:47:58-07:00,450,37.42790248930862,-122.1707228407932,26.7431478444487,0.0,0.0,outdoor,2026-05-12T00:47:44.013184+0000,-13.986816,3fbc57574e30,quad,1.0,7796
2026-05-11T17:48:11-07:00,451,37.42789679768945,-122.1707272423301,26.9419724838808,0.0,0.0,outdoor,2026-05-12T00:47:44.013184+0000,-26.986816,3fbc57574e30,quad,1.0,7796
2026-05-11T17:48:24-07:00,452,37.42791604704322,-122.1707272035754,26.5493752919137,0.0,0.0,null,,,,,,
2026-05-11T17:48:28-07:00,453,37.42790455515515,-122.1707208456086,26.8053189115599,0.0,0.0,null,,,,,,
2026-05-11T17:48:41-07:00,454,37.42788018600255,-122.1707721678971,26.8088471675292,0.0,0.0,outdoor,2026-05-12T00:49:09.644045+0000,28.644045,a966ce3c4313,quad,1.0,7797
2026-05-11T17:48:54-07:00,455,37.42788018600255,-122.1707721678971,26.8088471675292,0.0,0.0,outdoor,2026-05-12T00:49:09.644045+0000,15.644045,a966ce3c4313,quad,1.0,7797
2026-05-11T17:49:07-07:00,456,37.42788018600255,-122.1707721678971,26.8088471675292,0.0,0.0,outdoor,2026-05-12T00:49:09.644045+0000,2.644045,a966ce3c4313,quad,1.0,7797
2026-05-11T17:49:12-07:00,457,37.42796852454381,-122.1706899787963,26.6912335436791,0.0,0.0,outdoor,2026-05-12T00:49:11.012827+0000,-0.987173,a966ce3c4313,quad,1.0,7799
2026-05-11T17:49:23-07:00,458,37.42791400600427,-122.1708355450741,26.5924068205059,0.0,0.0,outdoor,2026-05-12T00:49:23.038865+0000,0.038865,c0ec95595157,quad,1.0,7808
2026-05-11T17:49:26-07:00,459,37.42793899066218,-122.1708496415126,26.6256904937327,0.0,0.0,outdoor,2026-05-12T00:49:25.654387+0000,-0.345613,22b8b6d7af8b,quad,1.0,7809
2026-05-11T17:49:29-07:00,460,37.42796673342919,-122.1708919453178,26.5949000893161,0.0,0.0,outdoor,2026-05-12T00:49:29.637646+0000,0.637646,cf281f21010d,quad,1.0,7812
2026-05-11T17:49:32-07:00,461,37.4279933341216,-122.1709194796931,26.4455214254558,0.0,0.0,outdoor,2026-05-12T00:49:31.010473+0000,-0.989527,cf281f21010d,quad,1.0,7814
2026-05-11T17:49:35-07:00,462,37.42799316518859,-122.1709636406464,26.4574886625633,0.0,0.0,outdoor,2026-05-12T00:49:35.154520+0000,0.15452,9ae3925517f7,quad,1.0,7817
2026-05-11T17:49:39-07:00,463,37.42800131933423,-122.1710077458898,26.7302681328729,0.0,0.0,outdoor,2026-05-12T00:49:39.036800+0000,0.0368,9f6dd08061c5,quad,1.0,7820
2026-05-11T17:49:42-07:00,464,37.42801660028311,-122.1710112617468,26.6893042493612,0.0,0.0,outdoor,2026-05-12T00:49:41.672048+0000,-0.327952,5ab4f1b5bf2b,quad,1.0,7821
2026-05-11T17:49:46-07:00,465,37.42807421930932,-122.1710853511549,26.8013670789078,0.0,0.0,outdoor,2026-05-12T00:49:46.330895+0000,0.330895,55b782600958,quad,1.0,7825
2026-05-11T17:49:49-07:00,466,37.42807978374481,-122.1710788115579,27.0366947986186,0.0,0.0,outdoor,2026-05-12T00:49:49.669112+0000,0.669112,98921dea75f9,quad,1.0,7827
2026-05-11T17:49:54-07:00,467,37.42797594907302,-122.1711581726409,27.0833315467462,0.0,0.0,outdoor,2026-05-12T00:49:53.662047+0000,-0.337953,cefd50c2daad,quad,1.0,7830
2026-05-11T17:49:57-07:00,468,37.42796294897391,-122.1710953786682,26.8861095895991,0.0,0.0,outdoor,2026-05-12T00:49:57.670413+0000,0.670413,e84707b4bc92,quad,1.0,7833
2026-05-11T17:50:00-07:00,469,37.42796963611475,-122.1710629891218,27.3286212366074,0.0,0.0,outdoor,2026-05-12T00:49:59.089160+0000,-0.91084,e84707b4bc92,quad,1.0,7835
2026-05-11T17:50:03-07:00,470,37.42796197764194,-122.1710188882251,27.0300123123452,0.0,0.0,outdoor,2026-05-12T00:50:03.115414+0000,0.115414,8091ab8f93c3,quad,1.0,7838
2026-05-11T17:50:06-07:00,471,37.42794825599352,-122.1709879848031,26.9121310468763,0.0,0.0,outdoor,2026-05-12T00:50:05.673855+0000,-0.326145,4358a8cacabf,quad,1.0,7839
2026-05-11T17:50:10-07:00,472,37.42793776728618,-122.1709511061839,27.026054803282,0.0,0.0,outdoor,2026-05-12T00:50:10.337243+0000,0.337243,309010503a1e,quad,1.0,7843
2026-05-11T17:50:13-07:00,473,37.42792488664852,-122.1709097982753,27.1665362073109,0.0,0.0,outdoor,2026-05-12T00:50:13.661679+0000,0.661679,a216daeb6192,quad,1.0,7845
2026-05-11T17:50:16-07:00,474,37.42791673905624,-122.170861799172,26.6576665975153,0.0,0.0,outdoor,2026-05-12T00:50:15.052379+0000,-0.947621,a216daeb6192,quad,1.0,7847
2026-05-11T17:50:19-07:00,475,37.42790233207549,-122.1708164769412,25.9101706612855,0.0,0.0,outdoor,2026-05-12T00:50:19.244172+0000,0.244172,995c20492290,quad,1.0,7850
2026-05-11T17:50:23-07:00,476,37.42789242865648,-122.1707746560688,26.4244112875313,0.0,0.0,outdoor,2026-05-12T00:50:23.082301+0000,0.082301,bde1caecdead,quad,1.0,7853
2026-05-11T17:50:26-07:00,477,37.42787671143174,-122.1707121119754,26.2539286920801,0.0,0.0,outdoor,2026-05-12T00:50:25.694480+0000,-0.30552,6eb1e7ee5701,quad,1.0,7854
2026-05-11T17:50:29-07:00,478,37.42787095010632,-122.17066887716,26.6442959792912,0.0,0.0,outdoor,2026-05-12T00:50:29.694619+0000,0.694619,ff52b0710cc9,quad,1.0,7857
2026-05-11T17:50:32-07:00,479,37.4278609317871,-122.1706357073856,26.7052269326523,0.0,0.0,outdoor,2026-05-12T00:50:31.248658+0000,-0.751342,ff52b0710cc9,quad,1.0,7859
2026-05-11T17:50:35-07:00,480,37.42786279951681,-122.1705925822528,26.2885065367445,0.0,0.0,outdoor,2026-05-12T00:50:35.086561+0000,0.086561,150783fb9a68,quad,1.0,7862
2026-05-11T17:50:39-07:00,481,37.4278486767184,-122.1705326939036,26.5806279750541,0.0,0.0,outdoor,2026-05-12T00:50:39.116878+0000,0.116878,ceb7921f207d,quad,1.0,7865
2026-05-11T17:50:42-07:00,482,37.42784137199573,-122.1704918383002,26.8369134636596,0.0,0.0,outdoor,2026-05-12T00:50:41.705900+0000,-0.2941,0efaf3210de7,quad,1.0,7866
2026-05-11T17:50:45-07:00,483,37.42783388519447,-122.1704513214799,26.6457038763911,0.0,0.0,outdoor,2026-05-12T00:50:45.711642+0000,0.711642,621a012d6015,quad,1.0,7869
2026-05-11T17:50:48-07:00,484,37.42781616157158,-122.1704161663157,27.4119182350114,0.0,0.0,outdoor,2026-05-12T00:50:47.133293+0000,-0.866707,621a012d6015,quad,1.0,7871
2026-05-11T17:50:51-07:00,485,37.42780859136892,-122.1703705462359,27.1412495793775,0.0,0.0,outdoor,2026-05-12T00:50:51.103543+0000,0.103543,a2f22767c3c8,quad,1.0,7874
2026-05-11T17:50:55-07:00,486,37.4277836327576,-122.1703119236333,27.1362844100222,0.0,0.0,outdoor,2026-05-12T00:50:55.111236+0000,0.111236,32cb411047da,quad,1.0,7877
2026-05-11T17:50:58-07:00,487,37.42778050743787,-122.1702747287397,26.7070054737851,0.0,0.0,outdoor,2026-05-12T00:50:57.704745+0000,-0.295255,67b14c208e6c,quad,1.0,7878
2026-05-11T17:51:01-07:00,488,37.42776907241196,-122.1702332358954,26.6642041373998,0.0,0.0,outdoor,2026-05-12T00:51:01.709591+0000,0.709591,0e44c60cc0c1,quad,1.0,7881
2026-05-11T17:51:04-07:00,489,37.42776133416983,-122.1701921140366,26.7893363200128,0.0,0.0,outdoor,2026-05-12T00:51:03.135882+0000,-0.864118,0e44c60cc0c1,quad,1.0,7883
2026-05-11T17:51:08-07:00,490,37.42775753309448,-122.1701521231568,26.237732110545,0.0,0.0,outdoor,2026-05-12T00:51:07.092498+0000,-0.907502,96fd2a70910e,quad,1.0,7886
2026-05-11T17:51:11-07:00,491,37.4277397223475,-122.1700942134069,26.1042249696329,0.0,0.0,outdoor,2026-05-12T00:51:11.122543+0000,0.122543,7a90313fcc48,quad,1.0,7889
2026-05-11T17:51:14-07:00,492,37.42773310342499,-122.1700584187145,26.1050637094304,0.0,0.0,outdoor,2026-05-12T00:51:13.781660+0000,-0.21834,a134ecdcc97e,quad,1.0,7890
2026-05-11T17:51:17-07:00,493,37.42772823259389,-122.1700135042293,26.2830556193367,0.0,0.0,outdoor,2026-05-12T00:51:17.769783+0000,0.769783,196b488fedb7,quad,1.0,7893
2026-05-11T17:51:20-07:00,494,37.42771823151705,-122.1699750169748,26.0928250346333,0.0,0.0,outdoor,2026-05-12T00:51:19.200559+0000,-0.799441,196b488fedb7,quad,1.0,7895
2026-05-11T17:51:24-07:00,495,37.42771014074945,-122.1699208570059,25.9665075363591,0.0,0.0,outdoor,2026-05-12T00:51:23.159485+0000,-0.840515,b9ab67549416,quad,1.0,7898
2026-05-11T17:51:27-07:00,496,37.42770244650946,-122.1698756314341,26.1204109657556,0.0,0.0,outdoor,2026-05-12T00:51:27.156077+0000,0.156077,f274d0a88722,quad,1.0,7901
2026-05-11T17:51:30-07:00,497,37.42769611163344,-122.1698360243993,25.8903045710176,0.0,0.0,outdoor,2026-05-12T00:51:29.733533+0000,-0.266467,fc092ce35bd0,quad,1.0,7902
2026-05-11T17:51:33-07:00,498,37.42768220717298,-122.1697919031833,25.9946877555922,0.0,0.0,outdoor,2026-05-12T00:51:33.734386+0000,0.734386,ca1b8c739628,quad,1.0,7905
2026-05-11T17:51:36-07:00,499,37.42766847758474,-122.1697520791958,26.2146204961464,0.0,0.0,outdoor,2026-05-12T00:51:35.120221+0000,-0.879779,ca1b8c739628,quad,1.0,7907
2026-05-11T17:51:40-07:00,500,37.42765493348044,-122.1696956816314,26.083226185292,0.0,0.0,outdoor,2026-05-12T00:51:39.138960+0000,-0.86104,913ecc35d8c3,quad,1.0,7910
2026-05-11T17:51:43-07:00,501,37.42764553778893,-122.1696532173785,26.1092331102118,0.0,0.0,outdoor,2026-05-12T00:51:43.123731+0000,0.123731,0d271c58afa1,quad,1.0,7913
2026-05-11T17:51:46-07:00,502,37.42763673960425,-122.1696141334523,25.7627319712192,0.0,0.0,outdoor,2026-05-12T00:51:45.762962+0000,-0.237038,3286e451ab96,quad,1.0,7914
2026-05-11T17:51:49-07:00,503,37.42763295774765,-122.1695763066532,26.1386866094545,0.0,0.0,outdoor,2026-05-12T00:51:49.763264+0000,0.763264,60fc82ad8627,quad,1.0,7917
2026-05-11T17:51:53-07:00,504,37.42762060041193,-122.1695195348364,26.2914616568014,0.0,0.0,outdoor,2026-05-12T00:51:53.757536+0000,0.757536,bf3d33b7e276,quad,1.0,7920
2026-05-11T17:51:56-07:00,505,37.42761031302133,-122.16947936627,26.4635748164728,0.0,0.0,outdoor,2026-05-12T00:51:55.137157+0000,-0.862843,bf3d33b7e276,quad,1.0,7922
2026-05-11T17:51:59-07:00,506,37.42759390354255,-122.1694393190165,26.4785947315395,0.0,0.0,outdoor,2026-05-12T00:51:59.139346+0000,0.139346,e8de5748577d,quad,1.0,7925
2026-05-11T17:52:02-07:00,507,37.42756893591211,-122.1694122497487,25.7033321801573,0.0,0.0,outdoor,2026-05-12T00:52:01.767026+0000,-0.232974,969a4e23f310,quad,1.0,7926
2026-05-11T17:52:05-07:00,508,37.42753533932957,-122.1693949473976,25.9264175053686,0.0,0.0,outdoor,2026-05-12T00:52:05.770268+0000,0.770268,05997c3449df,quad,1.0,7929
2026-05-11T17:52:09-07:00,509,37.42748639906537,-122.1693815366586,26.6897307159379,0.0,0.0,outdoor,2026-05-12T00:52:09.779180+0000,0.77918,68e3f8b93930,quad,1.0,7932
2026-05-11T17:52:12-07:00,510,37.42744602132962,-122.1693758096888,26.9451144346967,0.0,0.0,outdoor,2026-05-12T00:52:11.155936+0000,-0.844064,68e3f8b93930,quad,1.0,7934
2026-05-11T17:52:15-07:00,511,37.42741076392311,-122.1693886372312,26.5086824875325,0.0,0.0,outdoor,2026-05-12T00:52:15.172479+0000,0.172479,65cf98b197cc,quad,1.0,7937
2026-05-11T17:52:18-07:00,512,37.42739029470911,-122.1694287119848,26.2743291780353,0.0,0.0,outdoor,2026-05-12T00:52:17.790085+0000,-0.209915,5ee86526943c,quad,1.0,7938
2026-05-11T17:52:21-07:00,513,37.42737460443816,-122.16945700019,26.539775528945,0.0,0.0,outdoor,2026-05-12T00:52:21.793841+0000,0.793841,1b9ce739688e,quad,1.0,7941
2026-05-11T17:52:25-07:00,514,37.42737632453562,-122.1695204135391,26.5672212028876,0.0,0.0,outdoor,2026-05-12T00:52:25.794801+0000,0.794801,5da65efbbd7d,quad,1.0,7944
2026-05-11T17:52:28-07:00,515,37.42739030525195,-122.1695597974468,26.6383363772184,0.0,0.0,outdoor,2026-05-12T00:52:27.183156+0000,-0.816844,5da65efbbd7d,quad,1.0,7946
2026-05-11T17:52:31-07:00,516,37.42741211289267,-122.1695926617106,26.1729629244655,0.0,0.0,outdoor,2026-05-12T00:52:31.207228+0000,0.207228,f367b7007d07,quad,1.0,7949
2026-05-11T17:52:34-07:00,517,37.42744145554966,-122.1696302447545,26.0836052913219,0.0,0.0,outdoor,2026-05-12T00:52:33.803683+0000,-0.196317,83794acb05b1,quad,1.0,7950
2026-05-11T17:52:38-07:00,518,37.42747767207699,-122.1696737588768,25.8924121139571,0.0,0.0,outdoor,2026-05-12T00:52:37.805194+0000,-0.194806,a71080cbed8f,quad,1.0,7953
2026-05-11T17:52:41-07:00,519,37.42750626002881,-122.1697081001369,25.7708839029074,0.0,0.0,outdoor,2026-05-12T00:52:41.793261+0000,0.793261,274509d93584,quad,1.0,7956
2026-05-11T17:52:44-07:00,520,37.42753275279341,-122.1697459738394,25.6512498604134,0.0,0.0,outdoor,2026-05-12T00:52:43.323241+0000,-0.676759,274509d93584,quad,1.0,7958
2026-05-11T17:52:47-07:00,521,37.42756299221838,-122.1697858328617,25.5233536809683,0.0,0.0,outdoor,2026-05-12T00:52:47.162097+0000,0.162097,2e22098d0eaa,quad,1.0,7961
2026-05-11T17:52:50-07:00,522,37.42758649190418,-122.1698247855759,25.5325708342716,0.0,0.0,outdoor,2026-05-12T00:52:49.810749+0000,-0.189251,edcaab60ab87,quad,1.0,7962
2026-05-11T17:52:54-07:00,523,37.42761914410267,-122.1698659893706,25.9145689196885,0.0,0.0,outdoor,2026-05-12T00:52:53.821231+0000,-0.178769,cb3af43146b7,quad,1.0,7965
2026-05-11T17:52:57-07:00,524,37.42763266235059,-122.1699104785084,26.1916708555073,0.0,0.0,outdoor,2026-05-12T00:52:57.829993+0000,0.829993,205dd9171033,quad,1.0,7968
2026-05-11T17:53:00-07:00,525,37.42764981816959,-122.1699510323762,26.0516466302797,0.0,0.0,outdoor,2026-05-12T00:52:59.215059+0000,-0.784941,205dd9171033,quad,1.0,7970
2026-05-11T17:53:03-07:00,526,37.42764987193107,-122.1699990573612,25.8139619957656,0.0,0.0,outdoor,2026-05-12T00:53:03.206544+0000,0.206544,3ad091de106e,quad,1.0,7973
2026-05-11T17:53:06-07:00,527,37.42764014859935,-122.1700481348023,26.2523752450943,0.0,0.0,outdoor,2026-05-12T00:53:05.829697+0000,-0.170303,0278a10b4e3a,quad,1.0,7974
2026-05-11T17:53:10-07:00,528,37.42762390718411,-122.170114117995,26.4961008308455,0.0,0.0,outdoor,2026-05-12T00:53:09.831994+0000,-0.168006,cef29924dc8e,quad,1.0,7977
2026-05-11T17:53:13-07:00,529,37.42761472229666,-122.1701554753064,27.2118820408359,0.0,0.0,outdoor,2026-05-12T00:53:13.831744+0000,0.831744,551bd063522e,quad,1.0,7980
2026-05-11T17:53:16-07:00,530,37.42759542771601,-122.1701938908407,26.9044621149078,0.0,0.0,outdoor,2026-05-12T00:53:15.194290+0000,-0.80571,551bd063522e,quad,1.0,7982
2026-05-11T17:53:19-07:00,531,37.42758966773054,-122.1702369476464,26.9023416033015,0.0,0.0,outdoor,2026-05-12T00:53:19.195573+0000,0.195573,4faf0d63a3fc,quad,1.0,7985
2026-05-11T17:53:23-07:00,532,37.42757245091921,-122.1702911353131,26.0951977092773,0.0,0.0,outdoor,2026-05-12T00:53:23.232207+0000,0.232207,b2bcf13f2ecf,quad,1.0,7988
2026-05-11T17:53:26-07:00,533,37.42757209751679,-122.1703485795278,26.1902702571824,0.0,0.0,outdoor,2026-05-12T00:53:25.855811+0000,-0.144189,3591835c2196,quad,1.0,7989
2026-05-11T17:53:29-07:00,534,37.42753681527083,-122.170387701604,26.1409370992333,0.0,0.0,outdoor,2026-05-12T00:53:29.836798+0000,0.836798,cb4e06318581,quad,1.0,7992
2026-05-11T17:53:32-07:00,535,37.42752895334399,-122.170436812636,26.1635789051652,0.0,0.0,outdoor,2026-05-12T00:53:31.239931+0000,-0.760069,cb4e06318581,quad,1.0,7994
2026-05-11T17:53:35-07:00,536,37.42753359173143,-122.1704819283877,26.4018898122013,0.0,0.0,outdoor,2026-05-12T00:53:35.305134+0000,0.305134,160df623a9be,quad,1.0,7997
2026-05-11T17:53:39-07:00,537,37.4275593459304,-122.170527095724,25.9497739113867,0.0,0.0,outdoor,2026-05-12T00:53:39.271820+0000,0.27182,13f555a5ade8,quad,1.0,8000
2026-05-11T17:53:42-07:00,538,37.42758382935277,-122.1705457073965,26.3149811048061,0.0,0.0,outdoor,2026-05-12T00:53:41.857489+0000,-0.142511,29256f75721e,quad,1.0,8001
2026-05-11T17:53:45-07:00,539,37.42760953917739,-122.1705767650823,26.548031183891,0.0,0.0,outdoor,2026-05-12T00:53:45.866623+0000,0.866623,70c5a004af26,quad,1.0,8004
2026-05-11T17:53:48-07:00,540,37.42763247122129,-122.1706072009641,27.0942816473544,0.0,0.0,outdoor,2026-05-12T00:53:47.290196+0000,-0.709804,70c5a004af26,quad,1.0,8006
2026-05-11T17:53:52-07:00,541,37.42765878416272,-122.1706464548164,26.7110234890133,0.0,0.0,outdoor,2026-05-12T00:53:51.271104+0000,-0.728896,aaa470fcbdc2,quad,1.0,8009
2026-05-11T17:53:55-07:00,542,37.42768398317042,-122.1706991296982,26.3202740801498,0.0,0.0,outdoor,2026-05-12T00:53:55.278741+0000,0.278741,19955161b2b5,quad,1.0,8012
2026-05-11T17:53:58-07:00,543,37.42771072353512,-122.1707313274791,26.3380084522068,0.0,0.0,outdoor,2026-05-12T00:53:57.871067+0000,-0.128933,ef9b45d3e7ec,quad,1.0,8013
2026-05-11T17:54:01-07:00,544,37.42773963253993,-122.1707603654737,26.6054352838546,0.0,0.0,outdoor,2026-05-12T00:54:01.879542+0000,0.879542,df512bfbe5c9,quad,1.0,8016
2026-05-11T17:54:04-07:00,545,37.42776484314278,-122.1707939100866,26.2647193018347,0.0,0.0,outdoor,2026-05-12T00:54:03.499949+0000,-0.500051,df512bfbe5c9,quad,1.0,8018
2026-05-11T17:54:08-07:00,546,37.42780457288618,-122.1708301557723,25.947973032482,0.0,0.0,outdoor,2026-05-12T00:54:07.281987+0000,-0.718013,f2c3915dd5e4,quad,1.0,8021
2026-05-11T17:54:11-07:00,547,37.42784037507226,-122.170852021679,26.5381534118205,0.0,0.0,outdoor,2026-05-12T00:54:11.286086+0000,0.286086,e3b44fa31c7d,quad,1.0,8024
2026-05-11T17:54:14-07:00,548,37.42787280109552,-122.1708760645421,26.5682640522718,0.0,0.0,outdoor,2026-05-12T00:54:13.877402+0000,-0.122598,3c0e6dc9cb5c,quad,1.0,8025
2026-05-11T17:54:17-07:00,549,37.42790559022855,-122.1708989634345,26.7952892743051,0.0,0.0,outdoor,2026-05-12T00:54:17.882082+0000,0.882082,0b3bf89242f5,quad,1.0,8028
2026-05-11T17:54:21-07:00,550,37.42794047226101,-122.1709086286172,27.0587257519364,0.0,0.0,outdoor,2026-05-12T00:54:21.888503+0000,0.888503,78c11edb90eb,quad,1.0,8031
2026-05-11T17:54:24-07:00,551,37.42796822746867,-122.1709001526386,26.8605243265629,0.0,0.0,outdoor,2026-05-12T00:54:23.304564+0000,-0.695436,78c11edb90eb,quad,1.0,8033
2026-05-11T17:54:27-07:00,552,37.42795888300498,-122.1708594463011,26.6866013258696,0.0,0.0,outdoor,2026-05-12T00:54:27.326977+0000,0.326977,93ce51b759ba,quad,1.0,8036
2026-05-11T17:54:30-07:00,553,37.42795577107331,-122.1708161618942,26.5715225767344,0.0,0.0,outdoor,2026-05-12T00:54:29.903387+0000,-0.096613,18dc646d78de,quad,1.0,8037
2026-05-11T17:54:33-07:00,554,37.4279277314368,-122.1707859702533,26.1895600808784,0.0,0.0,outdoor,2026-05-12T00:54:33.902233+0000,0.902233,d33522479346,quad,1.0,8040
2026-05-11T17:54:37-07:00,555,37.42793857098702,-122.1707375374069,26.1169753400609,0.0,0.0,outdoor,2026-05-12T00:54:37.907612+0000,0.907612,b7771786502d,quad,1.0,8043
2026-05-11T17:54:40-07:00,556,37.42792988286232,-122.1706937105694,26.2184168193489,0.0,0.0,outdoor,2026-05-12T00:54:39.293332+0000,-0.706668,b7771786502d,quad,1.0,8045
2026-05-11T17:54:43-07:00,557,37.42792297513195,-122.1706497988362,25.9646632140502,0.0,0.0,outdoor,2026-05-12T00:54:43.343605+0000,0.343605,b22626ea2b4e,quad,1.0,8048
2026-05-11T17:54:46-07:00,558,37.42788858139011,-122.1706111996104,25.936603853479,0.0,0.0,outdoor,2026-05-12T00:54:45.898535+0000,-0.101465,6a2d223a7b9f,quad,1.0,8049
2026-05-11T17:54:49-07:00,559,37.42786210576394,-122.1705744774644,26.0209179027006,0.0,0.0,outdoor,2026-05-12T00:54:49.908063+0000,0.908063,94352adabcba,quad,1.0,8052
2026-05-11T17:54:53-07:00,560,37.42784991828898,-122.1705164839354,26.0296279070899,0.0,0.0,outdoor,2026-05-12T00:54:53.919200+0000,0.9192,622ec918edb3,quad,1.0,8055
2026-05-11T17:54:56-07:00,561,37.42783078241894,-122.1704747740174,26.0341405170038,0.0,0.0,outdoor,2026-05-12T00:54:55.290805+0000,-0.709195,622ec918edb3,quad,1.0,8057
2026-05-11T17:54:59-07:00,562,37.42786836415637,-122.1704114318366,25.9032831564546,0.0,0.0,outdoor,2026-05-12T00:54:58.835756+0000,-0.164244,bbd8e2b067b4,quad,1.0,8059
2026-05-11T17:55:02-07:00,563,37.42787517144178,-122.1703583553164,26.089187595062,0.0,0.0,outdoor,2026-05-12T00:55:01.905559+0000,-0.094441,5ff86a3c00db,quad,1.0,8061
2026-05-11T17:55:06-07:00,564,37.42787667195497,-122.1703485174198,26.0302893565968,0.0,0.0,outdoor,2026-05-12T00:55:05.898435+0000,-0.101565,ec034dd9dca4,quad,1.0,8064
2026-05-11T17:55:09-07:00,565,37.42785242857936,-122.1702596711204,26.1163913393393,0.0,0.0,outdoor,2026-05-12T00:55:09.939208+0000,0.939208,d6f9df92602c,quad,1.0,8067
2026-05-11T17:55:12-07:00,566,37.42784337040271,-122.1702206177749,25.6747963409871,0.0,0.0,outdoor,2026-05-12T00:55:11.568706+0000,-0.431294,d6f9df92602c,quad,1.0,8069
2026-05-11T17:55:15-07:00,567,37.42781626315131,-122.170149961109,26.0985768903047,0.0,0.0,outdoor,2026-05-12T00:55:14.683519+0000,-0.316481,b1050f9c3407,quad,1.0,8071
2026-05-11T17:55:18-07:00,568,37.42781015912173,-122.1701321009065,25.8545681787655,0.0,0.0,outdoor,2026-05-12T00:55:17.933554+0000,-0.066446,a7bcb87361bf,quad,1.0,8073
2026-05-11T17:55:22-07:00,569,37.42780482517423,-122.1700902006977,25.7978347092867,0.0,0.0,outdoor,2026-05-12T00:55:21.942977+0000,-0.057023,973e84bc6d7f,quad,1.0,8076
2026-05-11T17:55:25-07:00,570,37.42780191881567,-122.1700439182688,25.7997082863003,0.0,0.0,outdoor,2026-05-12T00:55:25.918306+0000,0.918306,62cabb8a79bd,quad,1.0,8079
2026-05-11T17:55:28-07:00,571,37.42778567207536,-122.1700041594723,25.858162984252,0.0,0.0,outdoor,2026-05-12T00:55:27.323788+0000,-0.676212,62cabb8a79bd,quad,1.0,8081
2026-05-11T17:55:31-07:00,572,37.42778289039838,-122.1700002826696,25.9246396357194,0.0,0.0,outdoor,2026-05-12T00:55:27.323788+0000,-3.676212,62cabb8a79bd,quad,1.0,8081
2026-05-11T17:55:34-07:00,573,37.42778289039838,-122.1700002826696,25.9246396357194,0.0,0.0,outdoor,2026-05-12T00:55:27.323788+0000,-6.676212,62cabb8a79bd,quad,1.0,8081
2026-05-11T17:55:48-07:00,574,37.4277716608997,-122.169978266699,25.9812987735495,0.0,0.0,outdoor,2026-05-12T00:55:53.267293+0000,5.267293,c4b0cc4b3e28,quad,1.0,8082
2026-05-11T17:56:01-07:00,575,37.4277631229852,-122.1698951796116,25.9387264018878,0.0,0.0,outdoor,2026-05-12T00:56:01.708137+0000,0.708137,9880a10b18d3,quad,1.0,8088
2026-05-11T17:56:14-07:00,576,37.42775807685674,-122.1698053687708,25.2812696807086,0.0,0.0,outdoor,2026-05-12T00:56:13.784105+0000,-0.215895,f8c1035dd00b,quad,1.0,8096
2026-05-11T17:56:27-07:00,577,37.42770859471255,-122.1696141915458,25.766364174895,2.2945442736954674e-05,-0.0001099456368507,outdoor,2026-05-12T00:56:28.305315+0000,1.305315,4316c927a6dd,quad,1.0,8106
2026-05-11T17:56:39-07:00,578,37.42768963946863,-122.1694307388435,25.3166170148179,-3.3306447306813425e-06,-9.795052416450292e-05,outdoor,2026-05-12T00:56:37.676443+0000,-1.323557,a23939ce4d42,quad,1.0,8114
2026-05-11T17:56:42-07:00,579,37.42768055575971,-122.1694109677647,25.5241029877216,-1.230793937878616e-05,7.231290945242108e-05,outdoor,2026-05-12T00:56:41.720343+0000,-0.279657,9a99e25710fa,quad,1.0,8117
2026-05-11T17:56:45-07:00,580,37.42767855036569,-122.1693871064848,25.5230786232278,-5.857219299798544e-06,0.0001406771549312,outdoor,2026-05-12T00:56:44.980185+0000,-0.019815,34663d5ddd51,quad,1.0,8119
2026-05-11T17:56:52-07:00,581,37.42763045170894,-122.1692490426877,25.556241415441,1.5392944703762623e-05,-7.53220195548465e-05,outdoor,2026-05-12T00:56:52.300180+0000,0.30018,435b14d885e3,quad,1.0,8124
2026-05-11T17:56:55-07:00,582,37.42762203640699,-122.1692363414901,25.7451931154355,-2.017381974184218e-05,6.956767182941803e-05,outdoor,2026-05-12T00:56:53.671893+0000,-1.328107,435b14d885e3,quad,1.0,8126
2026-05-11T17:56:58-07:00,583,37.4276257329514,-122.1691688618525,25.667568128556,0.0,0.0,outdoor,2026-05-12T00:56:57.715171+0000,-0.284829,dc75ba65eb37,quad,1.0,8129
2026-05-11T17:57:01-07:00,584,37.4276540020911,-122.1691337183348,25.5335988234729,0.0,0.0,outdoor,2026-05-12T00:57:01.010276+0000,0.010276,c2afdd83e06e,quad,1.0,8131
2026-05-11T17:57:04-07:00,585,37.42765694533055,-122.1690807401908,25.7409148439765,0.0,0.0,outdoor,2026-05-12T00:57:04.344881+0000,0.344881,d6db460bac86,quad,1.0,8133
2026-05-11T17:57:08-07:00,586,37.42764236278165,-122.169022391964,27.1935824519023,0.0,0.0,outdoor,2026-05-12T00:57:08.340162+0000,0.340162,382a78668f62,quad,1.0,8136
2026-05-11T17:57:11-07:00,587,37.42768330123512,-122.1689638495688,25.7209312366322,0.0,0.0,outdoor,2026-05-12T00:57:09.734982+0000,-1.265018,382a78668f62,quad,1.0,8138
2026-05-11T17:57:14-07:00,588,37.42771839509469,-122.1689381738039,26.6415461245924,0.0,0.0,outdoor,2026-05-12T00:57:13.726682+0000,-0.273318,e5a976da7bd3,quad,1.0,8141
2026-05-11T17:57:17-07:00,589,37.42775928399539,-122.1689284081405,26.2053483957425,0.0,0.0,outdoor,2026-05-12T00:57:17.053580+0000,0.05358,f2fa9946b114,quad,1.0,8143
2026-05-11T17:57:21-07:00,590,37.42781016309738,-122.1689280873836,25.5612263008952,0.0,0.0,outdoor,2026-05-12T00:57:21.013442+0000,0.013442,ea31c3a18de5,quad,1.0,8146
2026-05-11T17:57:24-07:00,591,37.4278372670468,-122.1689537500412,25.5061951270327,0.0,0.0,outdoor,2026-05-12T00:57:24.356757+0000,0.356757,734b8ccc6b73,quad,1.0,8148
2026-05-11T17:57:27-07:00,592,37.42786579805691,-122.1689824606597,25.3093279059976,0.0,0.0,outdoor,2026-05-12T00:57:25.741423+0000,-1.258577,734b8ccc6b73,quad,1.0,8150
2026-05-11T17:57:30-07:00,593,37.4278685033869,-122.1690325694782,25.668769352138,0.0,0.0,outdoor,2026-05-12T00:57:30.011680+0000,0.01168,fca7c266d4ce,quad,1.0,8153
2026-05-11T17:57:33-07:00,594,37.42787509619546,-122.1690793309669,26.0255166543648,0.0,0.0,outdoor,2026-05-12T00:57:33.014956+0000,0.014956,fc8a73736651,quad,1.0,8155
2026-05-11T17:57:37-07:00,595,37.42787878090558,-122.1691430950395,25.0566847231239,0.0,0.0,outdoor,2026-05-12T00:57:37.090131+0000,0.090131,072898fc1f23,quad,1.0,8158
2026-05-11T17:57:40-07:00,596,37.42790150510446,-122.1691857865243,26.7888217419386,0.0,0.0,outdoor,2026-05-12T00:57:40.385340+0000,0.38534,587cc7f3db19,quad,1.0,8160
2026-05-11T17:57:43-07:00,597,37.42790734613719,-122.169218883149,26.4184730332345,0.0,0.0,outdoor,2026-05-12T00:57:41.783912+0000,-1.216088,587cc7f3db19,quad,1.0,8162
2026-05-11T17:57:46-07:00,598,37.42791526964293,-122.1692673410572,26.3906798483804,0.0,0.0,outdoor,2026-05-12T00:57:45.753051+0000,-0.246949,c3a78c08b9cf,quad,1.0,8165
2026-05-11T17:57:49-07:00,599,37.42793209634139,-122.1693159565444,26.2785312021151,0.0,0.0,outdoor,2026-05-12T00:57:49.044631+0000,0.044631,e4670bc5b978,quad,1.0,8167
2026-05-11T17:57:53-07:00,600,37.42796729997254,-122.1693432494405,27.1607602527365,0.0,0.0,outdoor,2026-05-12T00:57:53.041040+0000,0.04104,0f9f8c596b84,quad,1.0,8170
2026-05-11T17:57:56-07:00,601,37.42800369995597,-122.1693450737534,26.6020408663899,0.0,0.0,outdoor,2026-05-12T00:57:56.375313+0000,0.375313,aac9e1c95fbd,quad,1.0,8172
2026-05-11T17:57:59-07:00,602,37.42803694643401,-122.1693575639563,26.1189494710416,0.0,0.0,outdoor,2026-05-12T00:57:57.747772+0000,-1.252228,aac9e1c95fbd,quad,1.0,8174
2026-05-11T17:58:02-07:00,603,37.42805572469913,-122.1693881010619,26.3923258101568,0.0,0.0,outdoor,2026-05-12T00:58:01.752863+0000,-0.247137,2ea16c5e94a8,quad,1.0,8177
2026-05-11T17:58:06-07:00,604,37.42806449326628,-122.1694465892878,26.8826591316611,0.0,0.0,outdoor,2026-05-12T00:58:05.759741+0000,-0.240259,3fc212e903a2,quad,1.0,8180
2026-05-11T17:58:09-07:00,605,37.42807782506291,-122.1694934080647,27.142287380062,0.0,0.0,outdoor,2026-05-12T00:58:09.068847+0000,0.068847,70807968b7b2,quad,1.0,8182
2026-05-11T17:58:12-07:00,606,37.42807787932779,-122.1695491426207,26.6587297888473,0.0,0.0,outdoor,2026-05-12T00:58:12.369559+0000,0.369559,5bcef897c98e,quad,1.0,8184
2026-05-11T17:58:15-07:00,607,37.42804319713873,-122.1695634744372,26.3897348158062,0.0,0.0,outdoor,2026-05-12T00:58:13.820565+0000,-1.179435,5bcef897c98e,quad,1.0,8186
2026-05-11T17:58:18-07:00,608,37.42800526446455,-122.1695571187781,27.2629102924839,0.0,0.0,outdoor,2026-05-12T00:58:17.891735+0000,-0.108265,e94536a263f9,quad,1.0,8189
2026-05-11T17:58:22-07:00,609,37.42797572628557,-122.1696113628726,28.1800910178572,0.0,0.0,outdoor,2026-05-12T00:58:21.796053+0000,-0.203947,c84bca9fb120,quad,1.0,8192
2026-05-11T17:58:25-07:00,610,37.42797423291341,-122.1696514016896,28.2871781866997,0.0,0.0,outdoor,2026-05-12T00:58:25.072345+0000,0.072345,affaede66de9,quad,1.0,8194
2026-05-11T17:58:28-07:00,611,37.42797486868665,-122.1696982396368,26.8848502123728,0.0,0.0,outdoor,2026-05-12T00:58:28.405015+0000,0.405015,bbfb238b9948,quad,1.0,8196
2026-05-11T17:58:31-07:00,612,37.42799633600866,-122.1697434813773,27.4545187884942,0.0,0.0,outdoor,2026-05-12T00:58:29.784763+0000,-1.215237,bbfb238b9948,quad,1.0,8198
2026-05-11T17:58:35-07:00,613,37.42801210195793,-122.1697948192635,27.593323729001,0.0,0.0,outdoor,2026-05-12T00:58:33.790960+0000,-1.20904,088e215e56fd,quad,1.0,8201
2026-05-11T17:58:38-07:00,614,37.42803275852397,-122.1698227893425,26.5910901613534,0.0,0.0,outdoor,2026-05-12T00:58:37.776314+0000,-0.223686,31af29bea232,quad,1.0,8204
2026-05-11T17:58:41-07:00,615,37.42805519037567,-122.1698282920947,26.4627958182246,0.0,0.0,outdoor,2026-05-12T00:58:41.079788+0000,0.079788,c490a60239c0,quad,1.0,8206
2026-05-11T17:58:44-07:00,616,37.42808369582852,-122.1698223032168,26.0391640588641,0.0,0.0,outdoor,2026-05-12T00:58:44.399005+0000,0.399005,19b19d5acc3a,quad,1.0,8208
2026-05-11T17:58:47-07:00,617,37.42811255572644,-122.1698247775401,26.107379916124,0.0,0.0,outdoor,2026-05-12T00:58:45.793855+0000,-1.206145,19b19d5acc3a,quad,1.0,8210
2026-05-11T17:58:51-07:00,618,37.42814297176467,-122.1698746899793,25.980486205779,0.0,0.0,outdoor,2026-05-12T00:58:49.766756+0000,-1.233244,cfbca67f7d7a,quad,1.0,8213
2026-05-11T17:58:54-07:00,619,37.42815224589752,-122.1699124821007,25.8075905917212,0.0,0.0,outdoor,2026-05-12T00:58:53.790607+0000,-0.209393,4074ccb65039,quad,1.0,8216
2026-05-11T17:58:57-07:00,620,37.42816376580792,-122.1699537799166,26.8746853545308,0.0,0.0,outdoor,2026-05-12T00:58:57.093354+0000,0.093354,b9a2e92fb307,quad,1.0,8218
2026-05-11T17:59:00-07:00,621,37.4281783391548,-122.1699914937818,26.7050107261166,0.0,0.0,outdoor,2026-05-12T00:59:00.416171+0000,0.416171,a04687b4518d,quad,1.0,8220
2026-05-11T17:59:04-07:00,622,37.42818997332899,-122.1700524879196,26.9778743889183,0.0,0.0,outdoor,2026-05-12T00:59:04.439261+0000,0.439261,f6e9ced5e8ac,quad,1.0,8223
2026-05-11T17:59:07-07:00,623,37.42820098253905,-122.1700904625529,25.9930988959968,0.0,0.0,outdoor,2026-05-12T00:59:05.849419+0000,-1.150581,f6e9ced5e8ac,quad,1.0,8225
2026-05-11T17:59:10-07:00,624,37.42821406480964,-122.1701344275056,26.477063447237,0.0,0.0,outdoor,2026-05-12T00:59:09.819255+0000,-0.180745,4a35be8ab78d,quad,1.0,8228
2026-05-11T17:59:13-07:00,625,37.42822221947471,-122.1701802604916,26.0015503484756,0.0,0.0,outdoor,2026-05-12T00:59:13.116776+0000,0.116776,5f3d4c47f2e7,quad,1.0,8230
2026-05-11T17:59:16-07:00,626,37.42823212918528,-122.1702144681444,24.9520535878837,0.0,0.0,outdoor,2026-05-12T00:59:16.450376+0000,0.450376,50afbb003451,quad,1.0,8232
2026-05-11T17:59:20-07:00,627,37.42824711891326,-122.1702710791752,26.1454888442531,0.0,0.0,outdoor,2026-05-12T00:59:20.507059+0000,0.507059,5afd1011ac21,quad,1.0,8235
2026-05-11T17:59:23-07:00,628,37.42824590588811,-122.1702621699045,26.0762287899852,0.0,0.0,outdoor,2026-05-12T00:59:22.093353+0000,-0.906647,5afd1011ac21,quad,1.0,8237
2026-05-11T17:59:26-07:00,629,37.42824590588811,-122.1702621699045,26.0762287899852,0.0,0.0,outdoor,2026-05-12T00:59:25.891012+0000,-0.108988,9e45ca32f00c,quad,1.0,8240
2026-05-11T17:59:29-07:00,630,37.42824590588811,-122.1702621699045,26.0762287899852,0.0,0.0,outdoor,2026-05-12T00:59:29.149322+0000,0.149322,4d946aa27868,quad,1.0,8242
2026-05-11T17:59:32-07:00,631,37.42823842786714,-122.1703229110508,26.5787287410349,0.0,0.0,outdoor,2026-05-12T00:59:32.434429+0000,0.434429,6edd0d673825,quad,1.0,8244
2026-05-11T17:59:36-07:00,632,37.42823341121631,-122.1703666553272,26.6474624406546,0.0,0.0,outdoor,2026-05-12T00:59:36.450513+0000,0.450513,b0ae5e0d1b84,quad,1.0,8247
2026-05-11T17:59:39-07:00,633,37.42823397011341,-122.1704139302104,27.0920788915828,0.0,0.0,outdoor,2026-05-12T00:59:37.902462+0000,-1.097538,b0ae5e0d1b84,quad,1.0,8249
2026-05-11T17:59:42-07:00,634,37.42824006975906,-122.1704692460061,26.9385112915188,0.0,0.0,outdoor,2026-05-12T00:59:41.812947+0000,-0.187053,af3297f7c796,quad,1.0,8252
2026-05-11T17:59:45-07:00,635,37.42825194232585,-122.1704975348487,27.2004717290401,0.0,0.0,outdoor,2026-05-12T00:59:45.314843+0000,0.314843,dbe8981b9b00,quad,1.0,8254
2026-05-11T17:59:49-07:00,636,37.42821659792035,-122.1705228247498,27.1075777439401,0.0,0.0,outdoor,2026-05-12T00:59:49.184416+0000,0.184416,0cd5e8e0fa2c,quad,1.0,8257
2026-05-11T17:59:52-07:00,637,37.42820652009967,-122.1705447609966,27.0468165427446,0.0,0.0,outdoor,2026-05-12T00:59:52.453751+0000,0.453751,b76242f60621,quad,1.0,8259
2026-05-11T17:59:55-07:00,638,37.42820683365601,-122.1705809853211,26.9770805444568,0.0,0.0,outdoor,2026-05-12T00:59:53.846333+0000,-1.153667,b76242f60621,quad,1.0,8261
2026-05-11T17:59:58-07:00,639,37.42820467135584,-122.1706025257244,27.5133176427335,0.0,0.0,outdoor,2026-05-12T00:59:57.860810+0000,-0.13919,447078da4042,quad,1.0,8264
2026-05-11T18:00:01-07:00,640,37.42823230806154,-122.1706518251505,27.0671167140827,0.0,0.0,outdoor,2026-05-12T01:00:01.182074+0000,0.182074,7b693c122c4c,quad,1.0,8266
2026-05-11T18:00:05-07:00,641,37.4282427934021,-122.1707001202389,27.091546847485,0.0,0.0,outdoor,2026-05-12T01:00:05.158746+0000,0.158746,92171a257075,quad,1.0,8269
2026-05-11T18:00:08-07:00,642,37.42825160810839,-122.1707373831016,26.2949562808499,0.0,0.0,outdoor,2026-05-12T01:00:08.481811+0000,0.481811,5c0b73ae0593,quad,1.0,8271
2026-05-11T18:00:11-07:00,643,37.42825856580796,-122.1707831817737,26.1906648650765,0.0,0.0,outdoor,2026-05-12T01:00:09.871932+0000,-1.128068,5c0b73ae0593,quad,1.0,8273
2026-05-11T18:00:14-07:00,644,37.42826608792753,-122.1708162648699,26.8890039920807,0.0,0.0,outdoor,2026-05-12T01:00:13.864918+0000,-0.135082,adaba5b6682f,quad,1.0,8276
2026-05-11T18:00:18-07:00,645,37.42827498015315,-122.1708647895805,26.6420436212793,0.0,0.0,outdoor,2026-05-12T01:00:17.935311+0000,-0.064689,920d6a668ee4,quad,1.0,8279
2026-05-11T18:00:21-07:00,646,37.42829347967287,-122.1709181263838,25.855301965028,0.0,0.0,outdoor,2026-05-12T01:00:21.193363+0000,0.193363,11584199a5ff,quad,1.0,8281
2026-05-11T18:00:24-07:00,647,37.42829748404343,-122.1709655426377,26.8432587143034,0.0,0.0,outdoor,2026-05-12T01:00:24.515414+0000,0.515414,ea3a6af191aa,quad,1.0,8283
2026-05-11T18:00:27-07:00,648,37.42830827657251,-122.1710095891915,26.2738910177723,0.0,0.0,outdoor,2026-05-12T01:00:25.967845+0000,-1.032155,ea3a6af191aa,quad,1.0,8285
2026-05-11T18:00:30-07:00,649,37.42832943606798,-122.1710517540075,26.1110222525895,0.0,0.0,outdoor,2026-05-12T01:00:29.886533+0000,-0.113467,cba91c07f1a3,quad,1.0,8288
2026-05-11T18:00:34-07:00,650,37.42833949254154,-122.1711075759371,26.7329296888784,0.0,0.0,outdoor,2026-05-12T01:00:33.902899+0000,-0.097101,63436fc73346,quad,1.0,8291
2026-05-11T18:00:37-07:00,651,37.42834469618846,-122.1711556701503,27.0345550850034,0.0,0.0,outdoor,2026-05-12T01:00:37.203382+0000,0.203382,4a4274fd5275,quad,1.0,8293
2026-05-11T18:00:40-07:00,652,37.42834024490089,-122.1712070515113,27.3946131365374,0.0,0.0,outdoor,2026-05-12T01:00:40.505861+0000,0.505861,0bdcfe903262,quad,1.0,8295
2026-05-11T18:00:43-07:00,653,37.42832627603603,-122.1712454345819,27.5172850573435,0.0,0.0,outdoor,2026-05-12T01:00:41.917608+0000,-1.082392,0bdcfe903262,quad,1.0,8297
2026-05-11T18:00:46-07:00,654,37.42830292032621,-122.1712845813948,27.4388405578211,0.0,0.0,outdoor,2026-05-12T01:00:45.924123+0000,-0.075877,9a338916bb79,quad,1.0,8300
2026-05-11T18:00:50-07:00,655,37.42826835047722,-122.1713414511941,27.8740138448775,0.0,0.0,outdoor,2026-05-12T01:00:49.915193+0000,-0.084807,0eb162d9cf5e,quad,1.0,8303
2026-05-11T18:00:53-07:00,656,37.42826508355525,-122.1713766790151,27.5723153306171,0.0,0.0,outdoor,2026-05-12T01:00:53.206996+0000,0.206996,ea67c3ee8f82,quad,1.0,8305
2026-05-11T18:00:56-07:00,657,37.42826695639226,-122.171425000403,27.4768702536821,0.0,0.0,outdoor,2026-05-12T01:00:56.568000+0000,0.568,59e330e4d54e,quad,1.0,8307
2026-05-11T18:00:59-07:00,658,37.42826015179067,-122.1714690972238,27.2346696257591,0.0,0.0,outdoor,2026-05-12T01:00:58.020310+0000,-0.97969,59e330e4d54e,quad,1.0,8309
2026-05-11T18:01:03-07:00,659,37.42824449226976,-122.1715219421538,28.0110530760139,0.0,0.0,outdoor,2026-05-12T01:01:01.994324+0000,-1.005676,aa95660e0969,quad,1.0,8312
2026-05-11T18:01:06-07:00,660,37.42822823716579,-122.1715567887825,28.5354006811976,0.0,0.0,outdoor,2026-05-12T01:01:05.917422+0000,-0.082578,6e491cadbd33,quad,1.0,8315
2026-05-11T18:01:09-07:00,661,37.42820712866206,-122.1715951280943,28.7518832143396,0.0,0.0,outdoor,2026-05-12T01:01:09.219223+0000,0.219223,efa9568bf9ae,quad,1.0,8317
2026-05-11T18:01:12-07:00,662,37.42820982481251,-122.1716106488806,28.2531352145597,0.0,0.0,outdoor,2026-05-12T01:01:12.590304+0000,0.590304,b70b5dbdaacc,quad,1.0,8319
2026-05-11T18:01:15-07:00,663,37.42819352420159,-122.1716693702642,28.3608642155305,0.0,0.0,outdoor,2026-05-12T01:01:14.091458+0000,-0.908542,b70b5dbdaacc,quad,1.0,8321
2026-05-11T18:01:19-07:00,664,37.42819652099921,-122.1717278753803,28.4189775558189,0.0,0.0,outdoor,2026-05-12T01:01:18.054180+0000,-0.94582,82c147a8ea3d,quad,1.0,8324
2026-05-11T18:01:22-07:00,665,37.42819265395516,-122.1717387178878,28.6589697534218,0.0,0.0,outdoor,2026-05-12T01:01:22.025539+0000,0.025539,04be3fb0e6d9,quad,1.0,8327
2026-05-11T18:01:25-07:00,666,37.42814119225815,-122.1717962116942,28.2685226537287,0.0,0.0,outdoor,2026-05-12T01:01:25.246895+0000,0.246895,aeeb6ebb3a33,quad,1.0,8329
2026-05-11T18:01:28-07:00,667,37.42812270237897,-122.1718480086471,28.5009955912828,0.0,0.0,outdoor,2026-05-12T01:01:28.576271+0000,0.576271,2fd34c7e4ba6,quad,1.0,8331
2026-05-11T18:01:32-07:00,668,37.42810622780971,-122.1719165920193,28.4395035337657,0.0,0.0,outdoor,2026-05-12T01:01:32.556494+0000,0.556494,3f91e2136f4a,quad,1.0,8334
2026-05-11T18:01:35-07:00,669,37.42806834363392,-122.171954070145,28.0195453120396,0.0,0.0,outdoor,2026-05-12T01:01:33.962826+0000,-1.037174,3f91e2136f4a,quad,1.0,8336
2026-05-11T18:01:38-07:00,670,37.42804548152785,-122.1719850671808,28.0938085988164,0.0,0.0,outdoor,2026-05-12T01:01:37.991729+0000,-0.008271,bc39cc8e92c7,quad,1.0,8339
2026-05-11T18:01:41-07:00,671,37.42800664889748,-122.1719967948026,28.3866546778008,0.0,0.0,outdoor,2026-05-12T01:01:41.246742+0000,0.246742,9fa3dad4d85f,quad,1.0,8341
2026-05-11T18:01:44-07:00,672,37.4279784225932,-122.1720085214162,28.3531174957752,0.0,0.0,outdoor,2026-05-12T01:01:44.573219+0000,0.573219,5a65106c5c69,quad,1.0,8343
2026-05-11T18:01:48-07:00,673,37.427944493614,-122.1720357485352,28.3988284030929,0.0,0.0,outdoor,2026-05-12T01:01:48.568775+0000,0.568775,efa3499b2103,quad,1.0,8346
2026-05-11T18:01:51-07:00,674,37.42791615113645,-122.1720499598432,28.1770910155028,0.0,0.0,outdoor,2026-05-12T01:01:49.959289+0000,-1.040711,efa3499b2103,quad,1.0,8348
2026-05-11T18:01:54-07:00,675,37.42789893247085,-122.1720691591396,27.9784553404897,0.0,0.0,outdoor,2026-05-12T01:01:53.932727+0000,-0.067273,1f944867733b,quad,1.0,8351
2026-05-11T18:01:57-07:00,676,37.42786797967881,-122.1720939812238,28.1204919181764,0.0,0.0,outdoor,2026-05-12T01:01:57.253893+0000,0.253893,1c25c02293b1,quad,1.0,8353
2026-05-11T18:02:01-07:00,677,37.42782120318919,-122.172112409304,28.209351837635,0.0,0.0,outdoor,2026-05-12T01:02:01.236450+0000,0.23645,174ec5735221,quad,1.0,8356
2026-05-11T18:02:04-07:00,678,37.42778602724003,-122.1721229776526,28.0327792782336,0.0,0.0,outdoor,2026-05-12T01:02:04.578502+0000,0.578502,53d676fc980a,quad,1.0,8358
2026-05-11T18:02:07-07:00,679,37.42775741458894,-122.1721418373783,27.6542175430804,0.0,0.0,outdoor,2026-05-12T01:02:05.982843+0000,-1.017157,53d676fc980a,quad,1.0,8360
2026-05-11T18:02:10-07:00,680,37.42772093941978,-122.1721587531526,28.0402093585581,0.0,0.0,outdoor,2026-05-12T01:02:09.968824+0000,-0.031176,b7733cd5ef51,quad,1.0,8363
2026-05-11T18:02:14-07:00,681,37.42767475450825,-122.1721772069141,27.4200268387794,0.0,0.0,outdoor,2026-05-12T01:02:13.960839+0000,-0.039161,fe78181d93e6,quad,1.0,8366
2026-05-11T18:02:17-07:00,682,37.42764261267144,-122.172189037982,27.3882933389395,0.0,0.0,outdoor,2026-05-12T01:02:17.299071+0000,0.299071,4b91bccc02e0,quad,1.0,8368
2026-05-11T18:02:20-07:00,683,37.42760903979202,-122.1721943335208,26.9717613784596,0.0,0.0,outdoor,2026-05-12T01:02:20.602137+0000,0.602137,e8a5891cfbd1,quad,1.0,8370
2026-05-11T18:02:23-07:00,684,37.42757906702005,-122.1722056573566,27.2632464179769,0.0,0.0,outdoor,2026-05-12T01:02:21.996630+0000,-1.00337,e8a5891cfbd1,quad,1.0,8372
2026-05-11T18:02:26-07:00,685,37.42754527640338,-122.1722274130362,28.4021786125377,0.0,0.0,outdoor,2026-05-12T01:02:26.003143+0000,0.003143,f8f5f5670501,quad,1.0,8375
2026-05-11T18:02:30-07:00,686,37.42751408471023,-122.1722495115561,28.0746776340529,0.0,0.0,outdoor,2026-05-12T01:02:30.000881+0000,0.000881,8bb11fae2bbe,quad,1.0,8378
2026-05-11T18:02:33-07:00,687,37.42749226038406,-122.17225550923,28.2674942081794,0.0,0.0,outdoor,2026-05-12T01:02:33.286084+0000,0.286084,456ee65fad07,quad,1.0,8380
2026-05-11T18:02:36-07:00,688,37.42747300336383,-122.1722760570768,26.9828319083899,0.0,0.0,outdoor,2026-05-12T01:02:36.626111+0000,0.626111,859080d8aee6,quad,1.0,8382
2026-05-11T18:02:39-07:00,689,37.42743262458164,-122.1722910748041,27.6044140253216,0.0,0.0,outdoor,2026-05-12T01:02:38.024505+0000,-0.975495,859080d8aee6,quad,1.0,8384
2026-05-11T18:02:43-07:00,690,37.42738766468457,-122.1723057019512,27.4757678154856,0.0,0.0,outdoor,2026-05-12T01:02:42.025302+0000,-0.974698,24019dd2a56b,quad,1.0,8387
2026-05-11T18:02:46-07:00,691,37.42735877584946,-122.1723293155142,27.9683434590697,0.0,0.0,outdoor,2026-05-12T01:02:46.035290+0000,0.03529,4f5347077180,quad,1.0,8390
2026-05-11T18:02:49-07:00,692,37.42733209293145,-122.1723450577039,27.9086714051664,0.0,0.0,outdoor,2026-05-12T01:02:49.325265+0000,0.325265,0ab2008d1e21,quad,1.0,8392
2026-05-11T18:02:52-07:00,693,37.42730682402318,-122.1723619711039,28.0181512245908,0.0,0.0,outdoor,2026-05-12T01:02:52.619672+0000,0.619672,028219d04f3c,quad,1.0,8394
2026-05-11T18:02:55-07:00,694,37.42727852658687,-122.1723819328728,28.4673650460318,0.0,0.0,outdoor,2026-05-12T01:02:54.031635+0000,-0.968365,028219d04f3c,quad,1.0,8396
2026-05-11T18:02:59-07:00,695,37.42724505557284,-122.1723982924569,28.318401391618,0.0,0.0,outdoor,2026-05-12T01:02:58.044264+0000,-0.955736,d80dee0ff15c,quad,1.0,8399
2026-05-11T18:03:02-07:00,696,37.42723283956291,-122.1724350738154,28.5965121248737,0.0,0.0,outdoor,2026-05-12T01:03:02.063715+0000,0.063715,691211542231,quad,1.0,8402
2026-05-11T18:03:05-07:00,697,37.42721431721147,-122.1724763027041,29.1267521884292,0.0,0.0,outdoor,2026-05-12T01:03:05.342746+0000,0.342746,775ba38a37b7,quad,1.0,8404
2026-05-11T18:03:08-07:00,698,37.42719515674557,-122.1725098009719,29.3455840330571,0.0,0.0,outdoor,2026-05-12T01:03:08.655041+0000,0.655041,24438301cb6e,quad,1.0,8406
2026-05-11T18:03:12-07:00,699,37.42718176943475,-122.1725628100874,28.8096827827394,0.0,0.0,outdoor,2026-05-12T01:03:12.645775+0000,0.645775,022261e6d095,quad,1.0,8409
2026-05-11T18:03:15-07:00,700,37.42717517979634,-122.172600318724,29.1077274410054,0.0,0.0,outdoor,2026-05-12T01:03:14.062267+0000,-0.937733,022261e6d095,quad,1.0,8411
2026-05-11T18:03:18-07:00,701,37.42717698645882,-122.1726417053671,29.4409193750471,0.0,0.0,outdoor,2026-05-12T01:03:18.049751+0000,0.049751,736416583ae4,quad,1.0,8414
2026-05-11T18:03:21-07:00,702,37.42718136801388,-122.1726765369162,29.8523976840079,0.0,0.0,outdoor,2026-05-12T01:03:20.659149+0000,-0.340851,d100c3085498,quad,1.0,8415
2026-05-11T18:03:24-07:00,703,37.4271852962949,-122.1727046958101,29.8476265249774,0.0,0.0,outdoor,2026-05-12T01:03:24.651084+0000,0.651084,d72c1c43a16a,quad,1.0,8418
2026-05-11T18:03:28-07:00,704,37.42721418688397,-122.1727180928038,29.6271484289318,0.0,0.0,outdoor,2026-05-12T01:03:28.681176+0000,0.681176,9dc7582261e3,quad,1.0,8421
2026-05-11T18:03:31-07:00,705,37.42725533772292,-122.1727609920255,29.7379860477522,0.0,0.0,outdoor,2026-05-12T01:03:30.098209+0000,-0.901791,9dc7582261e3,quad,1.0,8423
2026-05-11T18:03:34-07:00,706,37.42727542346926,-122.172797990323,29.9028848158196,0.0,0.0,outdoor,2026-05-12T01:03:34.073812+0000,0.073812,9ef1f6de4ff2,quad,1.0,8426
2026-05-11T18:03:37-07:00,707,37.42731641294506,-122.1728337302522,30.1763403061777,0.0,0.0,outdoor,2026-05-12T01:03:36.674959+0000,-0.325041,eec5d19ef302,quad,1.0,8427
2026-05-11T18:03:40-07:00,708,37.42734549166282,-122.1728899203915,30.3601281624287,0.0,0.0,outdoor,2026-05-12T01:03:40.682161+0000,0.682161,741b9c873739,quad,1.0,8430
2026-05-11T18:03:44-07:00,709,37.42734306076631,-122.172959116389,31.7141194650903,0.0,0.0,outdoor,2026-05-12T01:03:44.705064+0000,0.705064,86bd5d485a80,quad,1.0,8433
2026-05-11T18:03:47-07:00,710,37.42735480653722,-122.1730056990028,31.2934973025694,0.0,0.0,outdoor,2026-05-12T01:03:46.130229+0000,-0.869771,86bd5d485a80,quad,1.0,8435
2026-05-11T18:03:50-07:00,711,37.42735684932261,-122.1730331491233,31.7942336145788,0.0,0.0,outdoor,2026-05-12T01:03:50.091150+0000,0.09115,ad238a1ec98e,quad,1.0,8438
2026-05-11T18:03:53-07:00,712,37.42737065973255,-122.1730793853946,31.4110767133534,0.0,0.0,outdoor,2026-05-12T01:03:52.704122+0000,-0.295878,d70c305900ff,quad,1.0,8439
2026-05-11T18:03:57-07:00,713,37.42737241289883,-122.17311720625,32.3857614509761,0.0,0.0,outdoor,2026-05-12T01:03:56.698822+0000,-0.301178,de15a79ee1ff,quad,1.0,8442
2026-05-11T18:04:00-07:00,714,37.42737346382322,-122.1731577824893,32.0581203149632,0.0,0.0,outdoor,2026-05-12T01:04:00.695589+0000,0.695589,1a5974cc5863,quad,1.0,8445
2026-05-11T18:04:03-07:00,715,37.42737182626358,-122.17318109194,32.8745091333985,0.0,0.0,outdoor,2026-05-12T01:04:02.090576+0000,-0.909424,1a5974cc5863,quad,1.0,8447
2026-05-11T18:04:06-07:00,716,37.42736969948092,-122.1732244568571,32.2420130008832,0.0,0.0,outdoor,2026-05-12T01:04:06.100751+0000,0.100751,12fa9cfc41a5,quad,1.0,8450
2026-05-11T18:04:09-07:00,717,37.42735864631428,-122.1732792605573,32.0401709340513,0.0,0.0,outdoor,2026-05-12T01:04:08.705082+0000,-0.294918,5694630b5380,quad,1.0,8451
2026-05-11T18:04:13-07:00,718,37.42738810592601,-122.1733351175937,32.8745469748974,0.0,0.0,outdoor,2026-05-12T01:04:12.703154+0000,-0.296846,49838cb8c124,quad,1.0,8454
2026-05-11T18:04:16-07:00,719,37.42737630645143,-122.1733824996267,32.3685128176585,0.0,0.0,outdoor,2026-05-12T01:04:16.723497+0000,0.723497,879cb5b7ebda,quad,1.0,8457
2026-05-11T18:04:19-07:00,720,37.42732997866799,-122.1734106622742,32.4073196947575,0.0,0.0,outdoor,2026-05-12T01:04:18.125892+0000,-0.874108,879cb5b7ebda,quad,1.0,8459
2026-05-11T18:04:22-07:00,721,37.42728652421019,-122.1734182602777,32.197630844079,0.0,0.0,outdoor,2026-05-12T01:04:22.121908+0000,0.121908,c527777e965b,quad,1.0,8462
2026-05-11T18:04:26-07:00,722,37.42724365338433,-122.1734601093368,32.3430520538241,0.0,0.0,outdoor,2026-05-12T01:04:26.133241+0000,0.133241,e4ceb8c03477,quad,1.0,8465
2026-05-11T18:04:29-07:00,723,37.42720431842846,-122.173464712037,32.8297715643421,0.0,0.0,outdoor,2026-05-12T01:04:28.729142+0000,-0.270858,e0f9bd289f32,quad,1.0,8466
2026-05-11T18:04:32-07:00,724,37.42716948527998,-122.1734766015156,33.6217322191224,0.0,0.0,outdoor,2026-05-12T01:04:32.719897+0000,0.719897,3d3d20270ad6,quad,1.0,8469
2026-05-11T18:04:35-07:00,725,37.42715153381999,-122.1734936635079,34.1836125757545,0.0,0.0,outdoor,2026-05-12T01:04:34.165703+0000,-0.834297,3d3d20270ad6,quad,1.0,8471
2026-05-11T18:04:38-07:00,726,37.42714116502432,-122.1735267590533,34.15350036975,0.0,0.0,outdoor,2026-05-12T01:04:38.123091+0000,0.123091,a21ef646a847,quad,1.0,8474
2026-05-11T18:04:42-07:00,727,37.42713893022172,-122.1735667824684,36.5386921996251,0.0,0.0,outdoor,2026-05-12T01:04:42.104715+0000,0.104715,b7247cf15611,quad,1.0,8477
2026-05-11T18:04:45-07:00,728,37.42715756063244,-122.1736216347589,36.180640890263,0.0,0.0,outdoor,2026-05-12T01:04:44.756457+0000,-0.243543,521dc5a340fa,quad,1.0,8478
2026-05-11T18:04:48-07:00,729,37.42716453099801,-122.1736599256053,35.9341944400221,0.0,0.0,outdoor,2026-05-12T01:04:48.739653+0000,0.739653,7790d5cf654d,quad,1.0,8481
2026-05-11T18:04:51-07:00,730,37.42718632696732,-122.1737187120227,35.1710805790499,0.0,0.0,outdoor,2026-05-12T01:04:50.164343+0000,-0.835657,7790d5cf654d,quad,1.0,8483
2026-05-11T18:04:54-07:00,731,37.42721186820836,-122.1737583705348,34.6960083534941,0.0,0.0,outdoor,2026-05-12T01:04:54.116657+0000,0.116657,9cc509efe670,quad,1.0,8486
2026-05-11T18:04:58-07:00,732,37.4272452985203,-122.1738055614647,32.670921641402,0.0,0.0,outdoor,2026-05-12T01:04:58.153780+0000,0.15378,65057f15fc96,quad,1.0,8489
2026-05-11T18:05:01-07:00,733,37.42728206587836,-122.1738140980238,32.7625226313248,0.0,0.0,outdoor,2026-05-12T01:05:00.759114+0000,-0.240886,d0268eb69cac,quad,1.0,8490
2026-05-11T18:05:04-07:00,734,37.42732104093763,-122.1738022206472,32.394574563019,0.0,0.0,outdoor,2026-05-12T01:05:04.766689+0000,0.766689,306c55fe699d,quad,1.0,8493
2026-05-11T18:05:07-07:00,735,37.42735667252931,-122.1737969098872,32.4010549448431,0.0,0.0,outdoor,2026-05-12T01:05:06.179216+0000,-0.820784,306c55fe699d,quad,1.0,8495
2026-05-11T18:05:11-07:00,736,37.42740059167626,-122.1737972125745,31.7401829380542,0.0,0.0,outdoor,2026-05-12T01:05:10.150968+0000,-0.849032,7769a19c863f,quad,1.0,8498
2026-05-11T18:05:14-07:00,737,37.42743067023684,-122.1737969038133,31.2265860512853,0.0,0.0,outdoor,2026-05-12T01:05:14.153674+0000,0.153674,39156e0c5101,quad,1.0,8501
2026-05-11T18:05:17-07:00,738,37.4274664661143,-122.1737880333448,31.2344957645982,0.0,0.0,outdoor,2026-05-12T01:05:16.772259+0000,-0.227741,19af224a474c,quad,1.0,8502
2026-05-11T18:05:20-07:00,739,37.42749964702259,-122.1737763690171,31.1265785852447,0.0,0.0,outdoor,2026-05-12T01:05:20.770042+0000,0.770042,dc9b6dc99863,quad,1.0,8505
2026-05-11T18:05:24-07:00,740,37.42753357902262,-122.1737539944044,30.7254194691777,0.0,0.0,outdoor,2026-05-12T01:05:24.805814+0000,0.805814,d4cdbab6fa48,quad,1.0,8508
2026-05-11T18:05:27-07:00,741,37.42758053129614,-122.1737526169795,30.2595367114991,0.0,0.0,outdoor,2026-05-12T01:05:26.241107+0000,-0.758893,d4cdbab6fa48,quad,1.0,8510
2026-05-11T18:05:30-07:00,742,37.42761897608115,-122.1737483621836,29.2994574978948,0.0,0.0,outdoor,2026-05-12T01:05:30.140688+0000,0.140688,b7cf8b064ad1,quad,1.0,8513
2026-05-11T18:05:33-07:00,743,37.42765409750332,-122.1737365973539,29.5030976729468,0.0,0.0,outdoor,2026-05-12T01:05:32.796919+0000,-0.203081,c8c3cdc72d69,quad,1.0,8514
2026-05-11T18:05:36-07:00,744,37.42768780886248,-122.1737233869825,29.6771443402395,0.0,0.0,outdoor,2026-05-12T01:05:36.791280+0000,0.79128,bc03167dd155,quad,1.0,8517
2026-05-11T18:05:40-07:00,745,37.42773405398899,-122.1737226843488,29.607968733646,0.0,0.0,outdoor,2026-05-12T01:05:40.771600+0000,0.7716,6267322d426c,quad,1.0,8520
2026-05-11T18:05:43-07:00,746,37.42775642304146,-122.1737542662463,29.562655184418,0.0,0.0,outdoor,2026-05-12T01:05:42.169450+0000,-0.83055,6267322d426c,quad,1.0,8522
2026-05-11T18:05:46-07:00,747,37.427768040575,-122.1737929627331,29.9251821823418,0.0,0.0,outdoor,2026-05-12T01:05:46.228530+0000,0.22853,38df6c0bb636,quad,1.0,8525
2026-05-11T18:05:49-07:00,748,37.42777285683322,-122.1738276060579,30.4658348541707,0.0,0.0,outdoor,2026-05-12T01:05:48.850947+0000,-0.149053,c43115ddd110,quad,1.0,8526
2026-05-11T18:05:52-07:00,749,37.42778159393939,-122.1738561831725,30.213453178294,0.0,0.0,outdoor,2026-05-12T01:05:52.798933+0000,0.798933,5e2a99429e8a,quad,1.0,8529
2026-05-11T18:05:56-07:00,750,37.42780665243126,-122.1738965924278,30.202985775657,0.0,0.0,outdoor,2026-05-12T01:05:56.806655+0000,0.806655,2ec1561ce0ff,quad,1.0,8532
2026-05-11T18:05:59-07:00,751,37.4278062115247,-122.1738611658603,29.4160584034398,0.0,0.0,outdoor,2026-05-12T01:05:58.370671+0000,-0.629329,2ec1561ce0ff,quad,1.0,8534
2026-05-11T18:06:02-07:00,752,37.42779059306189,-122.1738487437582,29.1405224930495,0.0,0.0,outdoor,2026-05-12T01:06:02.399167+0000,0.399167,e6b0891d2c86,quad,1.0,8537
2026-05-11T18:06:05-07:00,753,37.42782030716804,-122.173815490562,29.3769410839304,0.0,0.0,outdoor,2026-05-12T01:06:04.817485+0000,-0.182515,9ee23bde9029,quad,1.0,8538
2026-05-11T18:06:09-07:00,754,37.42781365721801,-122.1737732549059,29.5351830627769,0.0,0.0,outdoor,2026-05-12T01:06:08.831406+0000,-0.168594,11876be2ef12,quad,1.0,8541
2026-05-11T18:06:12-07:00,755,37.42780391409036,-122.1737539548384,29.9557929690927,0.0,0.0,outdoor,2026-05-12T01:06:12.838341+0000,0.838341,110a99372628,quad,1.0,8544
2026-05-11T18:06:15-07:00,756,37.42780425728765,-122.1737605235864,29.8820282286033,0.0,0.0,outdoor,2026-05-12T01:06:14.217223+0000,-0.782777,110a99372628,quad,1.0,8546
2026-05-11T18:06:18-07:00,757,37.42780488880646,-122.1737534403078,29.694409600459,0.0,0.0,outdoor,2026-05-12T01:06:14.217223+0000,-3.782777,110a99372628,quad,1.0,8546
2026-05-11T18:09:24-07:00,1,37.42791398862104,-122.1737608438381,39.1885862211132,-0.00010755487073027642,2.4850837277965013e-05,outdoor,2026-05-12T01:09:31.214842+0000,7.214842,9de5336b0425,quad,1.0,8547
2026-05-11T18:09:33-07:00,2,37.42781023056771,-122.1737391460644,30.6239891052246,0.0001056090326798654,-2.881858483760866e-05,outdoor,2026-05-12T01:09:32.600328+0000,-0.399672,9de5336b0425,quad,1.0,8549
2026-05-11T18:09:36-07:00,3,37.42781441455629,-122.1737360718851,31.4591636657715,0.0,0.0,outdoor,2026-05-12T01:09:35.873975+0000,-0.126025,a639e05f61fd,quad,1.0,8551
2026-05-11T18:09:39-07:00,4,37.42782616934304,-122.1737052439876,31.031551361084,0.0,0.0,outdoor,2026-05-12T01:09:39.205121+0000,0.205121,806187205ea3,quad,1.0,8553
2026-05-11T18:09:42-07:00,5,37.42785138812054,-122.1736747722798,31.3079187069088,0.0,0.0,outdoor,2026-05-12T01:09:43.220320+0000,1.22032,abdb4799bb85,quad,1.0,8556
2026-05-11T18:09:45-07:00,6,37.42787864801021,-122.1736519797872,31.2798730414361,0.0,0.0,outdoor,2026-05-12T01:09:44.596720+0000,-0.40328,abdb4799bb85,quad,1.0,8558
2026-05-11T18:09:49-07:00,7,37.42792174487997,-122.1736316592775,31.1409570528194,0.0,0.0,outdoor,2026-05-12T01:09:48.613238+0000,-0.386762,d60c768bfa8d,quad,1.0,8561
2026-05-11T18:09:52-07:00,8,37.4279603826521,-122.173627744675,30.4389612106606,0.0,0.0,outdoor,2026-05-12T01:09:51.909130+0000,-0.09087,45200dbe9528,quad,1.0,8563
2026-05-11T18:09:55-07:00,9,37.42799100258849,-122.1736207260461,30.693599851802,0.0,0.0,outdoor,2026-05-12T01:09:55.232180+0000,0.23218,0d81585c3982,quad,1.0,8565
2026-05-11T18:09:58-07:00,10,37.42801911828003,-122.1736042762664,30.9403649484739,0.0,0.0,outdoor,2026-05-12T01:09:59.211506+0000,1.211506,f23ca5e5b0b2,quad,1.0,8568
2026-05-11T18:10:01-07:00,11,37.42804331747688,-122.173597200164,30.6649943590164,0.0,0.0,outdoor,2026-05-12T01:10:00.591823+0000,-0.408177,f23ca5e5b0b2,quad,1.0,8570
2026-05-11T18:10:05-07:00,12,37.42809470174152,-122.173576654901,30.3298939978704,0.0,0.0,outdoor,2026-05-12T01:10:04.614877+0000,-0.385123,23f3e4e3ee29,quad,1.0,8573
2026-05-11T18:10:08-07:00,13,37.42812901452948,-122.1735735667334,30.6642599860206,0.0,0.0,outdoor,2026-05-12T01:10:07.927000+0000,-0.073,baddb08183c9,quad,1.0,8575
2026-05-11T18:10:11-07:00,14,37.42816745184361,-122.1735713704753,30.9422729145736,0.0,0.0,outdoor,2026-05-12T01:10:11.243518+0000,0.243518,d6638685a570,quad,1.0,8577
2026-05-11T18:10:14-07:00,15,37.42818691621158,-122.173597588388,31.0961580378935,0.0,0.0,outdoor,2026-05-12T01:10:15.244050+0000,1.24405,f9bf88eeefb6,quad,1.0,8580
2026-05-11T18:10:18-07:00,16,37.42820233696946,-122.1736536784027,31.4200821910054,0.0,0.0,outdoor,2026-05-12T01:10:19.224002+0000,1.224002,984204144548,quad,1.0,8583
2026-05-11T18:10:21-07:00,17,37.4282091100625,-122.1736947474047,31.4175436953083,0.0,0.0,outdoor,2026-05-12T01:10:20.633220+0000,-0.36678,984204144548,quad,1.0,8585
2026-05-11T18:10:24-07:00,18,37.42821476320605,-122.1737384460306,31.8574211969972,0.0,0.0,outdoor,2026-05-12T01:10:23.926728+0000,-0.073272,8d04841a31ec,quad,1.0,8587
2026-05-11T18:10:27-07:00,19,37.42823017424234,-122.173786256539,31.571315872483,0.0,0.0,outdoor,2026-05-12T01:10:27.263033+0000,0.263033,24d79b50bfc1,quad,1.0,8589
2026-05-11T18:10:30-07:00,20,37.42824092970936,-122.1738358697168,31.0992832118645,0.0,0.0,outdoor,2026-05-12T01:10:31.258890+0000,1.25889,953a509a4b33,quad,1.0,8592
2026-05-11T18:10:34-07:00,21,37.42828261170152,-122.1738889987672,29.0807066271082,0.0,0.0,outdoor,2026-05-12T01:10:35.244938+0000,1.244938,5f8a6a77e91f,quad,1.0,8595
2026-05-11T18:10:37-07:00,22,37.42827261720587,-122.1739480004166,28.6564392391592,0.0,0.0,outdoor,2026-05-12T01:10:36.640083+0000,-0.359917,5f8a6a77e91f,quad,1.0,8597
2026-05-11T18:10:40-07:00,23,37.42827075610511,-122.1739989383397,29.1227359725162,0.0,0.0,outdoor,2026-05-12T01:10:39.947717+0000,-0.052283,1bbc11b37b22,quad,1.0,8599
2026-05-11T18:10:43-07:00,24,37.42827582296999,-122.1740349658746,29.8402991881594,0.0,0.0,outdoor,2026-05-12T01:10:43.271451+0000,0.271451,93744111d423,quad,1.0,8601
2026-05-11T18:10:46-07:00,25,37.42829293428889,-122.1740696333151,30.6874564504251,0.0,0.0,outdoor,2026-05-12T01:10:47.290972+0000,1.290972,d27b87820dc5,quad,1.0,8604
2026-05-11T18:10:50-07:00,26,37.42833246874959,-122.1740922090657,30.7083577336743,0.0,0.0,outdoor,2026-05-12T01:10:48.807926+0000,-1.192074,d27b87820dc5,quad,1.0,8606
2026-05-11T18:10:53-07:00,27,37.42837366349794,-122.1740963509049,30.3108238428831,0.0,0.0,outdoor,2026-05-12T01:10:52.671803+0000,-0.328197,338b9058c260,quad,1.0,8609
2026-05-11T18:10:56-07:00,28,37.42840645575365,-122.1741109191593,30.5892976652831,0.0,0.0,outdoor,2026-05-12T01:10:55.961342+0000,-0.038658,9f721c95bb0f,quad,1.0,8611
2026-05-11T18:10:59-07:00,29,37.42844823554846,-122.1741059777206,30.8506993222982,0.0,0.0,outdoor,2026-05-12T01:10:59.288715+0000,0.288715,b53c6ba7d1c0,quad,1.0,8613
2026-05-11T18:11:03-07:00,30,37.42850288823216,-122.1740938342761,30.6650437470526,0.0,0.0,outdoor,2026-05-12T01:11:03.295653+0000,0.295653,bf2412746587,quad,1.0,8616
2026-05-11T18:11:06-07:00,31,37.4285374023851,-122.1740848403225,30.3993486557156,0.0,0.0,outdoor,2026-05-12T01:11:07.300783+0000,1.300783,3315e21f1f29,quad,1.0,8619
2026-05-11T18:11:09-07:00,32,37.4285712119425,-122.1740798089776,30.1171031733975,0.0,0.0,outdoor,2026-05-12T01:11:08.697053+0000,-0.302947,3315e21f1f29,quad,1.0,8621
2026-05-11T18:11:12-07:00,33,37.42860839854031,-122.1740615600927,30.0761792566627,0.0,0.0,outdoor,2026-05-12T01:11:11.985483+0000,-0.014517,b27a7946ca0a,quad,1.0,8623
2026-05-11T18:11:15-07:00,34,37.42864308038572,-122.1740507458539,30.5096013015136,0.0,0.0,outdoor,2026-05-12T01:11:15.292144+0000,0.292144,093319b27939,quad,1.0,8625
2026-05-11T18:11:19-07:00,35,37.42864425424246,-122.174038037447,30.1998340990394,7.109640350222814e-06,7.343462392839247e-05,outdoor,2026-05-12T01:11:19.319222+0000,0.319222,0b3a3321d130,quad,1.0,8628
2026-05-11T18:11:22-07:00,36,37.42861461931124,-122.1740329759059,30.0955492304638,1.7678177599123046e-05,5.15850243090199e-05,outdoor,2026-05-12T01:11:23.324134+0000,1.324134,f7b3d7f32c18,quad,1.0,8631
2026-05-11T18:11:25-07:00,37,37.4285898642301,-122.1740491779651,30.1056861458346,2.2164880242314666e-05,5.670130128976325e-05,outdoor,2026-05-12T01:11:24.684976+0000,-0.315024,f7b3d7f32c18,quad,1.0,8633
2026-05-11T18:11:28-07:00,38,37.4285242016225,-122.1740835645337,30.1467990409583,4.765999945277599e-05,8.363289724400147e-05,outdoor,2026-05-12T01:11:27.977909+0000,-0.022091,69d817c67db9,quad,1.0,8635
2026-05-11T18:11:32-07:00,39,37.42851779655393,-122.1740852806821,30.1429001707584,-8.672455678038204e-06,5.3465682839259844e-05,outdoor,2026-05-12T01:11:31.986426+0000,-0.013574,5597bbf0c376,quad,1.0,8638
2026-05-11T18:11:39-07:00,40,37.42849771257978,-122.1738864954463,29.7335915789008,4.840791397953126e-06,-0.00013669612317812607,outdoor,2026-05-12T01:11:39.337093+0000,0.337093,0176b8594fae,quad,1.0,8643
2026-05-11T18:11:42-07:00,41,37.42846959247947,-122.1738807327226,29.7525934949517,4.702468231698731e-06,3.956443070762816e-05,outdoor,2026-05-12T01:11:40.715241+0000,-1.284759,0176b8594fae,quad,1.0,8645
2026-05-11T18:11:45-07:00,42,37.42847273215475,-122.1738171527541,29.9588389182463,-1.9147036880440282e-05,-2.0728491847421483e-05,outdoor,2026-05-12T01:11:44.747606+0000,-0.252394,c4fc6f371856,quad,1.0,8648
2026-05-11T18:11:48-07:00,43,37.42848998904869,-122.1737357344114,30.4393973574042,-3.0039896479649997e-05,-4.5996409653525916e-05,outdoor,2026-05-12T01:11:48.048399+0000,0.048399,a5ae3ff0e2fe,quad,1.0,8650
2026-05-11T18:11:51-07:00,44,37.42845233118923,-122.1736936728808,30.9085527863354,2.5284360845034826e-05,1.209371079369248e-05,outdoor,2026-05-12T01:11:51.348398+0000,0.348398,d4a2ba0ef7a2,quad,1.0,8652
2026-05-11T18:11:55-07:00,45,37.42853258551364,-122.1736131799829,30.567268951796,-8.562140821766206e-05,-4.443385952868084e-05,outdoor,2026-05-12T01:11:55.340426+0000,0.340426,a1be971d9724,quad,1.0,8655
2026-05-11T18:11:58-07:00,46,37.42855119842842,-122.1735660992695,31.1611354881898,-6.589201049678195e-06,1.2794123790627054e-05,outdoor,2026-05-12T01:11:56.704974+0000,-1.295026,a1be971d9724,quad,1.0,8657
2026-05-11T18:12:01-07:00,47,37.42856704305071,-122.1735233538728,31.5857805330306,7.946358202559622e-06,-1.9319944172480064e-05,outdoor,2026-05-12T01:12:00.739383+0000,-0.260617,cc9684232b17,quad,1.0,8660
2026-05-11T18:12:04-07:00,48,37.42857904783941,-122.1734947493184,30.5081478422508,3.253182266149679e-05,-1.773589643505602e-05,outdoor,2026-05-12T01:12:04.100008+0000,0.100008,7e2be67636ff,quad,1.0,8662
2026-05-11T18:12:08-07:00,49,37.42857632890831,-122.1734342129915,31.0087723685428,1.9888157346770186e-05,-4.57376096818507e-05,outdoor,2026-05-12T01:12:08.053516+0000,0.053516,a3831302e7e5,quad,1.0,8665
2026-05-11T18:12:11-07:00,50,37.42862310129288,-122.1734098188749,31.2110472870991,-2.7845892354605548e-05,-2.8353143648018737e-05,outdoor,2026-05-12T01:12:11.363338+0000,0.363338,bdce8a28aa0f,quad,1.0,8667
2026-05-11T18:12:14-07:00,51,37.42866100670741,-122.1733954086795,30.7411046968773,0.0,0.0,outdoor,2026-05-12T01:12:12.752012+0000,-1.247988,bdce8a28aa0f,quad,1.0,8669
2026-05-11T18:12:17-07:00,52,37.42869446190541,-122.1733819684585,30.3755409615114,0.0,0.0,outdoor,2026-05-12T01:12:16.760811+0000,-0.239189,0e6fc252190f,quad,1.0,8672
2026-05-11T18:12:20-07:00,53,37.42872707837892,-122.1733779454473,30.882212549448,0.0,0.0,outdoor,2026-05-12T01:12:20.061290+0000,0.06129,87738704900e,quad,1.0,8674
2026-05-11T18:12:24-07:00,54,37.42877260992128,-122.1733513989526,30.1968792472035,0.0,0.0,outdoor,2026-05-12T01:12:24.050205+0000,0.050205,b2ada2f66bf6,quad,1.0,8677
2026-05-11T18:12:27-07:00,55,37.42880855564567,-122.1733503909926,30.472173711285,0.0,0.0,outdoor,2026-05-12T01:12:27.384798+0000,0.384798,7bad417ceb20,quad,1.0,8679
2026-05-11T18:12:30-07:00,56,37.4288430352662,-122.1733267499339,30.2276054676622,0.0,0.0,outdoor,2026-05-12T01:12:28.788751+0000,-1.211249,7bad417ceb20,quad,1.0,8681
2026-05-11T18:12:33-07:00,57,37.42887609952252,-122.1733153662,29.6600778242573,0.0,0.0,outdoor,2026-05-12T01:12:32.775934+0000,-0.224066,23ce9a35db74,quad,1.0,8684
2026-05-11T18:12:36-07:00,58,37.42890571605007,-122.1732954117084,29.8543756557628,0.0,0.0,outdoor,2026-05-12T01:12:36.040484+0000,0.040484,577345609c40,quad,1.0,8686
2026-05-11T18:12:40-07:00,59,37.42893433026757,-122.1732720669491,30.9252929091454,0.0,0.0,outdoor,2026-05-12T01:12:40.137293+0000,0.137293,851e05106f75,quad,1.0,8689
2026-05-11T18:12:43-07:00,60,37.42896496770172,-122.1732582960342,30.5207565324381,0.0,0.0,outdoor,2026-05-12T01:12:43.396067+0000,0.396067,297af1499568,quad,1.0,8691
2026-05-11T18:12:46-07:00,61,37.42900586521034,-122.1732383830415,30.4519834108651,0.0,0.0,outdoor,2026-05-12T01:12:44.855757+0000,-1.144243,297af1499568,quad,1.0,8693
2026-05-11T18:12:49-07:00,62,37.42903237206231,-122.1732218075603,31.4778325660154,0.0,0.0,outdoor,2026-05-12T01:12:48.830728+0000,-0.169272,9f2b091663e6,quad,1.0,8696
2026-05-11T18:12:53-07:00,63,37.42908295200031,-122.1732231830992,31.1723914751783,0.0,0.0,outdoor,2026-05-12T01:12:52.795366+0000,-0.204634,4c0c36639769,quad,1.0,8699
2026-05-11T18:12:56-07:00,64,37.42912440010457,-122.1732424051176,31.2992794560269,0.0,0.0,outdoor,2026-05-12T01:12:56.100538+0000,0.100538,b74e4e4caaae,quad,1.0,8701
2026-05-11T18:12:59-07:00,65,37.42916062371671,-122.1732317284233,31.175216909498,0.0,0.0,outdoor,2026-05-12T01:12:59.411500+0000,0.4115,dbe55fbb1bff,quad,1.0,8703
2026-05-11T18:13:02-07:00,66,37.42920183479823,-122.1732216679694,31.1872820686549,0.0,0.0,outdoor,2026-05-12T01:13:00.771785+0000,-1.228215,dbe55fbb1bff,quad,1.0,8705
2026-05-11T18:13:05-07:00,67,37.42923204260677,-122.1732094545237,31.5661901487038,0.0,0.0,outdoor,2026-05-12T01:13:04.809509+0000,-0.190491,c1cce1b904bb,quad,1.0,8708
2026-05-11T18:13:09-07:00,68,37.42927993370418,-122.1731886922598,30.9450822742656,0.0,0.0,outdoor,2026-05-12T01:13:08.808557+0000,-0.191443,63d6d9e737e5,quad,1.0,8711
2026-05-11T18:13:12-07:00,69,37.42931980395018,-122.1731742614982,30.3483307212591,0.0,0.0,outdoor,2026-05-12T01:13:12.101965+0000,0.101965,2a9f806fa252,quad,1.0,8713
2026-05-11T18:13:15-07:00,70,37.42936694998315,-122.1731459295315,30.6490172017366,0.0,0.0,outdoor,2026-05-12T01:13:15.423140+0000,0.42314,7f4c8aa4cf6a,quad,1.0,8715
2026-05-11T18:13:18-07:00,71,37.42938663062895,-122.1731307093217,30.2538374820724,0.0,0.0,outdoor,2026-05-12T01:13:16.806640+0000,-1.19336,7f4c8aa4cf6a,quad,1.0,8717
2026-05-11T18:13:22-07:00,72,37.42940945611604,-122.1731146395304,29.7693990627304,0.0,0.0,outdoor,2026-05-12T01:13:20.809846+0000,-1.190154,0e71a9eb8db6,quad,1.0,8720
2026-05-11T18:13:25-07:00,73,37.42945302225006,-122.1730825517832,29.4921936932951,0.0,0.0,outdoor,2026-05-12T01:13:24.799427+0000,-0.200573,0351a3b8d34f,quad,1.0,8723
2026-05-11T18:13:28-07:00,74,37.42948138986212,-122.173056303475,29.0515641476959,0.0,0.0,outdoor,2026-05-12T01:13:28.117107+0000,0.117107,d7b991fa1c32,quad,1.0,8725
2026-05-11T18:13:31-07:00,75,37.42951852591547,-122.173028653894,28.5844778260216,0.0,0.0,outdoor,2026-05-12T01:13:31.448830+0000,0.44883,daef11b94871,quad,1.0,8727
2026-05-11T18:13:34-07:00,76,37.42954040029193,-122.1729914909908,28.0852209934965,0.0,0.0,outdoor,2026-05-12T01:13:32.821722+0000,-1.178278,daef11b94871,quad,1.0,8729
2026-05-11T18:13:38-07:00,77,37.42957951985125,-122.1729409364667,28.005105804652,0.0,0.0,outdoor,2026-05-12T01:13:36.819327+0000,-1.180673,e9b8d98d5e3c,quad,1.0,8732
2026-05-11T18:13:41-07:00,78,37.42959210829254,-122.1728977879413,27.8771765669808,0.0,0.0,outdoor,2026-05-12T01:13:40.831311+0000,-0.168689,9ab220266b2c,quad,1.0,8735
2026-05-11T18:13:44-07:00,79,37.42959591713972,-122.1728627420783,28.6346666291356,0.0,0.0,outdoor,2026-05-12T01:13:44.092645+0000,0.092645,31d4c389c5b3,quad,1.0,8737
2026-05-11T18:13:47-07:00,80,37.42959376110519,-122.1728159842021,29.4179259156808,0.0,0.0,outdoor,2026-05-12T01:13:47.453829+0000,0.453829,7dae044f22e3,quad,1.0,8739
2026-05-11T18:13:51-07:00,81,37.42958793524572,-122.1727541424605,29.0226488215849,0.0,0.0,outdoor,2026-05-12T01:13:51.462914+0000,0.462914,0bce905802c0,quad,1.0,8742
2026-05-11T18:13:54-07:00,82,37.42958295178189,-122.1727076005253,28.6513944678009,0.0,0.0,outdoor,2026-05-12T01:13:52.841673+0000,-1.158327,0bce905802c0,quad,1.0,8744
2026-05-11T18:13:57-07:00,83,37.42957065418758,-122.1726726467247,29.1433355892077,0.0,0.0,outdoor,2026-05-12T01:13:56.907820+0000,-0.09218,eaeae7197c36,quad,1.0,8747
2026-05-11T18:14:00-07:00,84,37.42956602655511,-122.1726231545466,28.3171056564897,0.0,0.0,outdoor,2026-05-12T01:14:00.169206+0000,0.169206,d7ba6dfe2a96,quad,1.0,8749
2026-05-11T18:14:04-07:00,85,37.42955218577319,-122.1725716391487,28.0124832559377,0.0,0.0,outdoor,2026-05-12T01:14:04.145657+0000,0.145657,0e4214ab452b,quad,1.0,8752
2026-05-11T18:14:07-07:00,86,37.42953994850777,-122.1725154028507,27.7467957641929,0.0,0.0,outdoor,2026-05-12T01:14:07.474867+0000,0.474867,042c0866b1fa,quad,1.0,8754
2026-05-11T18:14:10-07:00,87,37.42952773180088,-122.172471046702,27.7374444361776,0.0,0.0,outdoor,2026-05-12T01:14:08.848733+0000,-1.151267,042c0866b1fa,quad,1.0,8756
2026-05-11T18:14:13-07:00,88,37.4295261768058,-122.1724231720529,27.4731271676719,0.0,0.0,outdoor,2026-05-12T01:14:12.850082+0000,-0.149918,6ef256a759cd,quad,1.0,8759
2026-05-11T18:14:16-07:00,89,37.42951727909203,-122.1723881058864,27.7010045740753,0.0,0.0,outdoor,2026-05-12T01:14:16.150350+0000,0.15035,a069d6606948,quad,1.0,8761
2026-05-11T18:14:20-07:00,90,37.42951256096457,-122.172342751371,28.1164077101275,0.0,0.0,outdoor,2026-05-12T01:14:20.169593+0000,0.169593,fd7ec3547562,quad,1.0,8764
2026-05-11T18:14:23-07:00,91,37.4295022366143,-122.1723032987511,28.0580103509128,0.0,0.0,outdoor,2026-05-12T01:14:23.492339+0000,0.492339,973bb6234135,quad,1.0,8766
2026-05-11T18:14:26-07:00,92,37.42949256884587,-122.1722615844362,27.7949464162812,0.0,0.0,outdoor,2026-05-12T01:14:24.876849+0000,-1.123151,973bb6234135,quad,1.0,8768
2026-05-11T18:14:29-07:00,93,37.42947832173177,-122.1722142645885,27.9985606987029,0.0,0.0,outdoor,2026-05-12T01:14:28.897568+0000,-0.102432,0850510e2262,quad,1.0,8771
2026-05-11T18:14:33-07:00,94,37.42946089955509,-122.1721732232639,27.7608250873163,0.0,0.0,outdoor,2026-05-12T01:14:32.915114+0000,-0.084886,28bc097f4958,quad,1.0,8774
2026-05-11T18:14:36-07:00,95,37.42945443349168,-122.1721186886303,27.6720433710143,0.0,0.0,outdoor,2026-05-12T01:14:36.194568+0000,0.194568,c94ddc8f9590,quad,1.0,8776
2026-05-11T18:14:39-07:00,96,37.42945472439558,-122.1720784830277,27.4679471068084,0.0,0.0,outdoor,2026-05-12T01:14:39.509791+0000,0.509791,41cfbd64ad74,quad,1.0,8778
2026-05-11T18:14:42-07:00,97,37.42944811604999,-122.1720311339611,28.1049275705591,0.0,0.0,outdoor,2026-05-12T01:14:40.894771+0000,-1.105229,41cfbd64ad74,quad,1.0,8780
2026-05-11T18:14:45-07:00,98,37.4294389042027,-122.1719779897632,27.3998809093609,0.0,0.0,outdoor,2026-05-12T01:14:44.898668+0000,-0.101332,262e12e876d2,quad,1.0,8783
2026-05-11T18:14:49-07:00,99,37.42943098873378,-122.1719220942221,27.376673663035,0.0,0.0,outdoor,2026-05-12T01:14:48.915185+0000,-0.084815,12c5022a441e,quad,1.0,8786
2026-05-11T18:14:52-07:00,100,37.429424737479,-122.1718742600472,27.7197054745629,0.0,0.0,outdoor,2026-05-12T01:14:52.167916+0000,0.167916,39b0d11401ed,quad,1.0,8788
2026-05-11T18:14:55-07:00,101,37.42941680850075,-122.1718284590119,27.305076489225,0.0,0.0,outdoor,2026-05-12T01:14:55.524356+0000,0.524356,82eb1602e650,quad,1.0,8790
2026-05-11T18:14:58-07:00,102,37.42940007753563,-122.1717829639078,27.1319803260267,0.0,0.0,outdoor,2026-05-12T01:14:56.900994+0000,-1.099006,82eb1602e650,quad,1.0,8792
2026-05-11T18:15:02-07:00,103,37.42938121691029,-122.1717435395185,26.9039632286876,0.0,0.0,outdoor,2026-05-12T01:15:00.926901+0000,-1.073099,1d90c416add0,quad,1.0,8795
2026-05-11T18:15:05-07:00,104,37.42933096848378,-122.1717532191521,27.1791873164475,0.0,0.0,outdoor,2026-05-12T01:15:04.910069+0000,-0.089931,b1ec2ad9ef02,quad,1.0,8798
2026-05-11T18:15:08-07:00,105,37.42929859188093,-122.1717677215645,26.8493542727083,0.0,0.0,outdoor,2026-05-12T01:15:08.224804+0000,0.224804,977fbacea1fb,quad,1.0,8800
2026-05-11T18:15:11-07:00,106,37.42926242239026,-122.1717663507904,27.1452209539711,0.0,0.0,outdoor,2026-05-12T01:15:11.539504+0000,0.539504,0fed369b4797,quad,1.0,8802
2026-05-11T18:15:14-07:00,107,37.42923413182505,-122.1717812250307,27.2153274053708,0.0,0.0,outdoor,2026-05-12T01:15:12.918154+0000,-1.081846,0fed369b4797,quad,1.0,8804
2026-05-11T18:15:18-07:00,108,37.42919300193699,-122.1717895369409,27.5147177390754,0.0,0.0,outdoor,2026-05-12T01:15:16.958784+0000,-1.041216,4f4baa9629e9,quad,1.0,8807
2026-05-11T18:15:21-07:00,109,37.42915551151246,-122.1717950238985,27.5366361895576,0.0,0.0,outdoor,2026-05-12T01:15:20.913430+0000,-0.08657,0f031e3e8849,quad,1.0,8810
2026-05-11T18:15:24-07:00,110,37.42911843507119,-122.1718124207213,27.6537653310224,0.0,0.0,outdoor,2026-05-12T01:15:24.247505+0000,0.247505,a9c2018196fb,quad,1.0,8812
2026-05-11T18:15:27-07:00,111,37.42908260206667,-122.171828211025,27.7454644413665,0.0,0.0,outdoor,2026-05-12T01:15:27.560535+0000,0.560535,69a76eddd7eb,quad,1.0,8814
