2026-04-27T17:10:00-07:00,1,37.42899206698855,-122.1719061255417,31.6724125847526
2026-04-27T17:10:05-07:00,2,37.42899223340368,-122.1719058708243,31.6724125847526
2026-04-27T17:10:10-07:00,3,37.42899208934291,-122.171905908748,31.6657502159782
2026-04-27T17:10:16-07:00,4,37.42899194466437,-122.1719059468329,31.6657502159782
2026-04-27T17:10:21-07:00,5,37.4289919700422,-122.1719059184765,31.6724125847526
2026-04-27T17:10:26-07:00,6,37.42899203875251,-122.1719058417019,31.6724125847526
2026-04-27T17:10:32-07:00,7,37.42899203875256,-122.1719058417018,31.6724125847526
2026-04-27T17:10:37-07:00,8,37.42899197712603,-122.1719058068856,31.6657502159782
2026-04-27T17:10:42-07:00,9,37.42899203752781,-122.1719057467355,31.6657561096855
2026-04-27T17:10:48-07:00,10,37.42899203752881,-122.1719057467345,31.6724125847526
2026-04-27T17:10:53-07:00,11,37.42899203752982,-122.1719057467335,31.6724125847526
2026-04-27T17:10:59-07:00,12,37.42899203753082,-122.1719057467325,31.6724125847526
2026-04-27T17:11:04-07:00,13,37.42899203753183,-122.1719057467315,31.6724125847526
2026-04-27T17:11:09-07:00,14,37.42899209113838,-122.1719056933483,31.6724125847526
2026-04-27T17:11:15-07:00,15,37.42899209113926,-122.1719056933474,31.6724125847526
2026-04-27T17:11:20-07:00,16,37.42899199963657,-122.171905703062,31.6628148064323
2026-04-27T17:11:35-07:00,17,37.42899178800487,-122.1719056004049,31.6657502159782
2026-04-27T17:11:47-07:00,18,37.42899208106275,-122.1719053717519,31.6724125847526
2026-04-27T17:11:52-07:00,19,37.42899208106275,-122.1719053717519,31.6724125847526
2026-04-27T17:11:58-07:00,20,37.42899194451216,-122.1719054077207,31.6657502159782
2026-04-27T17:12:03-07:00,21,37.42897700868392,-122.1719551265132,27.5212364196777
2026-04-27T17:12:15-07:00,22,37.42905260436339,-122.1718079819594,25.8847923278809
2026-04-27T17:12:20-07:00,23,37.42908402033081,-122.1718245502747,26.8304710388184
2026-04-27T17:12:25-07:00,24,37.42913037925236,-122.1718128678235,26.1236228942871
2026-04-27T17:12:31-07:00,25,37.42916605335664,-122.1717942921395,26.2047081571072
2026-04-27T17:12:36-07:00,26,37.42921357577473,-122.1717791205704,28.0423546945676
2026-04-27T17:12:41-07:00,27,37.42925188086912,-122.1717745837138,28.3404975381301
2026-04-27T17:12:47-07:00,28,37.4292891615771,-122.1717703803655,30.4914599719246
2026-04-27T17:12:52-07:00,29,37.42931402341764,-122.1717444266137,31.1409123348918
2026-04-27T17:12:58-07:00,30,37.42931641638886,-122.1717432479296,26.8103421139445
2026-04-27T17:13:06-07:00,31,37.42940940278145,-122.1718619949295,24.4762229919434
2026-04-27T17:13:11-07:00,32,37.42940940278145,-122.1718619949295,24.4762229919434
2026-04-27T17:13:25-07:00,33,37.42944109810628,-122.1721236501525,26.7093772888184
2026-04-27T17:13:30-07:00,34,37.42944109810628,-122.1721236501525,26.7093772888184
2026-04-27T17:13:45-07:00,35,37.42964642082347,-122.1719607515233,21.9338774310074
2026-04-27T17:13:56-07:00,36,37.42949690673261,-122.1724897810464,28.785945892334
2026-04-27T17:14:11-07:00,37,37.42946452307513,-122.1722757326388,32.0247245726123
2026-04-27T17:14:19-07:00,38,37.4292693380615,-122.1726001707112,25.523983001709
2026-04-27T17:14:24-07:00,39,37.42925931883015,-122.1725941274524,28.5187273398598
2026-04-27T17:14:29-07:00,40,37.42925931883015,-122.1725941274524,28.5187273398598
2026-04-27T17:14:35-07:00,41,37.4292528472248,-122.1725806901711,31.105471649069
2026-04-27T17:14:40-07:00,42,37.42926146904931,-122.1725725261416,23.3587991535455
2026-04-27T17:14:45-07:00,43,37.42926146904931,-122.1725725261416,23.3587991535455
2026-04-27T17:14:56-07:00,44,37.42895501669257,-122.1725156811272,31.2790489196777
2026-04-27T17:15:01-07:00,45,37.42895501669257,-122.1725156811272,31.2790489196777
2026-04-27T17:15:12-07:00,46,37.42898565254866,-122.1722825804,29.3418846130371
2026-04-27T17:15:21-07:00,47,37.42891390345751,-122.1722493042444,29.1994285583496
2026-04-27T17:15:26-07:00,48,37.42888212904252,-122.1722697017995,23.1508725439772
2026-04-27T17:15:41-07:00,49,37.42881399923682,-122.1723245653638,28.008538066672
2026-04-27T17:15:56-07:00,50,37.4288889340771,-122.1724801302525,30.9510765075684
2026-04-27T17:16:01-07:00,51,37.4288889340771,-122.1724801302525,30.9510765075684
2026-04-27T17:16:14-07:00,52,37.42888845104481,-122.1724321565937,32.0702171325684
2026-04-27T17:16:19-07:00,53,37.42888845104481,-122.1724321565937,32.0702171325684
2026-04-27T17:16:32-07:00,54,37.42876819418931,-122.1721480847512,28.7026329040527
2026-04-27T17:16:37-07:00,55,37.42876819418931,-122.1721480847512,28.7026329040527
2026-04-27T17:16:42-07:00,56,37.42873706113453,-122.1720964519427,32.9041520906613
2026-04-27T17:16:50-07:00,57,37.42870188691761,-122.1720533293926,32.7307395935059
2026-04-27T17:16:55-07:00,58,37.42870188691761,-122.1720533293926,32.7307395935059
2026-04-27T17:17:04-07:00,59,37.42875546488197,-122.1720312747532,28.9415550231934
2026-04-27T17:17:09-07:00,60,37.42875546488197,-122.1720312747532,28.9415550231934
2026-04-27T17:17:19-07:00,61,37.42889686245942,-122.1719724458373,17.1999473571777
2026-04-27T17:17:24-07:00,62,37.42889686245942,-122.1719724458373,17.1999473571777
2026-04-27T17:17:39-07:00,63,37.42885239676727,-122.1717720988194,30.4984023268038
2026-04-27T17:17:48-07:00,64,37.42892928265223,-122.1719567156378,26.546443939209
2026-04-27T17:17:53-07:00,65,37.42892928265223,-122.1719567156378,26.546443939209
2026-04-27T17:18:08-07:00,66,37.42900307998982,-122.1719041702506,31.1454076204035
2026-04-27T17:18:14-07:00,67,37.42908838633749,-122.1719688712335,24.5060691833496
2026-04-27T17:18:19-07:00,68,37.42907838469867,-122.1719079160454,24.1946067810059
2026-04-27T17:18:25-07:00,69,37.42906398402553,-122.1718662486294,24.6606407733634
2026-04-27T17:18:30-07:00,70,37.42905632389859,-122.1718651108272,24.9708214048296
2026-04-27T17:18:36-07:00,71,37.42904319515671,-122.171881571215,24.9798241574317
2026-04-27T17:18:41-07:00,72,37.42902443126071,-122.1719286722577,32.0171273370287
2026-04-27T17:18:46-07:00,73,37.42902443126071,-122.1719286722577,32.0171273370287
2026-04-27T17:19:02-07:00,74,37.4290119298151,-122.1717897244936,27.0460777282715
2026-04-27T17:19:17-07:00,75,37.42884242562106,-122.1720179914627,27.3648356874643
2026-04-27T17:19:33-07:00,76,37.42869590609427,-122.1720509931128,27.5667738403635
2026-04-27T17:19:48-07:00,77,37.42878194879744,-122.1720399311285,27.6301533831547
2026-04-27T17:20:03-07:00,78,37.42875968839437,-122.1721125708087,28.8808681797236
2026-04-27T17:20:19-07:00,79,37.42883470853569,-122.1721081151686,27.4410737701123
2026-04-27T17:20:34-07:00,80,37.42894337640054,-122.172067474231,27.5181508174593
2026-04-27T17:20:50-07:00,81,37.42908082258589,-122.1721640171613,27.5679143644172
2026-04-27T17:21:05-07:00,82,37.42917787335168,-122.1721675792719,27.6656601937459
2026-04-30T15:15:32-07:00,1,37.42888176229346,-122.1720393139521,27.8808555603027
2026-04-30T15:15:44-07:00,2,37.42888809834761,-122.1719583190741,29.3451454270631
2026-04-30T15:15:53-07:00,3,37.42885031663991,-122.1720507398122,27.7789575168863
2026-04-30T15:16:20-07:00,1,37.42897919848335,-122.1718030517196,27.1656761411577
2026-04-30T15:16:29-07:00,2,37.4289894663146,-122.171875555182,29.5921592712402
2026-04-30T15:16:32-07:00,3,37.42897701918839,-122.171899192149,31.424617767334
2026-04-30T15:16:35-07:00,4,37.42896968502312,-122.1719461308067,31.3752098083496
2026-04-30T15:16:38-07:00,5,37.42896846964729,-122.1719565243667,31.8872032389045
2026-04-30T15:16:42-07:00,6,37.42896507497651,-122.1719557699954,31.6784935239702
2026-04-30T15:16:45-07:00,7,37.42896664044684,-122.1719505006718,31.5663414234296
2026-04-30T15:16:48-07:00,8,37.4289663630598,-122.1719472411129,31.7820396646857
2026-04-30T15:16:52-07:00,9,37.42896244852715,-122.1719470317664,31.6217003101483
2026-04-30T15:16:55-07:00,10,37.42894503676891,-122.1719181109193,31.2313805464655
2026-04-30T15:17:08-07:00,11,37.42887408014815,-122.1719339405348,29.1906368331984
2026-04-30T15:17:21-07:00,12,37.42875585598823,-122.1720113439635,29.4455696474761
2026-04-30T15:17:32-07:00,13,37.42863812252837,-122.1720303516191,30.0043084928766
2026-04-30T15:17:35-07:00,14,37.42862690687033,-122.172062430443,30.0012966794893
2026-04-30T15:17:38-07:00,15,37.42862069799894,-122.172097131883,29.5543779181316
2026-04-30T15:17:41-07:00,16,37.42860907586932,-122.1721256763943,28.0080728568137
2026-04-30T15:17:45-07:00,17,37.42863293783493,-122.1721711094255,28.1605698131025
2026-04-30T15:17:48-07:00,18,37.42864050334382,-122.1722038100499,28.8632394401357
2026-04-30T15:17:51-07:00,19,37.42866660277384,-122.1722351143433,29.2003956884146
2026-04-30T15:17:55-07:00,20,37.42868857276094,-122.1722740004565,29.0936805577949
2026-04-30T15:17:58-07:00,21,37.42870397539213,-122.1722997680949,29.3430250706151
2026-04-30T15:18:01-07:00,22,37.42870179171864,-122.1723380487786,30.2432588655502
2026-04-30T15:18:04-07:00,23,37.42870749893743,-122.1723825914419,30.3881935123354
2026-04-30T15:18:08-07:00,24,37.4287207081987,-122.1724474133606,30.0125641329214
2026-04-30T15:18:11-07:00,25,37.42871926985126,-122.172496120078,30.0342210717499
2026-04-30T15:18:14-07:00,26,37.42873749572341,-122.1725422886553,29.8985624853522
2026-04-30T15:18:18-07:00,27,37.42875494620922,-122.1725766485062,30.518964106217
2026-04-30T15:18:21-07:00,28,37.42876420178024,-122.172607769187,30.479772743769
2026-04-30T15:18:24-07:00,29,37.42877169013927,-122.1726552723447,30.0825092578307
2026-04-30T15:18:27-07:00,30,37.4287842160691,-122.1726896812171,30.2881841631606
2026-04-30T15:18:31-07:00,31,37.42877604646262,-122.1727507314004,29.640862043947
2026-04-30T15:18:34-07:00,32,37.42878579379632,-122.172787286373,29.6321972701699
2026-04-30T15:18:37-07:00,33,37.42878045090318,-122.1728307860842,30.2059826646
2026-04-30T15:18:41-07:00,34,37.42876583132654,-122.1728531459239,30.1799060394987
2026-04-30T15:18:44-07:00,35,37.42875697689828,-122.1728392970216,30.1162336291745
2026-04-30T15:18:47-07:00,36,37.42875039393257,-122.1728128261355,30.3209154298529
2026-04-30T15:18:50-07:00,37,37.42875133613093,-122.1727843008067,30.5468842135742
2026-04-30T15:18:54-07:00,38,37.42873798141716,-122.1727343198282,30.4473017761484
2026-04-30T15:18:57-07:00,39,37.42873814445848,-122.1726967029082,30.2652733586729
2026-04-30T15:19:00-07:00,40,37.42874088943547,-122.1726609288886,30.0951821487397
2026-04-30T15:19:04-07:00,41,37.42871198364552,-122.1726379482235,30.2297847615555
2026-04-30T15:19:07-07:00,42,37.42871065232335,-122.1726101956329,29.5897666318342
2026-04-30T15:19:10-07:00,43,37.42870272752338,-122.1725663173646,29.6580331735313
2026-04-30T15:19:13-07:00,44,37.42870851438318,-122.1725269486567,30.3847302570939
2026-04-30T15:19:17-07:00,45,37.42870579156553,-122.1724744186687,30.2804549364373
2026-04-30T15:19:20-07:00,46,37.42870173176446,-122.1724267229498,30.6307619838044
2026-04-30T15:19:23-07:00,47,37.42868873279139,-122.1723895276537,30.2773142708465
2026-04-30T15:19:27-07:00,48,37.4286805469761,-122.1723308316832,30.0857726912946
2026-04-30T15:19:30-07:00,49,37.42866642862469,-122.1722946751958,29.3308824375272
2026-04-30T15:19:33-07:00,50,37.42865273628165,-122.1722558502725,29.7712514158338
2026-04-30T15:19:37-07:00,51,37.42863273518638,-122.172204455513,29.3224530564621
2026-04-30T15:19:40-07:00,52,37.42862688797256,-122.1721614536762,29.2832569107413
2026-04-30T15:19:43-07:00,53,37.42859507107732,-122.1721388661292,29.2354586189613
2026-04-30T15:19:47-07:00,54,37.42855196519067,-122.1721384221119,29.3252408066764
2026-04-30T15:19:50-07:00,55,37.42852419230376,-122.1721483168011,29.4568593753502
2026-04-30T15:19:54-07:00,56,37.42847607219554,-122.1721597245291,29.3810174027458
2026-04-30T15:19:57-07:00,57,37.42844299065393,-122.1721844224221,29.5226567350328
2026-04-30T15:20:00-07:00,58,37.42840841084502,-122.1721865728735,29.8462628601119
2026-04-30T15:20:04-07:00,59,37.42838395785159,-122.1722163545106,29.3768972400576
2026-04-30T15:20:07-07:00,60,37.4283631549924,-122.1722386298188,29.651122671552
2026-04-30T15:20:11-07:00,61,37.42834842080052,-122.1722821610474,29.8837750051171
2026-04-30T15:20:14-07:00,62,37.42835327669028,-122.1723227533721,30.2002997491509
2026-04-30T15:20:17-07:00,63,37.42835658530752,-122.1723518211892,30.1174142481759
2026-04-30T15:20:21-07:00,64,37.42836319336913,-122.1723893157977,30.7264785468578
2026-04-30T15:20:24-07:00,65,37.42837605229806,-122.1724242859448,31.0372876031324
2026-04-30T15:20:28-07:00,66,37.42838659767813,-122.172470431485,30.8353691417724
2026-04-30T15:20:31-07:00,67,37.42838919714642,-122.1725024212942,31.4728218493983
2026-04-30T15:20:34-07:00,68,37.4283984011546,-122.172552867616,31.3239653771743
2026-04-30T15:20:38-07:00,69,37.42840338561305,-122.1726041987251,31.6755718607456
2026-04-30T15:20:41-07:00,70,37.42840380171239,-122.1726472583765,32.2735687410459
2026-04-30T15:20:45-07:00,71,37.42838217921967,-122.1726670158084,32.9779820060357
2026-04-30T15:20:48-07:00,72,37.42837800340538,-122.1726627682275,33.1490291729569
2026-04-30T15:20:51-07:00,73,37.42837800340538,-122.1726627682275,33.1490291729569
2026-04-30T15:20:55-07:00,74,37.42837577944563,-122.1726784755554,33.7998223556206
2026-04-30T15:20:58-07:00,75,37.42837203107673,-122.1726624272147,33.7762441709638
2026-04-30T15:21:12-07:00,76,37.42834943817271,-122.1724948268097,31.7801657821983
2026-04-30T15:21:16-07:00,77,37.42834557860751,-122.1724404681194,31.7615535492077
2026-04-30T15:21:19-07:00,78,37.42834522947739,-122.1723951851091,31.2693407870829
2026-04-30T15:21:22-07:00,79,37.42834052679725,-122.1723550670533,30.6771389795467
2026-04-30T15:21:26-07:00,80,37.42834433222092,-122.1722953957543,30.2577490694821
2026-04-30T15:21:29-07:00,81,37.42834728881152,-122.1722589433915,30.2234980165958
2026-04-30T15:21:33-07:00,82,37.42838965237154,-122.1722280372701,29.9025508379564
2026-04-30T15:21:36-07:00,83,37.42842102249804,-122.1722154415658,29.4775493694469
2026-04-30T15:21:39-07:00,84,37.42845322748573,-122.1722123934714,29.4216526113451
2026-04-30T15:21:43-07:00,85,37.42846340944864,-122.172217772609,29.4468992035836
2026-04-30T15:21:46-07:00,86,37.42845801891094,-122.1722234558053,29.6430838163942
2026-04-30T15:21:50-07:00,87,37.42845764882026,-122.1722103906354,29.624798447825
2026-04-30T15:22:03-07:00,88,37.42845614782446,-122.172181259997,29.8843158222735
2026-04-30T15:22:16-07:00,89,37.42845959825616,-122.1721905327241,29.5859492914751
2026-04-30T15:22:21-07:00,90,37.42844099648057,-122.1721941513216,27.9628868103027
2026-04-30T15:22:24-07:00,91,37.42842460985987,-122.1722099931186,27.3995933532715
2026-04-30T15:22:27-07:00,92,37.42842368785053,-122.1722077300047,27.8408164978027
2026-04-30T15:22:31-07:00,93,37.42842536423116,-122.1722078138237,27.8289451599121
2026-04-30T15:22:34-07:00,94,37.42842577196135,-122.1722061547466,27.8285179371014
2026-04-30T15:22:38-07:00,95,37.42842372749595,-122.1722071865741,27.7036094907671
2026-04-30T15:22:41-07:00,96,37.42842305920792,-122.172211082766,27.6982383970171
2026-04-30T15:22:44-07:00,97,37.42842235568576,-122.1722080879121,27.694454215467
2026-04-30T15:22:48-07:00,98,37.42842352043601,-122.1722126772585,27.5616111978888
2026-04-30T15:22:51-07:00,99,37.42842172047586,-122.172215190303,27.8541832203046
2026-04-30T15:22:54-07:00,100,37.42840993253947,-122.1722243180986,29.2123483708128
2026-04-30T15:23:08-07:00,101,37.42839876106104,-122.1722265680107,29.5716352723539
2026-04-30T15:23:21-07:00,102,37.42840310508353,-122.1721988766572,29.5443299012259
2026-04-30T15:23:35-07:00,103,37.42841493152636,-122.172218215946,30.0760218994692
2026-04-30T15:23:48-07:00,104,37.42837609476632,-122.1722000146846,29.8040395276621
2026-04-30T15:24:02-07:00,105,37.42831318008832,-122.1721598585966,28.5204317588359
2026-04-30T15:24:12-07:00,106,37.42823338100369,-122.1721989304413,30.1563654327765
2026-04-30T15:24:15-07:00,107,37.42822806697517,-122.1721948549893,30.0073983231559
2026-04-30T15:24:18-07:00,108,37.42823353038599,-122.1721932206981,30.18532065209
2026-04-30T15:24:22-07:00,109,37.42823336930141,-122.1722063721603,31.0714442608878
2026-04-30T15:24:35-07:00,110,37.42820805337518,-122.1722244578486,32.4662207998335
2026-04-30T15:24:39-07:00,111,37.42817140583495,-122.1722222794263,31.4870142852888
2026-04-30T15:24:42-07:00,112,37.42813417931744,-122.1722498394306,29.9449867205694
2026-04-30T15:24:45-07:00,113,37.42813562216032,-122.1722832116021,30.0070010405034
2026-04-30T15:24:49-07:00,114,37.42813991292521,-122.1723218955887,30.8932995675132
2026-04-30T15:24:52-07:00,115,37.42814305790251,-122.1723461515125,30.4957129368559
2026-04-30T15:24:56-07:00,116,37.42815404794926,-122.1723716731536,30.2584237130359
2026-04-30T15:24:59-07:00,117,37.4281423745327,-122.1723491517645,29.8362017385662
2026-04-30T15:25:02-07:00,118,37.42814931965121,-122.1723422309291,29.7142976103351
2026-04-30T15:25:06-07:00,119,37.42815078197338,-122.1723287548859,29.4567872891203
2026-04-30T15:25:09-07:00,120,37.42814619941952,-122.1723134661394,29.3668615529314
2026-04-30T15:25:13-07:00,121,37.42813487999517,-122.1723427727274,29.2649340564385
2026-04-30T15:25:17-07:00,122,37.42812622233388,-122.1723561052894,29.350045598112
2026-04-30T15:25:30-07:00,123,37.42806896546427,-122.1723986008242,29.2752777710557
2026-04-30T15:25:43-07:00,124,37.42803859752226,-122.1726002009296,30.1757277598225
2026-04-30T15:25:57-07:00,125,37.42805842595674,-122.1727449700994,31.421377259729
2026-04-30T15:26:10-07:00,126,37.42820480929436,-122.172782059972,49.6205406188965
2026-04-30T15:26:24-07:00,127,37.42843540512213,-122.1726910306114,31.9363954821602
2026-04-30T15:26:34-07:00,128,37.42838688441233,-122.1727013612587,33.2431117016822
2026-04-30T15:26:46-07:00,129,37.42840440323908,-122.1727193934755,33.436497383751
2026-04-30T15:26:49-07:00,130,37.42844564111763,-122.1727046956492,33.5206022346392
2026-04-30T15:27:02-07:00,131,37.42847310973811,-122.1727884771689,33.1612999867648
2026-04-30T15:27:16-07:00,132,37.42853085634633,-122.1728326100323,30.3121136451708
2026-04-30T15:27:29-07:00,133,37.42866055688715,-122.1728575876422,30.0323841094971
2026-04-30T15:27:43-07:00,134,37.42861350279641,-122.1728212905583,30.8160132595136
2026-04-30T15:27:56-07:00,135,37.42874339053876,-122.1727746536394,30.7884049777064
2026-04-30T15:28:09-07:00,136,37.42879343768954,-122.172695614905,31.2261900387316
2026-04-30T15:28:23-07:00,137,37.42876663883288,-122.17266118884,30.1689427703619
2026-04-30T15:28:36-07:00,138,37.42879259562751,-122.1726575726859,-6.02756116352975
2026-04-30T15:28:40-07:00,139,37.42877407771126,-122.172661758615,-6.02756116352975
2026-04-30T15:28:43-07:00,140,37.42877395939512,-122.1726617578455,-6.02756116352975
2026-04-30T15:28:46-07:00,141,37.42879199929025,-122.1726668397634,-6.02756116352975
2026-04-30T15:28:50-07:00,142,37.42878150001562,-122.1726618448134,-6.02756116352975
2026-04-30T15:28:53-07:00,143,37.42877159883589,-122.1726586235178,30.0057698885023
2026-04-30T15:28:57-07:00,144,37.42878674391732,-122.1726861721893,29.999188925942
2026-04-30T15:29:00-07:00,145,37.42877378309068,-122.1726942452261,29.9907145759664
2026-04-30T15:29:03-07:00,146,37.42876823754983,-122.1727036501748,29.999628455645
2026-04-30T15:29:07-07:00,147,37.42876712169127,-122.1727050240578,29.9915950593121
2026-04-30T15:29:20-07:00,148,37.42875877872397,-122.1726996555561,29.9914034238929
2026-04-30T15:29:24-07:00,149,37.42875322289731,-122.1726890028457,29.9998319975013
2026-04-30T15:29:27-07:00,150,37.42875325663287,-122.1726887442602,29.9914034238929
2026-04-30T15:29:30-07:00,151,37.42873989633038,-122.1726982759891,29.9995821348304
2026-04-30T15:29:34-07:00,152,37.42873992926823,-122.1726981997399,29.9914034238929
2026-04-30T15:29:37-07:00,153,37.42873163267281,-122.1727053724871,29.9996679655189
2026-04-30T15:29:41-07:00,154,37.42872524514553,-122.1727107453752,29.9914034238929
2026-04-30T15:29:44-07:00,155,37.42873843417182,-122.17269821513,29.9999349943275
2026-04-30T15:29:47-07:00,156,37.42874604487066,-122.1727073690393,29.9999750486488
2026-04-30T15:29:51-07:00,157,37.4287462098866,-122.1727073420457,20.388729095459
2026-04-30T15:29:54-07:00,158,37.4287646732415,-122.1727027138177,20.388729095459
2026-04-30T15:29:58-07:00,159,37.4287646732415,-122.1727027138177,24.7090435028076
2026-04-30T15:31:34-07:00,1,37.42873491329431,-122.1726812532531,30.2972521892466
2026-04-30T15:31:38-07:00,2,37.42873491208474,-122.1726812416553,30.3102828316442
2026-04-30T15:31:41-07:00,3,37.42873858315516,-122.1726738043349,30.3133329880955
2026-04-30T15:31:44-07:00,4,37.42873988598904,-122.1726711700548,30.3107891337925
2026-04-30T15:31:48-07:00,5,37.42873988598851,-122.1726711700549,30.3107891337925
2026-04-30T15:32:01-07:00,6,37.42875409178023,-122.1726863569066,30.3185799836822
2026-04-30T15:32:04-07:00,7,37.42872431240485,-122.1726988445038,25.9897893190093
2026-04-30T15:32:07-07:00,8,37.42871633283885,-122.1726992498731,30.310103726358
2026-04-30T15:32:21-07:00,9,37.42872180505375,-122.1726534884381,30.0522624755471
2026-04-30T15:32:34-07:00,10,37.42874921303966,-122.172554005476,27.7152976989746
2026-04-30T15:32:47-07:00,11,37.4287420854709,-122.1726676438702,29.9485032608117
2026-04-30T15:33:01-07:00,12,37.42874516011005,-122.1726528458783,29.9349588492769
2026-04-30T15:33:14-07:00,13,37.42871883547939,-122.1726522773586,29.9321447360287
2026-04-30T15:33:27-07:00,14,37.42887229811293,-122.1724778179449,29.9327550875912
2026-04-30T15:33:41-07:00,15,37.42868327594753,-122.1724550826814,29.9859411141514
2026-04-30T15:33:54-07:00,16,37.42870563905996,-122.1724976597312,30.0705983849332
2026-04-30T15:34:07-07:00,17,37.42891800998274,-122.1724263434844,30.0310253318504
2026-04-30T15:34:21-07:00,18,37.4289205798608,-122.1724262765417,29.9244137048893
2026-04-30T15:34:34-07:00,19,37.42875744789098,-122.1725758292298,29.8910033579867
2026-04-30T15:34:47-07:00,20,37.42867979327605,-122.1726345296083,29.8909804698031
2026-04-30T15:35:00-07:00,21,37.42865589112304,-122.1726463275258,29.8909709330599
2026-04-30T15:35:14-07:00,22,37.42824570321227,-122.1727537262416,30.0140462009468
2026-04-30T15:35:27-07:00,23,37.42813329461435,-122.1725725940877,30.0139966098824
2026-04-30T15:35:40-07:00,24,37.42819021313559,-122.1723751483699,30.0142922489205
2026-04-30T15:35:54-07:00,25,37.42809494466994,-122.1722689524162,30.0142235843697
2026-04-30T15:36:07-07:00,26,37.42817018528658,-122.1723530830175,30.0142808048287
2026-04-30T15:36:13-07:00,27,37.42817294102512,-122.172356592215,30.0142750827828
2026-04-30T15:36:16-07:00,28,37.42817338526302,-122.1723572594863,30.0094876377144
2026-04-30T15:36:20-07:00,29,37.42817381028892,-122.1723577445162,30.0094876377144
2026-04-30T15:36:23-07:00,30,37.42817414089289,-122.1723581217939,30.0094876377144
2026-04-30T15:36:26-07:00,31,37.42817440539496,-122.1723584236376,30.0094876377144
2026-04-30T15:36:29-07:00,32,37.42817462181905,-122.1723586706158,30.0094876377144
2026-04-30T15:36:33-07:00,33,37.42817480218233,-122.1723588764422,30.0094876377144
2026-04-30T15:36:36-07:00,34,37.42817495480494,-122.1723590506117,30.0094876377144
2026-04-30T15:36:39-07:00,35,37.42817508563031,-122.1723591999065,30.0094876377144
2026-04-30T15:36:43-07:00,36,37.4281751990172,-122.172359329301,30.0094876377144
2026-04-30T15:36:46-07:00,37,37.42817529823481,-122.1723594425259,30.0094876377144
2026-04-30T15:36:49-07:00,38,37.42817538578314,-122.172359542434,30.0094876377144
2026-04-30T15:36:53-07:00,39,37.42817546360686,-122.1723596312446,30.0094876377144
2026-04-30T15:36:56-07:00,40,37.42817553448706,-122.1723597123648,30.0094876377144
2026-04-30T15:36:59-07:00,41,37.42817617489042,-122.1723604376012,30.0094876377144
2026-04-30T15:37:03-07:00,42,37.42817623067097,-122.1723605012566,30.0094876377144
2026-04-30T15:37:06-07:00,43,37.42817628138233,-122.1723605591272,30.0094876377144
2026-04-30T15:37:10-07:00,44,37.42817696755502,-122.1723613496844,30.0142884342232
2026-04-30T15:37:13-07:00,45,37.42816187697442,-122.1723595936247,30.1387487765749
2026-04-30T15:37:16-07:00,46,37.42816162026556,-122.1723595498323,30.134182583948
2026-04-30T15:37:20-07:00,47,37.42816286993777,-122.1723803408541,30.0645738009472
2026-04-30T15:37:26-07:00,48,37.42813573774922,-122.1723994366601,30.7968086888306
2026-04-30T15:37:30-07:00,49,37.42813561834828,-122.1723994550846,30.7923702885621
2026-04-30T15:37:43-07:00,50,37.4280450478002,-122.1723977831008,31.5892204548726
2026-04-30T15:37:56-07:00,51,37.42811265143549,-122.1726317749218,31.4774595703036
2026-04-30T15:38:10-07:00,52,37.42823374260676,-122.1728110029761,30.3915360754295
2026-04-30T15:38:23-07:00,53,37.42817240273379,-122.1728602698531,30.5419273376465
2026-04-30T15:38:36-07:00,54,37.4283284559166,-122.1730484478567,32.945125579834
2026-04-30T15:38:50-07:00,55,37.42832130825693,-122.173064321445,32.1805992359296
2026-04-30T15:39:03-07:00,56,37.4282378960834,-122.1728765806028,32.3294944763184
2026-04-30T15:39:17-07:00,57,37.42820061172172,-122.1727384995614,30.1390584239395
2026-04-30T15:39:30-07:00,58,37.42817774403753,-122.1728169865043,30.9074058532715
2026-04-30T15:39:43-07:00,59,37.42832312865617,-122.1727482930693,30.1177463405411
2026-04-30T15:39:57-07:00,60,37.42836156654469,-122.1727475631747,32.2868309020996
2026-04-30T15:40:10-07:00,61,37.42834135409867,-122.1727116359054,32.0065269684419
2026-04-30T15:40:23-07:00,62,37.42862131530456,-122.1726932522039,30.3971429272248
2026-04-30T15:40:37-07:00,63,37.42865662235378,-122.1724305292539,29.6608614839818
2026-04-30T15:40:50-07:00,64,37.42864532929004,-122.1723773132388,29.6323896827621
2026-04-30T15:41:04-07:00,65,37.42855615030938,-122.1722287940767,29.8318542619599
2026-04-30T15:41:17-07:00,66,37.42867829799158,-122.1724574043774,29.8785399263679
2026-04-30T15:41:30-07:00,67,37.42867863949458,-122.1725545948653,29.8549343537956
2026-04-30T15:41:44-07:00,68,37.42872764118113,-122.1727366278341,29.9281008987681
2026-04-30T15:41:57-07:00,69,37.42867557459117,-122.1728350161443,29.7141230501307
2026-04-30T15:42:11-07:00,70,37.42872217803192,-122.1727938488552,31.0719820037484
2026-04-30T15:42:24-07:00,71,37.4286514056144,-122.1726733622968,29.8246309903108
2026-04-30T15:42:38-07:00,72,37.42858833818416,-122.1726846075746,30.1200033568783
2026-04-30T15:42:51-07:00,73,37.4286289489566,-122.1726613099446,30.2699008466842
2026-04-30T15:43:05-07:00,74,37.42860054480107,-122.1726315240428,30.4461299272173
2026-04-30T15:43:18-07:00,75,37.42863063407087,-122.1726217170267,30.4923293426731
2026-04-30T15:43:31-07:00,76,37.4284898792855,-122.1727171030716,30.6320742572693
2026-04-30T15:43:45-07:00,77,37.42858334605248,-122.1727704736488,30.7031767952421
2026-04-30T15:43:58-07:00,78,37.42855790864261,-122.1727309632298,30.4416725225747
2026-04-30T15:44:11-07:00,79,37.42856192263775,-122.1727139917876,30.5528030901423
2026-04-30T15:44:25-07:00,80,37.42851757790501,-122.1725405192471,30.5361377752475
2026-04-30T15:44:38-07:00,81,37.42844298772388,-122.1724500900655,25.9721566147074
2026-04-30T15:44:52-07:00,82,37.42846428359489,-122.1722023430403,30.3482046807039
2026-04-30T15:45:05-07:00,83,37.42846257865057,-122.1723037835107,30.5237084244225
2026-04-30T15:45:19-07:00,84,37.42852389070501,-122.1725715914357,30.5388665115287
2026-04-30T15:45:32-07:00,85,37.42850162784726,-122.172731666261,30.4067465651406
2026-04-30T15:45:45-07:00,86,37.42853118521948,-122.1726605754674,30.1934474052327
2026-04-30T15:45:59-07:00,87,37.42836129248272,-122.1726524569628,32.5483728349209
2026-04-30T15:46:12-07:00,88,37.42845168340725,-122.1726212931072,31.088741324842
2026-04-30T15:46:26-07:00,89,37.42819638385402,-122.1727679963699,30.1316875568939
2026-04-30T15:46:39-07:00,90,37.42783391662987,-122.1728950019016,31.5056276535615
2026-04-30T15:46:42-07:00,91,37.42792558864451,-122.1728933133357,31.217829072848
2026-04-30T15:46:46-07:00,92,37.42793865396915,-122.1728892250976,31.29585336335
2026-04-30T15:46:49-07:00,93,37.42796377698665,-122.1728778956388,31.326065832749
2026-04-30T15:46:53-07:00,94,37.42797242219816,-122.1728806642277,31.9736543307081
2026-04-30T15:46:56-07:00,95,37.42796891629028,-122.1728561284395,31.9233966730535
2026-04-30T15:46:59-07:00,96,37.42796964812342,-122.172791936265,32.2197050508112
2026-04-30T15:47:03-07:00,97,37.42796776595173,-122.172747684822,31.8413840541616
2026-04-30T15:47:08-07:00,98,37.42795415923506,-122.1727073653589,31.311716068536
2026-04-30T15:47:11-07:00,99,37.42794667617615,-122.172667143651,30.8737551625818
2026-04-30T15:47:14-07:00,100,37.42794602334752,-122.172625555459,30.7839390384033
2026-04-30T15:47:18-07:00,101,37.42795693364103,-122.1725923444905,31.4759184783325
2026-04-30T15:47:21-07:00,102,37.42795540974524,-122.1725541583302,31.0937427664176
2026-04-30T15:47:25-07:00,103,37.42796434174367,-122.172500595178,31.403293848969
2026-04-30T15:47:28-07:00,104,37.42795168853839,-122.1724726501306,30.9176744520664
2026-04-30T15:47:31-07:00,105,37.42794356497485,-122.1724446988286,30.5885519031435
2026-04-30T15:47:35-07:00,106,37.42792683465692,-122.1724033376797,30.5350755201653
2026-04-30T15:47:38-07:00,107,37.42791017147097,-122.1723778899115,30.1567392461002
2026-04-30T15:47:42-07:00,108,37.42788209328516,-122.1723512826574,29.4853855157271
2026-04-30T15:47:45-07:00,109,37.42785901004377,-122.1723460897618,29.5493315467611
2026-04-30T15:47:48-07:00,110,37.427834238858,-122.1723489756625,29.6539374468848
2026-04-30T15:47:52-07:00,111,37.4277993985034,-122.172341634486,29.3510850053281
2026-04-30T15:47:55-07:00,112,37.42778225108576,-122.1723564380159,29.2480597998947
2026-04-30T15:47:59-07:00,113,37.42774853799325,-122.1723729157748,29.2385927522555
2026-04-30T15:48:02-07:00,114,37.42772702654989,-122.1723825825332,29.2348715569824
2026-04-30T15:48:05-07:00,115,37.42770040523921,-122.1723857884625,29.2206041496247
2026-04-30T15:48:09-07:00,116,37.42767065861067,-122.1723910052158,29.3239041576162
2026-04-30T15:48:12-07:00,117,37.42764195314821,-122.1724016341251,28.6515534324572
2026-04-30T15:48:16-07:00,118,37.42761195801999,-122.1724209141421,28.6688860319555
2026-04-30T15:48:19-07:00,119,37.42758390854407,-122.1724221335583,28.3749493984506
2026-04-30T15:48:22-07:00,120,37.42755519656692,-122.1724280785916,28.1536911167204
2026-04-30T15:48:26-07:00,121,37.42752211053992,-122.172446630545,28.2580812145025
2026-04-30T15:48:29-07:00,122,37.42751110874003,-122.1724624876911,28.4834692096338
2026-04-30T15:48:33-07:00,123,37.42753071739499,-122.1724945086259,28.1625366350636
2026-04-30T15:48:36-07:00,124,37.42754536714057,-122.1725063699661,28.3473563240841
2026-04-30T15:48:40-07:00,125,37.42755857498256,-122.1725208602827,28.6411426393315
2026-04-30T15:48:43-07:00,126,37.42757216171293,-122.1725461857933,28.6513385791332
2026-04-30T15:48:46-07:00,127,37.42757763621687,-122.1725719526149,28.9040602874011
2026-04-30T15:48:50-07:00,128,37.42759344118294,-122.1726146309308,28.6303512649611
2026-04-30T15:48:53-07:00,129,37.42760487938094,-122.1726378835601,28.6554301064461
2026-04-30T15:48:57-07:00,130,37.42760822460333,-122.1726529593937,28.6804604809731
2026-04-30T15:49:00-07:00,131,37.42760985443615,-122.1726934767131,28.8158253561705
2026-04-30T15:49:03-07:00,132,37.42760870363303,-122.1727306841933,28.9101698640734
2026-04-30T15:49:07-07:00,133,37.42761572177957,-122.1727646864747,29.1009011408314
2026-04-30T15:49:10-07:00,134,37.42761217756068,-122.1728030063462,29.2054208572954
2026-04-30T15:49:14-07:00,135,37.42758557071075,-122.1728463497968,29.4340510200709
2026-04-30T15:49:17-07:00,136,37.4275818665827,-122.17286805663,29.5325314560905
2026-04-30T15:49:20-07:00,137,37.4275943463984,-122.1729194699095,29.6199340140447
2026-04-30T15:49:24-07:00,138,37.42759373883607,-122.1729317823038,29.9300772845745
2026-04-30T15:49:27-07:00,139,37.42759154212896,-122.1729452156928,30.0276222126558
2026-04-30T15:49:33-07:00,140,37.42760065147618,-122.1730240840129,30.1334059610963
2026-04-30T15:49:36-07:00,141,37.42771251715794,-122.1730596524506,30.4433567021042
2026-04-30T15:49:39-07:00,142,37.42764841087413,-122.1731264948055,30.665191097185
2026-04-30T15:49:43-07:00,143,37.42765897698096,-122.1731871712079,30.5171856014058
2026-04-30T15:49:46-07:00,144,37.42768692961373,-122.1732480365822,30.4796540774405
2026-04-30T15:49:50-07:00,145,37.42774184126277,-122.1732586819954,30.9784247400239
2026-04-30T15:49:53-07:00,146,37.42777706881937,-122.1732808424523,31.6472021257505
2026-04-30T15:49:57-07:00,147,37.4278188849318,-122.1732578469639,31.949804995209
2026-04-30T15:50:00-07:00,148,37.42786392962228,-122.1732452242937,32.4229478407651
2026-04-30T15:50:03-07:00,149,37.42788855745954,-122.1732323946697,32.5172219360247
2026-04-30T15:50:07-07:00,150,37.42792623104437,-122.1732116015491,32.7124864012003
2026-04-30T15:50:10-07:00,151,37.42794689555726,-122.1732027380476,32.6206311369315
2026-04-30T15:50:14-07:00,152,37.42799281275185,-122.1731863144377,32.7474508434534
2026-04-30T15:50:17-07:00,153,37.42802291590571,-122.1731795654081,33.0106649110094
2026-04-30T15:50:20-07:00,154,37.42804771470097,-122.1731450563129,32.9542071195319
2026-04-30T15:50:24-07:00,155,37.42804262890713,-122.1730986514401,33.2409395491704
2026-04-30T15:50:27-07:00,156,37.42804240483101,-122.1730751912046,33.5223906096071
2026-04-30T15:50:31-07:00,157,37.42804195325304,-122.1730316641475,33.6857212977484
2026-04-30T15:50:34-07:00,158,37.42803382494643,-122.1729961821509,33.3293888438493
2026-04-30T15:50:38-07:00,159,37.42803704365081,-122.1729668937047,33.3656474817544
2026-04-30T15:50:41-07:00,160,37.42803687585643,-122.1729242019042,33.4971806490794
2026-04-30T15:50:44-07:00,161,37.42802629858323,-122.1728988438996,33.4727126061916
2026-04-30T15:50:48-07:00,162,37.42800439686622,-122.1728938317432,33.5479789916426
2026-04-30T15:50:51-07:00,163,37.42799201288104,-122.1728977675546,33.5838219486177
2026-04-30T15:50:55-07:00,164,37.42797753727852,-122.1728930002451,32.9881045911461
2026-04-30T15:50:58-07:00,165,37.42797838733851,-122.172893085501,32.9989057099447
2026-04-30T15:51:01-07:00,166,37.42801901178561,-122.1728786283654,32.4439719794318
2026-04-30T15:51:05-07:00,167,37.42809270795178,-122.1728751880087,32.2618978740647
2026-04-30T15:51:18-07:00,168,37.42814733785961,-122.1729242105832,32.8392450753599
2026-04-30T15:51:32-07:00,169,37.42816676470331,-122.1730984033757,33.7988953441381
2026-04-30T15:51:42-07:00,170,37.42801878238598,-122.1731920228804,32.7132167359814
2026-04-30T15:51:45-07:00,171,37.42797853145111,-122.1731992378895,32.9966364530846
2026-04-30T15:51:48-07:00,172,37.42794382225367,-122.1732081537553,32.4894323674962
2026-04-30T15:51:52-07:00,173,37.42791459880491,-122.1731967253227,32.4633201528341
2026-04-30T15:51:55-07:00,174,37.42789112497532,-122.1731699897445,32.4793664719909
2026-04-30T15:51:59-07:00,175,37.42789718034947,-122.1731719154386,31.8172753741965
2026-04-30T15:52:02-07:00,176,37.42788946287428,-122.1731719447756,31.8786621475592
2026-04-30T15:52:06-07:00,177,37.42789262199464,-122.1731969089559,31.3571098232642
2026-04-30T15:52:09-07:00,178,37.42788634214835,-122.1732240233063,32.2377234529704
2026-04-30T15:52:12-07:00,179,37.42784142260023,-122.1732303412097,31.8935691341758
2026-04-30T15:52:16-07:00,180,37.42780571207857,-122.1732523288125,31.2625701054931
2026-04-30T15:52:19-07:00,181,37.42780063042373,-122.1732288457069,31.6282415147871
2026-04-30T15:52:23-07:00,182,37.42780099883016,-122.1731974564206,31.7612509988248
2026-04-30T15:52:26-07:00,183,37.42779599208015,-122.1731990496836,31.5660531669855
2026-04-30T15:52:29-07:00,184,37.42777675208772,-122.1731973810482,31.3897780356929
2026-04-30T15:52:33-07:00,185,37.42773602854204,-122.1731502699522,31.0903812143952
2026-04-30T15:52:36-07:00,186,37.42770537795837,-122.1731296241193,30.9564685449004
2026-04-30T15:52:40-07:00,187,37.42762201646487,-122.1731212029345,30.9097494808957
2026-04-30T15:52:43-07:00,188,37.42756976757532,-122.1731164167242,30.7287823129445
2026-04-30T15:52:47-07:00,189,37.42754817749971,-122.1730648774631,30.6018799152225
2026-04-30T15:52:50-07:00,190,37.42756834001927,-122.1729956719801,30.3876436445862
2026-04-30T15:52:53-07:00,191,37.42756111295935,-122.1729533581561,30.1647761594504
2026-04-30T15:52:57-07:00,192,37.42755903014425,-122.1728864680611,30.0379191171378
2026-04-30T15:53:00-07:00,193,37.4275836613831,-122.1728795497471,29.8758665639907
2026-04-30T15:53:04-07:00,194,37.42758434360024,-122.1728270913682,29.9567069746554
2026-04-30T15:53:07-07:00,195,37.42758370854482,-122.1727988469851,30.0645011048764
2026-04-30T15:53:10-07:00,196,37.42758340695771,-122.1727639984455,29.8150403592736
2026-04-30T15:53:14-07:00,197,37.42758292230559,-122.1727157324054,29.613101570867
2026-04-30T15:53:17-07:00,198,37.42759149085401,-122.1727071559448,29.4415588602424
2026-04-30T15:53:21-07:00,199,37.42758581877989,-122.1726708736783,29.309383591637
2026-04-30T15:53:24-07:00,200,37.42758589540851,-122.1726500907871,29.1052401820198
2026-04-30T15:53:28-07:00,201,37.42758589540851,-122.1726500907871,29.1052401820198
2026-04-30T15:53:31-07:00,202,37.42755223635763,-122.1726809141259,28.6296208584681
2026-04-30T15:53:34-07:00,203,37.42755104417906,-122.1726603498275,28.3670953800902
2026-04-30T15:53:38-07:00,204,37.42755006287011,-122.1726030282223,28.3920551566407
2026-04-30T15:53:41-07:00,205,37.42753713050218,-122.1725683166498,28.1819009119645
2026-04-30T15:53:45-07:00,206,37.42752722811,-122.1725223708229,28.2422830145806
2026-04-30T15:53:48-07:00,207,37.42750459732031,-122.1725202857197,27.5674935216084
2026-04-30T15:53:51-07:00,208,37.42747600804671,-122.1725270317558,27.6451240191236
2026-04-30T15:53:55-07:00,209,37.42747740189981,-122.1725320075905,27.7742700083181
2026-04-30T15:53:58-07:00,210,37.42745320498734,-122.1725415497046,27.8049788875505
2026-04-30T15:54:02-07:00,211,37.42743809162251,-122.1725672212633,27.9562267968431
2026-04-30T15:54:05-07:00,212,37.42743469905805,-122.1725864768737,28.2843520063907
2026-04-30T15:54:08-07:00,213,37.42742895891699,-122.1725774683653,28.0473268013448
2026-04-30T15:54:12-07:00,214,37.42743487966912,-122.1726024560246,28.1695956774056
2026-04-30T15:54:25-07:00,215,37.42742829493951,-122.1725719236975,30.2305870298296
2026-04-30T15:54:39-07:00,216,37.42756963543756,-122.1727688323023,27.2968606366493
2026-04-30T15:54:52-07:00,217,37.42761077403937,-122.1728215379097,28.9219776494909
2026-04-30T15:55:05-07:00,218,37.42752248655756,-122.1729619887066,29.7709883965552
2026-04-30T15:55:19-07:00,219,37.42759424785872,-122.1730312098081,30.1040117265372
2026-04-30T15:55:32-07:00,220,37.42756585041433,-122.1728439942552,29.9588717599479
2026-04-30T15:55:46-07:00,221,37.42757256544773,-122.1730222624492,28.8463868754013
2026-04-30T15:55:59-07:00,222,37.4274573099055,-122.1730558263344,29.2759411782026
2026-04-30T15:56:13-07:00,223,37.42727433772468,-122.1729805785025,28.4709413823197
2026-04-30T15:56:26-07:00,224,37.4274129656271,-122.1727878152677,31.4862744924016
2026-04-30T15:56:40-07:00,225,37.42740967840489,-122.1727397204522,33.3343808551802
2026-04-30T15:56:53-07:00,226,37.42741500236858,-122.1727009095219,33.2420632685543
2026-04-30T15:57:06-07:00,227,37.42740262235583,-122.1727234934414,32.9550089751002
2026-04-30T15:57:20-07:00,228,37.42741984301518,-122.1725125055403,33.56758415699
2026-04-30T15:57:33-07:00,229,37.42744415793591,-122.1724774054078,33.8367007573091
2026-04-30T15:57:39-07:00,230,37.42739587432702,-122.1725231226778,28.4874910367653
2026-04-30T15:57:42-07:00,231,37.4273876528131,-122.1725140867142,28.596388480626
2026-04-30T15:57:45-07:00,232,37.42739223041978,-122.1725035028406,28.4653684590012
2026-04-30T15:57:49-07:00,233,37.4273878657713,-122.172489378818,28.2729942286387
2026-04-30T15:57:52-07:00,234,37.42738714575488,-122.1724924183974,27.9814325841144
2026-04-30T15:57:56-07:00,235,37.4273969812886,-122.1724974269263,28.1228736396879
2026-04-30T15:57:59-07:00,236,37.4273969812886,-122.1724974269263,28.1228736396879
2026-04-30T15:58:03-07:00,237,37.4273969812886,-122.1724974269263,28.1228736396879
2026-04-30T15:58:06-07:00,238,37.42739157966935,-122.1725074065149,27.7631385354325
2026-04-30T15:58:09-07:00,239,37.42739157966935,-122.1725074065149,27.7631385354325
2026-04-30T15:58:13-07:00,240,37.42739745806658,-122.1725003058237,27.7957765460014
2026-04-30T15:58:16-07:00,241,37.42739745806658,-122.1725003058237,27.7957765460014
2026-04-30T15:58:20-07:00,242,37.42739745806658,-122.1725003058237,27.7957765460014
2026-04-30T15:58:23-07:00,243,37.42739745806658,-122.1725003058237,27.7957765460014
2026-04-30T15:58:26-07:00,244,37.42739745806658,-122.1725003058237,27.7957765460014
2026-04-30T15:58:30-07:00,245,37.42739745806658,-122.1725003058237,27.7957765460014
2026-04-30T15:58:33-07:00,246,37.42739745806658,-122.1725003058237,27.7957765460014
2026-04-30T15:58:37-07:00,247,37.42739745806658,-122.1725003058237,27.7957765460014
2026-04-30T15:58:50-07:00,248,37.42739745806658,-122.1725003058237,27.7957765460014
2026-04-30T15:58:53-07:00,249,37.42739745806658,-122.1725003058237,27.7957765460014
2026-04-30T15:59:05-07:00,250,37.42739745806658,-122.1725003058237,27.7957765460014
2026-04-30T15:59:11-07:00,251,37.42739745806658,-122.1725003058237,27.7957765460014
2026-04-30T15:59:17-07:00,252,37.42737429546646,-122.1725090268542,27.436126881279
2026-04-30T15:59:30-07:00,253,37.42737202957763,-122.1725075180058,27.4728255541995
2026-04-30T15:59:43-07:00,254,37.42737202957763,-122.1725075180058,27.4728255541995
2026-04-30T15:59:57-07:00,255,37.42737202957763,-122.1725075180058,27.4728255541995
2026-04-30T16:00:10-07:00,256,37.42737202957763,-122.1725075180058,27.4728255541995
2026-04-30T16:00:24-07:00,257,37.42737202957763,-122.1725075180058,27.4728255541995
2026-04-30T16:00:37-07:00,258,37.42737202957763,-122.1725075180058,27.4728255541995
2026-04-30T16:00:50-07:00,259,37.42737202957763,-122.1725075180058,27.4728255541995
2026-04-30T16:01:04-07:00,260,37.42737202957763,-122.1725075180058,27.4728255541995
2026-04-30T16:01:17-07:00,261,37.42737202957763,-122.1725075180058,27.4728255541995
2026-04-30T16:01:30-07:00,262,37.42737202957763,-122.1725075180058,27.4728255541995
2026-04-30T16:01:44-07:00,263,37.42737202957763,-122.1725075180058,27.4728255541995
2026-04-30T16:01:47-07:00,264,37.42736897358247,-122.1724943043363,27.4728255541995
2026-04-30T16:01:51-07:00,265,37.42736897358247,-122.1724943043363,27.4728255541995
2026-04-30T16:01:54-07:00,266,37.42736897358247,-122.1724943043363,27.4728255541995
2026-04-30T16:01:57-07:00,267,37.42736893019764,-122.1724943683979,30.086029464868
2026-04-30T16:02:01-07:00,268,37.4273657619859,-122.1724877509786,34.4143312105311
2026-04-30T16:02:04-07:00,269,37.42736670585753,-122.1724858879512,34.4144780776733
2026-04-30T16:02:07-07:00,270,37.42736670293457,-122.1724858860983,34.4144780776733
2026-04-30T16:02:11-07:00,271,37.42736799806889,-122.1724874238588,30.6188316345215
2026-04-30T16:02:14-07:00,272,37.4273679820148,-122.1724874259384,34.3749049510184
2026-04-30T16:02:17-07:00,273,37.4273686420374,-122.1724868183722,34.425227312471
2026-04-30T16:02:21-07:00,274,37.42736808118308,-122.1724827107658,34.425227312471
2026-04-30T16:02:24-07:00,275,37.4273677071122,-122.1724828910816,34.4392371811798
2026-04-30T16:02:27-07:00,276,37.42736769804891,-122.1724828938342,34.4392371811798
2026-04-30T16:02:31-07:00,277,37.42736745535021,-122.1724815554914,34.39916849372
2026-04-30T16:02:34-07:00,278,37.42736746128675,-122.1724815759946,34.39916849372
2026-04-30T16:02:37-07:00,279,37.42736700253503,-122.1724815993275,33.3289189657676
2026-04-30T16:02:41-07:00,280,37.42736700621846,-122.1724816220217,33.3289189657676
2026-04-30T16:02:44-07:00,281,37.42736746309178,-122.1724801718534,34.4252559244633
2026-04-30T16:02:47-07:00,282,37.42736816371129,-122.1724784741091,34.4218455851078
2026-04-30T16:02:51-07:00,283,37.42736636826765,-122.1724738642418,28.5266429901123
2026-04-30T16:02:54-07:00,284,37.42736637025263,-122.1724738691408,28.5232498168945
2026-04-30T16:02:58-07:00,285,37.42736704558202,-122.1724762685393,34.4300585932817
2026-04-30T16:03:01-07:00,286,37.42736831843887,-122.1724771310206,31.5804100036621
2026-04-30T16:03:04-07:00,287,37.42736831843872,-122.1724771310199,34.4267111964311
2026-04-30T16:03:08-07:00,288,37.42736817498142,-122.1724763646592,34.4073082525825
2026-04-30T16:03:11-07:00,289,37.42736811514373,-122.1724758660807,34.4252368426696
2026-04-30T16:03:14-07:00,290,37.42736812554443,-122.1724759018442,34.4218455768005
2026-04-30T16:03:18-07:00,291,37.42736800612607,-122.1724769404786,28.5265800476074
2026-04-30T16:03:21-07:00,292,37.42736800003575,-122.1724769571388,28.5265800476074
2026-04-30T16:03:25-07:00,293,37.4273678139702,-122.1724753692615,34.4252330290479
2026-04-30T16:03:28-07:00,294,37.42736782036476,-122.1724753911809,34.4252330290479
2026-04-30T16:03:31-07:00,295,37.42736822964017,-122.1724766020268,28.5266143798828
2026-04-30T16:03:35-07:00,296,37.42736739922154,-122.1724722902595,28.5266143798828
2026-04-30T16:03:38-07:00,297,37.42736668317563,-122.1724711759792,28.5266067504883
2026-04-30T16:03:41-07:00,298,37.42736666758096,-122.1724711976754,28.5232498168945
2026-04-30T16:03:45-07:00,299,37.4273671729018,-122.1724723996465,28.5265933990478
2026-04-30T16:03:48-07:00,300,37.42736717149663,-122.1724724322056,28.5232498168945
2026-04-30T16:03:51-07:00,301,37.42736730061741,-122.1724720642123,34.416006811661
2026-04-30T16:03:55-07:00,302,37.42736728943683,-122.1724720619195,34.4159953675692
2026-04-30T16:03:58-07:00,303,37.4273666755021,-122.1724711793673,28.5266067504883
2026-04-30T16:04:02-07:00,304,37.42736667237436,-122.1724711988117,28.5266067504883
2026-04-30T16:04:05-07:00,305,37.427367291667,-122.1724720696162,34.3991646787219
2026-04-30T16:04:08-07:00,306,37.42736728935249,-122.1724720672995,34.3957886716418
2026-04-30T16:04:12-07:00,307,37.42736805642698,-122.1724728971506,34.4252482933059
2026-04-30T16:04:15-07:00,308,37.4273680621899,-122.1724728968748,34.4252482933059
2026-04-30T16:04:18-07:00,309,37.42736754101021,-122.1724705380222,34.4159991800785
2026-04-30T16:04:22-07:00,310,37.42736754306098,-122.17247054411,34.412630802393
2026-04-30T16:04:25-07:00,311,37.42736676190257,-122.1724679279008,28.5266201019287
2026-04-30T16:04:28-07:00,312,37.42736676713528,-122.1724679494521,28.5232498168945
2026-04-30T16:04:32-07:00,313,37.42736696542915,-122.1724681034577,28.5266372680664
2026-04-30T16:04:35-07:00,314,37.42736695711169,-122.1724681184619,28.5232498168945
2026-04-30T16:04:38-07:00,315,37.42736728796546,-122.1724690763635,28.5266258239746
2026-04-30T16:04:42-07:00,316,37.42736728569343,-122.1724690704341,28.5232498168945
2026-04-30T16:04:45-07:00,317,37.42736737605455,-122.1724693120144,34.4348960935108
2026-04-30T16:04:48-07:00,318,37.42736737541949,-122.1724693146444,34.4348960935108
2026-04-30T16:04:52-07:00,319,37.42736737743549,-122.1724693147038,34.4160049047594
2026-04-30T16:04:55-07:00,320,37.42736736103114,-122.1724693094127,34.4126308050279
2026-04-30T16:04:59-07:00,321,37.42736682811563,-122.1724676833751,34.4073349548619
2026-04-30T16:05:02-07:00,322,37.42736682997701,-122.1724676875209,34.4073349548619
2026-04-30T16:05:05-07:00,323,37.42736752142962,-122.1724692751176,34.4349037176624
2026-04-30T16:05:09-07:00,324,37.42736751026165,-122.172469264007,34.4349037176624
2026-04-30T16:05:12-07:00,325,37.42736704290324,-122.1724684740248,34.4252254017285
2026-04-30T16:05:15-07:00,326,37.42736703773632,-122.1724685007007,34.4218455799511
2026-04-30T16:05:19-07:00,327,37.4273669353137,-122.1724681226089,34.4349094500072
2026-04-30T16:05:22-07:00,328,37.42736693954405,-122.1724681355414,34.4315219988353
2026-04-30T16:05:25-07:00,329,37.42736739859786,-122.172466643567,34.434968572855
2026-04-30T16:05:29-07:00,330,37.42736739075325,-122.1724666574267,34.4315219938755
2026-04-30T16:05:32-07:00,331,37.42736603180143,-122.1724640094694,34.4073082480866
2026-04-30T16:05:36-07:00,332,37.42736493957282,-122.1724592191749,34.4073006186921
2026-04-30T16:05:39-07:00,333,37.4273648785534,-122.1724590421242,28.5266296386719
2026-04-30T16:05:42-07:00,334,37.42736488716074,-122.1724590721437,28.5232498168945
2026-04-30T16:05:46-07:00,335,37.4273645811835,-122.1724585273188,28.5266201019287
2026-04-30T16:05:49-07:00,336,37.42736458632438,-122.172458548086,28.5266201019287
2026-04-30T16:05:52-07:00,337,37.42736513671073,-122.1724596736073,34.416006814081
2026-04-30T16:05:56-07:00,338,37.42736513137519,-122.1724596606565,34.416006814081
2026-04-30T16:05:59-07:00,339,37.42736569394353,-122.1724599149134,28.5266677856445
2026-04-30T16:06:02-07:00,340,37.42736562690677,-122.1724564226976,28.5266677856445
2026-04-30T16:06:06-07:00,341,37.42736480660334,-122.1724548797104,34.4553838044707
2026-04-30T16:06:09-07:00,342,37.42736481101423,-122.1724548846444,34.4553799897734
2026-04-30T16:06:12-07:00,343,37.42736468138713,-122.1724560241292,28.5265972137451
2026-04-30T16:06:16-07:00,344,37.42736467600715,-122.1724560212344,28.5265972137451
2026-04-30T16:06:19-07:00,345,37.42736468432563,-122.1724552456711,34.4553532834644
2026-04-30T16:06:23-07:00,346,37.42736363216576,-122.1724506939035,34.4553532834644
2026-04-30T16:06:26-07:00,347,37.4273635148061,-122.1724502726655,28.5266429901123
2026-04-30T16:06:29-07:00,348,37.42736379769716,-122.1724478426028,28.587737955401
2026-04-30T16:06:33-07:00,349,37.42736393371366,-122.1724486647998,28.5842932837702
2026-04-30T16:06:46-07:00,350,37.42734651931414,-122.1724199083685,27.810848236084
2026-04-30T16:07:00-07:00,351,37.42750603465834,-122.1725630690033,27.606957055962
2026-04-30T16:07:13-07:00,352,37.42755016930064,-122.1726022074461,26.7195589611545
2026-04-30T16:07:27-07:00,353,37.42759684552549,-122.1728078498451,30.334504600919
2026-04-30T16:07:40-07:00,354,37.42760034987401,-122.1729665964645,30.3976836118847
2026-04-30T16:07:53-07:00,355,37.4276076440137,-122.1728886451933,30.5248789701425
2026-04-30T16:08:07-07:00,356,37.42751330968628,-122.1730029603329,30.0789696406204
2026-04-30T16:10:35-07:00,1,37.42739075098685,-122.1724764810563,27.7662620544434
2026-04-30T16:10:38-07:00,2,37.42740046122741,-122.1724839846248,27.700740814209
2026-04-30T16:10:41-07:00,3,37.42741023596162,-122.172493706297,27.4995079040527
2026-04-30T16:10:44-07:00,4,37.42742388688619,-122.172526430175,27.9449729919434
2026-04-30T16:10:48-07:00,5,37.42743377589798,-122.1725606234812,28.3202477442101
2026-04-30T16:10:51-07:00,6,37.42743711857101,-122.1725802787131,27.3174095749855
2026-04-30T16:10:54-07:00,7,37.42742298423885,-122.1725744899231,27.1320763127878
2026-04-30T16:11:08-07:00,8,37.42761384645971,-122.1728230675069,28.3991053579375
2026-04-30T16:11:21-07:00,9,37.42743082637695,-122.1729557248284,32.9924693701442
2026-04-30T16:11:34-07:00,10,37.4275046264648,-122.1725733449291,32.9929538412063
2026-04-30T16:11:48-07:00,11,37.42760799716248,-122.1730333188454,30.6031563135083
2026-04-30T16:12:01-07:00,12,37.42751630257874,-122.1730326297926,28.724036445063
2026-04-30T16:12:14-07:00,13,37.42726997687605,-122.173012354447,29.6865019312526
2026-04-30T16:12:28-07:00,14,37.4275161610306,-122.1726988573144,28.30075339491
2026-04-30T16:12:41-07:00,15,37.4275774210656,-122.17269495438,31.1353610782521
2026-04-30T16:12:54-07:00,16,37.4274937588732,-122.1725139492322,30.3853653158346
2026-04-30T16:13:07-07:00,17,37.42744403417188,-122.1724483181682,30.452995608747
2026-04-30T16:13:21-07:00,18,37.42750651943783,-122.1725700398162,34.4443543333128
2026-04-30T16:13:34-07:00,19,37.42755418268447,-122.1726605240039,26.8058804925228
2026-04-30T16:13:47-07:00,20,37.42756107607377,-122.1727133228044,27.7802399009513
2026-04-30T16:14:01-07:00,21,37.42730577173324,-122.1729441637167,32.2052762536713
2026-04-30T16:14:14-07:00,22,37.42733143414144,-122.1729966303114,32.6135832372754
2026-04-30T16:14:27-07:00,23,37.42752862098803,-122.1730298159623,30.2756469768693
2026-04-30T16:14:41-07:00,24,37.42764409623336,-122.1729397195017,30.3306127160845
2026-04-30T16:14:54-07:00,25,37.42748514898373,-122.1727137886653,29.9369439646991
2026-04-30T16:15:07-07:00,26,37.42741326792549,-122.1726532650361,30.8654183852971
2026-04-30T16:15:21-07:00,27,37.42742441559316,-122.1724521068247,34.2138491545266
2026-04-30T16:15:34-07:00,28,37.42741716346439,-122.172577778887,28.3601346295327
2026-04-30T16:15:37-07:00,29,37.42740524618593,-122.1725681260548,28.2368763843551
2026-04-30T16:15:41-07:00,30,37.42739807804041,-122.1725159225662,27.9565577479079
2026-04-30T16:15:44-07:00,31,37.42740435687792,-122.1724651093453,27.8253758819774
2026-04-30T16:15:47-07:00,32,37.42742152153837,-122.1724370865373,27.2472493695095
2026-04-30T16:15:50-07:00,33,37.42744689456208,-122.172422462072,27.1749634882435
2026-04-30T16:15:54-07:00,34,37.42747576612157,-122.1724142475007,27.7589097181335
2026-04-30T16:15:57-07:00,35,37.42749159330771,-122.1724218008778,27.9405641919002
2026-04-30T16:16:00-07:00,36,37.42752442058944,-122.1724160816752,27.8333121510223
2026-04-30T16:16:04-07:00,37,37.42754908912469,-122.1724078043235,27.3448138833046
2026-04-30T16:16:07-07:00,38,37.42753545782945,-122.1724042845987,27.6739575397223
2026-04-30T16:16:10-07:00,39,37.42756158121316,-122.1724039761831,28.2473420100287
2026-04-30T16:16:14-07:00,40,37.42757118876789,-122.1723977943862,27.4570662267506
2026-04-30T16:16:17-07:00,41,37.42756944396282,-122.1723883214601,27.3011453738436
2026-04-30T16:16:20-07:00,42,37.42757743886224,-122.1723958654877,27.3649053759873
2026-04-30T16:16:24-07:00,43,37.42754776321706,-122.1723994215591,27.2722303196788
2026-04-30T16:16:27-07:00,44,37.42751168250318,-122.1724217330309,27.0908010629937
2026-04-30T16:16:30-07:00,45,37.42748313366162,-122.1724271502921,27.2174084074795
2026-04-30T16:16:33-07:00,46,37.42744705687883,-122.172441406324,27.9797631744295
2026-04-30T16:16:37-07:00,47,37.4274037831712,-122.1724610847766,27.8283676560968
2026-04-30T16:16:40-07:00,48,37.42739831865642,-122.1724998362591,27.9793691001832
2026-04-30T16:16:43-07:00,49,37.42740773153687,-122.1725348488978,28.0529085649177
2026-04-30T16:16:47-07:00,50,37.42741094374494,-122.1725417096309,28.3159790458158
2026-04-30T16:16:50-07:00,51,37.42739896610249,-122.1725437285946,28.2782125286758
2026-04-30T16:16:53-07:00,52,37.42741348542759,-122.1725492993201,28.0852515492588
2026-04-30T16:17:07-07:00,53,37.42743529382867,-122.1724467818832,27.9588279956952
2026-04-30T16:17:20-07:00,54,37.42739452141873,-122.172514839256,34.5720232520881
2026-04-30T16:17:33-07:00,55,37.42751990542749,-122.1725522841252,34.6270953640284
2026-04-30T16:17:46-07:00,56,37.42756997606021,-122.1726167766701,34.6730345731014
2026-04-30T16:18:00-07:00,57,37.4276003318699,-122.1729214496041,33.6087779347092
2026-04-30T16:18:09-07:00,58,37.42769529026386,-122.1729685289952,29.749420395121
2026-04-30T16:18:12-07:00,59,37.42770587960729,-122.1729578634893,30.1113873450086
2026-04-30T16:18:15-07:00,60,37.42769958573055,-122.1729572740615,30.2898787595332
2026-04-30T16:18:18-07:00,61,37.42768307942206,-122.172947632647,30.4265968818218
2026-04-30T16:18:22-07:00,62,37.42772446874397,-122.1729437710473,31.021611686796
2026-04-30T16:18:35-07:00,63,37.4279095000006,-122.1729236283546,27.8821068042889
2026-04-30T16:18:48-07:00,64,37.42788869247804,-122.1729400187488,31.4165276815037
2026-04-30T16:19:02-07:00,65,37.42786845211546,-122.1728803843237,31.2662631747165
2026-04-30T16:19:15-07:00,66,37.42788887622975,-122.1729230480352,31.2272466413637
2026-04-30T16:19:28-07:00,67,37.42819933346572,-122.1729976429231,34.5543627263978
2026-04-30T16:19:32-07:00,68,37.42828858837719,-122.1730804616707,34.8779657697305
2026-04-30T16:19:35-07:00,69,37.42826400372592,-122.1730877177402,34.8642565617338
2026-04-30T16:19:48-07:00,70,37.42792544026552,-122.173069241146,31.4302346635935
2026-04-30T16:20:02-07:00,71,37.42791239787833,-122.1731791679877,32.2739729331806
2026-04-30T16:20:13-07:00,72,37.42790033813537,-122.1731017566291,31.2437735190615
2026-04-30T16:20:16-07:00,73,37.42792619327474,-122.173078703314,31.5871927337721
2026-04-30T16:20:19-07:00,74,37.42793075695442,-122.1730703764536,31.5599474804476
2026-04-30T16:20:22-07:00,75,37.42792634491548,-122.1730704505767,26.8441488181364
2026-04-30T16:20:36-07:00,76,37.42791328003658,-122.1728070995843,30.9362295972357
2026-04-30T16:20:49-07:00,77,37.42784750307615,-122.1726830832727,30.9434913555564
2026-04-30T16:21:02-07:00,78,37.42775025413602,-122.1725156360113,30.8572015115432
2026-04-30T16:21:11-07:00,79,37.42775194392063,-122.172568156382,27.155220657587
2026-04-30T16:21:14-07:00,80,37.42774197106824,-122.1725563829253,27.3299420177937
2026-04-30T16:21:17-07:00,81,37.42773211721127,-122.1725271350645,27.4465571427718
2026-04-30T16:21:20-07:00,82,37.42770480275303,-122.1724716149231,27.5086112292483
2026-04-30T16:21:24-07:00,83,37.42768824604765,-122.1724012081157,26.8919355161488
2026-04-30T16:21:27-07:00,84,37.4277229189174,-122.1723587241907,27.1163574773818
2026-04-30T16:21:30-07:00,85,37.4277576232675,-122.1723338610223,27.209946744144
2026-04-30T16:21:34-07:00,86,37.42779942033172,-122.1723032466454,27.3651070650667
2026-04-30T16:21:37-07:00,87,37.42783467351284,-122.1722891247733,27.1916319653392
2026-04-30T16:21:40-07:00,88,37.42786907929676,-122.1722759305961,27.5763241508976
2026-04-30T16:21:44-07:00,89,37.42790980183771,-122.1722630135714,27.5825291732326
2026-04-30T16:21:47-07:00,90,37.42793932712454,-122.1722502960339,27.9136174283922
2026-04-30T16:21:50-07:00,91,37.42796911322991,-122.1722391929553,28.0926971286535
2026-04-30T16:21:53-07:00,92,37.42799900090343,-122.1722363510488,27.8235943522304
2026-04-30T16:21:57-07:00,93,37.42802933885928,-122.1722064778116,27.9561135703698
2026-04-30T16:22:00-07:00,94,37.42805589310056,-122.1722046214692,28.5405282489955
2026-04-30T16:22:03-07:00,95,37.42808249987983,-122.172196688279,28.3555749999359
2026-04-30T16:22:07-07:00,96,37.42812930721372,-122.1722018508243,28.6559451995417
2026-04-30T16:22:10-07:00,97,37.42816622562963,-122.1721853211549,27.9022967601195
2026-04-30T16:22:13-07:00,98,37.42818837552499,-122.1721754010774,28.1845462433994
2026-04-30T16:22:17-07:00,99,37.42824653556581,-122.1721632184665,28.6423409851268
2026-04-30T16:22:20-07:00,100,37.42827108284132,-122.1721527054585,29.0288370009512
2026-04-30T16:22:23-07:00,101,37.42829818612854,-122.1721317443427,29.3442533360794
2026-04-30T16:22:26-07:00,102,37.42831747715798,-122.1721262373151,29.2870724759996
2026-04-30T16:22:30-07:00,103,37.42835047437582,-122.1721350344189,29.3243240378797
2026-04-30T16:22:33-07:00,104,37.42837946390357,-122.1721160226109,29.441483036615
2026-04-30T16:22:36-07:00,105,37.42840734868953,-122.1721116192444,29.3763292962685
2026-04-30T16:22:40-07:00,106,37.42844714914325,-122.1720965647634,29.3311642110348
2026-04-30T16:22:43-07:00,107,37.42846739315413,-122.1720964475722,29.5696202283725
2026-04-30T16:22:46-07:00,108,37.42846350066681,-122.1720972931124,29.5832638964057
2026-04-30T16:22:50-07:00,109,37.4284729653976,-122.172086929722,29.5192541768774
2026-04-30T16:22:53-07:00,110,37.42847344408798,-122.1720889841697,29.6076499922201
2026-04-30T16:23:06-07:00,111,37.42848974422461,-122.1720845883035,29.3631346384063
2026-04-30T16:23:20-07:00,112,37.42850921030971,-122.1720613571124,28.9785111322999
2026-04-30T16:23:29-07:00,113,37.42860832006059,-122.1720575533995,28.5956119531766
2026-04-30T16:23:32-07:00,114,37.42863558892435,-122.1720505014015,28.7923161592334
2026-04-30T16:23:35-07:00,115,37.42866443891634,-122.172039755568,28.0297225359827
2026-04-30T16:23:38-07:00,116,37.42868398554571,-122.1720556721042,28.4058723719791
2026-04-30T16:23:42-07:00,117,37.4287003551303,-122.1721003174487,28.2745844982564
2026-04-30T16:23:45-07:00,118,37.42867932389767,-122.1721226126237,28.3891868777573
2026-05-01T14:50:03-07:00,1,37.42895792215094,-122.1724705543615,31.6813749786308
2026-05-01T14:50:14-07:00,2,37.42896240779641,-122.1724769273574,30.8360862731934
2026-05-01T14:50:20-07:00,3,37.42896229420005,-122.1725684217226,29.7691917419434
2026-05-01T14:50:23-07:00,4,37.42896229420005,-122.1725684217226,29.7691917419434
2026-05-01T14:50:36-07:00,5,37.42915476608494,-122.172561512227,33.5051573549322
2026-05-01T14:50:48-07:00,6,37.42914367888618,-122.1725778899588,30.0371360778809
2026-05-01T14:50:51-07:00,7,37.42914367888618,-122.1725778899588,30.0371360778809
2026-05-01T14:50:57-07:00,8,37.42917515640384,-122.1726423218771,27.9907493591309
2026-05-01T14:51:00-07:00,9,37.42917515640384,-122.1726423218771,27.9907493591309
2026-05-01T14:51:03-07:00,10,37.42917316360014,-122.1726457422084,30.9297119140625
2026-05-01T14:51:09-07:00,11,37.42909415628522,-122.1726942156648,29.8675498962402
2026-05-01T14:51:12-07:00,12,37.42909415628522,-122.1726942156648,29.8675498962402
2026-05-01T14:51:15-07:00,13,37.42912304497916,-122.1726703987944,29.9066876230758
2026-05-01T14:51:28-07:00,14,37.42912589009781,-122.1726711980802,30.6443078293898
2026-05-01T14:51:41-07:00,15,37.42904237233463,-122.1727474806512,31.5647672711281
2026-05-01T14:51:55-07:00,16,37.42904987768785,-122.1727674238866,29.7203798090165
2026-05-01T14:52:08-07:00,17,37.42924347980821,-122.1728795150478,27.6859703063965
2026-05-01T14:52:21-07:00,18,37.42925852342425,-122.1728953729992,28.3641014099121
2026-05-01T14:52:34-07:00,19,37.42920532709503,-122.1729770516554,28.6527061462402
2026-05-01T14:52:48-07:00,20,37.4291194796446,-122.1730816868923,28.6248435974121
2026-05-01T14:53:01-07:00,21,37.42906157000639,-122.1731849582561,29.0067710876465
2026-05-01T14:53:14-07:00,22,37.42908986170067,-122.1731576782223,28.8794822692871
2026-05-01T14:53:27-07:00,23,37.42907658384124,-122.1731618367306,28.6156578063965
2026-05-01T14:53:40-07:00,24,37.42908128472489,-122.1731772739951,27.980410869826
2026-05-01T14:53:54-07:00,25,37.42906531385903,-122.1731849453037,29.4976768493652
2026-05-01T14:53:57-07:00,26,37.42906531385903,-122.1731849453037,29.4976768493652
2026-05-01T14:54:03-07:00,27,37.42907862552872,-122.1731885847363,32.6971092224121
2026-05-01T14:54:06-07:00,28,37.42908274333259,-122.1731808143928,35.2230491638184
2026-05-01T14:54:09-07:00,29,37.42908274333259,-122.1731808143928,35.2230491638184
2026-05-01T14:54:15-07:00,30,37.42911691315233,-122.1732310765629,33.984432220459
2026-05-01T14:54:18-07:00,31,37.42911691315233,-122.1732310765629,33.984432220459
2026-05-01T14:54:21-07:00,32,37.42914726319937,-122.1732590258961,25.4256069511843
2026-05-01T14:54:28-07:00,33,37.42920819207787,-122.1733727307265,32.001277923584
2026-05-01T14:54:31-07:00,34,37.42920819207787,-122.1733727307265,32.001277923584
2026-05-01T14:54:44-07:00,35,37.42931166667252,-122.1735130437856,29.305965423584
2026-05-01T14:54:57-07:00,36,37.42917184208336,-122.1733532240662,28.4164995325266
2026-05-01T14:55:10-07:00,37,37.42924952961355,-122.1733396547189,28.41136559847
2026-05-01T14:55:24-07:00,38,37.42931332436454,-122.1735225948231,27.0872850919593
2026-05-01T14:55:37-07:00,39,37.42939003495974,-122.1734790603971,26.6970704068796
2026-05-01T14:55:50-07:00,40,37.42937910469487,-122.1736460046115,26.7644818792085
2026-05-01T14:56:03-07:00,41,37.42939295122849,-122.1737093791356,26.8598337498944
2026-05-01T14:56:17-07:00,42,37.42938054505007,-122.1737258379932,27.1445176012583
2026-05-01T14:56:30-07:00,43,37.42919043513592,-122.1739913918268,26.9022131436037
2026-05-01T14:56:43-07:00,44,37.42929665597831,-122.1735120899662,26.8753515305058
2026-05-01T14:56:56-07:00,45,37.42920258307153,-122.1736256520843,26.9025717251467
2026-05-01T14:57:10-07:00,46,37.42919468074404,-122.1735368824448,27.429099070058
2026-05-01T14:57:23-07:00,47,37.42945129832002,-122.1728975291815,37.3944664001465
2026-05-01T14:57:36-07:00,48,37.42931984856778,-122.1735545877315,35.4621238708496
2026-05-01T14:57:45-07:00,49,37.4293743535248,-122.1735058235881,35.8619651794434
2026-05-01T14:57:48-07:00,50,37.4293743535248,-122.1735058235881,35.8619651794434
2026-05-01T14:57:51-07:00,51,37.4293743535248,-122.1735058235881,35.8619651794434
2026-05-01T14:57:54-07:00,52,37.4293743535248,-122.1735058235881,35.8619651794434
2026-05-01T14:58:07-07:00,53,37.4293530572285,-122.1734693964514,28.979793548584
2026-05-01T14:58:21-07:00,54,37.42928273928825,-122.1735127129568,30.693660736084
2026-05-01T14:58:34-07:00,55,37.42932915419098,-122.1734901009095,32.6438880679254
2026-05-01T14:58:47-07:00,56,37.42932914330569,-122.1734900897663,32.8944302179823
2026-05-01T14:59:01-07:00,57,37.42932912465471,-122.1734900706735,32.9333298861081
2026-05-01T14:59:25-07:00,58,37.42932911733814,-122.1734900631835,32.9333298861081
2026-05-01T14:59:53-07:00,59,37.42932911251474,-122.1734900582459,32.9333298861081
2026-05-01T15:00:08-07:00,60,37.42932913149521,-122.1734900491327,32.9338906466061
2026-05-01T15:02:18-07:00,61,37.42932913549457,-122.1734900731228,32.9338906466061
2026-05-01T15:02:42-07:00,62,37.42932915859839,-122.1734900444513,36.2967026103458
2026-05-01T15:02:59-07:00,63,37.42932916034506,-122.1734900399179,36.2967026103458
2026-05-01T15:03:50-07:00,64,37.42932915887866,-122.1734900621119,36.2967026103458
2026-05-01T15:04:03-07:00,65,37.42932828412609,-122.1734901035801,36.2878506053409
2026-05-01T15:04:16-07:00,66,37.42932916222864,-122.1734900366245,36.2963249553165
2026-05-01T15:04:30-07:00,67,37.42932916222875,-122.1734900366246,32.4067646461986
2026-05-01T15:04:43-07:00,68,37.42932918966678,-122.1734900660289,32.4067646461986
2026-05-01T15:04:56-07:00,69,37.42932918966816,-122.1734900660289,36.2967026103458
2026-05-01T15:05:10-07:00,70,37.42932916092808,-122.1734900814427,32.0650551568974
2026-05-01T15:59:14-07:00,1,37.42932897076435,-122.1734900567019,33.2692996801956
2026-05-01T15:59:17-07:00,2,37.42932882536078,-122.1734900216688,33.263661557637
2026-05-01T15:59:20-07:00,3,37.42932882536081,-122.1734900216688,33.2692996801956
2026-05-01T15:59:24-07:00,4,37.42932882536098,-122.1734900216688,33.2692996801956
2026-05-01T15:59:27-07:00,5,37.42932883852217,-122.1734900248404,33.2692996801956
2026-05-01T15:59:30-07:00,6,37.42932883852234,-122.1734900248404,33.2692996801956
2026-05-01T15:59:33-07:00,7,37.42932884014603,-122.1734900252317,33.2692996801956
2026-05-01T15:59:37-07:00,8,37.42932884014618,-122.1734900252317,33.2692996801956
2026-05-01T15:59:40-07:00,9,37.42932884014652,-122.1734900252318,33.2692996801956
2026-05-01T15:59:43-07:00,10,37.42932869192272,-122.1734899895189,33.263661557637
2026-05-01T15:59:47-07:00,11,37.42932877044152,-122.1734900084392,33.2692996801956
2026-05-01T15:59:50-07:00,12,37.42932829098569,-122.1735535075484,29.124080657959
2026-05-01T15:59:53-07:00,13,37.42932829098569,-122.1735535075484,29.124080657959
2026-05-01T16:00:07-07:00,14,37.42932947227179,-122.1734990374379,33.0152837498299
2026-05-01T16:00:20-07:00,15,37.42932917429998,-122.1734973374183,32.9847801984669
2026-05-01T16:00:33-07:00,16,37.42932930300633,-122.173497175103,33.0332426511004
2026-05-01T16:00:47-07:00,17,37.42932905620941,-122.1734971121283,33.0332426511004
2026-05-01T16:01:00-07:00,18,37.42932909493761,-122.1734971212737,33.0332426511004
2026-05-01T16:01:14-07:00,19,37.42932906940465,-122.173497115052,33.0332426511004
2026-05-01T16:01:27-07:00,20,37.42932929475962,-122.1734971697852,33.0332426511004
2026-05-01T16:01:40-07:00,21,37.42932912078236,-122.1734971275302,33.0332426511004
2026-05-01T16:01:53-07:00,22,37.42932909926217,-122.1734971223035,33.0332426511004
2026-05-01T16:02:07-07:00,23,37.42932688263584,-122.1734525366455,30.8485984802246
2026-05-01T16:02:20-07:00,24,37.42930794615883,-122.1734756395442,30.8076438903809
2026-05-01T16:02:33-07:00,25,37.42925147220105,-122.1734399283745,34.3743459011282
2026-05-01T16:02:41-07:00,26,37.42926339138462,-122.1735076626208,29.642635345459
2026-05-01T16:02:44-07:00,27,37.42927579270654,-122.1735161788903,33.0668183624744
2026-05-01T16:02:53-07:00,28,37.42923289562013,-122.1733790232913,35.6332969665527
2026-05-01T16:02:56-07:00,29,37.42925322531224,-122.1733295847245,32.8088645935059
2026-05-01T16:02:59-07:00,30,37.4292615597768,-122.1732808127324,33.1831016540527
2026-05-01T16:03:03-07:00,31,37.42925834887349,-122.1732141170958,34.1273460388184
2026-05-01T16:03:06-07:00,32,37.42926016742792,-122.1731715262717,34.1864282106981
2026-05-01T16:03:09-07:00,33,37.42927204785226,-122.1731353840058,33.3764000898227
2026-05-01T16:03:13-07:00,34,37.42928448208225,-122.1730939202814,32.0442772721872
2026-05-01T16:03:16-07:00,35,37.42928425461739,-122.173054722854,32.1655236165971
2026-05-01T16:03:19-07:00,36,37.42929348862825,-122.1730045431224,31.0089684752747
2026-05-01T16:03:23-07:00,37,37.42929446550072,-122.1729518125411,28.4758266081283
2026-05-01T16:03:30-07:00,38,37.42930951448876,-122.172807389622,28.8007164001465
2026-05-01T16:03:33-07:00,39,37.42930874465787,-122.1727969309525,28.8007164001465
2026-05-01T16:03:46-07:00,40,37.42926362017056,-122.1726498001072,26.0140208245938
2026-05-01T16:04:00-07:00,41,37.42922647624599,-122.1726117429403,29.8990387956701
2026-05-01T16:04:13-07:00,42,37.42919994467984,-122.1726270239632,29.9439128300978
2026-05-01T16:04:19-07:00,43,37.42898299277908,-122.1725959808983,29.0693321228027
2026-05-01T16:04:22-07:00,44,37.42896544309184,-122.172583356609,24.847076020151
2026-05-01T16:04:25-07:00,45,37.42896544309184,-122.172583356609,24.847076020151
2026-05-01T16:04:29-07:00,46,37.42894350857679,-122.1725827269115,24.9562393226683
2026-05-01T16:04:32-07:00,47,37.42892706194947,-122.1725753262042,29.1944910554313
2026-05-01T16:04:35-07:00,48,37.42882794704049,-122.172456923986,29.252498626709
2026-05-01T16:04:39-07:00,49,37.42882794704049,-122.172456923986,29.252498626709
2026-05-01T16:04:42-07:00,50,37.42884977591093,-122.1724593930813,29.352160780912
2026-05-01T16:04:50-07:00,51,37.42876541804283,-122.1722874419039,28.5691184997559
2026-05-01T16:04:53-07:00,52,37.42876397558408,-122.1722881764884,25.6465026384415
2026-05-01T16:04:56-07:00,53,37.42876397558408,-122.1722881764884,25.6465026384415
2026-05-01T16:05:00-07:00,54,37.42876034702376,-122.1722729627037,25.6465026384415
2026-05-01T16:05:05-07:00,55,37.42869299839943,-122.1720469651019,28.3025779724121
2026-05-01T16:05:08-07:00,56,37.42869299839943,-122.1720469651019,28.3025779724121
2026-05-01T16:05:11-07:00,57,37.42868646846524,-122.1720391846049,24.9438828605989
2026-05-01T16:05:22-07:00,58,37.42859550544947,-122.1719114040785,29.082576751709
2026-05-01T16:05:25-07:00,59,37.42859550544947,-122.1719114040785,29.082576751709
2026-05-01T16:05:28-07:00,60,37.42858626708667,-122.1718982800554,29.3838745855362
2026-05-01T16:05:32-07:00,61,37.4285789958432,-122.1718929487267,29.3838745855362
2026-05-01T16:05:37-07:00,62,37.42852929876189,-122.1718449410533,33.2453269958496
2026-05-01T16:05:40-07:00,63,37.42852929876189,-122.1718449410533,33.2453269958496
2026-05-01T16:05:53-07:00,64,37.42854838439985,-122.1718548615475,29.3842427038223
2026-05-01T16:06:07-07:00,65,37.42875053044792,-122.1715950207547,28.5073204040527
2026-05-01T16:06:20-07:00,66,37.42895397432886,-122.1714958069648,27.3284568786621
2026-05-01T16:06:34-07:00,67,37.42899320456831,-122.171522289639,29.3702602450798
2026-05-01T16:06:43-07:00,68,37.4289827709307,-122.1715491998443,29.3852612279922
2026-05-01T16:06:46-07:00,69,37.4289827709307,-122.1715491998443,29.3852612279922
2026-05-01T16:07:00-07:00,70,37.42865418280575,-122.171602355341,28.8301027449358
2026-05-01T16:07:13-07:00,71,37.42863579659549,-122.1716031687179,28.3894073382826
2026-05-01T16:07:27-07:00,72,37.42902661278372,-122.1715434191757,28.0454268353505
2026-05-01T16:07:40-07:00,73,37.42908049915955,-122.1711774081134,28.1160239430337
2026-05-01T16:07:53-07:00,74,37.42897425202337,-122.1712004355706,28.7667337484144
2026-05-01T16:08:07-07:00,75,37.42902128691461,-122.1712075543587,31.9519423955325
2026-05-01T16:09:02-07:00,76,37.42901688521149,-122.1712580906371,32.620392599616
2026-05-01T16:09:42-07:00,77,37.42893792655595,-122.1712881504316,31.9419459813479
2026-05-01T16:09:56-07:00,78,37.42930254154061,-122.1712567603003,31.9549331181887
2026-05-01T16:12:46-07:00,79,37.42934409803516,-122.1712725811363,34.2905745770053
2026-05-01T16:13:00-07:00,80,37.42937056412788,-122.1712824397127,33.4745831749587
2026-05-01T16:13:13-07:00,81,37.42937109690551,-122.1712823729295,33.4745831749587
2026-05-01T16:13:16-07:00,82,37.42937128948186,-122.1712823680827,33.4745831749587
2026-05-01T16:13:20-07:00,83,37.42937128948186,-122.1712823680827,33.4745831749587
2026-05-01T16:13:23-07:00,84,37.42937144310185,-122.1712823591784,33.4745831749587
2026-05-01T16:13:26-07:00,85,37.42937156251202,-122.1712823512835,33.4745831749587
2026-05-01T16:13:30-07:00,86,37.42937167840174,-122.1712823436212,33.4745927117018
2026-05-01T16:13:33-07:00,87,37.42937179096668,-122.1712823361788,33.4745927117018
2026-05-01T16:13:36-07:00,88,37.42937194579062,-122.1712823014937,33.4770036003737
2026-05-01T16:13:39-07:00,89,37.42937205204037,-122.1712822944688,33.4745927117018
2026-05-01T16:13:43-07:00,90,37.42937282146137,-122.1712821459173,33.4745927117018
2026-05-01T16:13:46-07:00,91,37.4293728602475,-122.1712822698397,33.4745927117018
2026-05-01T16:13:49-07:00,92,37.42937311942597,-122.1712822255506,33.4770036003737
2026-05-01T16:13:53-07:00,93,37.42937321267721,-122.1712824229194,33.4745927117018
2026-05-01T16:13:56-07:00,94,37.42937331314491,-122.1712824165361,33.4745927117018
2026-05-01T16:13:59-07:00,95,37.42937315250884,-122.1712820612434,34.2560332485257
2026-05-01T16:14:03-07:00,96,37.42937275179547,-122.1712817617779,34.2560370632229
2026-05-01T16:14:16-07:00,97,37.42936925626949,-122.1712799501835,34.234342086777
2026-05-01T16:14:29-07:00,98,37.42936968091489,-122.1712796919655,34.2356707717599
2026-05-01T16:14:39-07:00,99,37.42937019130996,-122.1712795330575,34.2363651754549
2026-05-01T16:14:42-07:00,100,37.42937019130996,-122.1712795330575,34.2363651754549
2026-05-01T16:14:45-07:00,101,37.42937034321319,-122.1712795350688,34.2363651754549
2026-05-01T16:14:49-07:00,102,37.42937045488836,-122.1712795360873,34.2363651754549
2026-05-01T16:14:52-07:00,103,37.42937056369007,-122.1712795370796,34.2363651754549
2026-05-01T16:14:56-07:00,104,37.42937066972786,-122.1712795380468,34.2363651754549
2026-05-01T16:14:59-07:00,105,37.42937087376522,-122.1712795404799,34.2363728048494
2026-05-01T16:15:02-07:00,106,37.42937107831011,-122.1712795428697,34.2363728048494
2026-05-01T16:15:06-07:00,107,37.42937116904,-122.1712795436972,34.2363728048494
2026-05-01T16:15:09-07:00,108,37.4293713013868,-122.171279518192,34.238779878824
2026-05-01T16:15:12-07:00,109,37.4293713878053,-122.1712795189801,34.238779878824
2026-05-01T16:15:16-07:00,110,37.42937147218418,-122.1712795197498,34.2363728048494
2026-05-01T16:15:19-07:00,111,37.42937176512542,-122.171279498501,34.238779878824
2026-05-01T16:15:22-07:00,112,37.42937184301017,-122.1712794992114,34.2363728048494
2026-05-01T16:15:25-07:00,113,37.42937209213348,-122.17127950396,34.2363728048494
2026-05-01T16:15:29-07:00,114,37.42937234355025,-122.1712795086513,34.2363728048494
2026-05-01T16:15:32-07:00,115,37.42937241098421,-122.1712795092664,34.2363728048494
2026-05-01T16:15:35-07:00,116,37.42937265870898,-122.1712795136574,34.2363728048494
2026-05-01T16:15:39-07:00,117,37.42937272088073,-122.1712795142245,34.2363728048494
2026-05-01T16:15:42-07:00,118,37.42937278183285,-122.1712795147804,34.2363804342439
2026-05-01T16:15:45-07:00,119,37.42937305464002,-122.1712795193759,34.2363804342439
2026-05-01T16:15:49-07:00,120,37.42937331637914,-122.1712795236893,34.2363804342439
2026-05-01T16:15:52-07:00,121,37.42937337158357,-122.1712795241929,34.2363804342439
2026-05-01T16:15:55-07:00,122,37.42937342572893,-122.1712795246867,34.2363804342439
2026-05-01T16:15:59-07:00,123,37.4293737029117,-122.1712795290636,34.2363804342439
2026-05-01T16:16:02-07:00,124,37.4293737531623,-122.171279529522,34.2363804342439
2026-05-01T16:16:05-07:00,125,37.42937394676575,-122.1712795358152,34.2363804342439
2026-05-01T16:16:09-07:00,126,37.42937399444381,-122.1712795362501,34.2363804342439
2026-05-01T16:16:12-07:00,127,37.42937404118505,-122.1712795366765,34.2363804342439
2026-05-01T16:16:15-07:00,128,37.42937433208704,-122.1712795408838,34.2363804342439
2026-05-01T16:16:19-07:00,129,37.42937461290995,-122.1712795448959,34.2363804342439
2026-05-01T16:16:22-07:00,130,37.42937465521177,-122.1712795452817,34.2363804342439
2026-05-01T16:16:25-07:00,131,37.429374937505,-122.1712795492433,34.2363804342439
2026-05-01T16:16:29-07:00,132,37.42937520898084,-122.1712795530152,34.2363804342439
2026-05-01T16:16:32-07:00,133,37.42937524648485,-122.1712795533573,34.2363804342439
2026-05-01T16:16:35-07:00,134,37.4293755139374,-122.1712795570101,34.2363918783357
2026-05-01T16:16:39-07:00,135,37.42937577855351,-122.1712795605929,34.1010786828582
2026-05-01T16:16:42-07:00,136,37.42937581277008,-122.171279560905,34.1010786828582
2026-05-01T16:16:45-07:00,137,37.42937530745898,-122.1712782909258,34.1010786828582
2026-05-01T16:16:49-07:00,138,37.42937556608273,-122.1712782318199,34.1034666833465
2026-05-01T16:16:52-07:00,139,37.42937585578018,-122.1712782824621,34.1010786828582
2026-05-01T16:16:55-07:00,140,37.42937612861946,-122.1712783301573,34.1010786828582
2026-05-01T16:16:59-07:00,141,37.42937655191905,-122.1712783792684,34.1034666833465
2026-05-01T16:17:02-07:00,142,37.42937655249339,-122.1712783793707,34.1010786828582
2026-05-01T16:17:06-07:00,143,37.42937664898078,-122.1712783965687,34.1034666833465
2026-05-01T16:17:09-07:00,144,37.4293766489825,-122.171278396569,34.1010786828582
2026-05-01T16:17:12-07:00,145,37.42937664898585,-122.1712783965696,34.1010786828582
2026-05-01T16:17:15-07:00,146,37.42937664898585,-122.1712783965696,34.1010786828582
2026-05-01T16:17:19-07:00,147,37.42937765489785,-122.1712785758711,34.1010786828582
2026-05-01T16:17:22-07:00,148,37.42937765489785,-122.1712785758711,34.1010786828582
2026-05-01T16:17:26-07:00,149,37.42937767770305,-122.1712785799361,34.1010786828582
2026-05-01T16:17:29-07:00,150,37.42937779171436,-122.1712786002583,34.1010786828582
2026-05-01T16:17:42-07:00,151,37.42937982769792,-122.1712789198101,34.1010786828582
2026-05-01T16:17:46-07:00,152,37.42938066580079,-122.1712790783648,34.1010786828582
2026-05-01T16:17:49-07:00,153,37.42938066580079,-122.1712790783648,34.1010786828582
2026-05-01T16:17:52-07:00,154,37.42938080304867,-122.1712791043298,34.1010786828582
2026-05-01T16:18:06-07:00,155,37.42938218403382,-122.1712792947073,34.1010786828582
2026-05-01T16:18:15-07:00,156,37.42938297807299,-122.1712794397624,34.1010786828582
2026-05-01T16:18:18-07:00,157,37.42938297807299,-122.1712794397624,34.1010786828582
2026-05-01T16:18:22-07:00,158,37.42938302590301,-122.1712794107134,34.1034666833465
2026-05-01T16:18:25-07:00,159,37.42938302590353,-122.1712794107136,34.1034666833465
2026-05-01T16:18:28-07:00,160,37.42938306273765,-122.171279423163,34.1034666833465
2026-05-01T16:18:32-07:00,161,37.42938306273808,-122.1712794231631,34.1034666833465
2026-05-01T16:18:35-07:00,162,37.42938306273854,-122.1712794231632,34.1010786828582
2026-05-01T16:18:38-07:00,163,37.42938309553419,-122.1712794342498,34.1010786828582
2026-05-01T16:18:42-07:00,164,37.4293830955346,-122.17127943425,34.1010786828582
2026-05-01T16:18:45-07:00,165,37.42938309553502,-122.1712794342501,34.1010786828582
2026-05-01T16:18:48-07:00,166,37.42938309553541,-122.1712794342502,34.1010786828582
2026-05-01T16:18:52-07:00,167,37.42938312519301,-122.1712794442761,34.1010786828582
2026-05-01T16:18:55-07:00,168,37.4293831251934,-122.1712794442762,34.1010786828582
2026-05-01T16:18:58-07:00,169,37.42938312756788,-122.1712794450789,34.2379056640046
2026-05-01T16:19:02-07:00,170,37.42938312519417,-122.1712794442765,34.2311786651611
2026-05-01T16:19:05-07:00,171,37.42938312519417,-122.1712794442765,34.2311786651611
2026-05-01T16:19:08-07:00,172,37.42938312519453,-122.1712794442766,34.2454210243992
2026-05-01T16:19:21-07:00,173,37.42938330351569,-122.1712794650987,34.2311786651611
2026-05-01T16:19:24-07:00,174,37.42938330351608,-122.1712794650988,34.2354007937238
2026-05-01T16:19:27-07:00,175,37.42938330351612,-122.1712794650989,34.2354007937238
2026-05-01T16:19:31-07:00,176,37.42938330351637,-122.171279465099,34.237509619421
2026-05-01T16:19:34-07:00,177,37.42938330351665,-122.1712794650991,34.237509619421
2026-05-01T16:19:37-07:00,178,37.42938330351692,-122.1712794650992,34.237509619421
2026-05-01T16:19:41-07:00,179,37.42938334560493,-122.1712794395283,34.237509619421
2026-05-01T16:19:44-07:00,180,37.42938334560517,-122.1712794395284,34.237509619421
2026-05-01T16:19:47-07:00,181,37.42938336364457,-122.1712794488249,34.237509619421
2026-05-01T16:19:50-07:00,182,37.4293833636448,-122.1712794488251,34.237509619421
2026-05-01T16:19:54-07:00,183,37.42938336364503,-122.1712794488252,34.237509619421
2026-05-01T16:19:57-07:00,184,37.42938336585622,-122.1712794499647,34.237509619421
2026-05-01T16:20:00-07:00,185,37.42938338276433,-122.1712794586782,34.237509619421
2026-05-01T16:20:04-07:00,186,37.42938339832816,-122.171279466699,34.237509619421
2026-05-01T16:20:07-07:00,187,37.42938339832836,-122.1712794666991,34.237509619421
2026-05-01T16:20:10-07:00,188,37.42938339832857,-122.1712794666992,34.237509619421
2026-05-01T16:20:14-07:00,189,37.42938339832876,-122.1712794666993,34.237509619421
2026-05-01T16:20:17-07:00,190,37.42938339832896,-122.1712794666994,34.237509619421
2026-05-01T16:20:20-07:00,191,37.42938340024858,-122.1712794676887,34.237509619421
2026-05-01T16:20:23-07:00,192,37.42938340024877,-122.1712794676888,34.237509619421
2026-05-01T16:20:27-07:00,193,37.42938340024897,-122.1712794676889,34.237509619421
2026-05-01T16:20:30-07:00,194,37.42938340024917,-122.171279467689,34.237509619421
2026-05-01T16:20:33-07:00,195,37.42938340024937,-122.1712794676891,34.237509619421
2026-05-01T16:20:37-07:00,196,37.42938340024956,-122.1712794676892,34.237509619421
2026-05-01T16:20:40-07:00,197,37.42938340024975,-122.1712794676893,34.237509619421
2026-05-01T16:20:43-07:00,198,37.42938340024995,-122.1712794676894,34.237509619421
2026-05-01T16:20:47-07:00,199,37.42938340025015,-122.1712794676895,34.237509619421
2026-05-01T16:20:50-07:00,200,37.42938340025034,-122.1712794676896,34.237509619421
2026-05-01T16:20:53-07:00,201,37.42938340025054,-122.1712794676897,34.237509619421
2026-05-01T16:20:56-07:00,202,37.42938340025071,-122.1712794676898,34.237509619421
2026-05-01T16:21:00-07:00,203,37.4293834503018,-122.1712794530368,34.2398976199093
2026-05-01T16:21:03-07:00,204,37.4293834503018,-122.1712794530368,29.9063488146723
2026-05-01T16:21:06-07:00,205,37.4293835013697,-122.1712794853878,34.237509619421
2026-05-01T16:21:10-07:00,206,37.42938350136982,-122.1712794853879,34.237509619421
2026-05-01T16:21:13-07:00,207,37.42938350136993,-122.171279485388,34.237509619421
2026-05-01T16:21:16-07:00,208,37.42938351041032,-122.171279491115,34.237509619421
2026-05-01T16:21:20-07:00,209,37.42938351041043,-122.171279491115,34.237509619421
2026-05-01T16:21:23-07:00,210,37.42938351041055,-122.1712794911151,34.237509619421
2026-05-01T16:21:26-07:00,211,37.42938351041064,-122.1712794911152,34.237509619421
2026-05-01T16:21:29-07:00,212,37.42938351041076,-122.1712794911152,34.237509619421
2026-05-01T16:21:33-07:00,213,37.42938351041087,-122.1712794911153,34.237509619421
2026-05-01T16:21:36-07:00,214,37.42938351041097,-122.1712794911154,34.237509619421
2026-05-01T16:21:39-07:00,215,37.42938351150321,-122.1712794918073,34.1010786828582
2026-05-01T16:21:43-07:00,216,37.42938354827061,-122.1712794789032,34.1034666833465
2026-05-01T16:21:46-07:00,217,37.42938354827061,-122.1712794789032,34.1010786828582
2026-05-01T16:21:49-07:00,218,37.42938354827071,-122.1712794789033,34.1010786828582
2026-05-01T16:21:52-07:00,219,37.42938355560674,-122.1712794846371,34.1010786828582
2026-05-01T16:21:56-07:00,220,37.42938355560683,-122.1712794846372,34.1010786828582
2026-05-01T16:21:59-07:00,221,37.42938355560692,-122.1712794846373,34.1010786828582
2026-05-01T16:22:03-07:00,222,37.42938355560702,-122.1712794846373,34.1010786828582
2026-05-01T16:22:06-07:00,223,37.42938355560711,-122.1712794846374,34.1010786828582
2026-05-01T16:22:09-07:00,224,37.42938359032085,-122.1712794732239,34.1010786828582
2026-05-01T16:22:13-07:00,225,37.42938359632998,-122.1712794790654,34.1010786828582
2026-05-01T16:22:16-07:00,226,37.4293836246243,-122.1712794618697,34.1010786828582
2026-05-01T16:22:19-07:00,227,37.42938362462593,-122.1712794618688,34.1010786828582
2026-05-01T16:22:23-07:00,228,37.42938362462599,-122.1712794618688,34.1010786828582
2026-05-01T16:22:26-07:00,229,37.42938362949621,-122.171279467899,34.1010786828582
2026-05-01T16:22:29-07:00,230,37.42938362949627,-122.1712794678991,34.1010786828582
2026-05-01T16:22:33-07:00,231,37.42938363448491,-122.1712794740759,34.1010786828582
2026-05-01T16:22:36-07:00,232,37.42938363448498,-122.171279474076,34.1010786828582
2026-05-01T16:22:39-07:00,233,37.42938363931212,-122.1712794800528,34.1010786828582
2026-05-01T16:22:43-07:00,234,37.42938366833566,-122.1712794624131,34.1034666833465
2026-05-01T16:22:56-07:00,235,37.42938372259679,-122.1712794607671,34.2358851628702
2026-05-01T16:23:10-07:00,236,37.4293838259657,-122.1712794979281,34.2334910277948
2026-05-01T16:23:28-07:00,237,37.42938386118441,-122.1712795514078,34.2334844080788
2026-05-01T16:24:54-07:00,238,37.42938389772251,-122.1712795630869,34.2349305945272
2026-05-01T16:24:57-07:00,239,37.42938387937652,-122.1712795959192,34.2349305945272
2026-05-01T16:25:00-07:00,240,37.42938387929146,-122.1712795959918,34.2349305945272
2026-05-01T16:25:14-07:00,241,37.42938391255438,-122.1712795832397,34.2352477162691
2026-05-01T16:25:23-07:00,242,37.42938392639853,-122.1712795785633,34.2349081417807
2026-05-01T16:25:26-07:00,243,37.42938392639853,-122.1712795785633,34.2349081417807
2026-05-01T16:25:30-07:00,244,37.42938392639845,-122.1712795785633,34.2348579513578
2026-05-01T16:25:33-07:00,245,37.42938392020216,-122.1712795827953,34.2349527762382
2026-05-01T16:25:36-07:00,246,37.42938391451698,-122.1712795866782,34.2349527762382
2026-05-01T16:25:40-07:00,247,37.4293839145169,-122.1712795866782,34.2349527762382
2026-05-01T16:25:43-07:00,248,37.42938391451683,-122.1712795866783,34.2349527762382
2026-05-01T16:25:46-07:00,249,37.42938395658077,-122.1712795611528,34.2373407767265
2026-05-01T16:25:50-07:00,250,37.42938395658077,-122.1712795611528,29.9037291930172
2026-05-01T16:25:53-07:00,251,37.42938392829053,-122.1712795799218,34.2349527762382
2026-05-01T16:25:56-07:00,252,37.42938392340589,-122.1712795831624,34.2349527762382
2026-05-01T16:25:59-07:00,253,37.42938391899497,-122.1712795860888,34.2349527762382
2026-05-01T16:26:03-07:00,254,37.42938391844512,-122.1712795864536,34.2349527762382
2026-05-01T16:26:06-07:00,255,37.42938391844505,-122.1712795864537,34.2349527762382
2026-05-01T16:26:10-07:00,256,37.42938391408777,-122.1712795893445,34.2349527762382
2026-05-01T16:26:13-07:00,257,37.42938391001046,-122.1712795920495,34.2349527762382
2026-05-01T16:26:16-07:00,258,37.42938391001041,-122.1712795920495,34.2349527762382
2026-05-01T16:26:20-07:00,259,37.42938391001037,-122.1712795920496,34.2349527762382
2026-05-01T16:26:23-07:00,260,37.42938391001032,-122.1712795920496,34.2349527762382
2026-05-01T16:26:26-07:00,261,37.42938391001027,-122.1712795920496,34.2349527762382
2026-05-01T16:26:30-07:00,262,37.42938391001022,-122.1712795920497,34.2349527762382
2026-05-01T16:26:33-07:00,263,37.4293839095208,-122.1712795923744,34.2349527762382
2026-05-01T16:26:36-07:00,264,37.42938390580226,-122.1712795948414,34.2349527762382
2026-05-01T16:26:40-07:00,265,37.42938390533018,-122.1712795951546,34.2349527762382
2026-05-01T16:26:43-07:00,266,37.42938390533014,-122.1712795951546,34.2349527762382
2026-05-01T16:26:46-07:00,267,37.42938390487038,-122.1712795954596,34.2349527762382
2026-05-01T16:26:49-07:00,268,37.42938390487033,-122.1712795954597,34.2349527762382
2026-05-01T16:26:53-07:00,269,37.42938390487029,-122.1712795954597,34.2349527762382
2026-05-01T16:26:56-07:00,270,37.42938390487025,-122.1712795954597,34.2349527762382
2026-05-01T16:26:59-07:00,271,37.42938390441794,-122.1712795957598,34.2349527762382
2026-05-01T16:27:03-07:00,272,37.4293839044179,-122.1712795957598,34.2349527762382
2026-05-01T16:27:06-07:00,273,37.42938390395762,-122.1712795960652,34.2349527762382
2026-05-01T16:27:09-07:00,274,37.42938390395757,-122.1712795960652,34.2349527762382
2026-05-01T16:27:13-07:00,275,37.42938390349619,-122.1712795963712,34.2349527762382
2026-05-01T16:27:16-07:00,276,37.42938389993061,-122.1712795987368,34.2349527762382
2026-05-01T16:27:19-07:00,277,37.42938389993056,-122.1712795987368,34.2349527762382
2026-05-01T16:27:23-07:00,278,37.42938389442945,-122.1712796023865,34.2349527762382
2026-05-01T16:27:26-07:00,279,37.42938388936898,-122.1712796057439,34.2349527762382
2026-05-01T16:27:30-07:00,280,37.42938388936891,-122.1712796057439,34.2349527762382
2026-05-01T16:27:33-07:00,281,37.42938388936885,-122.1712796057439,34.2349527762382
2026-05-01T16:27:36-07:00,282,37.42938388936879,-122.171279605744,34.1010786828582
2026-05-01T16:27:40-07:00,283,37.42938388936872,-122.171279605744,34.1010786828582
2026-05-01T16:27:43-07:00,284,37.42938388936867,-122.171279605744,34.1010786828582
2026-05-01T16:27:46-07:00,285,37.42938388936861,-122.1712796057441,34.1010786828582
2026-05-01T16:27:50-07:00,286,37.42938388936854,-122.1712796057441,34.1010786828582
2026-05-01T16:27:53-07:00,287,37.42938388936848,-122.1712796057442,34.1010786828582
2026-05-01T16:27:56-07:00,288,37.42938388936842,-122.1712796057442,34.1010786828582
2026-05-01T16:28:00-07:00,289,37.42938388936836,-122.1712796057443,34.1010786828582
2026-05-01T16:28:03-07:00,290,37.4293838893683,-122.1712796057443,34.1010786828582
2026-05-01T16:28:06-07:00,291,37.42938388936823,-122.1712796057443,34.1010786828582
2026-05-01T16:28:10-07:00,292,37.42938388936818,-122.1712796057444,34.1010786828582
2026-05-01T16:28:13-07:00,293,37.42938388936811,-122.1712796057444,34.1010786828582
2026-05-01T16:28:16-07:00,294,37.42938388936805,-122.1712796057445,34.1010786828582
2026-05-01T16:28:20-07:00,295,37.42938388936799,-122.1712796057445,34.1010786828582
2026-05-01T16:28:23-07:00,296,37.42938388936793,-122.1712796057446,34.1010786828582
2026-05-01T16:28:26-07:00,297,37.42938393682616,-122.1712795768878,34.1034666833465
2026-05-01T16:28:30-07:00,298,37.42938393682608,-122.1712795768878,34.1010786828582
2026-05-01T16:28:33-07:00,299,37.42938393682599,-122.1712795768879,34.1010786828582
2026-05-01T16:28:36-07:00,300,37.4293839368259,-122.171279576888,34.1010786828582
2026-05-01T16:28:40-07:00,301,37.4293839368258,-122.171279576888,34.1010786828582
2026-05-01T16:28:43-07:00,302,37.42938398540861,-122.1712795473474,34.1034666833465
2026-05-01T16:28:46-07:00,303,37.42938398540849,-122.1712795473475,34.1010786828582
2026-05-01T16:28:50-07:00,304,37.42938403398772,-122.1712795178091,34.1034666833465
2026-05-01T16:28:53-07:00,305,37.42938403398756,-122.1712795178092,34.1010786828582
2026-05-01T16:28:56-07:00,306,37.4293840339874,-122.1712795178093,34.1010786828582
2026-05-01T16:29:00-07:00,307,37.42938403398723,-122.1712795178094,34.1010786828582
2026-05-01T16:29:03-07:00,308,37.42938403398708,-122.1712795178095,34.1010786828582
2026-05-01T16:29:07-07:00,309,37.42938403247155,-122.1712795187647,34.1010786828582
2026-05-01T16:29:10-07:00,310,37.42938407893807,-122.171279490545,34.1034666833465
2026-05-01T16:29:13-07:00,311,37.42938407893789,-122.1712794905451,34.1010786828582
2026-05-01T16:29:16-07:00,312,37.42938407893771,-122.1712794905452,34.1010786828582
2026-05-01T16:29:20-07:00,313,37.42938407893752,-122.1712794905453,34.1010786828582
2026-05-01T16:29:23-07:00,314,37.42938407893733,-122.1712794905454,34.1010786828582
2026-05-01T16:29:26-07:00,315,37.42938407893715,-122.1712794905455,34.1010786828582
2026-05-01T16:29:30-07:00,316,37.42938407893696,-122.1712794905456,34.1010786828582
2026-05-01T16:29:33-07:00,317,37.42938407893678,-122.1712794905457,34.1010786828582
2026-05-01T16:29:36-07:00,318,37.42938407893661,-122.1712794905458,34.1010786828582
2026-05-01T16:29:40-07:00,319,37.42938407893642,-122.1712794905459,34.1010786828582
2026-05-01T16:29:43-07:00,320,37.42938407893624,-122.171279490546,34.1010786828582
2026-05-01T16:29:46-07:00,321,37.42938407893605,-122.1712794905461,34.1010786828582
2026-05-01T16:29:50-07:00,322,37.42938407893587,-122.1712794905463,34.1010786828582
2026-05-01T16:29:53-07:00,323,37.42938412702928,-122.1712794613032,34.1034666833465
2026-05-01T16:29:56-07:00,324,37.42938412702907,-122.1712794613034,34.1010786828582
2026-05-01T16:30:00-07:00,325,37.42938412702885,-122.1712794613035,34.1010786828582
2026-05-01T16:30:03-07:00,326,37.42938412702863,-122.1712794613036,34.1010786828582
2026-05-01T16:30:06-07:00,327,37.42938412702841,-122.1712794613038,34.1010786828582
2026-05-01T16:30:10-07:00,328,37.42938412702819,-122.1712794613039,34.1010786828582
2026-05-01T16:30:13-07:00,329,37.42938412702797,-122.171279461304,34.1010786828582
2026-05-01T16:30:16-07:00,330,37.42938412702775,-122.1712794613042,34.1010786828582
2026-05-01T16:30:20-07:00,331,37.42938412702733,-122.1712794613044,34.2474883578606
2026-05-01T16:30:23-07:00,332,37.42938412702733,-122.1712794613044,34.2474883578606
2026-05-01T16:30:26-07:00,333,37.42938412702726,-122.1712794613045,34.2357275439585
2026-05-01T16:30:30-07:00,334,37.42938412702706,-122.1712794613046,34.2311786651611
2026-05-01T16:30:33-07:00,335,37.42938412702695,-122.1712794613046,34.238122122132
2026-05-01T16:30:36-07:00,336,37.42938412702675,-122.1712794613047,34.2338250191839
2026-05-01T16:30:40-07:00,337,37.42938412702653,-122.1712794613049,34.2311786651611
2026-05-01T16:30:43-07:00,338,37.42938412702631,-122.171279461305,34.2311786651611
2026-05-01T16:30:46-07:00,339,37.4293841270261,-122.1712794613051,34.2311786651611
2026-05-01T16:30:50-07:00,340,37.42938412702588,-122.1712794613053,34.2311786651611
2026-05-01T16:30:53-07:00,341,37.42938412702566,-122.1712794613054,34.2311786651611
2026-05-01T16:30:56-07:00,342,37.42938412702546,-122.1712794613055,34.2311786651611
2026-05-01T16:30:59-07:00,343,37.42938412702525,-122.1712794613056,34.2311786651611
2026-05-01T16:31:03-07:00,344,37.42938412702504,-122.1712794613058,34.1010786828582
2026-05-01T16:31:06-07:00,345,37.42938412702483,-122.1712794613059,34.1010786828582
2026-05-01T16:31:09-07:00,346,37.42938412702461,-122.171279461306,34.1010786828582
2026-05-01T16:31:13-07:00,347,37.4293841270244,-122.1712794613062,34.1010786828582
2026-05-01T16:31:16-07:00,348,37.42938412702421,-122.1712794613063,34.1010786828582
2026-05-01T16:31:19-07:00,349,37.42938412702399,-122.1712794613064,34.1010786828582
2026-05-01T16:31:22-07:00,350,37.42938412702377,-122.1712794613065,34.1010786828582
2026-05-01T16:31:26-07:00,351,37.42938412702355,-122.1712794613067,34.1010786828582
2026-05-01T16:31:29-07:00,352,37.42938412702335,-122.1712794613068,34.1010786828582
2026-05-01T16:31:32-07:00,353,37.42938412702313,-122.1712794613069,34.1010786828582
2026-05-01T16:31:36-07:00,354,37.42938412702294,-122.1712794613071,34.1010786828582
2026-05-01T16:31:39-07:00,355,37.42938412702273,-122.1712794613072,34.1010786828582
2026-05-01T16:31:42-07:00,356,37.42938412702251,-122.1712794613073,34.1010786828582
2026-05-01T16:31:45-07:00,357,37.4293841270223,-122.1712794613075,34.1010786828582
2026-05-01T16:31:49-07:00,358,37.42938412702209,-122.1712794613076,34.1010786828582
2026-05-01T16:31:52-07:00,359,37.42938417518464,-122.1712794320225,34.1034666833465
2026-05-01T16:31:55-07:00,360,37.42938417518464,-122.1712794320225,34.1010786828582
2026-05-01T16:31:59-07:00,361,37.42938417518438,-122.1712794320226,34.1034666833465
2026-05-01T16:32:02-07:00,362,37.42938415660041,-122.1712794435796,34.1010786828582
2026-05-01T16:32:05-07:00,363,37.42938415660018,-122.1712794435797,34.1010786828582
2026-05-01T16:32:09-07:00,364,37.42938415659994,-122.1712794435798,34.1010786828582
2026-05-01T16:32:12-07:00,365,37.42938413976649,-122.1712794540481,34.1010786828582
2026-05-01T16:32:15-07:00,366,37.42938408954589,-122.171279485743,34.2501666171924
2026-05-01T16:32:29-07:00,367,37.42938379765764,-122.1712796668052,34.234838531427
2026-05-01T16:33:17-07:00,368,37.4293838625679,-122.1712796273775,34.234838531427
2026-05-01T16:33:31-07:00,369,37.42938394521956,-122.1712795771406,34.1010786828582
2026-05-01T16:33:44-07:00,370,37.42938390465413,-122.1712796018069,34.1010786828582
2026-05-01T16:33:54-07:00,371,37.42938390064442,-122.1712796042451,34.1010786828582
2026-05-01T16:33:57-07:00,372,37.42938390064442,-122.1712796042451,34.1010786828582
2026-05-01T16:34:00-07:00,373,37.42938389590895,-122.1712796071245,34.1010786828582
2026-05-01T16:34:04-07:00,374,37.42938389590888,-122.1712796071246,34.1010786828582
2026-05-01T16:34:07-07:00,375,37.42938389590883,-122.1712796071246,34.1010786828582
2026-05-01T16:34:10-07:00,376,37.42938389147789,-122.1712796098188,34.1010786828582
2026-05-01T16:34:14-07:00,377,37.42938389147783,-122.1712796098189,34.1010786828582
2026-05-01T16:34:17-07:00,378,37.42938389147778,-122.1712796098189,34.1010786828582
2026-05-01T16:34:20-07:00,379,37.42938389147773,-122.1712796098189,34.1010786828582
2026-05-01T16:34:24-07:00,380,37.42938389147767,-122.171279609819,34.1010786828582
2026-05-01T16:34:27-07:00,381,37.42938389147762,-122.171279609819,34.1010786828582
2026-05-01T16:34:40-07:00,382,37.42938389386573,-122.171279608367,34.1010786828582
2026-05-01T16:34:44-07:00,383,37.42938387083642,-122.17127962237,34.1010786828582
2026-05-01T16:34:47-07:00,384,37.42938391764872,-122.1712795939057,34.1034666833465
2026-05-01T16:34:51-07:00,385,37.42938391172618,-122.1712795975069,34.1010786828582
2026-05-01T16:34:54-07:00,386,37.42938390625326,-122.1712796008347,34.1010786828582
2026-05-01T16:34:57-07:00,387,37.42938390129384,-122.1712796038503,34.1010786828582
2026-05-01T16:35:01-07:00,388,37.42938394318909,-122.1712795783758,34.1034666833465
2026-05-01T16:35:10-07:00,389,37.42934610960951,-122.1712846590566,26.5551414489746
2026-05-01T16:35:13-07:00,390,37.42934610960951,-122.1712846590566,26.5551414489746
2026-05-01T16:35:16-07:00,391,37.42935353814794,-122.1712836755357,34.1010786828582
2026-05-01T17:00:07-07:00,1,37.42895941803722,-122.1712073899698,33.6573860772524
2026-05-01T17:00:20-07:00,2,37.42899021907698,-122.1711876653566,30.1098076714014
2026-05-01T17:00:33-07:00,3,37.42917319712236,-122.1710903313447,28.1019132138718
2026-05-01T17:00:47-07:00,4,37.42915833174287,-122.171268558357,29.1170207079074
2026-05-01T17:01:00-07:00,5,37.42911013203152,-122.1714840290749,29.2210245151372
2026-05-01T17:01:13-07:00,6,37.42916568532949,-122.1711586188946,24.1309364318848
2026-05-01T17:01:26-07:00,7,37.42872316787691,-122.1708827443931,20.022518157959
2026-05-01T17:01:40-07:00,8,37.42891754262077,-122.1707521270368,26.8725242614746
2026-05-01T17:01:53-07:00,9,37.42884415653953,-122.1708807317766,26.3501896945333
2026-05-01T17:02:06-07:00,10,37.42884078081502,-122.1708861292701,27.781179755042
2026-05-01T17:02:19-07:00,11,37.42867686958814,-122.1709660426782,27.8291326161363
2026-05-01T17:02:33-07:00,12,37.42860351406768,-122.1709570733793,27.8290887471177
2026-05-01T17:02:46-07:00,13,37.4285805163465,-122.1709036827269,27.7372298404638
2026-05-01T17:02:59-07:00,14,37.42865650716363,-122.1708976029334,27.8288940500792
2026-05-01T17:03:12-07:00,15,37.42881623098535,-122.1707911073314,27.6335666656494
2026-05-01T17:03:26-07:00,16,37.42892350903823,-122.1707804029308,27.6312435150146
2026-05-01T17:03:39-07:00,17,37.42907978359801,-122.1706946297524,27.6312435150147
2026-05-01T17:03:52-07:00,18,37.42910135791527,-122.1706827880644,27.6312435150147
2026-05-01T17:04:05-07:00,19,37.42884133116434,-122.1708000281172,24.0365562438965
2026-05-01T17:04:19-07:00,20,37.42871729143703,-122.1707283471404,19.146297454834
2026-05-01T17:04:32-07:00,21,37.42856006141513,-122.1705641226118,22.1603050231934
2026-05-01T17:04:45-07:00,22,37.42853779724501,-122.1703950895462,23.701229095459
2026-05-01T17:04:58-07:00,23,37.42855785107184,-122.1704032777632,21.277400970459
2026-05-01T17:05:12-07:00,24,37.42859952596648,-122.1703815865066,26.433763425062
2026-05-01T17:05:25-07:00,25,37.42863004194066,-122.1703648670489,27.0427938436935
2026-05-01T17:05:38-07:00,26,37.42846458957061,-122.1707364631304,27.6300266265869
2026-05-01T17:05:51-07:00,27,37.42916446564131,-122.1700740726888,27.6319664001465
2026-05-01T17:06:05-07:00,28,37.42855444595436,-122.1704027227257,27.6316441015772
2026-05-01T17:06:18-07:00,29,37.42859930518487,-122.1703817019858,26.4378434168068
2026-05-01T17:06:31-07:00,30,37.42867766456379,-122.17026091783,29.4848208388551
2026-05-01T17:06:45-07:00,31,37.42841572064694,-122.1701966899768,30.3702546308368
2026-05-01T17:06:58-07:00,32,37.42840133476571,-122.1704905883573,29.8103867321542
2026-05-01T17:07:11-07:00,33,37.42841246555034,-122.1704625065239,29.8471984985053
2026-05-01T17:07:24-07:00,34,37.42906893953726,-122.1701437463151,29.5534792643514
2026-05-01T17:07:38-07:00,35,37.42901321318396,-122.1701533377414,29.5525198679891
2026-05-01T17:07:51-07:00,36,37.42864499866295,-122.1703573952381,28.0307056427002
2026-05-01T17:08:04-07:00,37,37.42863143976283,-122.170281855498,31.6999716148806
2026-05-01T17:08:17-07:00,38,37.42860050360096,-122.1703789178867,26.4378434168068
2026-05-01T17:08:31-07:00,39,37.4286000755634,-122.1703803664839,26.4378434168068
2026-05-01T17:08:34-07:00,40,37.42859995888289,-122.1703806254971,26.4378434168068
2026-05-01T17:08:37-07:00,41,37.42860003585792,-122.1703806371204,26.4408112512795
2026-05-01T17:08:50-07:00,42,37.42864456806863,-122.1703378245596,22.9715538024902
2026-05-01T17:09:00-07:00,43,37.42861896463923,-122.1702145725234,23.2239036560059
2026-05-01T17:09:03-07:00,44,37.42861896463923,-122.1702145725234,23.2239036560059
2026-05-01T17:09:15-07:00,45,37.42855978123252,-122.1699546831874,26.3061790466309
2026-05-01T17:09:18-07:00,46,37.42853808369508,-122.1699006963791,27.8947410583496
2026-05-01T17:09:21-07:00,47,37.42853530443195,-122.1698542129151,28.2081871032715
2026-05-01T17:09:24-07:00,48,37.42852859475416,-122.1698055173792,27.7611961364746
2026-05-01T17:09:28-07:00,49,37.42851585135922,-122.1697509461498,27.6766321612522
2026-05-01T17:09:31-07:00,50,37.42851440109836,-122.1697040739451,27.2115442287177
2026-05-01T17:09:34-07:00,51,37.42851723145981,-122.1696645422022,27.5883752340451
2026-05-01T17:09:37-07:00,52,37.42851274230373,-122.1696273202516,23.7140932776044
2026-05-01T17:09:40-07:00,53,37.42851935667451,-122.1696150726002,28.371486720629
2026-05-01T17:09:44-07:00,54,37.42852230803825,-122.1695705147668,28.3032496059313
2026-05-01T17:09:57-07:00,55,37.42849464518479,-122.1694066275871,27.042906884104
2026-05-01T17:10:10-07:00,56,37.42889076841831,-122.1694048805999,27.8524566346568
2026-05-01T17:10:24-07:00,57,37.42889469555276,-122.1694089202352,27.5420864104744
2026-05-01T17:10:37-07:00,58,37.42837111129518,-122.1697401853992,28.9572523005419
2026-05-01T17:10:50-07:00,59,37.42831965167187,-122.1697361345306,27.8695378772901
2026-05-01T17:11:03-07:00,60,37.42848460067881,-122.1698243536193,23.5347303996911
2026-05-01T17:11:17-07:00,61,37.42831691336138,-122.1697609370464,26.7310580200857
2026-05-01T17:11:30-07:00,62,37.42831776996908,-122.16955968418,26.9271643412828
2026-05-01T17:11:43-07:00,63,37.42875486227505,-122.1691602547895,27.57370110137
2026-05-01T17:11:56-07:00,64,37.42828798036783,-122.1692504045922,27.4129255663604
2026-05-01T17:12:10-07:00,65,37.42850466827041,-122.1694016752832,27.2995772522826
2026-05-01T17:12:23-07:00,66,37.42845869953123,-122.1693818024487,27.5016894976201
2026-05-01T17:12:36-07:00,67,37.42836875043879,-122.1694304833026,20.2560081481934
2026-05-01T17:12:49-07:00,68,37.42844859432297,-122.1694570702668,12.3539695739746
2026-05-01T17:12:57-07:00,69,37.4283808052967,-122.1696704232631,26.1848411560059
2026-05-01T17:13:10-07:00,70,37.42826900159974,-122.1697309235339,25.5190086364746
2026-05-01T17:13:20-07:00,71,37.42815393753964,-122.1696994291492,19.410457611084
2026-05-01T17:13:23-07:00,72,37.42815393753964,-122.1696994291492,19.410457611084
2026-05-01T17:13:31-07:00,73,37.42802056021749,-122.1697835159694,18.0360069274902
2026-05-01T17:13:34-07:00,74,37.4280012346424,-122.1698009450276,21.2049217224121
2026-05-01T17:13:37-07:00,75,37.42798453724286,-122.1698171639683,19.5090599060059
2026-05-01T17:13:40-07:00,76,37.42795326106464,-122.1698192458282,19.7077903747559
2026-05-01T17:13:44-07:00,77,37.42790715608501,-122.1698292451868,19.622005622834
2026-05-01T17:13:47-07:00,78,37.42786344055812,-122.1698318581956,19.1875878823921
2026-05-01T17:13:50-07:00,79,37.42786344055812,-122.1698318581956,19.1875878823921
2026-05-01T17:13:53-07:00,80,37.42786344055812,-122.1698318581956,19.1875878823921
2026-05-01T17:14:02-07:00,81,37.42777898463351,-122.1697978399495,23.6417503356934
2026-05-01T17:14:05-07:00,82,37.42777898463351,-122.1697978399495,23.6417503356934
2026-05-01T17:14:14-07:00,83,37.42784321972203,-122.1696156323111,23.6226463317871
2026-05-01T17:14:17-07:00,84,37.42784321972203,-122.1696156323111,23.6226463317871
2026-05-01T17:14:29-07:00,85,37.42771902415495,-122.1697658044733,29.5374412536621
2026-05-01T17:14:32-07:00,86,37.42771902415495,-122.1697658044733,29.5374412536621
2026-05-01T17:14:44-07:00,87,37.42783602380679,-122.169936129443,28.9750938415527
2026-05-01T17:14:47-07:00,88,37.42783602380679,-122.169936129443,28.9750938415527
2026-05-01T17:14:50-07:00,89,37.42783561032406,-122.1699383738189,29.1401034578477
2026-05-01T17:14:54-07:00,90,37.42785616831534,-122.1700860473319,27.722957611084
2026-05-01T17:14:57-07:00,91,37.42785616831534,-122.1700860473319,27.722957611084
2026-05-01T17:15:00-07:00,92,37.42784348467952,-122.1700651844773,23.1467213397968
2026-05-01T17:15:07-07:00,93,37.42787622384488,-122.1702795569991,30.3161582946777
2026-05-01T17:15:10-07:00,94,37.42787533230002,-122.1702759005751,30.3161582946777
2026-05-01T17:15:17-07:00,95,37.42789210755139,-122.1703881864642,27.9890098571777
2026-05-01T17:15:20-07:00,96,37.42789210755139,-122.1703881864642,27.9890098571777
2026-05-01T17:15:23-07:00,97,37.42789313213818,-122.1703932679286,28.0637903350595
2026-05-01T17:15:34-07:00,98,37.42791947446524,-122.170561943317,31.8019676208496
2026-05-01T17:15:37-07:00,99,37.42791947446524,-122.170561943317,31.8019676208496
2026-05-01T17:15:40-07:00,100,37.42789826202965,-122.1705492053578,23.7596470291723
2026-05-01T17:15:52-07:00,101,37.4280068558058,-122.1706778650378,29.602352142334
2026-05-01T17:15:55-07:00,102,37.4280068558058,-122.1706778650378,29.602352142334
2026-05-01T17:15:58-07:00,103,37.42799671170118,-122.1706843836777,29.5930362740889
2026-05-01T17:16:01-07:00,104,37.42798217292847,-122.1707309535265,23.9314837641176
2026-05-01T17:16:15-07:00,105,37.42800593379646,-122.1709698067253,35.1125755310059
2026-05-01T17:16:28-07:00,106,37.42782216283612,-122.1709001478421,28.0280852466601
2026-05-01T17:16:41-07:00,107,37.42808867460202,-122.1709458595598,28.0820016622543
2026-05-01T17:16:54-07:00,108,37.42791930926267,-122.1710208030709,28.0431828975666
2026-05-01T17:17:08-07:00,109,37.4277271758403,-122.1708989852244,28.0395704332313
2026-05-01T17:17:21-07:00,110,37.42771290657479,-122.1708821370291,28.0311873274316
2026-05-01T17:17:34-07:00,111,37.42804712116671,-122.1709876475186,28.0707234097661
2026-05-01T17:17:47-07:00,112,37.42806054314747,-122.1709784457868,28.1057676156592
2026-05-01T17:18:01-07:00,113,37.42802003061401,-122.1710233778215,28.7994346618652
2026-05-01T17:18:10-07:00,114,37.42801603745455,-122.1710227848962,30.3413963532075
2026-05-01T17:18:13-07:00,115,37.42802531165142,-122.1710259548387,29.5444603189826
2026-05-01T17:18:16-07:00,116,37.42802614475949,-122.1710257371397,29.2688865903765
2026-05-01T17:18:19-07:00,117,37.42805935202622,-122.1710870449736,28.3204308161512
2026-05-01T17:18:23-07:00,118,37.4280280407627,-122.171200569788,26.6212426032871
2026-05-01T17:18:26-07:00,119,37.42800654201796,-122.1712122412706,26.8408165471628
2026-05-01T17:18:29-07:00,120,37.42795817209806,-122.1712019854432,26.2958642626181
2026-05-01T17:18:42-07:00,121,37.42797215712622,-122.1711190316526,26.9257005667314
2026-05-01T17:18:56-07:00,122,37.42797940857646,-122.1712183599473,28.0121321303323
2026-05-01T17:19:09-07:00,123,37.42785881203574,-122.1712592757837,28.1505955842646
2026-05-01T17:19:22-07:00,124,37.42786219352911,-122.1709929146405,27.0059213191271
2026-05-01T17:19:35-07:00,125,37.42781134623592,-122.1712651517045,26.4666727203876
2026-05-01T17:19:43-07:00,126,37.42771927919833,-122.1712858326185,26.949212144129
2026-05-01T17:19:48-07:00,127,37.42770223641488,-122.1712792989325,26.6070778276771
2026-05-01T17:19:51-07:00,128,37.42771617079939,-122.1712773639376,26.7598039908335
2026-05-01T17:19:57-07:00,129,37.42760846755321,-122.1713006217861,26.7040409287438
2026-05-01T17:20:00-07:00,130,37.4275818448158,-122.1713006248025,26.5026769144461
2026-05-01T17:20:03-07:00,131,37.42757343577099,-122.1712722913424,26.5176859349012
2026-05-01T17:20:06-07:00,132,37.42753645834621,-122.1712987643895,26.6234962660819
2026-05-01T17:20:14-07:00,133,37.42744708961337,-122.1713495607179,26.5191738419235
2026-05-01T17:20:17-07:00,134,37.42741997025046,-122.171346494798,26.4306720672175
2026-05-01T17:20:20-07:00,135,37.42740282218384,-122.1714029715612,26.2499523118862
2026-05-01T17:20:33-07:00,136,37.42733608967496,-122.1715247060051,26.7131305122748
2026-05-01T17:20:45-07:00,137,37.42740215634837,-122.1716761420579,27.2467206167057
2026-05-01T17:20:50-07:00,138,37.42741721235672,-122.1717357127893,26.565537317656
2026-05-01T17:20:53-07:00,139,37.427442435521,-122.1717623146401,26.5422512628138
2026-05-01T17:20:56-07:00,140,37.42747590293756,-122.1717779347245,26.4528949251398
2026-05-01T17:20:59-07:00,141,37.42746040478717,-122.1718201428387,26.5130027635023
2026-05-01T17:21:03-07:00,142,37.4274426707662,-122.1718580887771,26.7037827521563
2026-05-01T17:21:06-07:00,143,37.42747954261417,-122.1718728013021,26.5576938549057
2026-05-01T17:21:09-07:00,144,37.42749311915436,-122.1718791683509,26.682200031355
2026-05-01T17:21:22-07:00,145,37.42756639778282,-122.1718700720141,26.7157826945186
2026-05-01T17:21:36-07:00,146,37.42759922587066,-122.1718379509754,26.7195938229561
2026-05-01T17:21:49-07:00,147,37.4275844338538,-122.1717435963314,22.2170373750851
2026-05-01T17:22:02-07:00,148,37.42765640843434,-122.1717076656615,24.2184105152264
2026-05-01T17:22:15-07:00,149,37.42752707566839,-122.1716999543106,25.2967491392046
2026-05-01T17:22:29-07:00,150,37.42752056999251,-122.1717953987901,27.672659595497
2026-05-01T17:22:42-07:00,151,37.42752389477126,-122.1717610790401,26.6327326279134
2026-05-01T17:22:55-07:00,152,37.42759584161362,-122.1717454372499,26.551423815079
2026-05-01T17:23:08-07:00,153,37.42763275488269,-122.1717420428129,26.2011287687346
2026-05-01T17:23:22-07:00,154,37.42768548255124,-122.1718707564471,26.874383806251
2026-05-01T17:23:35-07:00,155,37.42782389091985,-122.1717816764527,27.2129018586129
2026-05-01T17:23:39-07:00,156,37.42786577590568,-122.1717679224933,27.6802250305191
2026-05-01T17:23:46-07:00,157,37.42790599676118,-122.1717502118554,27.8961133779958
2026-05-01T17:23:49-07:00,158,37.42793403348454,-122.1717321545483,28.0423220153898
2026-05-01T17:23:52-07:00,159,37.42794768955544,-122.1717236407261,28.0358825866133
2026-05-01T17:23:55-07:00,160,37.42796346678078,-122.1717502425455,28.0404429798946
2026-05-01T17:24:04-07:00,161,37.42794958298294,-122.1716594120368,28.2335297493264
2026-05-01T17:24:17-07:00,162,37.4281191883345,-122.1716947568844,28.2811818271875
2026-05-01T17:24:30-07:00,163,37.42822195961079,-122.1716051752082,28.3742686035112
2026-05-01T17:24:33-07:00,164,37.42824538501157,-122.171598982843,28.4951981743798
2026-05-01T17:24:37-07:00,165,37.42828972007605,-122.1715841573514,28.206922436133
2026-05-01T17:24:40-07:00,166,37.42831655356849,-122.1715698354138,28.1414220742881
2026-05-01T17:24:43-07:00,167,37.42832801087588,-122.1715602892297,28.4452748643234
2026-05-01T17:24:46-07:00,168,37.42836285123593,-122.1715770204132,28.4882746143267
2026-05-01T17:24:50-07:00,169,37.42838848604512,-122.1715671031214,28.5072074094787
2026-05-01T17:24:53-07:00,170,37.42838942209224,-122.1715831344236,28.8340067379177
2026-05-01T17:24:56-07:00,171,37.42840174487947,-122.171590605083,28.8137775389478
2026-05-01T17:24:59-07:00,172,37.42841410158111,-122.1715818402824,28.8504852838814
2026-05-01T17:25:03-07:00,173,37.42843020595264,-122.1715356123966,28.722464476712
2026-05-01T17:25:06-07:00,174,37.42839359219145,-122.1715114975328,28.6850047642365
2026-05-01T17:25:09-07:00,175,37.42838446420831,-122.1715184507785,28.6227165814489
2026-05-01T17:25:12-07:00,176,37.42841251652164,-122.1715024804684,28.5415423782542
2026-05-01T17:25:22-07:00,177,37.4284714302424,-122.1715960925779,27.8019737442955
2026-05-01T17:25:25-07:00,178,37.42848984317138,-122.1716295423013,27.997327066958
2026-05-01T17:25:28-07:00,179,37.42849310149221,-122.1716747924614,28.2365203881636
2026-05-01T17:25:31-07:00,180,37.42850458690557,-122.171707022016,28.2632978176698
2026-05-01T17:25:35-07:00,181,37.42853483754313,-122.1717521058727,28.509963282384
2026-05-01T17:25:38-07:00,182,37.42855580409142,-122.1717907010479,28.6167770475149
2026-05-01T17:25:41-07:00,183,37.42856281043729,-122.1718225879075,29.1776989372447
2026-05-01T17:25:44-07:00,184,37.42857510624899,-122.1718862278525,28.7813902227208
2026-05-01T17:25:48-07:00,185,37.42858104165433,-122.1719330524894,28.9353485703468
2026-05-01T17:25:51-07:00,186,37.42859776562374,-122.1719635840961,29.1499212561175
2026-05-01T17:25:54-07:00,187,37.42861353846747,-122.171991936636,29.412705165334
2026-05-01T17:25:57-07:00,188,37.42864348817169,-122.172012816931,29.2993022333831
2026-05-01T17:26:01-07:00,189,37.42866841980445,-122.1720363510784,29.3234115568921
2026-05-01T17:26:04-07:00,190,37.42868517665874,-122.1720485756654,28.5637473585084
2026-05-01T17:26:07-07:00,191,37.42868405361961,-122.1720685595857,28.9040890540928
2026-05-01T17:26:10-07:00,192,37.42868667851588,-122.1721431620712,29.0281178327277
2026-05-01T17:26:14-07:00,193,37.42870707926632,-122.1721692395994,30.0316179236397
2026-05-01T17:26:17-07:00,194,37.42870930636128,-122.1721980200687,30.1632361253724
2026-05-01T17:26:20-07:00,195,37.42870085766405,-122.1721844361821,30.1418300997466
2026-05-01T17:26:23-07:00,196,37.42867939647731,-122.1721553049319,30.178726432845
2026-05-01T17:26:27-07:00,197,37.4286480039794,-122.172169602691,29.4593378519639
2026-05-01T17:26:30-07:00,198,37.42864685196691,-122.1721626144046,29.2116960631683
2026-05-01T17:26:43-07:00,199,37.42878004446399,-122.1721023694819,25.7292747730389
2026-05-01T17:26:56-07:00,200,37.42905217959067,-122.1718936459116,27.7209025872871
2026-05-01T17:27:00-07:00,201,37.4290589719168,-122.1719156645559,26.962431275871
2026-05-01T17:27:13-07:00,202,37.42893300664429,-122.1721969589514,31.411127633892
2026-05-01T17:27:26-07:00,203,37.42895689606759,-122.1721930434319,31.4132599746641
2026-05-01T17:27:40-07:00,204,37.42895861321675,-122.1722024229045,31.5217831819726
2026-05-01T17:27:53-07:00,205,37.42894026105625,-122.1721928729941,31.7609021070029
2026-05-01T17:28:06-07:00,206,37.42894313367005,-122.1722195580064,31.7653224566095
2026-05-01T17:28:19-07:00,207,37.42892017336914,-122.1722076195663,31.6659202463352
2026-05-01T17:28:33-07:00,208,37.42891215494563,-122.1721802803376,31.7563391201802
2026-05-01T17:28:46-07:00,209,37.4289195354386,-122.1721372005642,31.7534620402533
2026-05-01T17:28:49-07:00,210,37.42892132436747,-122.1721595263349,31.7594571719771
2026-05-01T17:28:53-07:00,211,37.42892062470543,-122.1721652748245,31.6759010395541
2026-05-01T17:28:56-07:00,212,37.42892070876174,-122.1721655403454,31.6165750259248
2026-05-01T17:29:09-07:00,213,37.42893156761168,-122.1722085045753,31.6922547553927
2026-05-01T17:29:23-07:00,214,37.42890462047608,-122.1721937413742,31.7026864304062
2026-05-01T17:29:36-07:00,215,37.42876232226541,-122.1720789393104,31.6005345235515
2026-05-01T17:29:46-07:00,216,37.4286940385776,-122.1721243195554,28.8619346618652
2026-05-01T17:29:49-07:00,217,37.4286940385776,-122.1721243195554,28.8619346618652
2026-05-01T17:29:52-07:00,218,37.42873440432995,-122.1721653458593,31.4215221190342
2026-05-01T17:29:56-07:00,219,37.42869922122789,-122.1721584768627,25.4421746616095
2026-05-01T17:30:03-07:00,220,37.42867807787253,-122.1720361487888,22.0345420837402
2026-05-01T17:30:06-07:00,221,37.42867807787253,-122.1720361487888,22.0345420837402
2026-05-01T17:30:09-07:00,222,37.42866410479997,-122.1719858765692,24.085919206264
2026-05-01T17:30:12-07:00,223,37.42870998186721,-122.1719327713131,30.1101427453454
2026-05-01T17:30:18-07:00,224,37.42887556044379,-122.1719030339805,10.7218589782715
2026-05-01T17:30:21-07:00,225,37.42887556044379,-122.1719030339805,10.7218589782715
2026-05-01T17:31:07-07:00,226,37.42861173552998,-122.1719737187461,22.2597007751465
2026-05-01T17:31:10-07:00,227,37.42861173552998,-122.1719737187461,22.2597007751465
2026-05-01T17:31:13-07:00,228,37.42859594400134,-122.1719997782332,28.1857427707517
2026-05-02T14:20:57-07:00,1,37.42893210204574,-122.1722084085537,31.6064052623856
2026-05-02T14:21:10-07:00,2,37.42897407467748,-122.1722889600651,31.6913919959214
2026-05-02T14:21:24-07:00,3,37.42902726466555,-122.1724086122035,31.6648450174488
2026-05-02T14:21:34-07:00,4,37.4290816414363,-122.1726839973797,29.1679649353027
2026-05-02T14:21:37-07:00,5,37.42901679951795,-122.1727134485426,29.5079612731934
2026-05-02T14:21:40-07:00,6,37.42903078985836,-122.1727002040214,29.8408470153809
2026-05-02T14:21:43-07:00,7,37.42901944187143,-122.1727149060033,30.9374961853027
2026-05-02T14:21:47-07:00,8,37.42902889059435,-122.1727114808841,31.625179329887
2026-05-02T14:21:50-07:00,9,37.42904138596278,-122.1727099692204,34.8567772237584
2026-05-02T14:21:53-07:00,10,37.42903077173027,-122.1727089630151,36.0024071140215
2026-05-02T14:21:56-07:00,11,37.42902179462357,-122.1727305646212,35.8383141355589
2026-05-02T14:22:00-07:00,12,37.42903727292845,-122.1727192901812,37.1189537448809
2026-05-02T14:22:03-07:00,13,37.42905824898165,-122.1727147666622,36.2853661347181
2026-05-02T14:22:17-07:00,14,37.42919441645473,-122.1725908965901,29.5087145091966
2026-05-02T14:22:20-07:00,15,37.42922265409094,-122.172601460181,29.5999205913395
2026-05-02T14:22:23-07:00,16,37.4292458632786,-122.1725815287484,29.7393670789897
2026-05-02T14:22:27-07:00,17,37.42928282196966,-122.1725599637853,29.7941195266321
2026-05-02T14:22:30-07:00,18,37.42928943974703,-122.172536580631,29.0053841732442
2026-05-02T14:22:34-07:00,19,37.42934622205337,-122.1725245685986,28.2071533370763
2026-05-02T14:22:37-07:00,20,37.42940092451102,-122.1725226964032,27.3183152945712
2026-05-02T14:22:41-07:00,21,37.42948951622241,-122.17249514437,27.0089320940897
2026-05-02T14:22:44-07:00,22,37.42952860572156,-122.1724623935592,26.5998404948041
2026-05-02T14:22:47-07:00,23,37.42955364863699,-122.1724166117564,26.3465129816905
2026-05-02T14:22:51-07:00,24,37.42958498139907,-122.1723703366963,27.0548011409119
2026-05-02T14:22:54-07:00,25,37.42958536965406,-122.1723375295493,26.8194479355589
2026-05-02T14:22:58-07:00,26,37.4295986625436,-122.1722865646293,27.1559285633266
2026-05-02T14:23:01-07:00,27,37.42959319261328,-122.1722499502824,26.9468139475212
2026-05-02T14:23:05-07:00,28,37.42960695987031,-122.1722098881507,26.7565979389474
2026-05-02T14:23:08-07:00,29,37.42959506730688,-122.1721622779051,26.5130877895281
2026-05-02T14:23:11-07:00,30,37.42960834101974,-122.1721110252621,26.6140646282583
2026-05-02T14:23:15-07:00,31,37.42957848765977,-122.1720365448327,26.768373071216
2026-05-02T14:23:18-07:00,32,37.42957109458263,-122.1719854530684,26.8662213981152
2026-05-02T14:23:22-07:00,33,37.42954367396634,-122.1719317970755,26.6626414349303
2026-05-02T14:23:25-07:00,34,37.42955306723926,-122.1719040378507,26.5237840749323
2026-05-02T14:23:29-07:00,35,37.42957989017011,-122.1719014397236,25.2906093923375
2026-05-02T14:23:32-07:00,36,37.42959330850181,-122.1718929229494,25.1693777740002
2026-05-02T14:23:35-07:00,37,37.42961686714042,-122.1718920057766,25.453498265706
2026-05-02T14:23:42-07:00,38,37.42960485319211,-122.1720494583164,25.9555221106857
2026-05-02T14:23:45-07:00,39,37.42958795414253,-122.1720460756307,26.0855049435049
2026-05-02T14:23:58-07:00,40,37.4297141543981,-122.1721334480808,26.0581994373351
2026-05-02T14:24:01-07:00,41,37.42973932924868,-122.1721882293004,25.6315649999306
2026-05-02T14:24:14-07:00,42,37.42982732135577,-122.1721180436408,25.0179710611701
2026-05-02T14:24:28-07:00,43,37.42971868820263,-122.1718598236438,26.1022778535005
2026-05-02T14:24:41-07:00,44,37.42972672225395,-122.1717144447827,26.1320664675614
2026-05-02T14:24:55-07:00,45,37.42971204447286,-122.1717137838746,26.1541861933338
2026-05-02T14:25:08-07:00,46,37.42971691397732,-122.1717602369702,26.2156934832659
2026-05-02T14:25:22-07:00,47,37.42977995656619,-122.17178714037,26.2223077003322
2026-05-02T14:25:35-07:00,48,37.42992038465895,-122.1717086638458,26.2226262275538
2026-05-02T14:25:49-07:00,49,37.42989413857741,-122.1716418829103,26.8313482148248
2026-05-02T14:26:02-07:00,50,37.42998292685602,-122.1715970914319,26.2453455740893
2026-05-02T14:26:15-07:00,51,37.42998232779567,-122.1716228105049,26.2453341299975
2026-05-02T14:26:29-07:00,52,37.43002169399138,-122.1715436506564,26.8220671099915
2026-05-02T14:26:42-07:00,53,37.43007712516243,-122.1716102696986,30.2239396632197
2026-05-02T14:26:56-07:00,54,37.43005378329247,-122.1716768128672,28.2669568983637
2026-05-02T14:27:09-07:00,55,37.42996679595973,-122.1717394160277,27.3315490247782
2026-05-02T14:27:23-07:00,56,37.4299861859219,-122.1717724566642,27.3315547468241
2026-05-02T14:27:36-07:00,57,37.43011291006816,-122.1718214315107,27.0635583911592
2026-05-02T14:27:50-07:00,58,37.43014299945849,-122.1718375502769,26.7468146187729
2026-05-02T14:28:03-07:00,59,37.43019444357356,-122.1718704791827,26.5437888924299
2026-05-02T14:28:17-07:00,60,37.43025917551468,-122.1719745076749,26.4417427086582
2026-05-02T14:28:30-07:00,61,37.43011158267044,-122.1718987727228,26.4012837389209
2026-05-02T14:28:43-07:00,62,37.43007024445989,-122.1719396227818,26.388048558131
2026-05-02T14:28:57-07:00,63,37.43010224273218,-122.1718955746121,26.3160485798772
2026-05-02T14:29:10-07:00,64,37.43005199074044,-122.1719210796838,26.4182304330864
2026-05-02T14:29:24-07:00,65,37.43006958464095,-122.1718988499747,26.4016110205628
2026-05-02T14:29:37-07:00,66,37.42998795238964,-122.1718656461033,26.4408131524382
2026-05-02T14:29:51-07:00,67,37.42998031517896,-122.1718992186056,26.4407750054656
2026-05-02T14:30:04-07:00,68,37.43008208829034,-122.1719296887513,26.4409218713103
2026-05-02T14:30:18-07:00,69,37.4299778357836,-122.1717769142423,26.4357264579545
2026-05-02T14:30:31-07:00,70,37.42995019445384,-122.1717769306709,26.6379847360482
2026-05-02T14:30:45-07:00,71,37.42992093298713,-122.1717737110086,25.3836359482973
2026-05-02T14:30:58-07:00,72,37.42989202978868,-122.1717542263068,21.7790965974277
2026-05-02T14:31:12-07:00,73,37.42979156408089,-122.171717978526,20.4905986044926
2026-05-02T14:31:25-07:00,74,37.42979304013891,-122.1717221694964,20.304770721699
2026-05-02T14:31:39-07:00,75,37.42977336045644,-122.1717345843066,20.2631268388358
2026-05-02T14:31:52-07:00,76,37.42983810381656,-122.1716986821833,20.063952861219
2026-05-02T14:32:06-07:00,77,37.42983602573266,-122.1717478025844,20.053364884966
2026-05-02T14:32:19-07:00,78,37.42987441589928,-122.1717766032145,20.0717636541903
2026-05-02T14:32:33-07:00,79,37.42981026494772,-122.1719372148125,20.071500440079
2026-05-02T14:32:46-07:00,80,37.42989291407795,-122.1719264899891,20.0716625647128
2026-05-02T14:33:00-07:00,81,37.42994212563745,-122.1719274754123,20.0717464880526
2026-05-02T14:33:13-07:00,82,37.42991151534329,-122.1717964212856,20.8867669930197
2026-05-02T14:33:26-07:00,83,37.42990623940617,-122.1717396376484,21.4049857646246
2026-05-02T14:33:40-07:00,84,37.42987191571142,-122.1717220420307,21.1403663635374
2026-05-02T14:33:53-07:00,85,37.42979814972376,-122.1719117644978,20.9459039439841
2026-05-02T14:34:06-07:00,86,37.42971722505747,-122.1720011999106,53.8243980407715
2026-05-02T14:34:09-07:00,87,37.42970163471757,-122.1720133536702,58.7127647399902
2026-05-02T14:34:12-07:00,88,37.42970917843043,-122.1720219870304,55.5065879821777
2026-05-02T14:34:16-07:00,89,37.42972439158481,-122.1720376611894,54.146053337492
2026-05-02T14:34:19-07:00,90,37.42972721751902,-122.1720609019862,55.0640221061185
2026-05-02T14:34:23-07:00,91,37.42974060118623,-122.1720840280044,56.88000111375
2026-05-02T14:34:26-07:00,92,37.42974769327564,-122.1720978432541,56.4078331226483
2026-05-02T14:34:30-07:00,93,37.42975293196512,-122.1721234080588,60.4979210132733
2026-05-02T14:34:33-07:00,94,37.42975153693626,-122.1721330144804,64.3746910430491
2026-05-02T14:34:36-07:00,95,37.42975739784897,-122.1721508195066,65.1857261983678
2026-05-02T14:34:40-07:00,96,37.42975485729966,-122.1721831057264,68.1123009333387
2026-05-02T14:34:43-07:00,97,37.42975994322557,-122.1722013218985,68.2909508328885
2026-05-02T14:34:47-07:00,98,37.42977239518131,-122.1722297666294,69.6697960766032
2026-05-02T14:34:50-07:00,99,37.42978880718955,-122.1722676026005,67.8355065500364
2026-05-02T14:34:57-07:00,100,37.42976032404017,-122.1722087920821,64.0958803454414
2026-05-02T14:35:00-07:00,101,37.42976830298227,-122.1721940621387,59.3547256840393
2026-05-02T14:35:07-07:00,102,37.42975883925803,-122.1721893294433,49.617249567993
2026-05-02T14:35:20-07:00,103,37.42971688980711,-122.172091131962,44.5361011335626
2026-05-02T14:35:33-07:00,104,37.42989414470446,-122.1721549932239,24.0572062768042
2026-05-02T14:35:47-07:00,105,37.43007818500321,-122.1721386428602,25.1133459378034
2026-05-02T14:36:00-07:00,106,37.43017035615007,-122.172038762947,25.7711709579453
2026-05-02T14:36:14-07:00,107,37.43023651990341,-122.1720732440014,28.7363550607115
2026-05-02T14:36:25-07:00,108,37.43031579224683,-122.1720516299473,32.070088728331
2026-05-02T14:36:28-07:00,109,37.43035023686178,-122.1720615879698,31.8466589013115
2026-05-02T14:36:31-07:00,110,37.43039267824437,-122.1721354588697,29.4349371585995
2026-05-02T14:36:35-07:00,111,37.43042644613637,-122.1722176284464,28.8045263197273
2026-05-02T14:36:38-07:00,112,37.43043757254851,-122.1722811343304,27.5930221611634
2026-05-02T14:36:42-07:00,113,37.43046471105097,-122.1723423406314,26.7691112486646
2026-05-02T14:36:45-07:00,114,37.4304847393209,-122.1723891469871,25.6125947646797
2026-05-02T14:36:49-07:00,115,37.43049866593454,-122.1724409395103,25.7366166161373
2026-05-02T14:36:52-07:00,116,37.43051568691731,-122.1724774222663,25.161805476062
2026-05-02T14:36:56-07:00,117,37.43052396788323,-122.1725177606362,26.3253224566579
2026-05-02T14:36:59-07:00,118,37.43051731751643,-122.1725497688376,27.3630758207291
2026-05-02T14:37:02-07:00,119,37.43052214458898,-122.1726002725486,26.5131015703082
2026-05-02T14:37:06-07:00,120,37.43052809265609,-122.172633726698,26.6256641009822
2026-05-02T14:37:09-07:00,121,37.4305381904927,-122.1726438705652,27.6498414212838
2026-05-02T14:37:14-07:00,122,37.43052896996267,-122.1726893307495,24.7486658124253
2026-05-02T14:37:17-07:00,123,37.4304804207228,-122.1727164143458,24.4162185592577
2026-05-02T14:37:21-07:00,124,37.43045029529539,-122.1727226905622,26.1751199597493
2026-05-02T14:37:25-07:00,125,37.43041862553584,-122.172730320327,27.2747746296227
2026-05-02T14:37:28-07:00,126,37.43039146323046,-122.17274257585,27.6219302304089
2026-05-02T14:37:32-07:00,127,37.43035650689883,-122.1727427507193,27.4326069718227
2026-05-02T14:37:35-07:00,128,37.43033862058932,-122.1727424469207,27.0231090188026
2026-05-02T14:37:39-07:00,129,37.43036422319997,-122.1727374662944,26.8068511113524
2026-05-02T14:37:42-07:00,130,37.43038534738034,-122.1727439268542,27.3091800305992
2026-05-02T14:37:46-07:00,131,37.43037468391511,-122.1727870349858,26.198930921033
2026-05-02T14:37:49-07:00,132,37.43036072606492,-122.1728201920777,26.1793226171285
2026-05-02T14:37:53-07:00,133,37.43032052272579,-122.1728469004431,27.9193489635363
2026-05-02T14:37:56-07:00,134,37.43030249350191,-122.1728561534824,27.6010256800801
2026-05-02T14:38:00-07:00,135,37.43027517018735,-122.1728811985814,28.5071023060009
2026-05-02T14:38:03-07:00,136,37.43026101455625,-122.17290201631,28.1978472853079
2026-05-02T14:38:07-07:00,137,37.43025811697817,-122.1729426891377,27.8638046886772
2026-05-02T14:38:10-07:00,138,37.43027312830504,-122.1729878295876,28.4017940079793
2026-05-02T14:38:14-07:00,139,37.43028991942928,-122.173040306207,27.9170622685924
2026-05-02T14:38:17-07:00,140,37.43029188715003,-122.1730524285295,28.2999687995762
2026-05-02T14:38:21-07:00,141,37.43031020117547,-122.1730685679,28.0216231411323
2026-05-02T14:38:24-07:00,142,37.43031191954255,-122.1730665078609,28.1339699029922
2026-05-02T14:38:28-07:00,143,37.43030034280036,-122.1730881908498,27.9020770816132
2026-05-02T14:38:31-07:00,144,37.43029705038953,-122.1730706006599,28.5588162112981
2026-05-02T14:38:35-07:00,145,37.43028579578905,-122.1730810207225,27.8711655400693
2026-05-02T14:38:39-07:00,146,37.430287326269,-122.1730768225551,27.7755997488275
2026-05-02T14:38:42-07:00,147,37.43027500652482,-122.1730127191659,27.5803021267056
2026-05-02T14:38:56-07:00,148,37.43028434244882,-122.1730499068615,26.9916915223002
2026-05-02T14:39:09-07:00,149,37.43011795362403,-122.1731623060136,28.5371283786479
2026-05-02T14:39:23-07:00,150,37.42988827420033,-122.1731885184925,28.5368499057475
2026-05-02T14:39:36-07:00,151,37.42983460717817,-122.1731442358732,28.5611498491856
2026-05-02T14:39:50-07:00,152,37.42984992508657,-122.1731702749936,28.5793853405418
2026-05-02T14:40:04-07:00,153,37.42977940656074,-122.1738335965916,25.8875084146857
2026-05-02T14:40:17-07:00,154,37.42987261889039,-122.173243819962,28.909866896458
2026-05-02T14:40:31-07:00,155,37.42996513177607,-122.1735935828242,28.5865617400503
2026-05-02T14:40:44-07:00,156,37.42995799317443,-122.1735782394382,28.5865293151235
2026-05-02T14:40:58-07:00,157,37.42997729916274,-122.1737434128191,28.58646446527
2026-05-02T14:41:11-07:00,158,37.43009498867212,-122.1739081663534,28.5419763326173
2026-05-02T14:41:25-07:00,159,37.43013382056716,-122.1738449634446,28.3098588371009
2026-05-02T14:41:39-07:00,160,37.43017426804453,-122.1738354908959,28.1837529838517
2026-05-02T14:41:52-07:00,161,37.43015445413474,-122.1736875488087,27.9609260352564
2026-05-02T14:42:06-07:00,162,37.43015851789269,-122.1737706022316,27.9608535560083
2026-05-02T14:42:19-07:00,163,37.43001712397658,-122.1735607823396,28.4397279834117
2026-05-02T14:42:33-07:00,164,37.42989548002207,-122.1732165785012,28.6855992804212
2026-05-02T14:42:46-07:00,165,37.42982542324607,-122.1732582953944,28.7575230139786
2026-05-02T14:43:00-07:00,166,37.43051049976494,-122.1731686768824,-32.4736366048455
2026-05-02T14:43:13-07:00,167,37.42938913193762,-122.1733568307141,28.9918700810522
2026-05-02T14:43:27-07:00,168,37.42970797529302,-122.1732442757025,28.8557958388701
2026-05-02T14:43:35-07:00,169,37.42988725808004,-122.1731213252422,27.5231432272121
2026-05-02T14:43:38-07:00,170,37.42991245092212,-122.1730550937931,27.4492439487949
2026-05-02T14:43:42-07:00,171,37.42990659040202,-122.1730259401344,27.329673836939
2026-05-02T14:43:45-07:00,172,37.42991780341123,-122.1729418423786,27.3231051033363
2026-05-02T14:43:49-07:00,173,37.4299373525253,-122.1727467635425,26.7324699517339
2026-05-02T14:43:52-07:00,174,37.42990348945367,-122.1727655505361,25.7065960802138
2026-05-02T14:43:56-07:00,175,37.42991242427013,-122.172863891915,26.8313283743337
2026-05-02T14:43:59-07:00,176,37.4299242214209,-122.1728708770762,26.4198284083977
2026-05-02T14:44:03-07:00,177,37.42994692153648,-122.1729269973447,27.5642877481878
2026-05-02T14:44:06-07:00,178,37.42995681416398,-122.1729413276868,27.8900544252247
2026-05-02T14:44:10-07:00,179,37.42996697317091,-122.1729577524742,28.0538741331548
2026-05-02T14:44:24-07:00,180,37.42996657804376,-122.1730077093411,29.4563008472323
2026-05-02T14:44:27-07:00,181,37.42998243377701,-122.1729674330391,28.9775792816654
2026-05-02T14:44:41-07:00,182,37.43009901347058,-122.172921701075,29.42598450277
2026-05-02T14:44:53-07:00,183,37.43022593125401,-122.1728629109361,28.2376733645797
2026-05-02T14:44:56-07:00,184,37.4302559598455,-122.1728469087392,27.5337932007387
2026-05-02T14:47:15-07:00,1,37.42977468663344,-122.1721993305182,26.184871673584
2026-05-02T14:47:18-07:00,2,37.4297819237047,-122.1722080999414,26.2149315103888
2026-05-02T14:47:36-07:00,1,37.4297011737129,-122.1724033636247,26.2731590270996
2026-05-02T14:47:45-07:00,2,37.42976661583642,-122.1725903198884,22.1937828622758
2026-05-02T14:47:48-07:00,3,37.42978696912064,-122.1726373097338,21.8052025837824
2026-05-02T14:47:51-07:00,4,37.42979997192321,-122.1726594404822,23.5257530678064
2026-05-02T14:48:00-07:00,5,37.42986252613169,-122.1727837906779,24.5935936793685
2026-05-02T14:48:03-07:00,6,37.42988584139912,-122.1727759718977,23.4248314462602
2026-05-02T14:48:06-07:00,7,37.42992992706665,-122.172922467732,27.0428130552173
2026-05-02T14:48:10-07:00,8,37.42995772435205,-122.1728670146388,26.9434332475066
2026-05-02T14:48:13-07:00,9,37.42998731272185,-122.1728353165819,26.4822481181473
2026-05-02T14:48:17-07:00,10,37.43001773076048,-122.1728537295778,26.2963150283322
2026-05-02T14:48:21-07:00,11,37.43006216894644,-122.1728592279874,26.156221408397
2026-05-02T14:48:24-07:00,12,37.43013475882145,-122.1728212177077,26.1988543318585
2026-05-02T14:48:28-07:00,13,37.43017483911778,-122.1729951760738,27.1776472218335
2026-05-02T14:48:31-07:00,14,37.43014156736118,-122.1729728755231,27.5089100087062
2026-05-02T14:48:35-07:00,15,37.43015133097248,-122.1726653038232,26.0624246085063
2026-05-02T14:48:38-07:00,16,37.43018983290136,-122.1726385082292,25.4286739462987
2026-05-02T14:48:42-07:00,17,37.43023747927819,-122.1726443563289,26.2730496544391
2026-05-02T14:48:45-07:00,18,37.43025662445609,-122.1726455418006,27.0831837356091
2026-05-02T14:48:49-07:00,19,37.43023831647537,-122.1726426385933,28.0826883791015
2026-05-02T14:48:53-07:00,20,37.43021527006267,-122.1726242933342,27.8839078480378
2026-05-02T14:48:56-07:00,21,37.43018613264596,-122.1726294462815,26.4515927033499
2026-05-02T14:49:00-07:00,22,37.43017165376036,-122.1726930279612,25.6506146630272
2026-05-02T14:49:03-07:00,23,37.43013427796327,-122.1727871679277,25.662331789732
2026-05-02T14:49:07-07:00,24,37.43010919830341,-122.172832042863,25.8000719584525
2026-05-02T14:49:10-07:00,25,37.43008884428324,-122.1728203449526,25.9389822660014
2026-05-02T14:49:14-07:00,26,37.43004801779732,-122.1729667675533,26.5019728811458
2026-05-02T14:49:17-07:00,27,37.43003036448303,-122.1730458888694,27.1380213517696
2026-05-02T14:49:21-07:00,28,37.43001580745887,-122.1731267977996,27.6322632255033
2026-05-02T14:49:24-07:00,29,37.43002193044025,-122.1731503915416,27.6335115320981
2026-05-02T14:49:28-07:00,30,37.43001513659188,-122.1731442836549,27.7648538397625
2026-05-02T14:49:32-07:00,31,37.42984729929111,-122.1730414003331,27.7347247591242
2026-05-02T14:49:35-07:00,32,37.42982694870763,-122.1728817843499,27.5305473059416
2026-05-02T14:49:39-07:00,33,37.42979398289859,-122.1727738645075,26.7410823302344
2026-05-02T14:49:52-07:00,34,37.42968651891427,-122.1724933167282,25.6921323509887
2026-05-02T14:50:06-07:00,35,37.42967771828017,-122.172443354873,27.5637001246214
2026-05-02T14:50:17-07:00,36,37.42955057108946,-122.1724609434922,27.6366355204955
2026-05-02T14:50:20-07:00,37,37.42952149577668,-122.1724802688523,27.6057093041018
2026-05-02T14:50:24-07:00,38,37.4294916281427,-122.17249628101,27.6929364092648
2026-05-02T14:50:27-07:00,39,37.42948833694933,-122.1724923129298,27.032791595906
2026-05-02T14:50:31-07:00,40,37.42949412816554,-122.1724653812181,26.5255882712081
2026-05-02T14:50:34-07:00,41,37.42951349977073,-122.1724234935224,26.4281276902184
2026-05-02T14:50:38-07:00,42,37.42955596201224,-122.1724122232722,26.2227996727452
2026-05-02T14:50:41-07:00,43,37.42957606381589,-122.172417064661,25.1876131584868
2026-05-02T14:50:45-07:00,44,37.42960137864007,-122.1724342200467,26.4559737546369
2026-05-02T14:50:49-07:00,45,37.42962363133154,-122.1724421928906,26.5961332824081
2026-05-02T14:50:52-07:00,46,37.42964277497938,-122.1724358616522,25.990571776405
2026-05-02T14:50:56-07:00,47,37.4296650480463,-122.1724228311821,25.2151815183461
2026-05-02T14:50:59-07:00,48,37.4296971252782,-122.1724080482569,25.2638178830966
2026-05-02T14:51:03-07:00,49,37.42974967386589,-122.1723975145177,25.6111045926809
2026-05-02T14:51:06-07:00,50,37.42978270816049,-122.1723918884072,25.8316312162206
2026-05-02T14:51:10-07:00,51,37.42981235831426,-122.1724070956274,25.9745781980455
2026-05-02T14:51:13-07:00,52,37.42984993114207,-122.1724299818139,25.8215659735724
2026-05-02T14:51:17-07:00,53,37.42989136278092,-122.1724236266909,25.7308845734224
2026-05-02T14:51:21-07:00,54,37.42986973804864,-122.1723915481067,25.9352415120229
2026-05-02T14:51:34-07:00,55,37.43003603325587,-122.172194184934,27.4838366890326
2026-05-02T14:51:48-07:00,56,37.4301641431368,-122.1721149116006,28.4362452030182
2026-05-02T14:51:54-07:00,57,37.4302131371915,-122.1720723522446,28.1205309461802
2026-05-02T14:51:57-07:00,58,37.43024535626612,-122.1720674653031,28.0135694807395
2026-05-02T14:52:01-07:00,59,37.43028361404357,-122.1720641968154,27.8190806116909
2026-05-02T14:52:04-07:00,60,37.43031899000928,-122.1720632262252,27.4762969147414
2026-05-02T14:52:08-07:00,61,37.43036000706455,-122.1720493697776,27.1779180532321
2026-05-02T14:52:11-07:00,62,37.43036778225853,-122.1720317481523,27.0244831526652
2026-05-02T14:52:15-07:00,63,37.43036017055998,-122.172006818828,26.7874968182296
2026-05-02T14:52:18-07:00,64,37.43035041542419,-122.1720037485184,26.356516731903
2026-05-02T14:52:22-07:00,65,37.43033381871391,-122.1719704856597,27.0419631106779
2026-05-02T14:52:26-07:00,66,37.4303027674403,-122.1719644257138,25.3370823934674
2026-05-02T14:52:29-07:00,67,37.43028964547245,-122.1719563355364,25.3178980639204
2026-05-02T14:52:33-07:00,68,37.43026330679603,-122.1719102624517,25.28292715922
2026-05-02T14:52:36-07:00,69,37.43028761853832,-122.1718547595785,25.8782150195912
2026-05-02T14:52:40-07:00,70,37.43028650976932,-122.1717714313098,25.9579863008112
2026-05-02T14:52:43-07:00,71,37.43025569883851,-122.1717173218566,25.9775081416592
2026-05-02T14:52:47-07:00,72,37.43021520819036,-122.1717654688657,27.7974679321051
2026-05-02T14:52:51-07:00,73,37.43019171016746,-122.1717572930287,27.9548261407763
2026-05-02T14:52:54-07:00,74,37.4301779333174,-122.1717640614093,28.9780283467844
2026-05-02T14:52:58-07:00,75,37.43019967919313,-122.1717498399883,29.6101779090241
2026-05-02T14:53:01-07:00,76,37.43021146334895,-122.1717565331585,30.3135299012065
2026-05-02T14:53:05-07:00,77,37.43021863768102,-122.1717559592324,30.2074520867318
2026-05-02T14:53:08-07:00,78,37.43022498089069,-122.1717218439232,30.0439011640847
2026-05-02T14:53:12-07:00,79,37.43022750737172,-122.1716966731812,31.4957567201927
2026-05-02T14:53:15-07:00,80,37.43022211963557,-122.1716580034716,30.5828147251159
2026-05-02T14:53:19-07:00,81,37.4302204031551,-122.1716214685093,30.2632965147495
2026-05-02T14:53:22-07:00,82,37.43020682636793,-122.1715820399922,29.3017685106024
2026-05-02T14:53:26-07:00,83,37.43019055323774,-122.171529176992,28.2149390224367
2026-05-02T14:53:30-07:00,84,37.43018427043365,-122.1714854226271,27.5593130188063
2026-05-02T14:53:33-07:00,85,37.43018804471294,-122.1714231541779,26.5237319236621
2026-05-02T14:53:37-07:00,86,37.4301712726847,-122.171378386885,26.4253560043871
2026-05-02T14:53:40-07:00,87,37.43016169265712,-122.1713438744624,26.3213221086189
2026-05-02T14:53:44-07:00,88,37.43014439379822,-122.1713019364105,26.3277507973835
2026-05-02T14:53:47-07:00,89,37.43013416503497,-122.1712758512229,26.8391418466344
2026-05-02T14:53:51-07:00,90,37.43010790530869,-122.1712478387904,26.8617305066437
2026-05-02T14:53:54-07:00,91,37.43009556918788,-122.1712333885762,27.7202059086412
2026-05-02T14:53:58-07:00,92,37.43006287636269,-122.1712261142757,26.8435102794319
2026-05-02T14:54:02-07:00,93,37.43002211592645,-122.1712209263262,25.5918627623469
2026-05-02T14:54:05-07:00,94,37.43000141299208,-122.1712141500898,26.5569908171892
2026-05-02T14:54:09-07:00,95,37.4299660520388,-122.1712256221909,26.1123081836849
2026-05-02T14:54:12-07:00,96,37.42993655489126,-122.1712234969416,25.7297086734325
2026-05-02T14:54:16-07:00,97,37.42990131391373,-122.1712314885106,25.5584219228476
2026-05-02T14:54:19-07:00,98,37.42987200631517,-122.1712349652609,25.8533603753895
2026-05-02T14:54:23-07:00,99,37.42982001619362,-122.17123191889,26.5954712396488
2026-05-02T14:54:26-07:00,100,37.42979502442093,-122.1712402680202,25.7236739108339
2026-05-02T14:54:30-07:00,101,37.42976978914353,-122.171251501229,25.9684421094134
2026-05-02T14:54:33-07:00,102,37.42974361421861,-122.1712604315926,26.1132610524073
2026-05-02T14:54:37-07:00,103,37.42969135926095,-122.1712684864229,26.0503607299179
2026-05-02T14:54:41-07:00,104,37.42966809603637,-122.1712761922676,26.3713353937492
2026-05-02T14:54:44-07:00,105,37.4296525392591,-122.1712889193028,25.9005214422941
2026-05-02T14:54:48-07:00,106,37.42964979234479,-122.1712812836722,25.9706741599366
2026-05-02T14:54:51-07:00,107,37.42962472015993,-122.1712647780301,26.3643540572375
2026-05-02T14:54:55-07:00,108,37.42961130431794,-122.1712387985341,26.6077724127099
2026-05-02T14:54:58-07:00,109,37.42962836355565,-122.1712280942721,26.6156938532367
2026-05-02T14:55:02-07:00,110,37.42965009934503,-122.1712196268966,25.8053653035313
2026-05-02T14:55:05-07:00,111,37.42967350900854,-122.1712167984451,26.1315205777064
2026-05-02T14:55:09-07:00,112,37.42971025040509,-122.171202641251,25.9093632735312
2026-05-02T14:55:13-07:00,113,37.42972617664178,-122.1712059992129,25.9258435592055
2026-05-02T14:55:16-07:00,114,37.42976600830693,-122.1711880957964,25.6576383467764
2026-05-02T14:55:20-07:00,115,37.42979852864318,-122.1711687067901,25.3739232737571
2026-05-02T14:55:23-07:00,116,37.42982423084933,-122.1711653307842,25.2482532598078
2026-05-02T14:55:27-07:00,117,37.42986150368363,-122.1711580519865,25.4749805126339
2026-05-02T14:55:30-07:00,118,37.42988797292318,-122.1711385564519,25.454969056882
2026-05-02T14:55:34-07:00,119,37.42992295781216,-122.1711280112499,25.6673842249438
2026-05-02T14:55:37-07:00,120,37.42993995782111,-122.1711334895078,25.6399999028072
2026-05-02T14:55:41-07:00,121,37.42994983335103,-122.1711780396482,24.9827557951212
2026-05-02T14:55:44-07:00,122,37.42993124054754,-122.1712005662704,25.1868614405394
2026-05-02T14:55:48-07:00,123,37.42989480275981,-122.1712138241648,25.1620513731614
2026-05-02T14:55:52-07:00,124,37.42986541654516,-122.1712298232694,25.0315058510751
2026-05-02T14:55:55-07:00,125,37.42983512579955,-122.1712382572685,25.3809393774718
2026-05-02T14:55:59-07:00,126,37.42978996169132,-122.1712512475483,25.2997045964003
2026-05-02T14:56:02-07:00,127,37.42977395356665,-122.1712736723174,25.5630547478795
2026-05-02T14:56:06-07:00,128,37.42977571893275,-122.17132078666,25.5983491027728
2026-05-02T14:56:09-07:00,129,37.42978009859637,-122.1713507576213,25.7630486842245
2026-05-02T14:56:13-07:00,130,37.42975254058767,-122.1713932372963,26.3006638940424
2026-05-02T14:56:16-07:00,131,37.42972164267368,-122.1714147091911,26.2641617823392
2026-05-02T14:56:20-07:00,132,37.42969119270183,-122.1714391941285,26.3174176709726
2026-05-02T14:56:23-07:00,133,37.42966738704975,-122.1714571359076,26.8017027396709
2026-05-02T14:56:27-07:00,134,37.42963776076687,-122.1714745820498,26.7392186494544
2026-05-02T14:56:30-07:00,135,37.42960830683552,-122.1714851281431,26.6287307869643
2026-05-02T14:56:34-07:00,136,37.42957065257927,-122.1715083212382,26.9414916746318
2026-05-02T14:56:37-07:00,137,37.42953861053392,-122.1715226785983,27.1131926877424
2026-05-02T14:56:41-07:00,138,37.4294969884897,-122.1715253079848,26.9316435530782
2026-05-02T14:56:44-07:00,139,37.42946897418727,-122.1715405359748,27.118214474991
2026-05-02T14:56:48-07:00,140,37.42945604765294,-122.171578889317,26.9570767721161
2026-05-02T14:56:52-07:00,141,37.4294361578155,-122.171613421354,27.0229490948841
2026-05-02T14:56:55-07:00,142,37.42941309635963,-122.1716288468928,26.0784939816222
2026-05-02T14:56:59-07:00,143,37.42939422998878,-122.1716580752596,26.9426437923685
2026-05-02T14:57:02-07:00,144,37.42937446590985,-122.1716889087293,27.0667409216985
2026-05-02T14:57:06-07:00,145,37.42935507846072,-122.1717149618049,26.9761069426313
2026-05-02T14:57:09-07:00,146,37.42935689692027,-122.1717119522218,26.9516964526847
2026-05-02T14:57:13-07:00,147,37.42935689692027,-122.1717119522218,26.9516964526847
2026-05-02T14:57:16-07:00,148,37.42935689692027,-122.1717119522218,26.9516964526847
2026-05-02T14:57:20-07:00,149,37.42935689692027,-122.1717119522218,26.9516964526847
2026-05-02T14:57:24-07:00,150,37.42935689692027,-122.1717119522218,26.9516964526847
2026-05-02T14:57:27-07:00,151,37.42935689692027,-122.1717119522218,26.9516964526847
2026-05-02T14:57:31-07:00,152,37.42935689692027,-122.1717119522218,26.9516964526847
2026-05-02T14:57:34-07:00,153,37.42935689692027,-122.1717119522218,26.9516964526847
2026-05-02T14:57:38-07:00,154,37.42935689692027,-122.1717119522218,26.9516964526847
2026-05-02T14:57:41-07:00,155,37.42938812657984,-122.1717007193605,26.1036462029442
2026-05-02T14:57:45-07:00,156,37.42934961090597,-122.1717109791903,26.5678705461323
2026-05-02T14:57:48-07:00,157,37.42931724755992,-122.1717265587224,27.2242444436997
2026-05-02T14:57:52-07:00,158,37.42927702599153,-122.1717347042818,27.9644966460764
2026-05-02T14:57:56-07:00,159,37.4292425660216,-122.1717485992009,27.1033796044067
2026-05-02T14:57:59-07:00,160,37.42920251639329,-122.1717708019269,28.0080661084503
2026-05-02T14:58:03-07:00,161,37.42914933303398,-122.171799289798,27.5764428991824
2026-05-02T14:58:06-07:00,162,37.42912357183491,-122.1718075145117,27.4318940043449
2026-05-02T14:58:10-07:00,163,37.42908130113445,-122.1718332186222,27.7406389769167
2026-05-02T14:58:13-07:00,164,37.42906091043071,-122.1718685728375,27.3236946025863
2026-05-02T14:58:17-07:00,165,37.4290276275788,-122.1719078080075,27.5945975473151
2026-05-02T14:58:20-07:00,166,37.42901419741238,-122.1719333381738,26.9388821376488
2026-05-02T14:58:24-07:00,167,37.42899435704297,-122.1719782733982,27.7135582668707
2026-05-02T14:58:28-07:00,168,37.42899124178994,-122.1720002467246,28.0086241951212
2026-05-02T14:58:31-07:00,169,37.42899862341541,-122.1719761837758,27.7266134954989
2026-05-02T14:58:35-07:00,170,37.42901955981278,-122.1719835249288,27.3951978208497
2026-05-02T14:58:38-07:00,171,37.42902370015604,-122.1719589135646,27.289110542275
2026-05-02T14:58:42-07:00,172,37.429019670617,-122.1719504411269,27.3957374179736
2026-05-02T14:58:45-07:00,173,37.42901433369589,-122.1719602810037,27.4009458413348
2026-05-02T14:58:59-07:00,174,37.42899030450506,-122.1718145349269,33.3604393238202
2026-05-08T15:20:27-07:00,1,37.42922178840597,-122.1726108861385,28.3416709899902
2026-05-08T15:20:30-07:00,2,37.42922178840597,-122.1726108861385,28.3416709899902
2026-05-08T15:20:34-07:00,3,37.42922167182704,-122.1726108243531,32.6716591873169
2026-05-08T15:20:37-07:00,4,37.42922153980871,-122.1726107915289,32.6716685276031
2026-05-08T15:20:40-07:00,5,37.42924654472642,-122.1726152046382,32.6716674938201
2026-05-08T15:20:46-07:00,6,37.42926221364043,-122.1726001187025,28.0035667419434
2026-05-08T15:20:49-07:00,7,37.42917646816133,-122.1725818011056,28.3283653259277
2026-05-08T15:20:53-07:00,8,37.42918497218416,-122.1726104491362,29.0439414978027
2026-05-08T15:20:56-07:00,9,37.42923191735665,-122.1725829591019,28.1477012634277
2026-05-08T15:20:59-07:00,10,37.42925485222648,-122.172573466376,28.0384790273383
2026-05-08T15:21:02-07:00,11,37.42928810808683,-122.1725650416781,28.0310021610931
2026-05-08T15:21:05-07:00,12,37.42932061980098,-122.1725539026255,27.7342797424644
2026-05-08T15:21:08-07:00,13,37.42934860344246,-122.1725486665244,28.3445092970505
2026-05-08T15:21:12-07:00,14,37.42938585926588,-122.1725440121043,29.5541955614462
2026-05-08T15:21:15-07:00,15,37.42942724515915,-122.1725281747579,27.0842248527333
2026-05-08T15:21:18-07:00,16,37.42948929782312,-122.1725033539961,27.9433877458796
2026-05-08T15:21:21-07:00,17,37.42952612534484,-122.1725028994671,28.1712854132056
2026-05-08T15:21:24-07:00,18,37.42956608128495,-122.1724808707896,27.8679450973868
2026-05-08T15:21:28-07:00,19,37.42959898666242,-122.1724513155641,27.3127646781504
2026-05-08T15:21:31-07:00,20,37.42963283205403,-122.1724339149753,26.9819588251412
2026-05-08T15:21:34-07:00,21,37.42966062460083,-122.1724110269591,26.5215077837929
2026-05-08T15:21:37-07:00,22,37.42968149427092,-122.1723947884805,26.1833603223786
2026-05-08T15:21:40-07:00,23,37.42971091792307,-122.1723861643718,25.5343388449401
2026-05-08T15:21:44-07:00,24,37.42975196194038,-122.1723989866614,25.904249785468
2026-05-08T15:21:47-07:00,25,37.42976441951464,-122.1723447312117,26.2352171363309
2026-05-08T15:21:50-07:00,26,37.42977764419974,-122.1723323050568,26.4829901745543
2026-05-08T15:21:57-07:00,27,37.4298250998636,-122.172212228297,25.7740536136553
2026-05-08T15:22:10-07:00,28,37.4297624035157,-122.1722212248688,25.907527946867
2026-05-08T15:22:23-07:00,29,37.42962322201353,-122.1723389906084,26.2105674976483
2026-05-08T15:22:36-07:00,30,37.4299064253314,-122.1728995911065,41.7419492996987
2026-05-08T15:22:47-07:00,31,37.42995646052226,-122.1729568435203,26.4322176212445
2026-05-08T15:22:50-07:00,32,37.42997377962649,-122.1729459662097,26.8220458244905
2026-05-08T15:22:53-07:00,33,37.4300256553301,-122.1730603224918,27.4219452869147
2026-05-08T15:22:56-07:00,34,37.43004443852698,-122.1731049879301,27.8889317428693
2026-05-08T15:22:59-07:00,35,37.43004876842105,-122.1731340662994,28.1822674097493
2026-05-08T15:23:03-07:00,36,37.43011291106799,-122.1731124308558,28.1859808247536
2026-05-08T15:23:06-07:00,37,37.4301369534039,-122.1731288419286,28.1005232464522
2026-05-08T15:23:09-07:00,38,37.43015782445428,-122.1731385399884,27.7416359847412
2026-05-08T15:23:12-07:00,39,37.43016970494858,-122.1731295153476,27.5021603433415
2026-05-08T15:23:25-07:00,40,37.430285993527,-122.1728358246573,26.5607356028631
2026-05-08T15:23:38-07:00,41,37.43020802220507,-122.1729704380466,26.6074946131557
2026-05-08T15:23:51-07:00,42,37.43023374537756,-122.1725120920428,26.1237438237295
2026-05-08T15:24:04-07:00,43,37.43024901542994,-122.1724784721692,26.1625940855592
2026-05-08T15:24:17-07:00,44,37.43014408226544,-122.1724449203331,26.2643648351543
2026-05-08T15:24:30-07:00,45,37.43012318390353,-122.1727784541326,26.0803423444416
2026-05-08T15:24:44-07:00,46,37.43010391521914,-122.1730583501245,26.8115961113945
2026-05-08T15:24:57-07:00,47,37.43002784643267,-122.1731033227119,27.3015089100227
2026-05-08T15:25:00-07:00,48,37.43000657695033,-122.1731385111147,27.652500317432
2026-05-08T15:25:13-07:00,49,37.42983324421109,-122.1731578674595,27.8916678046808
2026-05-08T15:25:26-07:00,50,37.42983417153683,-122.1726315440404,26.7299396749586
2026-05-08T15:25:31-07:00,51,37.42975644438766,-122.1725146697151,25.9293433604762
2026-05-08T15:25:44-07:00,52,37.42977592841407,-122.1722808803855,25.5860622217879
2026-05-08T15:25:57-07:00,53,37.42972833107931,-122.1722467896735,24.127895379439
2026-05-08T15:26:10-07:00,54,37.42997322451527,-122.1725834782593,25.8385097859427
2026-05-08T15:26:23-07:00,55,37.42979438687544,-122.1729972380185,27.8768042251468
2026-05-08T15:26:37-07:00,56,37.42973415034397,-122.1724265103455,26.1337467953563
2026-05-08T15:26:50-07:00,57,37.42985224824773,-122.1722043984718,26.0325733339414
2026-05-08T15:27:03-07:00,58,37.42991127917433,-122.172212105612,25.7693600421771
2026-05-08T15:27:16-07:00,59,37.4298860709042,-122.1720591780064,25.9087315024808
2026-05-08T15:27:30-07:00,60,37.42980619751555,-122.1722176079185,26.1472728783265
2026-05-08T15:27:43-07:00,61,37.42993622062858,-122.1721067935769,25.48229606729
2026-05-08T15:27:56-07:00,62,37.42992427235777,-122.1721433193512,25.8232514057308
2026-05-08T15:28:05-07:00,63,37.42976826899132,-122.1721152108762,25.8501045648009
2026-05-08T15:28:10-07:00,64,37.42977013482793,-122.172163293033,25.8090044325218
2026-05-08T15:28:13-07:00,65,37.42977013482793,-122.172163293033,25.8090044325218
2026-05-08T15:28:26-07:00,66,37.42980775108224,-122.1721456541653,26.0203819265589
2026-05-08T15:28:39-07:00,67,37.43000585163797,-122.1721796124878,25.0696317721158
2026-05-08T15:28:52-07:00,68,37.43011791915672,-122.1720903179597,26.0433251066133
2026-05-08T15:29:06-07:00,69,37.43023486847297,-122.1720345133041,27.3822359582409
2026-05-08T15:29:19-07:00,70,37.43035194719319,-122.1720578820095,27.9253026517108
2026-05-08T15:29:29-07:00,71,37.43044871475666,-122.1720170910951,28.5880536977202
2026-05-08T15:29:32-07:00,72,37.43049195038697,-122.1720001812764,28.7619545776397
2026-05-08T15:29:35-07:00,73,37.43053034855087,-122.1719796405951,28.7078783232719
2026-05-08T15:29:38-07:00,74,37.43056219838829,-122.1719639242807,28.5125832883641
2026-05-08T15:29:41-07:00,75,37.43056957575148,-122.1719498665581,27.7936125285923
2026-05-08T15:29:45-07:00,76,37.43053300050542,-122.1719658642647,27.1999558070675
2026-05-08T15:29:48-07:00,77,37.43050515447655,-122.1719820898241,26.779597222805
2026-05-08T15:29:51-07:00,78,37.43046654210066,-122.172010196027,26.2247574385256
2026-05-08T15:29:54-07:00,79,37.4304385085741,-122.1720324511085,25.9854140151292
2026-05-08T15:29:57-07:00,80,37.43041249260583,-122.1720507375902,25.934449441731
2026-05-08T15:30:01-07:00,81,37.43039291735685,-122.1720262615275,26.579014047049
2026-05-08T15:30:04-07:00,82,37.4303794805557,-122.1719732634144,26.9121606918052
2026-05-08T15:30:07-07:00,83,37.43037548032513,-122.1719333525869,27.4798093894497
2026-05-08T15:30:10-07:00,84,37.43036842454394,-122.1718931254494,27.8429399291053
2026-05-08T15:30:13-07:00,85,37.43033890057713,-122.1718623733976,27.3471591919661
2026-05-08T15:30:17-07:00,86,37.4303254938567,-122.1718287342258,29.3775319484994
2026-05-08T15:30:20-07:00,87,37.43029615460329,-122.1717983584369,29.5520663140342
2026-05-08T15:30:23-07:00,88,37.43027481457173,-122.1717666420869,30.1108059035614
2026-05-08T15:30:26-07:00,89,37.43027599915471,-122.1717307018395,31.3606296740472
2026-05-08T15:30:29-07:00,90,37.43027095169761,-122.1716853379654,31.1104861572385
2026-05-08T15:30:33-07:00,91,37.43026709075135,-122.1716428027904,30.6414181888104
2026-05-08T15:30:36-07:00,92,37.4302536707511,-122.1715771626099,30.3224224587902
2026-05-08T15:30:39-07:00,93,37.43024455386895,-122.1715313113526,30.1901013553143
2026-05-08T15:30:42-07:00,94,37.43023243159276,-122.1714827660011,29.7324062222615
2026-05-08T15:30:45-07:00,95,37.43022890068689,-122.171424977451,29.2471755044535
2026-05-08T15:30:48-07:00,96,37.43022753785338,-122.1713699489749,29.1013095080852
2026-05-08T15:30:52-07:00,97,37.4302567062547,-122.1713201392021,28.3711049789563
2026-05-08T15:30:55-07:00,98,37.43029315679023,-122.1713042695836,27.2537677716464
2026-05-08T15:30:58-07:00,99,37.43032870002189,-122.1712878982017,27.2942064488307
2026-05-08T15:31:01-07:00,100,37.43036009449111,-122.1712692529764,27.1606906037778
2026-05-08T15:31:05-07:00,101,37.43039921235771,-122.1712683086248,26.7888470385224
2026-05-08T15:31:08-07:00,102,37.43043992896543,-122.1712494078557,25.7288561537862
2026-05-08T15:31:11-07:00,103,37.43046849455427,-122.1712615315963,25.8045523473993
2026-05-08T15:31:14-07:00,104,37.43048334732583,-122.1713109743445,26.2144072446972
2026-05-08T15:31:17-07:00,105,37.43049425546502,-122.1713485222568,26.4737361520529
2026-05-08T15:31:20-07:00,106,37.43050263232199,-122.1713659171059,27.131675966084
2026-05-08T15:31:24-07:00,107,37.43051131949704,-122.1713907364825,27.3625804949552
2026-05-08T15:31:27-07:00,108,37.43051128792872,-122.1713889179968,27.395130221732
2026-05-08T15:31:30-07:00,109,37.43050797452659,-122.1713905643958,26.5869447803125
2026-05-08T15:31:33-07:00,110,37.43050053937606,-122.1713926266282,26.3910290151834
2026-05-08T15:31:36-07:00,111,37.43049765715123,-122.1713775518898,26.2107734670863
2026-05-08T15:31:40-07:00,112,37.43049038724148,-122.1713495867641,25.6170655312017
2026-05-08T15:31:43-07:00,113,37.43049038724148,-122.1713495867641,25.6170655312017
2026-05-08T15:31:46-07:00,114,37.43050416116377,-122.1713633022679,25.7386607024819
2026-05-08T15:31:49-07:00,115,37.4305027406901,-122.1713638966867,25.7986454311758
2026-05-08T15:31:52-07:00,116,37.43051855564853,-122.1714152132739,25.8837647438049
2026-05-08T15:32:06-07:00,117,37.430508476717,-122.1713870578652,25.6758995288983
2026-05-08T15:32:13-07:00,118,37.43048124506034,-122.1716034154928,25.8492666846141
2026-05-08T15:32:16-07:00,119,37.43048966365126,-122.1716192334304,25.9050798034295
2026-05-08T15:32:20-07:00,120,37.43054163491291,-122.1716425096764,25.8830568566918
2026-05-08T15:32:23-07:00,121,37.43056756130969,-122.1715871638179,25.9673985978588
2026-05-08T15:32:26-07:00,122,37.43058118947883,-122.1715897569998,26.0040841028094
2026-05-08T15:32:39-07:00,123,37.43072624731013,-122.1716276014762,26.0833488507196
2026-05-08T15:32:46-07:00,124,37.43076819667565,-122.1714486243859,25.7791112372652
2026-05-08T15:32:59-07:00,125,37.43084349579844,-122.171446380996,25.849820307456
2026-05-08T15:33:12-07:00,126,37.43076204251686,-122.1713864406684,33.8215689097738
2026-05-08T15:33:25-07:00,127,37.43066174031958,-122.1714617554422,28.8283159085622
2026-05-08T15:33:38-07:00,128,37.43072143155064,-122.1718712026463,25.8454954503104
2026-05-08T15:33:52-07:00,129,37.43073659021181,-122.1719349828755,18.4686546549201
2026-05-08T15:34:05-07:00,130,37.43059843221815,-122.1715065166397,27.7405691111586
2026-05-08T15:34:18-07:00,131,37.43075155190898,-122.1717409418171,20.1522484058514
2026-05-08T15:34:31-07:00,132,37.43074786387157,-122.1713494231199,20.6983299488202
2026-05-08T15:34:45-07:00,133,37.43053554056419,-122.1714024733823,27.2956699984637
2026-05-08T15:34:58-07:00,134,37.43053130528169,-122.1714110706914,27.5225376779689
2026-05-08T15:35:11-07:00,135,37.43057110365029,-122.1713197013665,25.5858421567827
2026-05-08T15:35:24-07:00,136,37.43073085324184,-122.1714154273637,25.0155906910077
2026-05-08T15:35:37-07:00,137,37.43057658166936,-122.171513914207,25.3792381510138
2026-05-08T15:35:41-07:00,138,37.43053953980905,-122.1714252849073,27.7162527695625
2026-05-08T15:35:54-07:00,139,37.4304533952014,-122.1714069564341,25.9241837030277
2026-05-08T15:36:08-07:00,140,37.43055807021643,-122.1715299310826,28.491579257615
2026-05-08T15:36:21-07:00,141,37.43080786170157,-122.1713769749771,20.6210902240127
2026-05-08T15:36:34-07:00,142,37.43083449934677,-122.1714734635056,25.8556791739538
2026-05-08T15:36:40-07:00,143,37.43085700167507,-122.1714967149739,25.8811881039292
2026-05-08T15:36:43-07:00,144,37.43080686193649,-122.1713914436825,25.7903712429106
2026-05-08T15:36:46-07:00,145,37.43077875814343,-122.1713352333537,26.0999113405123
2026-05-08T15:36:49-07:00,146,37.43078014651243,-122.1713036168915,26.2824777048081
2026-05-08T15:36:52-07:00,147,37.43078540156524,-122.1713092592475,26.2490498675033
2026-05-08T15:36:56-07:00,148,37.43077730704672,-122.1712908212048,24.9181765522808
2026-05-08T15:36:59-07:00,149,37.43075479721564,-122.1712392627162,24.7230711793527
2026-05-08T15:37:02-07:00,150,37.43074490263152,-122.1711855999076,25.1025126837194
2026-05-08T15:37:05-07:00,151,37.43073301598914,-122.1711433560398,25.6965589076281
2026-05-08T15:37:08-07:00,152,37.43073115561065,-122.1710873132913,25.3363861907274
2026-05-08T15:37:12-07:00,153,37.43071637003373,-122.1710369795766,25.2675784258172
2026-05-08T15:37:15-07:00,154,37.4307026478955,-122.1710027659963,25.5114535661414
2026-05-08T15:37:18-07:00,155,37.43067312409245,-122.1709660376749,25.4784467034042
2026-05-08T15:37:21-07:00,156,37.43065321181338,-122.1709341153202,25.7117620790377
2026-05-08T15:37:24-07:00,157,37.43063082207897,-122.1709019053736,25.6067675994709
2026-05-08T15:37:28-07:00,158,37.43058044594288,-122.170911205783,25.5538713922724
2026-05-08T15:37:31-07:00,159,37.43055078825014,-122.1709237656068,25.1175036588684
2026-05-08T15:37:34-07:00,160,37.43051333193421,-122.170927636434,25.0429909601808
2026-05-08T15:37:37-07:00,161,37.43048327541138,-122.1709344316298,25.0408182181418
2026-05-08T15:37:40-07:00,162,37.43044375830421,-122.1709348704798,25.1549765495583
2026-05-08T15:37:44-07:00,163,37.43040116032191,-122.1709509866321,25.2797390241176
2026-05-08T15:37:47-07:00,164,37.43037398491376,-122.1709621421313,25.4699362758547
2026-05-08T15:37:50-07:00,165,37.43033366993399,-122.170965713068,25.5879605859518
2026-05-08T15:37:53-07:00,166,37.43031103810561,-122.1709550220124,25.6270220577717
2026-05-08T15:37:56-07:00,167,37.43027713240517,-122.1709378568874,25.6470600767061
2026-05-08T15:38:00-07:00,168,37.43024305316868,-122.1709231647649,25.4721307586879
2026-05-08T15:38:03-07:00,169,37.43020695907158,-122.1708958180343,25.8643040806055
2026-05-08T15:38:06-07:00,170,37.43018019203665,-122.1708809038054,26.4673721985891
2026-05-08T15:38:09-07:00,171,37.43015596218765,-122.1708629768921,26.0013789609075
2026-05-08T15:38:12-07:00,172,37.43013825940329,-122.1708515276638,25.9190376549959
2026-05-08T15:38:15-07:00,173,37.43011429325367,-122.1708346799544,25.897440158762
2026-05-08T15:38:19-07:00,174,37.43008196685295,-122.1708206766659,25.9602291230112
2026-05-08T15:38:22-07:00,175,37.4300633522837,-122.1708092697273,26.9012731565163
2026-05-08T15:38:25-07:00,176,37.43003884772348,-122.1707969562965,26.4556076163426
2026-05-08T15:38:28-07:00,177,37.43002766127492,-122.1707945937294,26.5563370352611
2026-05-08T15:38:31-07:00,178,37.42998989761348,-122.1707690897528,26.0651008179411
2026-05-08T15:38:35-07:00,179,37.42996089985373,-122.1707518923297,25.6529154842719
2026-05-08T15:38:38-07:00,180,37.42993849939321,-122.1707627282811,25.1996700195596
2026-05-08T15:38:41-07:00,181,37.42991401039794,-122.1707722225284,25.5261315591633
2026-05-08T15:38:44-07:00,182,37.42989881685803,-122.1707907752747,25.8350089583546
2026-05-08T15:38:47-07:00,183,37.42988683406995,-122.1707960843049,25.5668369466439
2026-05-08T15:38:51-07:00,184,37.42988725424873,-122.1707958462752,25.5631116265431
2026-05-08T15:39:04-07:00,185,37.42985941192411,-122.1708076381802,24.9054351076484
2026-05-08T15:39:07-07:00,186,37.42984676234572,-122.1708210872161,25.2642936138436
2026-05-08T15:39:10-07:00,187,37.42983436366124,-122.1708372886759,25.8447766015306
2026-05-08T15:39:13-07:00,188,37.42981466431218,-122.1708506729662,25.4138597361743
2026-05-08T15:39:17-07:00,189,37.42978362995786,-122.170873391102,25.49389449507
2026-05-08T15:39:20-07:00,190,37.42976878343497,-122.1708834674427,25.9289792161435
2026-05-08T15:39:23-07:00,191,37.42974863658206,-122.1709079785312,25.8224373627454
2026-05-08T15:39:26-07:00,192,37.42973177596616,-122.1709352035702,25.5845414549112
2026-05-08T15:39:29-07:00,193,37.42969974699361,-122.1709444259196,25.9346530549228
2026-05-08T15:39:33-07:00,194,37.42968458704559,-122.170976834177,26.2589362747967
2026-05-08T15:39:36-07:00,195,37.42968007886252,-122.1709638786025,25.7589822318405
2026-05-08T15:39:39-07:00,196,37.42969610007612,-122.1709432409459,25.5888281194493
2026-05-08T15:39:42-07:00,197,37.42972069201168,-122.170930302143,25.8333235951141
2026-05-08T15:39:45-07:00,198,37.42973902605602,-122.1709110614974,25.7436184845865
2026-05-08T15:39:49-07:00,199,37.42976258533928,-122.1708829772598,25.654830458574
2026-05-08T15:39:52-07:00,200,37.42978292995927,-122.1708605434669,25.6408769413829
2026-05-08T15:39:55-07:00,201,37.42980535758002,-122.1708414335341,25.190408712253
2026-05-08T15:39:58-07:00,202,37.4298355220589,-122.1708157482164,25.5961820483208
2026-05-08T15:40:01-07:00,203,37.42985630994119,-122.1707977559474,25.5281210532412
2026-05-08T15:40:05-07:00,204,37.42986151191199,-122.1707588439212,26.1212600646541
2026-05-08T15:40:08-07:00,205,37.42983291187433,-122.1707238287545,25.3387268120423
2026-05-08T15:40:11-07:00,206,37.42981184889875,-122.1707242525153,27.277790106833
2026-05-08T15:40:14-07:00,207,37.42978993148563,-122.1707072587109,27.5024785585701
2026-05-08T15:40:17-07:00,208,37.42976234077598,-122.1706855847626,27.0404402855784
2026-05-08T15:40:21-07:00,209,37.42973126741165,-122.1706674129508,27.404406843707
2026-05-08T15:40:24-07:00,210,37.42970829641298,-122.1706619589612,26.6157666603103
2026-05-08T15:40:27-07:00,211,37.42967836450254,-122.1706490593134,25.9979809354991
2026-05-08T15:40:30-07:00,212,37.4296489867473,-122.1706343606348,26.3996997596696
2026-05-08T15:40:34-07:00,213,37.42962492755439,-122.1706138830568,26.1579428995028
2026-05-08T15:40:37-07:00,214,37.42959420900618,-122.1705952142245,25.9842195687816
2026-05-08T15:40:40-07:00,215,37.42957388667342,-122.1705740181297,26.3658984731883
2026-05-08T15:40:43-07:00,216,37.42955031948446,-122.1705651181202,26.1077009448782
2026-05-08T15:40:46-07:00,217,37.42953147587099,-122.1705553133894,26.6104756249115
2026-05-08T15:40:50-07:00,218,37.42950985468202,-122.1705417917975,26.2422085488215
2026-05-08T15:40:53-07:00,219,37.42948198469325,-122.1705170840434,26.010989333503
2026-05-08T15:40:56-07:00,220,37.4294598321739,-122.1704945711051,25.9166603479534
2026-05-08T15:40:59-07:00,221,37.42945552929529,-122.1704917326671,25.9555283933878
2026-05-08T15:41:02-07:00,222,37.42945614205414,-122.1704921839717,25.9561264524236
2026-05-08T15:41:06-07:00,223,37.42945614205414,-122.1704921839717,25.9561264524236
2026-05-08T15:41:09-07:00,224,37.42945614205414,-122.1704921839717,25.9561264524236
2026-05-08T15:41:12-07:00,225,37.42945614205414,-122.1704921839717,25.9561264524236
2026-05-08T15:41:15-07:00,226,37.42945614205414,-122.1704921839717,25.9561264524236
2026-05-08T15:41:18-07:00,227,37.42944847835309,-122.170422718733,25.9854994779453
2026-05-08T15:41:22-07:00,228,37.42942506222361,-122.1704118420096,26.5082086455077
2026-05-08T15:41:25-07:00,229,37.42936829361363,-122.1703901552388,26.8415426686406
2026-05-08T15:41:28-07:00,230,37.42933831478229,-122.1703708859531,27.3186437534168
2026-05-08T15:41:31-07:00,231,37.42930990341475,-122.170357191787,27.7654115110636
2026-05-08T15:41:34-07:00,232,37.42929146088731,-122.1703459500998,27.6278175599873
2026-05-08T15:41:38-07:00,233,37.42927308288976,-122.1702975250609,27.9007378267124
2026-05-08T15:41:41-07:00,234,37.42926172053254,-122.170267100728,27.7262704651803
2026-05-08T15:41:44-07:00,235,37.42923632606971,-122.1702475547744,27.7597846360877
2026-05-08T15:41:47-07:00,236,37.42921937446767,-122.1702217977155,27.6021733684465
2026-05-08T15:41:50-07:00,237,37.42919906406054,-122.1701944840716,27.7908415608108
2026-05-08T15:41:54-07:00,238,37.42917607548725,-122.1701619537347,27.6328898491338
2026-05-08T15:41:57-07:00,239,37.42916102528833,-122.1701088216556,27.76359269768
2026-05-08T15:42:00-07:00,240,37.42914493819549,-122.1700750966248,27.3290428388864
2026-05-08T15:42:03-07:00,241,37.42913056196071,-122.1700365722285,27.2986985864118
2026-05-08T15:42:06-07:00,242,37.42911874953015,-122.169998619635,27.389338827692
2026-05-08T15:42:10-07:00,243,37.42910517476876,-122.1699631389707,27.3043911103159
2026-05-08T15:42:13-07:00,244,37.42910308291604,-122.1699060778625,27.2071348251775
2026-05-08T15:42:16-07:00,245,37.42909795301712,-122.1698656974972,27.1263363948092
2026-05-08T15:42:19-07:00,246,37.42908290169412,-122.1698306189618,27.3566623926163
2026-05-08T15:42:22-07:00,247,37.42907662167121,-122.1697901730362,27.7541946237907
2026-05-08T15:42:26-07:00,248,37.42907044461304,-122.1697458718911,27.354272313416
2026-05-08T15:42:29-07:00,249,37.42905603282518,-122.1696933633252,27.4729501400143
2026-05-08T15:42:32-07:00,250,37.42905315471985,-122.1696551076504,27.9837154336274
2026-05-08T15:42:35-07:00,251,37.42906032919618,-122.1696210051028,28.170093218796
2026-05-08T15:42:38-07:00,252,37.42908912104868,-122.1695957877625,27.9966499647126
2026-05-08T15:42:42-07:00,253,37.42910907118112,-122.1695807767902,27.6688434397802
2026-05-08T15:42:45-07:00,254,37.42911150315583,-122.1695775465158,27.6412425162271
2026-05-08T15:42:48-07:00,255,37.42911048802801,-122.169578831927,27.4505141088739
2026-05-08T15:42:51-07:00,256,37.42911593481826,-122.1695746699132,26.8330692360178
2026-05-08T15:42:54-07:00,257,37.42911549070352,-122.1695725256081,26.9413057994097
2026-05-08T15:42:58-07:00,258,37.42911549070352,-122.1695725256081,26.9413057994097
2026-05-08T15:43:01-07:00,259,37.42911549070352,-122.1695725256081,26.9413057994097
2026-05-08T15:43:04-07:00,260,37.42911549070352,-122.1695725256081,26.9413057994097
2026-05-08T15:43:07-07:00,261,37.42910163092817,-122.1695588922879,26.9931656178087
2026-05-08T15:43:10-07:00,262,37.42910630953921,-122.1695587583737,27.0645304722711
2026-05-08T15:43:14-07:00,263,37.42910630953921,-122.1695587583737,27.0645304722711
2026-05-08T15:43:17-07:00,264,37.42911433740128,-122.1695601580254,26.5998399825767
2026-05-08T15:43:20-07:00,265,37.42913903588676,-122.169552861176,26.8864649683237
2026-05-08T15:43:23-07:00,266,37.42916881587163,-122.1695423982186,26.3165733050555
2026-05-08T15:43:26-07:00,267,37.42920740871988,-122.1695391996649,26.4185962546617
2026-05-08T15:43:30-07:00,268,37.42924695205164,-122.1695258099586,26.4328064220026
2026-05-08T15:43:33-07:00,269,37.42930337577472,-122.1695121858331,25.8310493798926
2026-05-08T15:43:36-07:00,270,37.42933711098197,-122.1694994051058,25.3005802938715
2026-05-08T15:43:39-07:00,271,37.42937715926303,-122.1694877385925,25.5645458279178
2026-05-08T15:43:42-07:00,272,37.42941486991318,-122.1694737706189,25.5461577456444
2026-05-08T15:43:46-07:00,273,37.42945407347891,-122.1694677783775,25.4242482669652
2026-05-08T15:43:49-07:00,274,37.42950565554958,-122.1694518663657,25.1557086715475
2026-05-08T15:43:52-07:00,275,37.42954404307067,-122.1694410736522,24.9277195297182
2026-05-08T15:43:55-07:00,276,37.42958153966564,-122.1694291117635,25.0859091514722
2026-05-08T15:43:58-07:00,277,37.42961756665724,-122.1694129596481,24.9490926815197
2026-05-08T15:44:02-07:00,278,37.42965591433646,-122.1694024280852,24.6166674047708
2026-05-08T15:44:05-07:00,279,37.42970191802331,-122.1693758044231,24.6183128105476
2026-05-08T15:44:08-07:00,280,37.42973727913078,-122.1693562058441,24.7109523434192
2026-05-08T15:44:11-07:00,281,37.42977188739698,-122.1693306491829,24.8648210577667
2026-05-08T15:44:14-07:00,282,37.42980458131499,-122.1693164999445,24.6964386478066
2026-05-08T15:44:18-07:00,283,37.42983246402724,-122.1693056572774,24.2830495210364
2026-05-08T15:44:21-07:00,284,37.42988519992277,-122.1693079702626,24.169489887543
2026-05-08T15:44:24-07:00,285,37.42991023047242,-122.1693108231634,24.2151046898216
2026-05-08T15:44:27-07:00,286,37.42994262290196,-122.1692857271002,24.2028000773862
2026-05-08T15:44:30-07:00,287,37.42998106505982,-122.1692764877126,24.4813184021041
2026-05-08T15:44:34-07:00,288,37.43002867753308,-122.1692581016683,23.9590829620138
2026-05-08T15:44:37-07:00,289,37.43006641535479,-122.169247969528,24.0851804222912
2026-05-08T15:44:40-07:00,290,37.43009947308861,-122.1692364660031,24.7809727070853
2026-05-08T15:44:43-07:00,291,37.43013640369034,-122.1692171309251,24.779983012937
2026-05-08T15:44:46-07:00,292,37.43016888674052,-122.1692085105954,25.0781019069254
2026-05-08T15:44:50-07:00,293,37.43021939308149,-122.1691925043364,25.2514094058424
2026-05-08T15:44:53-07:00,294,37.43026201496824,-122.1691743188099,25.1667082803324
2026-05-08T15:44:56-07:00,295,37.43029355780904,-122.169158890745,25.4675149340183
2026-05-08T15:44:59-07:00,296,37.43033416821073,-122.169148990296,25.2991511384025
2026-05-08T15:45:02-07:00,297,37.43036966677165,-122.1691346872569,25.4395194174722
2026-05-08T15:45:06-07:00,298,37.43041530476731,-122.1691206150969,25.1651346078143
2026-05-08T15:45:09-07:00,299,37.43045869417164,-122.1691119329768,25.2386289285496
2026-05-08T15:45:12-07:00,300,37.43049284599581,-122.1691045686827,24.6826133439317
2026-05-08T15:45:15-07:00,301,37.43052498797228,-122.1690969591698,24.3197678085417
2026-05-08T15:45:18-07:00,302,37.43055906945262,-122.1690837023915,23.8819921920076
2026-05-08T15:45:22-07:00,303,37.43060385834099,-122.1690639910503,23.9591251816601
2026-05-08T15:45:25-07:00,304,37.43063621097372,-122.1690587613556,24.3787327762693
2026-05-08T15:45:28-07:00,305,37.43067715533309,-122.1690421698322,24.2880377070978
2026-05-08T15:45:31-07:00,306,37.43070771795831,-122.1690286931997,24.316134381108
2026-05-08T15:45:34-07:00,307,37.43074391831811,-122.1690244491973,23.8750091791153
2026-05-08T15:45:38-07:00,308,37.43079645481047,-122.1690106141333,24.013993602246
2026-05-08T15:45:41-07:00,309,37.43082751023265,-122.1689960659703,23.8955165343359
2026-05-08T15:45:44-07:00,310,37.43085966923275,-122.168988292677,23.8011995712295
2026-05-08T15:45:47-07:00,311,37.4308943936942,-122.1689746110258,24.1837925054133
2026-05-08T15:45:50-07:00,312,37.43092546593172,-122.1689642747485,23.5073880376294
2026-05-08T15:45:54-07:00,313,37.43097618053892,-122.1689445699432,24.51616948843
2026-05-08T15:45:57-07:00,314,37.43100727537451,-122.1689561683837,24.0015457030386
2026-05-08T15:46:00-07:00,315,37.43103861545488,-122.1689818794163,23.6944908397272
2026-05-08T15:46:03-07:00,316,37.43106990829104,-122.169003071602,23.3701094994321
2026-05-08T15:46:06-07:00,317,37.4310972795279,-122.1690347784309,23.5151795288548
2026-05-08T15:46:10-07:00,318,37.43110939058742,-122.1690926101844,23.1812171423808
2026-05-08T15:46:13-07:00,319,37.43109242656763,-122.1691378159275,23.2615746427327
2026-05-08T15:46:16-07:00,320,37.43106863336657,-122.1691726224665,23.498056313023
2026-05-08T15:46:19-07:00,321,37.43105483481175,-122.1692098048196,24.1916208574548
2026-05-08T15:46:22-07:00,322,37.43101694316356,-122.1692259945006,23.5687364581972
2026-05-08T15:46:26-07:00,323,37.43097406065603,-122.1692509518943,23.4626356931403
2026-05-08T15:46:29-07:00,324,37.4309399760342,-122.1692621248259,23.2851183023304
2026-05-08T15:46:32-07:00,325,37.43090555182609,-122.169274031819,22.5272056153044
2026-05-08T15:46:35-07:00,326,37.43086975042337,-122.1692847697637,22.605691014789
2026-05-08T15:46:38-07:00,327,37.43083226136281,-122.1692935423978,23.0624906886369
2026-05-08T15:46:42-07:00,328,37.43078728268043,-122.1693039043528,23.0506907440722
2026-05-08T15:46:45-07:00,329,37.43075768037362,-122.1693201797331,23.4811609247699
2026-05-08T15:46:48-07:00,330,37.43072249135199,-122.1693263962918,23.5371013684198
2026-05-08T15:46:51-07:00,331,37.43069421578276,-122.1693334467925,23.5432045971975
2026-05-08T15:46:54-07:00,332,37.43065860013654,-122.1693447049073,24.0429137544706
2026-05-08T15:46:58-07:00,333,37.43061258249386,-122.169357813712,23.4856948573142
2026-05-08T15:47:01-07:00,334,37.43057908847221,-122.1693823931456,23.8474919181317
2026-05-08T15:47:04-07:00,335,37.43054400768591,-122.1693911034981,23.4943195758387
2026-05-08T15:47:07-07:00,336,37.43051761223351,-122.1694105660023,24.9182734526694
2026-05-08T15:47:10-07:00,337,37.43047709966497,-122.1694210199924,23.8240224421024
2026-05-08T15:47:14-07:00,338,37.43043252743278,-122.169434847398,24.6275438126177
2026-05-08T15:47:17-07:00,339,37.43040525862691,-122.1694419429581,23.8010628558695
2026-05-08T15:47:20-07:00,340,37.43037853235103,-122.1694453848897,23.7678479105234
2026-05-08T15:47:23-07:00,341,37.43034558152777,-122.169455371632,23.9807244474068
2026-05-08T15:47:26-07:00,342,37.43031108063274,-122.1694766491175,23.6623932793736
2026-05-08T15:47:30-07:00,343,37.43026155309323,-122.1694862154663,23.7496714172885
2026-05-08T15:47:33-07:00,344,37.43022899179643,-122.1694999011604,23.8594153225422
2026-05-08T15:47:36-07:00,345,37.4301985818143,-122.1695099507759,24.0482262345031
2026-05-08T15:47:39-07:00,346,37.43016559307272,-122.1695212358005,24.725977559574
2026-05-08T15:47:42-07:00,347,37.43013066847381,-122.1695344590953,23.850448497571
2026-05-08T15:47:46-07:00,348,37.43009044733344,-122.1695484564024,23.8156463075429
2026-05-08T15:47:49-07:00,349,37.43005800780287,-122.1695629543316,24.0842447783798
2026-05-08T15:47:52-07:00,350,37.43002536952345,-122.1695722402536,23.8646179847419
2026-05-08T15:47:55-07:00,351,37.4299915957719,-122.1695792306824,24.8105092095211
2026-05-08T15:47:58-07:00,352,37.4299572455141,-122.1695527428823,23.7506665615365
2026-05-08T15:48:02-07:00,353,37.42993616981713,-122.1694970996794,23.638605736196
2026-05-08T15:48:05-07:00,354,37.42992952085901,-122.1694538329265,23.2171594705433
2026-05-08T15:48:08-07:00,355,37.42990184716994,-122.1694224465921,22.7298705046996
2026-05-08T15:48:11-07:00,356,37.42987001384984,-122.169404155942,23.0777495289221
2026-05-08T15:48:14-07:00,357,37.42983214790155,-122.1694108431511,22.7832623217255
2026-05-08T15:48:18-07:00,358,37.42979278505386,-122.1694355362147,23.1963365692645
2026-05-08T15:48:21-07:00,359,37.42977185905962,-122.1694679877549,23.5569616239518
2026-05-08T15:48:24-07:00,360,37.42977024056045,-122.169504027492,23.9937958950177
2026-05-08T15:48:27-07:00,361,37.42978514867628,-122.169545906857,23.6556733679026
2026-05-08T15:48:31-07:00,362,37.42978202592531,-122.1696031634767,23.4084034301341
2026-05-08T15:48:34-07:00,363,37.42976285249427,-122.1696402937298,24.1165561154485
2026-05-08T15:48:37-07:00,364,37.42973171163977,-122.169665399186,23.6903345333412
2026-05-08T15:48:40-07:00,365,37.4297072770682,-122.1696772251528,23.5095145301893
2026-05-08T15:48:44-07:00,366,37.42968286416353,-122.1696881110758,21.7483434528112
2026-05-08T15:48:47-07:00,367,37.42967127093234,-122.1696921946302,23.1451031798497
2026-05-08T15:48:50-07:00,368,37.4296448043924,-122.169706217949,24.4039587210864
2026-05-08T15:48:53-07:00,369,37.42961015025313,-122.1697139266746,23.3545753890648
2026-05-08T15:48:56-07:00,370,37.42957883264219,-122.1697212831535,23.3687350191176
2026-05-08T15:49:00-07:00,371,37.42953671346924,-122.1697433762095,23.7537382543087
2026-05-08T15:49:03-07:00,372,37.42950446505834,-122.1697538157609,23.7692424673587
2026-05-08T15:49:06-07:00,373,37.42947179237454,-122.1697691993993,24.5437949029729
2026-05-08T15:49:09-07:00,374,37.42943819003353,-122.1697807677661,23.4349368475378
2026-05-08T15:49:12-07:00,375,37.42940860146371,-122.1697869111755,23.7507892390713
2026-05-08T15:49:16-07:00,376,37.42937943923864,-122.1698045072844,23.147694225423
2026-05-08T15:49:19-07:00,377,37.42934341377517,-122.1698049067494,25.2156076356769
2026-05-08T15:49:22-07:00,378,37.42931465504515,-122.1698186287875,26.6924072103575
2026-05-08T15:49:25-07:00,379,37.42928623840456,-122.1698248408141,27.253853530623
2026-05-08T15:49:29-07:00,380,37.42924356392322,-122.1698339630313,27.3512442167848
2026-05-08T15:49:32-07:00,381,37.42920081167344,-122.169852404332,28.0996267013252
2026-05-08T15:49:35-07:00,382,37.42916752317686,-122.169871694712,28.3277591671795
2026-05-08T15:49:38-07:00,383,37.429132515065,-122.1698906142071,28.0890696430579
2026-05-08T15:49:41-07:00,384,37.42910989348665,-122.1699246485451,27.671718862839
2026-05-08T15:49:45-07:00,385,37.42912001002809,-122.1699698697709,27.7789505831897
2026-05-08T15:49:48-07:00,386,37.42912074994467,-122.1700322115827,27.761263648048
2026-05-08T15:49:51-07:00,387,37.42912452715443,-122.1700716681558,27.109022195451
2026-05-08T15:49:54-07:00,388,37.42912383449119,-122.1701213541169,27.1533821560442
2026-05-08T15:49:57-07:00,389,37.42912944511336,-122.1701696239714,27.3153240196407
2026-05-08T15:50:01-07:00,390,37.42914234090128,-122.1702112660216,27.2378233689815
2026-05-08T15:50:04-07:00,391,37.42915255711668,-122.1702695795474,27.3734645899385
2026-05-08T15:50:07-07:00,392,37.42916464614655,-122.1703172936748,27.5750761153176
2026-05-08T15:50:10-07:00,393,37.42916985025501,-122.1703628720314,27.3194907531142
2026-05-08T15:50:13-07:00,394,37.42918005088391,-122.1704036920765,27.087615785189
2026-05-08T15:50:17-07:00,395,37.42918260146158,-122.1704483311099,27.0139383208007
2026-05-08T15:50:20-07:00,396,37.4291991126487,-122.1705130553828,26.3984471466392
2026-05-08T15:50:23-07:00,397,37.42920536932663,-122.1705557773921,26.6727024177089
2026-05-08T15:50:26-07:00,398,37.42921655871071,-122.1706012653387,25.5281249759719
2026-05-08T15:50:29-07:00,399,37.42923293471185,-122.1706397707066,25.5843019401655
2026-05-08T15:50:33-07:00,400,37.42923953228099,-122.17068255169,25.9896694598719
2026-05-08T15:50:36-07:00,401,37.42925341817416,-122.1707429529849,26.0514277750626
2026-05-08T15:50:39-07:00,402,37.42925660547013,-122.1707908300297,25.7273616129532
2026-05-08T15:50:42-07:00,403,37.42926670967913,-122.1708346570285,25.4863104876131
2026-05-08T15:50:45-07:00,404,37.42927480499515,-122.1708827293114,25.3965654522181
2026-05-08T15:50:49-07:00,405,37.42928778578872,-122.1709490618223,25.6142825353891
2026-05-08T15:50:52-07:00,406,37.42928157305779,-122.1709676392963,25.9186596078798
2026-05-08T15:50:55-07:00,407,37.4292882544927,-122.1709741380442,26.07397302147
2026-05-08T15:50:58-07:00,408,37.4292949730903,-122.1709953432418,26.0076207490638
2026-05-08T15:51:01-07:00,409,37.42930596209374,-122.1710450231101,26.4271890791133
2026-05-08T15:51:05-07:00,410,37.4293178077751,-122.17110031012,25.8430901039392
2026-05-08T15:51:08-07:00,411,37.42932240715484,-122.1711353602256,26.4534396091476
2026-05-08T15:51:11-07:00,412,37.42932744585124,-122.171178083816,26.2175152227283
2026-05-08T15:51:14-07:00,413,37.4293588459558,-122.1712108122751,26.3893685257062
2026-05-08T15:51:17-07:00,414,37.42938721422039,-122.171229953021,26.1621265495196
2026-05-08T15:51:21-07:00,415,37.42941414049088,-122.1712704389547,25.9542416976765
2026-05-08T15:51:24-07:00,416,37.42943283743173,-122.1713119975121,25.3853403218091
2026-05-08T15:51:27-07:00,417,37.42941329427726,-122.1713512280227,25.9319676291198
2026-05-08T15:51:30-07:00,418,37.42938767479079,-122.1713822740728,26.0922979628667
2026-05-08T15:51:33-07:00,419,37.42936266324011,-122.1714232911041,25.9975452553481
2026-05-08T15:51:37-07:00,420,37.42934513487711,-122.1714481421538,26.6255048271269
2026-05-08T15:51:40-07:00,421,37.42931767733626,-122.1714638033934,27.1967095714062
2026-05-08T15:51:43-07:00,422,37.42927837499911,-122.1714654039262,26.7796654775739
2026-05-08T15:51:46-07:00,423,37.42924737977318,-122.1714576453367,26.1173788160086
2026-05-08T15:51:49-07:00,424,37.42921107204318,-122.1714703989867,26.8452709652483
2026-05-08T15:51:53-07:00,425,37.42916624936198,-122.1714847975633,26.3834978388622
2026-05-08T15:51:56-07:00,426,37.42912496641557,-122.1714958917907,26.672545065172
2026-05-08T15:51:59-07:00,427,37.42909152996269,-122.1715104314932,26.4426234066486
2026-05-08T15:52:02-07:00,428,37.42905922208796,-122.1715149069564,26.5899371979758
2026-05-08T15:52:05-07:00,429,37.4290208932523,-122.1715261409154,26.8349121399224
2026-05-08T15:52:09-07:00,430,37.42899180468692,-122.1715252763387,27.908299847506
2026-05-08T15:52:12-07:00,431,37.42895511219943,-122.1715279454137,28.1678472692147
2026-05-08T15:52:15-07:00,432,37.42893639941924,-122.1715499236691,28.094392362982
2026-05-08T15:52:18-07:00,433,37.42892986651488,-122.1715771821768,27.8821792760864
2026-05-08T15:52:21-07:00,434,37.4289352996325,-122.1716123920979,27.7167702028528
2026-05-08T15:52:25-07:00,435,37.4289431210557,-122.171667384622,27.2098743794486
2026-05-08T15:52:28-07:00,436,37.42895098479617,-122.1717165991724,27.5494789350778
2026-05-08T15:52:31-07:00,437,37.42895735622482,-122.1717698007948,27.5922242393717
2026-05-08T15:52:34-07:00,438,37.42896376947596,-122.1718134122511,27.3820449076593
2026-05-08T15:52:37-07:00,439,37.42895426015669,-122.1718538893702,27.521544277668
2026-05-08T15:52:41-07:00,440,37.42894236336649,-122.1719144472913,28.0422053020448
2026-05-08T15:52:44-07:00,441,37.42895221965087,-122.1719478763368,27.9159871153533
2026-05-08T15:52:47-07:00,442,37.42895633637266,-122.1719807238601,28.0007186448202
2026-05-08T15:52:50-07:00,443,37.42896814968771,-122.1719892704971,27.8343719635159
2026-05-08T15:52:53-07:00,444,37.4289799051725,-122.1719981209917,27.7076754225418
2026-05-08T15:52:57-07:00,445,37.42899651841086,-122.1719965154149,27.6709058182314
2026-05-08T15:53:10-07:00,446,37.42903595676508,-122.1721712810704,28.2946899374947
2026-05-08T15:53:13-07:00,447,37.42901771190736,-122.172134751044,28.0580997718498
2026-05-08T15:53:16-07:00,448,37.42898852485678,-122.1721489968078,28.4876375645399
2026-05-08T15:53:19-07:00,449,37.42896523524995,-122.1721292679005,36.9509545108303
2026-05-08T15:53:33-07:00,450,37.42903384547882,-122.1722447569993,28.2392085697502
2026-05-08T15:53:46-07:00,451,37.42891436662186,-122.1722448862281,31.7051600714798
2026-05-11T17:17:46-07:00,1,37.42883791750155,-122.1723290012045,31.8309593069648
2026-05-11T17:17:59-07:00,2,37.42883793067128,-122.1722810757135,31.531171738582
2026-05-11T17:18:12-07:00,3,37.42883853328168,-122.1722264470336,31.531171738582
2026-05-11T17:18:25-07:00,4,37.42883590885807,-122.1721638129096,31.6452009384481
2026-05-11T17:18:36-07:00,5,37.4287144274198,-122.17219382327,28.6993064880371
2026-05-11T17:18:39-07:00,6,37.4287144274198,-122.17219382327,28.6993064880371
2026-05-11T17:18:48-07:00,7,37.42866672509704,-122.1721561432787,28.6520652770996
2026-05-11T17:18:51-07:00,8,37.42866672509704,-122.1721561432787,28.6520652770996
2026-05-11T17:18:54-07:00,9,37.4287030849369,-122.1721751322882,27.8291110992432
2026-05-11T17:18:57-07:00,10,37.4287025754152,-122.1721745421383,27.8291110992432
2026-05-11T17:19:05-07:00,11,37.42868609337282,-122.1720572471285,28.8887596130371
2026-05-11T17:19:08-07:00,12,37.42866869108507,-122.1720280884769,28.8521690368652
2026-05-11T17:19:11-07:00,13,37.4286452469445,-122.1719838083382,29.0132713317871
2026-05-11T17:19:14-07:00,14,37.4286224408551,-122.1719383348518,28.642635489814
2026-05-11T17:19:18-07:00,15,37.42859980376544,-122.1718832398729,28.8004723982885
2026-05-11T17:19:21-07:00,16,37.4285788861056,-122.1718467457046,27.7268334962428
2026-05-11T17:19:24-07:00,17,37.42855682312172,-122.1718215648339,27.5599633110687
2026-05-11T17:19:27-07:00,18,37.42853622724791,-122.1717870206815,27.5285913329572
2026-05-11T17:19:30-07:00,19,37.42851453323501,-122.1717553544069,26.9648095639423
2026-05-11T17:19:34-07:00,20,37.4284939448277,-122.1717571267117,23.5423304777371
2026-05-11T17:19:38-07:00,21,37.42846035674104,-122.1718270257414,27.7586326599121
2026-05-11T17:19:50-07:00,22,37.42826694626122,-122.1717352421229,26.9908103942871
2026-05-11T17:20:03-07:00,23,37.42814901288359,-122.1717510001009,29.700252532959
2026-05-11T17:20:06-07:00,24,37.42815161127358,-122.1717029717957,30.1719017028809
2026-05-11T17:20:09-07:00,25,37.42815161127358,-122.1717029717957,30.1719017028809
2026-05-11T17:20:22-07:00,26,37.42809117775171,-122.171442126969,29.7695274353027
2026-05-11T17:20:36-07:00,27,37.42809507533669,-122.1712840442752,23.977596282959
2026-05-11T17:20:49-07:00,28,37.42805014833569,-122.1712791827714,22.2966270446777
2026-05-11T17:20:58-07:00,29,37.42783645171433,-122.171291504169,25.5772972106934
2026-05-11T17:21:01-07:00,30,37.42783645171433,-122.171291504169,25.5772972106934
2026-05-11T17:21:04-07:00,31,37.42783645171433,-122.171291504169,25.5772972106934
2026-05-11T17:21:17-07:00,32,37.42762634726028,-122.1712992709942,24.8771324157715
2026-05-11T17:21:29-07:00,33,37.42752359717845,-122.1713366826271,23.9566307067871
2026-05-11T17:21:32-07:00,34,37.42751884171428,-122.171303143391,24.9161595582849
2026-05-11T17:21:35-07:00,35,37.42751884171428,-122.171303143391,24.9161595582849
2026-05-11T17:21:47-07:00,36,37.42748671680449,-122.1712921747213,26.514217376709
2026-05-11T17:21:50-07:00,37,37.42748671680449,-122.1712921747213,26.514217376709
2026-05-11T17:22:02-07:00,38,37.42743579674272,-122.1713229363059,25.6409568786621
2026-05-11T17:22:05-07:00,39,37.42743579674272,-122.1713229363059,25.6409568786621
2026-05-11T17:22:08-07:00,40,37.42746234877436,-122.1713185322788,24.4212354698869
2026-05-11T17:22:11-07:00,41,37.42746234877436,-122.1713185322788,24.4212354698869
2026-05-11T17:22:24-07:00,42,37.42745085328825,-122.1713141999723,28.9828608352956
2026-05-11T17:22:32-07:00,43,37.42741680358727,-122.1712915737172,29.164044696059
2026-05-11T17:22:45-07:00,44,37.42744374158589,-122.1713174064347,28.9049205835319
2026-05-11T17:22:58-07:00,45,37.42744194241435,-122.1713095613787,26.1220664978027
2026-05-11T17:23:05-07:00,46,37.42728629795209,-122.1711569085532,20.9707908630371
2026-05-11T17:23:08-07:00,47,37.42728629795209,-122.1711569085532,20.9707908630371
2026-05-11T17:23:21-07:00,48,37.42731119213126,-122.1709420464697,22.1090354919434
2026-05-11T17:23:34-07:00,49,37.42730315818586,-122.1709480923837,26.9961121877035
2026-05-11T17:23:47-07:00,50,37.4271493805832,-122.1709268528543,28.4334177151287
2026-05-11T17:24:01-07:00,51,37.42709344962429,-122.1709244694416,26.4298667907715
2026-05-11T17:24:14-07:00,52,37.42731086081247,-122.1707741389844,28.5442588049519
2026-05-11T17:24:26-07:00,53,37.4272122371279,-122.1706836753538,24.6284446716309
2026-05-11T17:24:29-07:00,54,37.4272122371279,-122.1706836753538,24.6284446716309
2026-05-11T17:24:32-07:00,55,37.4272185471147,-122.170639245326,28.5449588019001
2026-05-11T17:24:45-07:00,56,37.42754669642611,-122.1703685761342,28.5449588019001
2026-05-11T17:24:58-07:00,57,37.4272799832888,-122.1704704041677,25.6802024841309
2026-05-11T17:25:03-07:00,58,37.42721916347424,-122.1704873890435,28.0826334406128
2026-05-11T17:25:07-07:00,59,37.42721916347424,-122.1704873890435,28.0826334406128
2026-05-11T17:25:20-07:00,60,37.42724397377188,-122.170482195281,28.0825933862915
2026-05-11T17:25:29-07:00,61,37.42726092112073,-122.1704756366688,27.9954869307949
2026-05-11T17:25:32-07:00,62,37.42726092112073,-122.1704756366688,27.9954869307949
2026-05-11T17:25:45-07:00,63,37.42716797211703,-122.1704219457598,25.1134300231934
2026-05-11T17:25:59-07:00,64,37.42709345758856,-122.1704391036273,27.7507503074858
2026-05-11T17:26:12-07:00,65,37.42708894060203,-122.1703768845682,23.3890473660543
2026-05-11T17:26:16-07:00,66,37.4270664276134,-122.1703154692507,21.8387413024902
2026-05-11T17:26:19-07:00,67,37.42705828626885,-122.1702729002621,22.9129600524902
2026-05-11T17:26:22-07:00,68,37.42705777598574,-122.1702565284877,24.7405662536621
2026-05-11T17:26:25-07:00,69,37.42712416144974,-122.170179344688,23.4755956771476
2026-05-11T17:26:28-07:00,70,37.42712416144974,-122.170179344688,23.4755956771476
2026-05-11T17:26:36-07:00,71,37.42703605401853,-122.1700083969434,26.2572593688965
2026-05-11T17:26:39-07:00,72,37.42703605401853,-122.1700083969434,26.2572593688965
2026-05-11T17:26:45-07:00,73,37.42709824210901,-122.1699370167928,26.7624168395996
2026-05-11T17:26:48-07:00,74,37.42710706492931,-122.1699377876912,26.7624168395996
2026-05-11T17:26:51-07:00,75,37.42710706492931,-122.1699377876912,26.7624168395996
2026-05-11T17:27:01-07:00,76,37.4270546747945,-122.1697119542292,27.9898948669434
2026-05-11T17:27:11-07:00,77,37.42697223558782,-122.1694768221324,26.5640830993652
2026-05-11T17:27:14-07:00,78,37.42697757082966,-122.1694787108058,26.5640830993652
2026-05-11T17:27:17-07:00,79,37.42697757082966,-122.1694787108058,26.5640830993652
2026-05-11T17:27:25-07:00,80,37.42701087616144,-122.1694750619327,31.6489219665527
2026-05-11T17:27:28-07:00,81,37.42702382620184,-122.1695275326466,28.5397911071777
2026-05-11T17:27:31-07:00,82,37.42703057363389,-122.1695778240656,27.8114585876465
2026-05-11T17:27:34-07:00,83,37.42702881343423,-122.1696245950853,26.640926361084
2026-05-11T17:27:37-07:00,84,37.42703820116578,-122.1696657502299,27.1209678649902
2026-05-11T17:27:41-07:00,85,37.42705779335635,-122.1697209998557,27.3630639621988
2026-05-11T17:27:44-07:00,86,37.42706967749697,-122.1697639913014,27.278347180225
2026-05-11T17:27:47-07:00,87,37.42708541122102,-122.1698047592779,26.8467675885186
2026-05-11T17:27:50-07:00,88,37.42708532145198,-122.1698497583218,26.9067041231319
2026-05-11T17:27:53-07:00,89,37.42709179749777,-122.1698767405728,26.7835656963289
2026-05-11T17:27:57-07:00,90,37.42710109715689,-122.1699321921118,25.1340599060059
2026-05-11T17:28:00-07:00,91,37.4271036900215,-122.1699470972364,25.1570767837621
2026-05-11T17:28:12-07:00,92,37.42718115686343,-122.1701319522096,26.7038230895996
2026-05-11T17:28:15-07:00,93,37.42718962208638,-122.170154171149,26.6007380925956
2026-05-11T17:28:18-07:00,94,37.42719586352236,-122.1701570160918,27.8730526529686
2026-05-11T17:28:21-07:00,95,37.42720033303761,-122.1701831516145,27.6873789310088
2026-05-11T17:28:27-07:00,96,37.42721497550367,-122.1702891961878,23.8661155700684
2026-05-11T17:28:30-07:00,97,37.4271978764212,-122.1703335364556,24.4358787536621
2026-05-11T17:28:33-07:00,98,37.42719158999382,-122.1703754459714,24.055233001709
2026-05-11T17:28:36-07:00,99,37.42719858888297,-122.1704159305637,23.9698143005371
2026-05-11T17:28:39-07:00,100,37.42721081296245,-122.1704482687232,24.3822900298983
2026-05-11T17:28:43-07:00,101,37.42722135532379,-122.1705063003664,24.4201318649575
2026-05-11T17:28:46-07:00,102,37.42722842253083,-122.1705529782327,23.6907618828118
2026-05-11T17:28:49-07:00,103,37.42723454745546,-122.1705916028095,24.0425683502108
2026-05-11T17:28:52-07:00,104,37.42724026538254,-122.1706368867331,24.5018579112366
2026-05-11T17:28:55-07:00,105,37.42725123539047,-122.1706792556395,24.4189111348242
2026-05-11T17:28:59-07:00,106,37.42727546310058,-122.1707356414195,26.8017609473318
2026-05-11T17:29:02-07:00,107,37.42728223891098,-122.1707786766382,26.8698447169736
2026-05-11T17:29:05-07:00,108,37.4272934527182,-122.170825362219,26.4914966505021
2026-05-11T17:29:08-07:00,109,37.42730643099041,-122.1708719152398,25.8516760617495
2026-05-11T17:29:11-07:00,110,37.42732081276728,-122.1709156917063,26.2944845007732
2026-05-11T17:29:15-07:00,111,37.42732795245955,-122.1709691334276,26.5537465512753
2026-05-11T17:29:18-07:00,112,37.42733443319246,-122.1710195469319,26.9316699430346
2026-05-11T17:29:21-07:00,113,37.42734992922839,-122.1710521400812,26.9625163422897
2026-05-11T17:29:24-07:00,114,37.42735539426177,-122.1710929585641,27.112904895097
2026-05-11T17:29:27-07:00,115,37.42736281584204,-122.1711337009035,26.7690323414281
2026-05-11T17:29:31-07:00,116,37.4273727302578,-122.1711761455993,26.918401257135
2026-05-11T17:29:34-07:00,117,37.42738744158451,-122.1712113813115,26.8219291437417
2026-05-11T17:29:37-07:00,118,37.42740142348477,-122.1712554489793,26.3759076520801
2026-05-11T17:29:40-07:00,119,37.42740544521635,-122.1712994414914,26.4986656634137
2026-05-11T17:29:43-07:00,120,37.42741665835962,-122.1713422303313,26.4900158364326
2026-05-11T17:29:47-07:00,121,37.42742021282286,-122.1713151035368,26.4036323400214
2026-05-11T17:29:50-07:00,122,37.42744659745682,-122.1713166809453,26.49330320023
2026-05-11T17:29:53-07:00,123,37.42746576437752,-122.1712815051047,26.4234598949552
2026-05-11T17:29:56-07:00,124,37.42749183995971,-122.1712656764873,26.6412575887516
2026-05-11T17:30:00-07:00,125,37.42752446648582,-122.1712311999753,27.1231557279825
2026-05-11T17:30:03-07:00,126,37.42754885339735,-122.1711809317298,26.6576768504456
2026-05-11T17:30:06-07:00,127,37.42757518052681,-122.1711481569383,27.3038495471701
2026-05-11T17:30:09-07:00,128,37.4275978561021,-122.1711228622165,27.1986917983741
2026-05-11T17:30:12-07:00,129,37.42760814493455,-122.171086018976,26.7413693368435
2026-05-11T17:30:16-07:00,130,37.42760406200895,-122.1710383220252,26.711362968199
2026-05-11T17:30:19-07:00,131,37.4275824101178,-122.170990912203,26.595158373937
2026-05-11T17:30:22-07:00,132,37.42755568800746,-122.170957137556,26.7783185765147
2026-05-11T17:30:25-07:00,133,37.42753882595574,-122.1709239479866,27.2886554710567
2026-05-11T17:30:28-07:00,134,37.4275167049047,-122.1709005046757,27.3551608175039
2026-05-11T17:30:32-07:00,135,37.42748121303213,-122.1708509667962,27.0893739834428
2026-05-11T17:30:35-07:00,136,37.42745851950306,-122.170818074907,26.9096025452018
2026-05-11T17:30:38-07:00,137,37.42743555523566,-122.1707836962907,26.8767305016518
2026-05-11T17:30:41-07:00,138,37.42740827811781,-122.1707558200498,26.7814573924988
2026-05-11T17:30:44-07:00,139,37.42738884621211,-122.170714880674,26.6203165072948
2026-05-11T17:30:48-07:00,140,37.42735615956214,-122.1706726775649,27.0137246008962
2026-05-11T17:30:51-07:00,141,37.42733704148552,-122.1706403447475,26.5092068379745
2026-05-11T17:30:54-07:00,142,37.42731516768067,-122.1705964176754,26.6629865914583
2026-05-11T17:30:57-07:00,143,37.42730974211663,-122.1705564847934,26.6245148926973
2026-05-11T17:31:00-07:00,144,37.4273048532387,-122.1705250479015,26.7301845801994
2026-05-11T17:31:04-07:00,145,37.42731550550207,-122.1704613766262,26.637457405217
2026-05-11T17:31:07-07:00,146,37.4273179650611,-122.1704148022591,26.7229333920404
2026-05-11T17:31:10-07:00,147,37.42733161689782,-122.1703749659933,26.7821876285598
2026-05-11T17:31:13-07:00,148,37.42734429395436,-122.1703291941999,26.9657650878653
2026-05-11T17:31:16-07:00,149,37.42735901518473,-122.1702822825284,26.9868699349463
2026-05-11T17:31:20-07:00,150,37.42736283809031,-122.1702316465423,26.5668100360781
2026-05-11T17:31:23-07:00,151,37.42736893292997,-122.1701843829442,26.8660109210759
2026-05-11T17:31:26-07:00,152,37.42737952205709,-122.1701461343531,26.4979801252484
2026-05-11T17:31:29-07:00,153,37.42738329607545,-122.1700969007743,26.7730798963457
2026-05-11T17:31:33-07:00,154,37.42737879094296,-122.170051338097,26.5044715851545
2026-05-11T17:31:36-07:00,155,37.42736232678305,-122.1699990393411,26.4633781807497
2026-05-11T17:31:39-07:00,156,37.42733811574501,-122.1699666590535,26.7594790002331
2026-05-11T17:31:42-07:00,157,37.42731593265398,-122.1699304941304,26.6228011101484
2026-05-11T17:31:45-07:00,158,37.42729648402081,-122.1698933823136,26.5310473628342
2026-05-11T17:31:49-07:00,159,37.42726221147499,-122.1698572861954,27.0040340600535
2026-05-11T17:31:52-07:00,160,37.42722872713502,-122.169823742644,27.1488344948739
2026-05-11T17:31:55-07:00,161,37.42720510271744,-122.1697814915643,27.1145639074966
2026-05-11T17:31:58-07:00,162,37.42717901755202,-122.1697452958415,27.0218577710912
2026-05-11T17:32:01-07:00,163,37.42715236407487,-122.1697060592996,27.1739100562409
2026-05-11T17:32:05-07:00,164,37.42712558668512,-122.1696594110624,27.0202469024807
2026-05-11T17:32:08-07:00,165,37.42711168313221,-122.1696141842621,26.4560385700315
2026-05-11T17:32:11-07:00,166,37.42709699031426,-122.1695761416324,26.1889081895351
2026-05-11T17:32:14-07:00,167,37.42710219075899,-122.1695384769612,26.044211063534
2026-05-11T17:32:17-07:00,168,37.42710971875515,-122.1694870686012,26.4106332119554
2026-05-11T17:32:21-07:00,169,37.42712371230143,-122.1694307567299,26.2593685379252
2026-05-11T17:32:24-07:00,170,37.42714500011049,-122.1693947338725,26.4117892077193
2026-05-11T17:32:27-07:00,171,37.4271768851381,-122.1694069421593,26.1015165876597
2026-05-11T17:32:30-07:00,172,37.42721201613691,-122.1694342592734,26.0276462426409
2026-05-11T17:32:33-07:00,173,37.42723760273309,-122.169459088182,26.0294892899692
2026-05-11T17:32:37-07:00,174,37.42726893583506,-122.1695016983388,26.2729682708159
2026-05-11T17:32:40-07:00,175,37.4272911554,-122.1695329581589,26.1760798580945
2026-05-11T17:32:43-07:00,176,37.42730299691135,-122.1695811208332,26.4033986004069
2026-05-11T17:32:46-07:00,177,37.42730046702493,-122.1696254419133,26.1874845577404
2026-05-11T17:32:49-07:00,178,37.42728005016212,-122.169669543036,26.1532905995846
2026-05-11T17:32:53-07:00,179,37.4272635053999,-122.1697343433622,26.311467374675
2026-05-11T17:32:56-07:00,180,37.42725435002694,-122.1697782097594,25.9229840515181
2026-05-11T17:32:59-07:00,181,37.42724315220907,-122.1698163514924,25.8548749266192
2026-05-11T17:33:02-07:00,182,37.42723377124827,-122.169872879361,25.981436746195
2026-05-11T17:33:05-07:00,183,37.4272188429452,-122.1699215814932,26.5843671327457
2026-05-11T17:33:09-07:00,184,37.42721361535413,-122.1699737144241,26.7931668609381
2026-05-11T17:33:12-07:00,185,37.42721364833513,-122.1700169575508,26.5840872926638
2026-05-11T17:33:15-07:00,186,37.42719701006178,-122.170053594137,27.1807422181591
2026-05-11T17:33:18-07:00,187,37.42720038190141,-122.1700879931767,26.6737559949979
2026-05-11T17:33:22-07:00,188,37.4272242317268,-122.1701406117793,26.6421353528276
2026-05-11T17:33:25-07:00,189,37.42724223300019,-122.1701727100343,26.6916872253642
2026-05-11T17:33:28-07:00,190,37.42726641564444,-122.1702053088365,26.2242053393275
2026-05-11T17:33:31-07:00,191,37.42729087589615,-122.1702429784415,26.8298006663099
2026-05-11T17:33:34-07:00,192,37.42732504101932,-122.170279195311,26.0689744958654
2026-05-11T17:33:38-07:00,193,37.42735168004342,-122.1703198710657,26.5627535358071
2026-05-11T17:33:41-07:00,194,37.4273728126171,-122.1703576581798,26.4370726421475
2026-05-11T17:33:44-07:00,195,37.42739542422434,-122.1704016995154,26.5804638331756
2026-05-11T17:33:47-07:00,196,37.42741294364352,-122.1704307593344,26.6382506713271
2026-05-11T17:33:50-07:00,197,37.42740860127718,-122.1704229478901,26.3465977264568
2026-05-11T17:33:54-07:00,198,37.42741505357713,-122.1704282058756,26.3255726741627
2026-05-11T17:33:57-07:00,199,37.42744236497358,-122.1704599323996,25.6842663930729
2026-05-11T17:34:00-07:00,200,37.42746914823235,-122.1704844189502,26.0237686065957
2026-05-11T17:34:03-07:00,201,37.42748942183194,-122.1705182251926,25.7046335861087
2026-05-11T17:34:07-07:00,202,37.42749657854645,-122.1705681870326,25.6327098943293
2026-05-11T17:34:10-07:00,203,37.42749137777379,-122.1706240724338,26.9937396952882
2026-05-11T17:34:13-07:00,204,37.42748235121567,-122.1706655080071,26.8013269910589
2026-05-11T17:34:16-07:00,205,37.42747784778986,-122.170708507346,26.7786468816921
2026-05-11T17:34:19-07:00,206,37.42746992516211,-122.1707514294797,26.9028741270304
2026-05-11T17:34:23-07:00,207,37.42746253944599,-122.1708115368729,27.1065334109589
2026-05-11T17:34:26-07:00,208,37.42744953286224,-122.1708530358401,26.5445078210905
2026-05-11T17:34:29-07:00,209,37.42744231165757,-122.1708953539218,26.540197388269
2026-05-11T17:34:32-07:00,210,37.42743223092884,-122.1709395246981,27.0995999816805
2026-05-11T17:34:35-07:00,211,37.4274267761682,-122.1709841426366,26.8059158204123
2026-05-11T17:34:39-07:00,212,37.42741479664887,-122.1710398775248,27.2401982760057
2026-05-11T17:34:42-07:00,213,37.42741440040351,-122.1710797763497,26.791287641041
2026-05-11T17:34:45-07:00,214,37.42742623152682,-122.1711189110881,26.4320144122466
2026-05-11T17:34:48-07:00,215,37.42743929930273,-122.1711419282575,26.096892118454
2026-05-11T17:34:52-07:00,216,37.42747538209147,-122.1711784974611,26.3827630355954
2026-05-11T17:34:55-07:00,217,37.42751010221853,-122.1712009557815,26.4716158788651
2026-05-11T17:34:58-07:00,218,37.4275428816178,-122.1712021347353,26.7006770912558
2026-05-11T17:35:01-07:00,219,37.42757848747689,-122.1712002730241,26.4639534195885
2026-05-11T17:35:04-07:00,220,37.427603605983,-122.1711804503108,25.6907141320407
2026-05-11T17:35:08-07:00,221,37.42763427997219,-122.1711336871265,26.1580617781728
2026-05-11T17:35:11-07:00,222,37.42763471215996,-122.1710915029194,26.9399799061939
2026-05-11T17:35:14-07:00,223,37.42762974951259,-122.1710497870487,26.6063444968313
2026-05-11T17:35:17-07:00,224,37.42762390199882,-122.1710154337166,26.9111567446962
2026-05-11T17:35:20-07:00,225,37.42762010007222,-122.170964728429,26.5904084723443
2026-05-11T17:35:24-07:00,226,37.42760461721443,-122.1709132730149,26.800271300599
2026-05-11T17:35:27-07:00,227,37.42759703703747,-122.1708712572256,27.1007932499051
2026-05-11T17:35:30-07:00,228,37.42758947820509,-122.1708305386565,26.7877445183694
2026-05-11T17:35:33-07:00,229,37.42758088177747,-122.1707880706172,27.7004497926682
2026-05-11T17:35:37-07:00,230,37.42757058557311,-122.1707338580694,28.6342703141272
2026-05-11T17:35:40-07:00,231,37.4275588790045,-122.1706971480359,27.6844380795956
2026-05-11T17:35:43-07:00,232,37.42754899171815,-122.1706708953161,29.1885466147214
2026-05-11T17:35:46-07:00,233,37.42754312890614,-122.1706203923305,28.0181419420987
2026-05-11T17:35:49-07:00,234,37.42752839562503,-122.1705838565139,28.3421312849969
2026-05-11T17:35:53-07:00,235,37.42753183603448,-122.1705390528924,27.8999488018453
2026-05-11T17:35:56-07:00,236,37.42751646771247,-122.1705025986856,27.688831679523
2026-05-11T17:35:59-07:00,237,37.42752269067943,-122.1705082926717,28.350307058543
2026-05-11T17:36:02-07:00,238,37.42752022809789,-122.1704705406035,28.3446590257809
2026-05-11T17:36:06-07:00,239,37.42750297339851,-122.1704160432854,28.6680311206728
2026-05-11T17:36:09-07:00,240,37.4274956421709,-122.1703770088539,28.4540770789608
2026-05-11T17:36:12-07:00,241,37.42748942655836,-122.1703322218967,27.2385127572343
2026-05-11T17:36:15-07:00,242,37.42748205471349,-122.1702914893447,28.3645624583587
2026-05-11T17:36:18-07:00,243,37.42747661210579,-122.1702641875582,28.2418691394851
2026-05-11T17:36:22-07:00,244,37.42747271201986,-122.1702300783793,27.7511030295864
2026-05-11T17:36:25-07:00,245,37.42746696746025,-122.1702154293241,27.5945775927976
2026-05-11T17:36:28-07:00,246,37.42746692812402,-122.1702148079721,27.5177294714376
2026-05-11T17:36:31-07:00,247,37.42746692812402,-122.1702148079721,27.5177294714376
2026-05-11T17:36:34-07:00,248,37.42746161691726,-122.1702382119269,26.8022420844063
2026-05-11T17:36:38-07:00,249,37.42747249402533,-122.1702731425564,26.3997948374599
2026-05-11T17:36:41-07:00,250,37.4274839672257,-122.1703038727717,25.9687159592286
2026-05-11T17:36:44-07:00,251,37.42748693029518,-122.1703366102762,26.1968326661736
2026-05-11T17:36:47-07:00,252,37.42749923027738,-122.1703769918121,26.6631445977837
2026-05-11T17:36:51-07:00,253,37.42750990096462,-122.1704230582902,26.7668274454772
2026-05-11T17:36:54-07:00,254,37.42751685690606,-122.1704647708334,25.9362147655338
2026-05-11T17:36:57-07:00,255,37.42751944477344,-122.17050401633,26.1027582632378
2026-05-11T17:37:00-07:00,256,37.42752959680534,-122.1705540634259,26.5724343797192
2026-05-11T17:37:03-07:00,257,37.42754156184902,-122.1705949697773,26.602681341581
2026-05-11T17:37:07-07:00,258,37.42754906696234,-122.1706388856399,26.8686263114214
2026-05-11T17:37:10-07:00,259,37.42755881101699,-122.1706520311362,26.4796668104827
2026-05-11T17:37:13-07:00,260,37.42755678281602,-122.1706223252902,26.657027380541
2026-05-11T17:37:16-07:00,261,37.42754382155886,-122.1705851199467,26.7921078586951
2026-05-11T17:37:20-07:00,262,37.42753505212688,-122.1705475754108,26.4062274610624
2026-05-11T17:37:23-07:00,263,37.42752211576818,-122.170499564065,26.0354270106182
2026-05-11T17:37:26-07:00,264,37.42751205115268,-122.1704748768812,25.9682647874579
2026-05-11T17:37:29-07:00,265,37.42750018124174,-122.1704422903629,26.3730055652559
2026-05-11T17:37:32-07:00,266,37.42749919232714,-122.1703911757626,26.3190548112616
2026-05-11T17:37:36-07:00,267,37.42748971826842,-122.1703288629362,26.3742168592289
2026-05-11T17:37:39-07:00,268,37.42748238208757,-122.1702944035625,26.9031805852428
2026-05-11T17:37:42-07:00,269,37.42747510255256,-122.1702413239155,26.7431564480066
2026-05-11T17:37:45-07:00,270,37.42746665090917,-122.1702007447505,26.358838240616
2026-05-11T17:37:48-07:00,271,37.42746192374928,-122.1701685096273,26.4530682284385
2026-05-11T17:37:52-07:00,272,37.42745209166426,-122.1701135157013,26.5970106516033
2026-05-11T17:37:55-07:00,273,37.42744408489537,-122.1700822491824,26.6595874270424
2026-05-11T17:37:58-07:00,274,37.42743668346907,-122.1700436212325,26.7348034065217
2026-05-11T17:38:01-07:00,275,37.42742617228102,-122.1700032754523,26.401740513742
2026-05-11T17:38:05-07:00,276,37.42741467861936,-122.1699699170451,26.2990262936801
2026-05-11T17:38:08-07:00,277,37.42740578267894,-122.1699102563992,26.3092633979395
2026-05-11T17:38:11-07:00,278,37.42740542341264,-122.169880990394,25.6872887117788
2026-05-11T17:38:14-07:00,279,37.42739311417744,-122.1698406229137,26.23805618193
2026-05-11T17:38:17-07:00,280,37.42738225445634,-122.1697934924782,26.2215519836172
2026-05-11T17:38:21-07:00,281,37.42737266532176,-122.1697453783464,26.4754565916955
2026-05-11T17:38:24-07:00,282,37.42736526710078,-122.1697051469504,26.3510551061481
2026-05-11T17:38:27-07:00,283,37.42735234375311,-122.1696665812996,26.2427096599713
2026-05-11T17:38:30-07:00,284,37.42734622299363,-122.1696158430603,25.8969709044322
2026-05-11T17:38:33-07:00,285,37.42733482638255,-122.1695854175624,26.1095863506198
2026-05-11T17:38:37-07:00,286,37.4273299445265,-122.1695227322503,26.1412331191823
2026-05-11T17:38:40-07:00,287,37.42732686035081,-122.1694970212165,24.5418521696702
2026-05-11T17:38:43-07:00,288,37.42733167839297,-122.1694380567851,25.178434397094
2026-05-11T17:38:46-07:00,289,37.4273483565629,-122.1693992884033,25.5393089875579
2026-05-11T17:38:50-07:00,290,37.42735985290183,-122.1693508582592,25.7384127732366
2026-05-11T17:38:53-07:00,291,37.42737892370989,-122.1692954890748,25.9757312349975
2026-05-11T17:38:56-07:00,292,37.42737855719938,-122.1692791091555,26.5496606938541
2026-05-11T17:38:59-07:00,293,37.42739858579349,-122.1692793306153,26.0991974659264
2026-05-11T17:39:02-07:00,294,37.42743509285206,-122.1693036003825,26.1963120745495
2026-05-11T17:39:06-07:00,295,37.42747044197785,-122.1693307020847,26.2168205501512
2026-05-11T17:39:09-07:00,296,37.42749518055842,-122.169356910267,26.1147702038288
2026-05-11T17:39:12-07:00,297,37.42751949115372,-122.1693873795264,26.1207400653511
2026-05-11T17:39:15-07:00,298,37.42753400517376,-122.1694193209024,25.9635755661875
2026-05-11T17:39:19-07:00,299,37.4275439250976,-122.1694583342239,25.9593083756044
2026-05-11T17:39:22-07:00,300,37.42754626078589,-122.169514695662,26.2512215785682
2026-05-11T17:39:25-07:00,301,37.42753874766404,-122.1695557906326,26.0323852309957
2026-05-11T17:39:28-07:00,302,37.42752732470307,-122.1695925234235,26.5406070370227
2026-05-11T17:39:31-07:00,303,37.42751732347172,-122.1696403793189,26.4839773997664
2026-05-11T17:39:35-07:00,304,37.42750329910692,-122.1696981417876,26.4024069877341
2026-05-11T17:39:38-07:00,305,37.42749698434812,-122.1697439554322,26.8703450234607
2026-05-11T17:39:41-07:00,306,37.42749079801542,-122.1697875523675,26.8210354074836
2026-05-11T17:39:44-07:00,307,37.42749511084358,-122.1698304254134,26.1742270356044
2026-05-11T17:39:48-07:00,308,37.42749511084358,-122.1698304254134,26.1742270356044
2026-05-11T17:40:00-07:00,309,37.42749794855474,-122.1699934826439,27.3283042907715
2026-05-11T17:40:03-07:00,310,37.42749769709764,-122.1700284351801,26.3185081481934
2026-05-11T17:40:06-07:00,311,37.42750641427694,-122.1700539161658,26.0661277770996
2026-05-11T17:40:09-07:00,312,37.427518442308,-122.1700885334259,25.697322845459
2026-05-11T17:40:13-07:00,313,37.42754648679043,-122.1701233955704,25.8332787957042
2026-05-11T17:40:16-07:00,314,37.42756016490169,-122.1701261131627,26.1477929102257
2026-05-11T17:40:19-07:00,315,37.42756966578504,-122.1700912336897,25.3750572567806
2026-05-11T17:40:23-07:00,316,37.42756512950881,-122.1700886172449,25.1608543628827
2026-05-11T17:40:26-07:00,317,37.42756512950881,-122.1700886172449,25.1608543628827
2026-05-11T17:40:34-07:00,318,37.42751536875353,-122.1701008370984,26.923163103871
2026-05-11T17:40:37-07:00,319,37.4275541650955,-122.1701388617618,26.3009943170473
2026-05-11T17:40:40-07:00,320,37.42757587289032,-122.170164873913,25.9682518029585
2026-05-11T17:40:43-07:00,321,37.42760185793237,-122.1701945488482,25.2392576625571
2026-05-11T17:40:46-07:00,322,37.42762898300273,-122.1702335700073,24.899360130541
2026-05-11T17:40:50-07:00,323,37.42766544897478,-122.1702962111935,24.8159743705764
2026-05-11T17:40:53-07:00,324,37.42768248563171,-122.1703209297069,24.8197972252965
2026-05-11T17:40:56-07:00,325,37.42770755279945,-122.1703490186863,25.4175227172673
2026-05-11T17:40:59-07:00,326,37.42772553437075,-122.1703823502406,25.6630372516811
2026-05-11T17:41:02-07:00,327,37.42774522342317,-122.1704234962687,25.5474080704153
2026-05-11T17:41:06-07:00,328,37.42776804667073,-122.1704796768091,25.829035946168
2026-05-11T17:41:09-07:00,329,37.42776567796537,-122.1705229207788,26.1870546462014
2026-05-11T17:41:12-07:00,330,37.42774957548593,-122.1705735570275,27.4235773971304
2026-05-11T17:41:15-07:00,331,37.42774721528712,-122.1706175116931,27.1663288744166
2026-05-11T17:41:19-07:00,332,37.42773323662517,-122.1706577594859,27.1537088565528
2026-05-11T17:41:22-07:00,333,37.42772429233222,-122.1707146683495,26.7430370664224
2026-05-11T17:41:25-07:00,334,37.42771994890433,-122.1707591439797,26.6676071481779
2026-05-11T17:41:28-07:00,335,37.42770656726286,-122.1708077731369,27.2474536178634
2026-05-11T17:41:31-07:00,336,37.42769673777564,-122.1708447400913,26.8952406300232
2026-05-11T17:41:35-07:00,337,37.42769915058774,-122.1709013596552,25.5507972976193
2026-05-11T17:41:38-07:00,338,37.42769112842277,-122.1709482425546,26.3740423247218
2026-05-11T17:41:41-07:00,339,37.4276793858815,-122.1709883382148,26.6023031864315
2026-05-11T17:41:44-07:00,340,37.42768608646935,-122.1710282152723,26.1349482154474
2026-05-11T17:41:47-07:00,341,37.42770201097748,-122.1710628609605,25.548051581718
2026-05-11T17:41:51-07:00,342,37.42773602550412,-122.1710988181314,25.2588114598766
2026-05-11T17:41:54-07:00,343,37.42776447420214,-122.171120272319,25.8110847510397
2026-05-11T17:41:57-07:00,344,37.42779663180642,-122.1711029647295,26.2079532006755
2026-05-11T17:42:00-07:00,345,37.42782761229805,-122.171081467964,26.3881634678692
2026-05-11T17:42:03-07:00,346,37.42784416746884,-122.1710414476514,26.3551095454022
2026-05-11T17:42:07-07:00,347,37.42787157450179,-122.1709950416997,26.1398253049701
2026-05-11T17:42:10-07:00,348,37.4278629533196,-122.1709454047112,25.7322668824345
2026-05-11T17:42:13-07:00,349,37.42784532571379,-122.1709005246123,26.0946463914588
2026-05-11T17:42:16-07:00,350,37.42782311885085,-122.170874481882,24.9498376762494
2026-05-11T17:42:20-07:00,351,37.42779783589636,-122.1708233352162,25.8942692512646
2026-05-11T17:42:23-07:00,352,37.42776713430446,-122.1707953103655,25.9516532253474
2026-05-11T17:42:26-07:00,353,37.42774217941363,-122.1707612541884,25.4061805102974
2026-05-11T17:42:29-07:00,354,37.42772042880977,-122.1707225879545,25.7368268826976
2026-05-11T17:42:32-07:00,355,37.42769382799364,-122.1706940129183,25.8542662514374
2026-05-11T17:42:36-07:00,356,37.42766350732268,-122.1706493627707,26.8288280498236
2026-05-11T17:42:39-07:00,357,37.42764020732994,-122.1706252343551,26.2782087819651
2026-05-11T17:42:42-07:00,358,37.42761432778943,-122.170585849219,26.4163897000253
2026-05-11T17:42:45-07:00,359,37.42758898565699,-122.1705581835287,26.1633690688759
2026-05-11T17:42:48-07:00,360,37.42757149557836,-122.1705231496391,26.2721820380539
2026-05-11T17:42:52-07:00,361,37.42755036249191,-122.1704800823505,25.9969573644921
2026-05-11T17:42:55-07:00,362,37.42755760255388,-122.1704331809175,25.8484534807503
2026-05-11T17:42:58-07:00,363,37.42757634167466,-122.1704002366779,25.5537538854405
2026-05-11T17:43:01-07:00,364,37.42758710090629,-122.1703601288593,25.5782780637965
2026-05-11T17:43:04-07:00,365,37.42760184556654,-122.1703095160322,25.7299412488937
2026-05-11T17:43:08-07:00,366,37.42762073299234,-122.1702558201352,25.1935638329014
2026-05-11T17:43:11-07:00,367,37.42762877429305,-122.1702029981348,24.9580159150064
2026-05-11T17:43:14-07:00,368,37.42763751456077,-122.1701565380283,25.4005219815299
2026-05-11T17:43:17-07:00,369,37.42764499688714,-122.1701167407128,25.6068917578086
2026-05-11T17:43:21-07:00,370,37.42765320278975,-122.1700797134851,25.4796006195247
2026-05-11T17:43:24-07:00,371,37.42764981061318,-122.1700122292132,25.842903806828
2026-05-11T17:43:27-07:00,372,37.42764755948379,-122.169966308618,25.7368399454281
2026-05-11T17:43:30-07:00,373,37.42763577357112,-122.1699270696519,26.1002080505714
2026-05-11T17:43:33-07:00,374,37.42761813397364,-122.1698933077019,25.5821438310668
2026-05-11T17:43:37-07:00,375,37.42758172607881,-122.1698523242558,25.2857632692903
2026-05-11T17:43:40-07:00,376,37.42755803093088,-122.1698233532959,25.3731191242114
2026-05-11T17:43:43-07:00,377,37.42754016466193,-122.1697940361107,25.0013324413449
2026-05-11T17:43:46-07:00,378,37.42751550051138,-122.1697605945751,24.8180635645986
2026-05-11T17:43:49-07:00,379,37.42748875013968,-122.1697298548701,24.8064480666071
2026-05-11T17:43:53-07:00,380,37.42745702017024,-122.1696804966581,25.4428221601993
2026-05-11T17:43:56-07:00,381,37.4274298952562,-122.1696503239322,25.4745136126876
2026-05-11T17:43:59-07:00,382,37.42740996665268,-122.1696155517594,25.4751075748354
2026-05-11T17:44:02-07:00,383,37.42738171389035,-122.1695788384261,25.4879975002259
2026-05-11T17:44:06-07:00,384,37.42736706909546,-122.1695213635435,25.5467293281108
2026-05-11T17:44:09-07:00,385,37.42736669953472,-122.1694789072266,25.5218467209488
2026-05-11T17:44:12-07:00,386,37.42738547878328,-122.169434963514,25.7123017832637
2026-05-11T17:44:15-07:00,387,37.42740788226769,-122.1694017893045,24.9316994892433
2026-05-11T17:44:18-07:00,388,37.42743787575316,-122.1693753118021,25.7339040208608
2026-05-11T17:44:22-07:00,389,37.42747451880424,-122.1693379400916,25.986912837252
2026-05-11T17:44:25-07:00,390,37.42750868113782,-122.1693240853463,26.0542552145198
2026-05-11T17:44:28-07:00,391,37.42754199116496,-122.169324213276,26.2164086820558
2026-05-11T17:44:31-07:00,392,37.42757170750804,-122.1693485162799,26.1932706572115
2026-05-11T17:44:34-07:00,393,37.42757528007507,-122.1693893112842,26.0164815168828
2026-05-11T17:44:38-07:00,394,37.42758756271892,-122.1694453221933,26.136357751675
2026-05-11T17:44:41-07:00,395,37.42760440354148,-122.1694843156692,25.9753465205431
2026-05-11T17:44:44-07:00,396,37.42762135057028,-122.1695241747158,25.8117747185752
2026-05-11T17:44:47-07:00,397,37.4276346264333,-122.1695631570713,26.7059954386204
2026-05-11T17:44:51-07:00,398,37.42764830893421,-122.1696210769469,25.7113013081253
2026-05-11T17:44:54-07:00,399,37.42765849727287,-122.1696585748782,26.1572343120351
2026-05-11T17:44:57-07:00,400,37.42766671648138,-122.1696975082191,25.7516435291618
2026-05-11T17:45:00-07:00,401,37.42766609799199,-122.1697329620291,25.4028527820483
2026-05-11T17:45:03-07:00,402,37.4276774665061,-122.169768141042,25.1033336427063
2026-05-11T17:45:07-07:00,403,37.42768677404832,-122.1698292834135,25.5898241773248
2026-05-11T17:45:10-07:00,404,37.42769154182448,-122.16987512171,25.2761896140873
2026-05-11T17:45:13-07:00,405,37.42769805458894,-122.1699245442177,25.0359901469201
2026-05-11T17:45:16-07:00,406,37.42771669058651,-122.1699672903732,25.5220399368554
2026-05-11T17:45:19-07:00,407,37.42772720134468,-122.1700159751025,25.6935647502542
2026-05-11T17:45:23-07:00,408,37.42773553578035,-122.1700675232076,26.4251734018326
2026-05-11T17:45:26-07:00,409,37.4277520786601,-122.1701274102483,26.5382904736325
2026-05-11T17:45:29-07:00,410,37.4277634125887,-122.1701740116069,26.5159685220569
2026-05-11T17:45:32-07:00,411,37.42777081391761,-122.1702098726886,26.8039688300341
2026-05-11T17:45:36-07:00,412,37.42777863724931,-122.1702518174527,26.8272552760318
2026-05-11T17:45:39-07:00,413,37.42780054349002,-122.1703045848959,26.6374930609018
2026-05-11T17:45:42-07:00,414,37.42780207188476,-122.1703497801236,27.0633412525058
2026-05-11T17:45:45-07:00,415,37.42781469571698,-122.1703988135848,26.5952614489943
2026-05-11T17:45:48-07:00,416,37.42782224288927,-122.1704432103877,27.3514627255499
2026-05-11T17:45:52-07:00,417,37.42783392661472,-122.1705015766814,27.4315650658682
2026-05-11T17:45:55-07:00,418,37.4278441275243,-122.1705408340581,27.7663744101301
2026-05-11T17:45:58-07:00,419,37.42786062308857,-122.170590851957,27.8457165779546
2026-05-11T17:46:01-07:00,420,37.42787034163311,-122.1706314849335,27.4267919873819
2026-05-11T17:46:04-07:00,421,37.42788106844897,-122.1706784182167,27.1886572688818
2026-05-11T17:46:08-07:00,422,37.42789270138061,-122.1707344074496,26.7525717709214
2026-05-11T17:46:11-07:00,423,37.42789877942455,-122.1707762516202,26.5797755345702
2026-05-11T17:46:14-07:00,424,37.42790797809126,-122.1708152918153,26.9069377323613
2026-05-11T17:46:17-07:00,425,37.42791448125427,-122.1708607748106,26.6364354006946
2026-05-11T17:46:21-07:00,426,37.42791862271461,-122.1709012409155,27.1329735247418
2026-05-11T17:46:24-07:00,427,37.42792274997763,-122.1709648066502,27.2210877137259
2026-05-11T17:46:27-07:00,428,37.42793653295715,-122.1710096259194,27.3328343536705
2026-05-11T17:46:30-07:00,429,37.42795214760613,-122.1710514974223,27.54457273148
2026-05-11T17:46:33-07:00,430,37.42796517573692,-122.1710924008263,27.6953512681648
2026-05-11T17:46:37-07:00,431,37.42798273090749,-122.171149446619,27.4412809805945
2026-05-11T17:46:40-07:00,432,37.42799726674026,-122.1711738483974,27.6608712552115
2026-05-11T17:46:43-07:00,433,37.42802058636593,-122.1711793918746,27.6672094259411
2026-05-11T17:46:46-07:00,434,37.42803544558544,-122.1711932444336,27.4864934915677
2026-05-11T17:46:49-07:00,435,37.4280293623702,-122.171190499582,27.3417569072917
2026-05-11T17:46:53-07:00,436,37.42800011735933,-122.1711333100275,27.3468176508322
2026-05-11T17:46:56-07:00,437,37.42796170441901,-122.1710617795221,27.3903559325263
2026-05-11T17:46:59-07:00,438,37.42799252631244,-122.1709776136831,27.1294570285827
2026-05-11T17:47:02-07:00,439,37.4279940720702,-122.1709273958317,27.1035908693448
2026-05-11T17:47:06-07:00,440,37.42797780788987,-122.1708702020298,26.8522280799225
2026-05-11T17:47:09-07:00,441,37.4279659349254,-122.1708488789155,26.8796917395666
2026-05-11T17:47:12-07:00,442,37.42795540460386,-122.1708069286456,26.5555606056005
2026-05-11T17:47:15-07:00,443,37.42794028159561,-122.170772885696,26.6545267999172
2026-05-11T17:47:18-07:00,444,37.42794046197437,-122.1707321162524,26.5392804229632
2026-05-11T17:47:22-07:00,445,37.42794007954151,-122.1707102234316,26.6792812151834
2026-05-11T17:47:25-07:00,446,37.42794007954151,-122.1707102234316,26.6792812151834
2026-05-11T17:47:28-07:00,447,37.42793824341254,-122.1707089040456,26.6792812151834
2026-05-11T17:47:31-07:00,448,37.42793708284935,-122.1707097140644,26.6792812151834
2026-05-11T17:47:45-07:00,449,37.42789659421892,-122.170734998279,26.8202370982617
2026-05-11T17:47:58-07:00,450,37.42790248930862,-122.1707228407932,26.7431478444487
2026-05-11T17:48:11-07:00,451,37.42789679768945,-122.1707272423301,26.9419724838808
2026-05-11T17:48:24-07:00,452,37.42791604704322,-122.1707272035754,26.5493752919137
2026-05-11T17:48:28-07:00,453,37.42790455515515,-122.1707208456086,26.8053189115599
2026-05-11T17:48:41-07:00,454,37.42788018600255,-122.1707721678971,26.8088471675292
2026-05-11T17:48:54-07:00,455,37.42788018600255,-122.1707721678971,26.8088471675292
2026-05-11T17:49:07-07:00,456,37.42788018600255,-122.1707721678971,26.8088471675292
2026-05-11T17:49:12-07:00,457,37.42796852454381,-122.1706899787963,26.6912335436791
2026-05-11T17:49:23-07:00,458,37.42791400600427,-122.1708355450741,26.5924068205059
2026-05-11T17:49:26-07:00,459,37.42793899066218,-122.1708496415126,26.6256904937327
2026-05-11T17:49:29-07:00,460,37.42796673342919,-122.1708919453178,26.5949000893161
2026-05-11T17:49:32-07:00,461,37.4279933341216,-122.1709194796931,26.4455214254558
2026-05-11T17:49:35-07:00,462,37.42799316518859,-122.1709636406464,26.4574886625633
2026-05-11T17:49:39-07:00,463,37.42800131933423,-122.1710077458898,26.7302681328729
2026-05-11T17:49:42-07:00,464,37.42801660028311,-122.1710112617468,26.6893042493612
2026-05-11T17:49:46-07:00,465,37.42807421930932,-122.1710853511549,26.8013670789078
2026-05-11T17:49:49-07:00,466,37.42807978374481,-122.1710788115579,27.0366947986186
2026-05-11T17:49:54-07:00,467,37.42797594907302,-122.1711581726409,27.0833315467462
2026-05-11T17:49:57-07:00,468,37.42796294897391,-122.1710953786682,26.8861095895991
2026-05-11T17:50:00-07:00,469,37.42796963611475,-122.1710629891218,27.3286212366074
2026-05-11T17:50:03-07:00,470,37.42796197764194,-122.1710188882251,27.0300123123452
2026-05-11T17:50:06-07:00,471,37.42794825599352,-122.1709879848031,26.9121310468763
2026-05-11T17:50:10-07:00,472,37.42793776728618,-122.1709511061839,27.026054803282
2026-05-11T17:50:13-07:00,473,37.42792488664852,-122.1709097982753,27.1665362073109
2026-05-11T17:50:16-07:00,474,37.42791673905624,-122.170861799172,26.6576665975153
2026-05-11T17:50:19-07:00,475,37.42790233207549,-122.1708164769412,25.9101706612855
2026-05-11T17:50:23-07:00,476,37.42789242865648,-122.1707746560688,26.4244112875313
2026-05-11T17:50:26-07:00,477,37.42787671143174,-122.1707121119754,26.2539286920801
2026-05-11T17:50:29-07:00,478,37.42787095010632,-122.17066887716,26.6442959792912
2026-05-11T17:50:32-07:00,479,37.4278609317871,-122.1706357073856,26.7052269326523
2026-05-11T17:50:35-07:00,480,37.42786279951681,-122.1705925822528,26.2885065367445
2026-05-11T17:50:39-07:00,481,37.4278486767184,-122.1705326939036,26.5806279750541
2026-05-11T17:50:42-07:00,482,37.42784137199573,-122.1704918383002,26.8369134636596
2026-05-11T17:50:45-07:00,483,37.42783388519447,-122.1704513214799,26.6457038763911
2026-05-11T17:50:48-07:00,484,37.42781616157158,-122.1704161663157,27.4119182350114
2026-05-11T17:50:51-07:00,485,37.42780859136892,-122.1703705462359,27.1412495793775
2026-05-11T17:50:55-07:00,486,37.4277836327576,-122.1703119236333,27.1362844100222
2026-05-11T17:50:58-07:00,487,37.42778050743787,-122.1702747287397,26.7070054737851
2026-05-11T17:51:01-07:00,488,37.42776907241196,-122.1702332358954,26.6642041373998
2026-05-11T17:51:04-07:00,489,37.42776133416983,-122.1701921140366,26.7893363200128
2026-05-11T17:51:08-07:00,490,37.42775753309448,-122.1701521231568,26.237732110545
2026-05-11T17:51:11-07:00,491,37.4277397223475,-122.1700942134069,26.1042249696329
2026-05-11T17:51:14-07:00,492,37.42773310342499,-122.1700584187145,26.1050637094304
2026-05-11T17:51:17-07:00,493,37.42772823259389,-122.1700135042293,26.2830556193367
2026-05-11T17:51:20-07:00,494,37.42771823151705,-122.1699750169748,26.0928250346333
2026-05-11T17:51:24-07:00,495,37.42771014074945,-122.1699208570059,25.9665075363591
2026-05-11T17:51:27-07:00,496,37.42770244650946,-122.1698756314341,26.1204109657556
2026-05-11T17:51:30-07:00,497,37.42769611163344,-122.1698360243993,25.8903045710176
2026-05-11T17:51:33-07:00,498,37.42768220717298,-122.1697919031833,25.9946877555922
2026-05-11T17:51:36-07:00,499,37.42766847758474,-122.1697520791958,26.2146204961464
2026-05-11T17:51:40-07:00,500,37.42765493348044,-122.1696956816314,26.083226185292
2026-05-11T17:51:43-07:00,501,37.42764553778893,-122.1696532173785,26.1092331102118
2026-05-11T17:51:46-07:00,502,37.42763673960425,-122.1696141334523,25.7627319712192
2026-05-11T17:51:49-07:00,503,37.42763295774765,-122.1695763066532,26.1386866094545
2026-05-11T17:51:53-07:00,504,37.42762060041193,-122.1695195348364,26.2914616568014
2026-05-11T17:51:56-07:00,505,37.42761031302133,-122.16947936627,26.4635748164728
2026-05-11T17:51:59-07:00,506,37.42759390354255,-122.1694393190165,26.4785947315395
2026-05-11T17:52:02-07:00,507,37.42756893591211,-122.1694122497487,25.7033321801573
2026-05-11T17:52:05-07:00,508,37.42753533932957,-122.1693949473976,25.9264175053686
2026-05-11T17:52:09-07:00,509,37.42748639906537,-122.1693815366586,26.6897307159379
2026-05-11T17:52:12-07:00,510,37.42744602132962,-122.1693758096888,26.9451144346967
2026-05-11T17:52:15-07:00,511,37.42741076392311,-122.1693886372312,26.5086824875325
2026-05-11T17:52:18-07:00,512,37.42739029470911,-122.1694287119848,26.2743291780353
2026-05-11T17:52:21-07:00,513,37.42737460443816,-122.16945700019,26.539775528945
2026-05-11T17:52:25-07:00,514,37.42737632453562,-122.1695204135391,26.5672212028876
2026-05-11T17:52:28-07:00,515,37.42739030525195,-122.1695597974468,26.6383363772184
2026-05-11T17:52:31-07:00,516,37.42741211289267,-122.1695926617106,26.1729629244655
2026-05-11T17:52:34-07:00,517,37.42744145554966,-122.1696302447545,26.0836052913219
2026-05-11T17:52:38-07:00,518,37.42747767207699,-122.1696737588768,25.8924121139571
2026-05-11T17:52:41-07:00,519,37.42750626002881,-122.1697081001369,25.7708839029074
2026-05-11T17:52:44-07:00,520,37.42753275279341,-122.1697459738394,25.6512498604134
2026-05-11T17:52:47-07:00,521,37.42756299221838,-122.1697858328617,25.5233536809683
2026-05-11T17:52:50-07:00,522,37.42758649190418,-122.1698247855759,25.5325708342716
2026-05-11T17:52:54-07:00,523,37.42761914410267,-122.1698659893706,25.9145689196885
2026-05-11T17:52:57-07:00,524,37.42763266235059,-122.1699104785084,26.1916708555073
2026-05-11T17:53:00-07:00,525,37.42764981816959,-122.1699510323762,26.0516466302797
2026-05-11T17:53:03-07:00,526,37.42764987193107,-122.1699990573612,25.8139619957656
2026-05-11T17:53:06-07:00,527,37.42764014859935,-122.1700481348023,26.2523752450943
2026-05-11T17:53:10-07:00,528,37.42762390718411,-122.170114117995,26.4961008308455
2026-05-11T17:53:13-07:00,529,37.42761472229666,-122.1701554753064,27.2118820408359
2026-05-11T17:53:16-07:00,530,37.42759542771601,-122.1701938908407,26.9044621149078
2026-05-11T17:53:19-07:00,531,37.42758966773054,-122.1702369476464,26.9023416033015
2026-05-11T17:53:23-07:00,532,37.42757245091921,-122.1702911353131,26.0951977092773
2026-05-11T17:53:26-07:00,533,37.42757209751679,-122.1703485795278,26.1902702571824
2026-05-11T17:53:29-07:00,534,37.42753681527083,-122.170387701604,26.1409370992333
2026-05-11T17:53:32-07:00,535,37.42752895334399,-122.170436812636,26.1635789051652
2026-05-11T17:53:35-07:00,536,37.42753359173143,-122.1704819283877,26.4018898122013
2026-05-11T17:53:39-07:00,537,37.4275593459304,-122.170527095724,25.9497739113867
2026-05-11T17:53:42-07:00,538,37.42758382935277,-122.1705457073965,26.3149811048061
2026-05-11T17:53:45-07:00,539,37.42760953917739,-122.1705767650823,26.548031183891
2026-05-11T17:53:48-07:00,540,37.42763247122129,-122.1706072009641,27.0942816473544
2026-05-11T17:53:52-07:00,541,37.42765878416272,-122.1706464548164,26.7110234890133
2026-05-11T17:53:55-07:00,542,37.42768398317042,-122.1706991296982,26.3202740801498
2026-05-11T17:53:58-07:00,543,37.42771072353512,-122.1707313274791,26.3380084522068
2026-05-11T17:54:01-07:00,544,37.42773963253993,-122.1707603654737,26.6054352838546
2026-05-11T17:54:04-07:00,545,37.42776484314278,-122.1707939100866,26.2647193018347
2026-05-11T17:54:08-07:00,546,37.42780457288618,-122.1708301557723,25.947973032482
2026-05-11T17:54:11-07:00,547,37.42784037507226,-122.170852021679,26.5381534118205
2026-05-11T17:54:14-07:00,548,37.42787280109552,-122.1708760645421,26.5682640522718
2026-05-11T17:54:17-07:00,549,37.42790559022855,-122.1708989634345,26.7952892743051
2026-05-11T17:54:21-07:00,550,37.42794047226101,-122.1709086286172,27.0587257519364
2026-05-11T17:54:24-07:00,551,37.42796822746867,-122.1709001526386,26.8605243265629
2026-05-11T17:54:27-07:00,552,37.42795888300498,-122.1708594463011,26.6866013258696
2026-05-11T17:54:30-07:00,553,37.42795577107331,-122.1708161618942,26.5715225767344
2026-05-11T17:54:33-07:00,554,37.4279277314368,-122.1707859702533,26.1895600808784
2026-05-11T17:54:37-07:00,555,37.42793857098702,-122.1707375374069,26.1169753400609
2026-05-11T17:54:40-07:00,556,37.42792988286232,-122.1706937105694,26.2184168193489
2026-05-11T17:54:43-07:00,557,37.42792297513195,-122.1706497988362,25.9646632140502
2026-05-11T17:54:46-07:00,558,37.42788858139011,-122.1706111996104,25.936603853479
2026-05-11T17:54:49-07:00,559,37.42786210576394,-122.1705744774644,26.0209179027006
2026-05-11T17:54:53-07:00,560,37.42784991828898,-122.1705164839354,26.0296279070899
2026-05-11T17:54:56-07:00,561,37.42783078241894,-122.1704747740174,26.0341405170038
2026-05-11T17:54:59-07:00,562,37.42786836415637,-122.1704114318366,25.9032831564546
2026-05-11T17:55:02-07:00,563,37.42787517144178,-122.1703583553164,26.089187595062
2026-05-11T17:55:06-07:00,564,37.42787667195497,-122.1703485174198,26.0302893565968
2026-05-11T17:55:09-07:00,565,37.42785242857936,-122.1702596711204,26.1163913393393
2026-05-11T17:55:12-07:00,566,37.42784337040271,-122.1702206177749,25.6747963409871
2026-05-11T17:55:15-07:00,567,37.42781626315131,-122.170149961109,26.0985768903047
2026-05-11T17:55:18-07:00,568,37.42781015912173,-122.1701321009065,25.8545681787655
2026-05-11T17:55:22-07:00,569,37.42780482517423,-122.1700902006977,25.7978347092867
2026-05-11T17:55:25-07:00,570,37.42780191881567,-122.1700439182688,25.7997082863003
2026-05-11T17:55:28-07:00,571,37.42778567207536,-122.1700041594723,25.858162984252
2026-05-11T17:55:31-07:00,572,37.42778289039838,-122.1700002826696,25.9246396357194
2026-05-11T17:55:34-07:00,573,37.42778289039838,-122.1700002826696,25.9246396357194
2026-05-11T17:55:48-07:00,574,37.4277716608997,-122.169978266699,25.9812987735495
2026-05-11T17:56:01-07:00,575,37.4277631229852,-122.1698951796116,25.9387264018878
2026-05-11T17:56:14-07:00,576,37.42775807685674,-122.1698053687708,25.2812696807086
2026-05-11T17:56:27-07:00,577,37.42770859471255,-122.1696141915458,25.766364174895
2026-05-11T17:56:39-07:00,578,37.42768963946863,-122.1694307388435,25.3166170148179
2026-05-11T17:56:42-07:00,579,37.42768055575971,-122.1694109677647,25.5241029877216
2026-05-11T17:56:45-07:00,580,37.42767855036569,-122.1693871064848,25.5230786232278
2026-05-11T17:56:52-07:00,581,37.42763045170894,-122.1692490426877,25.556241415441
2026-05-11T17:56:55-07:00,582,37.42762203640699,-122.1692363414901,25.7451931154355
2026-05-11T17:56:58-07:00,583,37.4276257329514,-122.1691688618525,25.667568128556
2026-05-11T17:57:01-07:00,584,37.4276540020911,-122.1691337183348,25.5335988234729
2026-05-11T17:57:04-07:00,585,37.42765694533055,-122.1690807401908,25.7409148439765
2026-05-11T17:57:08-07:00,586,37.42764236278165,-122.169022391964,27.1935824519023
2026-05-11T17:57:11-07:00,587,37.42768330123512,-122.1689638495688,25.7209312366322
2026-05-11T17:57:14-07:00,588,37.42771839509469,-122.1689381738039,26.6415461245924
2026-05-11T17:57:17-07:00,589,37.42775928399539,-122.1689284081405,26.2053483957425
2026-05-11T17:57:21-07:00,590,37.42781016309738,-122.1689280873836,25.5612263008952
2026-05-11T17:57:24-07:00,591,37.4278372670468,-122.1689537500412,25.5061951270327
2026-05-11T17:57:27-07:00,592,37.42786579805691,-122.1689824606597,25.3093279059976
2026-05-11T17:57:30-07:00,593,37.4278685033869,-122.1690325694782,25.668769352138
2026-05-11T17:57:33-07:00,594,37.42787509619546,-122.1690793309669,26.0255166543648
2026-05-11T17:57:37-07:00,595,37.42787878090558,-122.1691430950395,25.0566847231239
2026-05-11T17:57:40-07:00,596,37.42790150510446,-122.1691857865243,26.7888217419386
2026-05-11T17:57:43-07:00,597,37.42790734613719,-122.169218883149,26.4184730332345
2026-05-11T17:57:46-07:00,598,37.42791526964293,-122.1692673410572,26.3906798483804
2026-05-11T17:57:49-07:00,599,37.42793209634139,-122.1693159565444,26.2785312021151
2026-05-11T17:57:53-07:00,600,37.42796729997254,-122.1693432494405,27.1607602527365
2026-05-11T17:57:56-07:00,601,37.42800369995597,-122.1693450737534,26.6020408663899
2026-05-11T17:57:59-07:00,602,37.42803694643401,-122.1693575639563,26.1189494710416
2026-05-11T17:58:02-07:00,603,37.42805572469913,-122.1693881010619,26.3923258101568
2026-05-11T17:58:06-07:00,604,37.42806449326628,-122.1694465892878,26.8826591316611
2026-05-11T17:58:09-07:00,605,37.42807782506291,-122.1694934080647,27.142287380062
2026-05-11T17:58:12-07:00,606,37.42807787932779,-122.1695491426207,26.6587297888473
2026-05-11T17:58:15-07:00,607,37.42804319713873,-122.1695634744372,26.3897348158062
2026-05-11T17:58:18-07:00,608,37.42800526446455,-122.1695571187781,27.2629102924839
2026-05-11T17:58:22-07:00,609,37.42797572628557,-122.1696113628726,28.1800910178572
2026-05-11T17:58:25-07:00,610,37.42797423291341,-122.1696514016896,28.2871781866997
2026-05-11T17:58:28-07:00,611,37.42797486868665,-122.1696982396368,26.8848502123728
2026-05-11T17:58:31-07:00,612,37.42799633600866,-122.1697434813773,27.4545187884942
2026-05-11T17:58:35-07:00,613,37.42801210195793,-122.1697948192635,27.593323729001
2026-05-11T17:58:38-07:00,614,37.42803275852397,-122.1698227893425,26.5910901613534
2026-05-11T17:58:41-07:00,615,37.42805519037567,-122.1698282920947,26.4627958182246
2026-05-11T17:58:44-07:00,616,37.42808369582852,-122.1698223032168,26.0391640588641
2026-05-11T17:58:47-07:00,617,37.42811255572644,-122.1698247775401,26.107379916124
2026-05-11T17:58:51-07:00,618,37.42814297176467,-122.1698746899793,25.980486205779
2026-05-11T17:58:54-07:00,619,37.42815224589752,-122.1699124821007,25.8075905917212
2026-05-11T17:58:57-07:00,620,37.42816376580792,-122.1699537799166,26.8746853545308
2026-05-11T17:59:00-07:00,621,37.4281783391548,-122.1699914937818,26.7050107261166
2026-05-11T17:59:04-07:00,622,37.42818997332899,-122.1700524879196,26.9778743889183
2026-05-11T17:59:07-07:00,623,37.42820098253905,-122.1700904625529,25.9930988959968
2026-05-11T17:59:10-07:00,624,37.42821406480964,-122.1701344275056,26.477063447237
2026-05-11T17:59:13-07:00,625,37.42822221947471,-122.1701802604916,26.0015503484756
2026-05-11T17:59:16-07:00,626,37.42823212918528,-122.1702144681444,24.9520535878837
2026-05-11T17:59:20-07:00,627,37.42824711891326,-122.1702710791752,26.1454888442531
2026-05-11T17:59:23-07:00,628,37.42824590588811,-122.1702621699045,26.0762287899852
2026-05-11T17:59:26-07:00,629,37.42824590588811,-122.1702621699045,26.0762287899852
2026-05-11T17:59:29-07:00,630,37.42824590588811,-122.1702621699045,26.0762287899852
2026-05-11T17:59:32-07:00,631,37.42823842786714,-122.1703229110508,26.5787287410349
2026-05-11T17:59:36-07:00,632,37.42823341121631,-122.1703666553272,26.6474624406546
2026-05-11T17:59:39-07:00,633,37.42823397011341,-122.1704139302104,27.0920788915828
2026-05-11T17:59:42-07:00,634,37.42824006975906,-122.1704692460061,26.9385112915188
2026-05-11T17:59:45-07:00,635,37.42825194232585,-122.1704975348487,27.2004717290401
2026-05-11T17:59:49-07:00,636,37.42821659792035,-122.1705228247498,27.1075777439401
2026-05-11T17:59:52-07:00,637,37.42820652009967,-122.1705447609966,27.0468165427446
2026-05-11T17:59:55-07:00,638,37.42820683365601,-122.1705809853211,26.9770805444568
2026-05-11T17:59:58-07:00,639,37.42820467135584,-122.1706025257244,27.5133176427335
2026-05-11T18:00:01-07:00,640,37.42823230806154,-122.1706518251505,27.0671167140827
2026-05-11T18:00:05-07:00,641,37.4282427934021,-122.1707001202389,27.091546847485
2026-05-11T18:00:08-07:00,642,37.42825160810839,-122.1707373831016,26.2949562808499
2026-05-11T18:00:11-07:00,643,37.42825856580796,-122.1707831817737,26.1906648650765
2026-05-11T18:00:14-07:00,644,37.42826608792753,-122.1708162648699,26.8890039920807
2026-05-11T18:00:18-07:00,645,37.42827498015315,-122.1708647895805,26.6420436212793
2026-05-11T18:00:21-07:00,646,37.42829347967287,-122.1709181263838,25.855301965028
2026-05-11T18:00:24-07:00,647,37.42829748404343,-122.1709655426377,26.8432587143034
2026-05-11T18:00:27-07:00,648,37.42830827657251,-122.1710095891915,26.2738910177723
2026-05-11T18:00:30-07:00,649,37.42832943606798,-122.1710517540075,26.1110222525895
2026-05-11T18:00:34-07:00,650,37.42833949254154,-122.1711075759371,26.7329296888784
2026-05-11T18:00:37-07:00,651,37.42834469618846,-122.1711556701503,27.0345550850034
2026-05-11T18:00:40-07:00,652,37.42834024490089,-122.1712070515113,27.3946131365374
2026-05-11T18:00:43-07:00,653,37.42832627603603,-122.1712454345819,27.5172850573435
2026-05-11T18:00:46-07:00,654,37.42830292032621,-122.1712845813948,27.4388405578211
2026-05-11T18:00:50-07:00,655,37.42826835047722,-122.1713414511941,27.8740138448775
2026-05-11T18:00:53-07:00,656,37.42826508355525,-122.1713766790151,27.5723153306171
2026-05-11T18:00:56-07:00,657,37.42826695639226,-122.171425000403,27.4768702536821
2026-05-11T18:00:59-07:00,658,37.42826015179067,-122.1714690972238,27.2346696257591
2026-05-11T18:01:03-07:00,659,37.42824449226976,-122.1715219421538,28.0110530760139
2026-05-11T18:01:06-07:00,660,37.42822823716579,-122.1715567887825,28.5354006811976
2026-05-11T18:01:09-07:00,661,37.42820712866206,-122.1715951280943,28.7518832143396
2026-05-11T18:01:12-07:00,662,37.42820982481251,-122.1716106488806,28.2531352145597
2026-05-11T18:01:15-07:00,663,37.42819352420159,-122.1716693702642,28.3608642155305
2026-05-11T18:01:19-07:00,664,37.42819652099921,-122.1717278753803,28.4189775558189
2026-05-11T18:01:22-07:00,665,37.42819265395516,-122.1717387178878,28.6589697534218
2026-05-11T18:01:25-07:00,666,37.42814119225815,-122.1717962116942,28.2685226537287
2026-05-11T18:01:28-07:00,667,37.42812270237897,-122.1718480086471,28.5009955912828
2026-05-11T18:01:32-07:00,668,37.42810622780971,-122.1719165920193,28.4395035337657
2026-05-11T18:01:35-07:00,669,37.42806834363392,-122.171954070145,28.0195453120396
2026-05-11T18:01:38-07:00,670,37.42804548152785,-122.1719850671808,28.0938085988164
2026-05-11T18:01:41-07:00,671,37.42800664889748,-122.1719967948026,28.3866546778008
2026-05-11T18:01:44-07:00,672,37.4279784225932,-122.1720085214162,28.3531174957752
2026-05-11T18:01:48-07:00,673,37.427944493614,-122.1720357485352,28.3988284030929
2026-05-11T18:01:51-07:00,674,37.42791615113645,-122.1720499598432,28.1770910155028
2026-05-11T18:01:54-07:00,675,37.42789893247085,-122.1720691591396,27.9784553404897
2026-05-11T18:01:57-07:00,676,37.42786797967881,-122.1720939812238,28.1204919181764
2026-05-11T18:02:01-07:00,677,37.42782120318919,-122.172112409304,28.209351837635
2026-05-11T18:02:04-07:00,678,37.42778602724003,-122.1721229776526,28.0327792782336
2026-05-11T18:02:07-07:00,679,37.42775741458894,-122.1721418373783,27.6542175430804
2026-05-11T18:02:10-07:00,680,37.42772093941978,-122.1721587531526,28.0402093585581
2026-05-11T18:02:14-07:00,681,37.42767475450825,-122.1721772069141,27.4200268387794
2026-05-11T18:02:17-07:00,682,37.42764261267144,-122.172189037982,27.3882933389395
2026-05-11T18:02:20-07:00,683,37.42760903979202,-122.1721943335208,26.9717613784596
2026-05-11T18:02:23-07:00,684,37.42757906702005,-122.1722056573566,27.2632464179769
2026-05-11T18:02:26-07:00,685,37.42754527640338,-122.1722274130362,28.4021786125377
2026-05-11T18:02:30-07:00,686,37.42751408471023,-122.1722495115561,28.0746776340529
2026-05-11T18:02:33-07:00,687,37.42749226038406,-122.17225550923,28.2674942081794
2026-05-11T18:02:36-07:00,688,37.42747300336383,-122.1722760570768,26.9828319083899
2026-05-11T18:02:39-07:00,689,37.42743262458164,-122.1722910748041,27.6044140253216
2026-05-11T18:02:43-07:00,690,37.42738766468457,-122.1723057019512,27.4757678154856
2026-05-11T18:02:46-07:00,691,37.42735877584946,-122.1723293155142,27.9683434590697
2026-05-11T18:02:49-07:00,692,37.42733209293145,-122.1723450577039,27.9086714051664
2026-05-11T18:02:52-07:00,693,37.42730682402318,-122.1723619711039,28.0181512245908
2026-05-11T18:02:55-07:00,694,37.42727852658687,-122.1723819328728,28.4673650460318
2026-05-11T18:02:59-07:00,695,37.42724505557284,-122.1723982924569,28.318401391618
2026-05-11T18:03:02-07:00,696,37.42723283956291,-122.1724350738154,28.5965121248737
2026-05-11T18:03:05-07:00,697,37.42721431721147,-122.1724763027041,29.1267521884292
2026-05-11T18:03:08-07:00,698,37.42719515674557,-122.1725098009719,29.3455840330571
2026-05-11T18:03:12-07:00,699,37.42718176943475,-122.1725628100874,28.8096827827394
2026-05-11T18:03:15-07:00,700,37.42717517979634,-122.172600318724,29.1077274410054
2026-05-11T18:03:18-07:00,701,37.42717698645882,-122.1726417053671,29.4409193750471
2026-05-11T18:03:21-07:00,702,37.42718136801388,-122.1726765369162,29.8523976840079
2026-05-11T18:03:24-07:00,703,37.4271852962949,-122.1727046958101,29.8476265249774
2026-05-11T18:03:28-07:00,704,37.42721418688397,-122.1727180928038,29.6271484289318
2026-05-11T18:03:31-07:00,705,37.42725533772292,-122.1727609920255,29.7379860477522
2026-05-11T18:03:34-07:00,706,37.42727542346926,-122.172797990323,29.9028848158196
2026-05-11T18:03:37-07:00,707,37.42731641294506,-122.1728337302522,30.1763403061777
2026-05-11T18:03:40-07:00,708,37.42734549166282,-122.1728899203915,30.3601281624287
2026-05-11T18:03:44-07:00,709,37.42734306076631,-122.172959116389,31.7141194650903
2026-05-11T18:03:47-07:00,710,37.42735480653722,-122.1730056990028,31.2934973025694
2026-05-11T18:03:50-07:00,711,37.42735684932261,-122.1730331491233,31.7942336145788
2026-05-11T18:03:53-07:00,712,37.42737065973255,-122.1730793853946,31.4110767133534
2026-05-11T18:03:57-07:00,713,37.42737241289883,-122.17311720625,32.3857614509761
2026-05-11T18:04:00-07:00,714,37.42737346382322,-122.1731577824893,32.0581203149632
2026-05-11T18:04:03-07:00,715,37.42737182626358,-122.17318109194,32.8745091333985
2026-05-11T18:04:06-07:00,716,37.42736969948092,-122.1732244568571,32.2420130008832
2026-05-11T18:04:09-07:00,717,37.42735864631428,-122.1732792605573,32.0401709340513
2026-05-11T18:04:13-07:00,718,37.42738810592601,-122.1733351175937,32.8745469748974
2026-05-11T18:04:16-07:00,719,37.42737630645143,-122.1733824996267,32.3685128176585
2026-05-11T18:04:19-07:00,720,37.42732997866799,-122.1734106622742,32.4073196947575
2026-05-11T18:04:22-07:00,721,37.42728652421019,-122.1734182602777,32.197630844079
2026-05-11T18:04:26-07:00,722,37.42724365338433,-122.1734601093368,32.3430520538241
2026-05-11T18:04:29-07:00,723,37.42720431842846,-122.173464712037,32.8297715643421
2026-05-11T18:04:32-07:00,724,37.42716948527998,-122.1734766015156,33.6217322191224
2026-05-11T18:04:35-07:00,725,37.42715153381999,-122.1734936635079,34.1836125757545
2026-05-11T18:04:38-07:00,726,37.42714116502432,-122.1735267590533,34.15350036975
2026-05-11T18:04:42-07:00,727,37.42713893022172,-122.1735667824684,36.5386921996251
2026-05-11T18:04:45-07:00,728,37.42715756063244,-122.1736216347589,36.180640890263
2026-05-11T18:04:48-07:00,729,37.42716453099801,-122.1736599256053,35.9341944400221
2026-05-11T18:04:51-07:00,730,37.42718632696732,-122.1737187120227,35.1710805790499
2026-05-11T18:04:54-07:00,731,37.42721186820836,-122.1737583705348,34.6960083534941
2026-05-11T18:04:58-07:00,732,37.4272452985203,-122.1738055614647,32.670921641402
2026-05-11T18:05:01-07:00,733,37.42728206587836,-122.1738140980238,32.7625226313248
2026-05-11T18:05:04-07:00,734,37.42732104093763,-122.1738022206472,32.394574563019
2026-05-11T18:05:07-07:00,735,37.42735667252931,-122.1737969098872,32.4010549448431
2026-05-11T18:05:11-07:00,736,37.42740059167626,-122.1737972125745,31.7401829380542
2026-05-11T18:05:14-07:00,737,37.42743067023684,-122.1737969038133,31.2265860512853
2026-05-11T18:05:17-07:00,738,37.4274664661143,-122.1737880333448,31.2344957645982
2026-05-11T18:05:20-07:00,739,37.42749964702259,-122.1737763690171,31.1265785852447
2026-05-11T18:05:24-07:00,740,37.42753357902262,-122.1737539944044,30.7254194691777
2026-05-11T18:05:27-07:00,741,37.42758053129614,-122.1737526169795,30.2595367114991
2026-05-11T18:05:30-07:00,742,37.42761897608115,-122.1737483621836,29.2994574978948
2026-05-11T18:05:33-07:00,743,37.42765409750332,-122.1737365973539,29.5030976729468
2026-05-11T18:05:36-07:00,744,37.42768780886248,-122.1737233869825,29.6771443402395
2026-05-11T18:05:40-07:00,745,37.42773405398899,-122.1737226843488,29.607968733646
2026-05-11T18:05:43-07:00,746,37.42775642304146,-122.1737542662463,29.562655184418
2026-05-11T18:05:46-07:00,747,37.427768040575,-122.1737929627331,29.9251821823418
2026-05-11T18:05:49-07:00,748,37.42777285683322,-122.1738276060579,30.4658348541707
2026-05-11T18:05:52-07:00,749,37.42778159393939,-122.1738561831725,30.213453178294
2026-05-11T18:05:56-07:00,750,37.42780665243126,-122.1738965924278,30.202985775657
2026-05-11T18:05:59-07:00,751,37.4278062115247,-122.1738611658603,29.4160584034398
2026-05-11T18:06:02-07:00,752,37.42779059306189,-122.1738487437582,29.1405224930495
2026-05-11T18:06:05-07:00,753,37.42782030716804,-122.173815490562,29.3769410839304
2026-05-11T18:06:09-07:00,754,37.42781365721801,-122.1737732549059,29.5351830627769
2026-05-11T18:06:12-07:00,755,37.42780391409036,-122.1737539548384,29.9557929690927
2026-05-11T18:06:15-07:00,756,37.42780425728765,-122.1737605235864,29.8820282286033
2026-05-11T18:06:18-07:00,757,37.42780488880646,-122.1737534403078,29.694409600459
2026-05-11T18:09:24-07:00,1,37.42791398862104,-122.1737608438381,39.1885862211132
2026-05-11T18:09:33-07:00,2,37.42781023056771,-122.1737391460644,30.6239891052246
2026-05-11T18:09:36-07:00,3,37.42781441455629,-122.1737360718851,31.4591636657715
2026-05-11T18:09:39-07:00,4,37.42782616934304,-122.1737052439876,31.031551361084
2026-05-11T18:09:42-07:00,5,37.42785138812054,-122.1736747722798,31.3079187069088
2026-05-11T18:09:45-07:00,6,37.42787864801021,-122.1736519797872,31.2798730414361
2026-05-11T18:09:49-07:00,7,37.42792174487997,-122.1736316592775,31.1409570528194
2026-05-11T18:09:52-07:00,8,37.4279603826521,-122.173627744675,30.4389612106606
2026-05-11T18:09:55-07:00,9,37.42799100258849,-122.1736207260461,30.693599851802
2026-05-11T18:09:58-07:00,10,37.42801911828003,-122.1736042762664,30.9403649484739
2026-05-11T18:10:01-07:00,11,37.42804331747688,-122.173597200164,30.6649943590164
2026-05-11T18:10:05-07:00,12,37.42809470174152,-122.173576654901,30.3298939978704
2026-05-11T18:10:08-07:00,13,37.42812901452948,-122.1735735667334,30.6642599860206
2026-05-11T18:10:11-07:00,14,37.42816745184361,-122.1735713704753,30.9422729145736
2026-05-11T18:10:14-07:00,15,37.42818691621158,-122.173597588388,31.0961580378935
2026-05-11T18:10:18-07:00,16,37.42820233696946,-122.1736536784027,31.4200821910054
2026-05-11T18:10:21-07:00,17,37.4282091100625,-122.1736947474047,31.4175436953083
2026-05-11T18:10:24-07:00,18,37.42821476320605,-122.1737384460306,31.8574211969972
2026-05-11T18:10:27-07:00,19,37.42823017424234,-122.173786256539,31.571315872483
2026-05-11T18:10:30-07:00,20,37.42824092970936,-122.1738358697168,31.0992832118645
2026-05-11T18:10:34-07:00,21,37.42828261170152,-122.1738889987672,29.0807066271082
2026-05-11T18:10:37-07:00,22,37.42827261720587,-122.1739480004166,28.6564392391592
2026-05-11T18:10:40-07:00,23,37.42827075610511,-122.1739989383397,29.1227359725162
2026-05-11T18:10:43-07:00,24,37.42827582296999,-122.1740349658746,29.8402991881594
2026-05-11T18:10:46-07:00,25,37.42829293428889,-122.1740696333151,30.6874564504251
2026-05-11T18:10:50-07:00,26,37.42833246874959,-122.1740922090657,30.7083577336743
2026-05-11T18:10:53-07:00,27,37.42837366349794,-122.1740963509049,30.3108238428831
2026-05-11T18:10:56-07:00,28,37.42840645575365,-122.1741109191593,30.5892976652831
2026-05-11T18:10:59-07:00,29,37.42844823554846,-122.1741059777206,30.8506993222982
2026-05-11T18:11:03-07:00,30,37.42850288823216,-122.1740938342761,30.6650437470526
2026-05-11T18:11:06-07:00,31,37.4285374023851,-122.1740848403225,30.3993486557156
2026-05-11T18:11:09-07:00,32,37.4285712119425,-122.1740798089776,30.1171031733975
2026-05-11T18:11:12-07:00,33,37.42860839854031,-122.1740615600927,30.0761792566627
2026-05-11T18:11:15-07:00,34,37.42864308038572,-122.1740507458539,30.5096013015136
2026-05-11T18:11:19-07:00,35,37.42864425424246,-122.174038037447,30.1998340990394
2026-05-11T18:11:22-07:00,36,37.42861461931124,-122.1740329759059,30.0955492304638
2026-05-11T18:11:25-07:00,37,37.4285898642301,-122.1740491779651,30.1056861458346
2026-05-11T18:11:28-07:00,38,37.4285242016225,-122.1740835645337,30.1467990409583
2026-05-11T18:11:32-07:00,39,37.42851779655393,-122.1740852806821,30.1429001707584
2026-05-11T18:11:39-07:00,40,37.42849771257978,-122.1738864954463,29.7335915789008
2026-05-11T18:11:42-07:00,41,37.42846959247947,-122.1738807327226,29.7525934949517
2026-05-11T18:11:45-07:00,42,37.42847273215475,-122.1738171527541,29.9588389182463
2026-05-11T18:11:48-07:00,43,37.42848998904869,-122.1737357344114,30.4393973574042
2026-05-11T18:11:51-07:00,44,37.42845233118923,-122.1736936728808,30.9085527863354
2026-05-11T18:11:55-07:00,45,37.42853258551364,-122.1736131799829,30.567268951796
2026-05-11T18:11:58-07:00,46,37.42855119842842,-122.1735660992695,31.1611354881898
2026-05-11T18:12:01-07:00,47,37.42856704305071,-122.1735233538728,31.5857805330306
2026-05-11T18:12:04-07:00,48,37.42857904783941,-122.1734947493184,30.5081478422508
2026-05-11T18:12:08-07:00,49,37.42857632890831,-122.1734342129915,31.0087723685428
2026-05-11T18:12:11-07:00,50,37.42862310129288,-122.1734098188749,31.2110472870991
2026-05-11T18:12:14-07:00,51,37.42866100670741,-122.1733954086795,30.7411046968773
2026-05-11T18:12:17-07:00,52,37.42869446190541,-122.1733819684585,30.3755409615114
2026-05-11T18:12:20-07:00,53,37.42872707837892,-122.1733779454473,30.882212549448
2026-05-11T18:12:24-07:00,54,37.42877260992128,-122.1733513989526,30.1968792472035
2026-05-11T18:12:27-07:00,55,37.42880855564567,-122.1733503909926,30.472173711285
2026-05-11T18:12:30-07:00,56,37.4288430352662,-122.1733267499339,30.2276054676622
2026-05-11T18:12:33-07:00,57,37.42887609952252,-122.1733153662,29.6600778242573
2026-05-11T18:12:36-07:00,58,37.42890571605007,-122.1732954117084,29.8543756557628
2026-05-11T18:12:40-07:00,59,37.42893433026757,-122.1732720669491,30.9252929091454
2026-05-11T18:12:43-07:00,60,37.42896496770172,-122.1732582960342,30.5207565324381
2026-05-11T18:12:46-07:00,61,37.42900586521034,-122.1732383830415,30.4519834108651
2026-05-11T18:12:49-07:00,62,37.42903237206231,-122.1732218075603,31.4778325660154
2026-05-11T18:12:53-07:00,63,37.42908295200031,-122.1732231830992,31.1723914751783
2026-05-11T18:12:56-07:00,64,37.42912440010457,-122.1732424051176,31.2992794560269
2026-05-11T18:12:59-07:00,65,37.42916062371671,-122.1732317284233,31.175216909498
2026-05-11T18:13:02-07:00,66,37.42920183479823,-122.1732216679694,31.1872820686549
2026-05-11T18:13:05-07:00,67,37.42923204260677,-122.1732094545237,31.5661901487038
2026-05-11T18:13:09-07:00,68,37.42927993370418,-122.1731886922598,30.9450822742656
2026-05-11T18:13:12-07:00,69,37.42931980395018,-122.1731742614982,30.3483307212591
2026-05-11T18:13:15-07:00,70,37.42936694998315,-122.1731459295315,30.6490172017366
2026-05-11T18:13:18-07:00,71,37.42938663062895,-122.1731307093217,30.2538374820724
2026-05-11T18:13:22-07:00,72,37.42940945611604,-122.1731146395304,29.7693990627304
2026-05-11T18:13:25-07:00,73,37.42945302225006,-122.1730825517832,29.4921936932951
2026-05-11T18:13:28-07:00,74,37.42948138986212,-122.173056303475,29.0515641476959
2026-05-11T18:13:31-07:00,75,37.42951852591547,-122.173028653894,28.5844778260216
2026-05-11T18:13:34-07:00,76,37.42954040029193,-122.1729914909908,28.0852209934965
2026-05-11T18:13:38-07:00,77,37.42957951985125,-122.1729409364667,28.005105804652
2026-05-11T18:13:41-07:00,78,37.42959210829254,-122.1728977879413,27.8771765669808
2026-05-11T18:13:44-07:00,79,37.42959591713972,-122.1728627420783,28.6346666291356
2026-05-11T18:13:47-07:00,80,37.42959376110519,-122.1728159842021,29.4179259156808
2026-05-11T18:13:51-07:00,81,37.42958793524572,-122.1727541424605,29.0226488215849
2026-05-11T18:13:54-07:00,82,37.42958295178189,-122.1727076005253,28.6513944678009
2026-05-11T18:13:57-07:00,83,37.42957065418758,-122.1726726467247,29.1433355892077
2026-05-11T18:14:00-07:00,84,37.42956602655511,-122.1726231545466,28.3171056564897
2026-05-11T18:14:04-07:00,85,37.42955218577319,-122.1725716391487,28.0124832559377
2026-05-11T18:14:07-07:00,86,37.42953994850777,-122.1725154028507,27.7467957641929
2026-05-11T18:14:10-07:00,87,37.42952773180088,-122.172471046702,27.7374444361776
2026-05-11T18:14:13-07:00,88,37.4295261768058,-122.1724231720529,27.4731271676719
2026-05-11T18:14:16-07:00,89,37.42951727909203,-122.1723881058864,27.7010045740753
2026-05-11T18:14:20-07:00,90,37.42951256096457,-122.172342751371,28.1164077101275
2026-05-11T18:14:23-07:00,91,37.4295022366143,-122.1723032987511,28.0580103509128
2026-05-11T18:14:26-07:00,92,37.42949256884587,-122.1722615844362,27.7949464162812
2026-05-11T18:14:29-07:00,93,37.42947832173177,-122.1722142645885,27.9985606987029
2026-05-11T18:14:33-07:00,94,37.42946089955509,-122.1721732232639,27.7608250873163
2026-05-11T18:14:36-07:00,95,37.42945443349168,-122.1721186886303,27.6720433710143
2026-05-11T18:14:39-07:00,96,37.42945472439558,-122.1720784830277,27.4679471068084
2026-05-11T18:14:42-07:00,97,37.42944811604999,-122.1720311339611,28.1049275705591
2026-05-11T18:14:45-07:00,98,37.4294389042027,-122.1719779897632,27.3998809093609
2026-05-11T18:14:49-07:00,99,37.42943098873378,-122.1719220942221,27.376673663035
2026-05-11T18:14:52-07:00,100,37.429424737479,-122.1718742600472,27.7197054745629
2026-05-11T18:14:55-07:00,101,37.42941680850075,-122.1718284590119,27.305076489225
2026-05-11T18:14:58-07:00,102,37.42940007753563,-122.1717829639078,27.1319803260267
2026-05-11T18:15:02-07:00,103,37.42938121691029,-122.1717435395185,26.9039632286876
2026-05-11T18:15:05-07:00,104,37.42933096848378,-122.1717532191521,27.1791873164475
2026-05-11T18:15:08-07:00,105,37.42929859188093,-122.1717677215645,26.8493542727083
2026-05-11T18:15:11-07:00,106,37.42926242239026,-122.1717663507904,27.1452209539711
2026-05-11T18:15:14-07:00,107,37.42923413182505,-122.1717812250307,27.2153274053708
2026-05-11T18:15:18-07:00,108,37.42919300193699,-122.1717895369409,27.5147177390754
2026-05-11T18:15:21-07:00,109,37.42915551151246,-122.1717950238985,27.5366361895576
2026-05-11T18:15:24-07:00,110,37.42911843507119,-122.1718124207213,27.6537653310224
2026-05-11T18:15:27-07:00,111,37.42908260206667,-122.171828211025,27.7454644413665