mid,time_pdt,timestamp,latitude,longitude,indoor,ap,rssi_set,rssi_n_valid,noise_set,noise_n_valid
003076bbb880,14:40:08.090794,2026-05-02 14:40:08.090794-07:00,37.4299628683784,-122.17340041947998,True,ee:9e:38:db:0c:ab,-73.0,3,-98.33333333333331,3
0034cd7495f0,15:39:57.318153,2026-05-08 15:39:57.318153-07:00,37.429836500419995,-122.170812426991,False,00:f6:63:e6:50:d1,-89.0,3,-96.0,3
0048115ad55b,14:25:30.525771,2026-05-02 14:25:30.525771-07:00,37.42992019978448,-122.17169574503964,True,a8:3a:79:ca:ef:92,-58.333333333333336,3,-96.0,3
006dbec187a3,17:40:46.221977,2026-05-11 17:40:46.221977-07:00,37.4276282179902,-122.17023355478304,False,70:61:7b:d7:4c:ee,-71.33333333333333,3,-97.66666666666669,3
007522cdb4d5,14:51:16.693670,2026-05-01 14:51:16.693670-07:00,37.429164141392086,-122.17283611012796,True,c8:78:67:36:40:52,-76.33333333333333,3,-98.0,3
0088abf3636a,17:41:46.263436,2026-05-11 17:41:46.263436-07:00,37.42770124596495,-122.17106284573626,False,64:3a:ea:93:fc:0e,-81.66666666666667,3,-97.0,3
008e50767a8e,14:36:59.139909,2026-05-02 14:36:59.139909-07:00,37.43051701007431,-122.1725449567058,False,a8:3a:79:c7:b2:d2,-43.666666666666664,3,-95.0,3
00b69ee2a234,14:56:38.624495,2026-05-02 14:56:38.624495-07:00,37.42954661997091,-122.1715235218164,False,40:ce:24:8d:61:ee,-86.0,3,-98.0,3
00cd24ea06c2,17:42:02.285198,2026-05-11 17:42:02.285198-07:00,37.42784340245631,-122.17104143242716,False,a8:53:7d:8c:1b:12,-68.66666666666667,3,-97.0,3
00d6292e37f2,17:35:49.956963,2026-05-11 17:35:49.956963-07:00,37.4275276306125,-122.17058384128966,False,failed to retrieve BSSID,,0,,0
00f5dcc96608,15:38:29.224978,2026-05-08 15:38:29.224978-07:00,37.430028639636014,-122.170791272504,False,54:33:c6:c6:7f:92,-91.0,3,-95.0,3
0115e35b62bd,14:37:23.142259,2026-05-02 14:37:23.142259-07:00,37.43041831809372,-122.1727255081952,False,a8:3a:79:c7:b2:d2,-60.333333333333336,3,-95.0,3
012428ae7899,16:11:36.238621,2026-04-30 16:11:36.238621-07:00,37.42751317424261,-122.1727710600829,True,bc:26:c7:c3:91:2e,-68.33333333333333,3,-97.0,3
013bada9c8f1,15:20:42.799930,2026-05-08 15:20:42.799930-07:00,37.42924258129629,-122.17261470706262,False,a8:3a:79:c4:aa:62,-67.66666666666667,3,-96.0,3
015588e550a0,14:47:10.171425,2026-05-02 14:47:10.171425-07:00,37.42977044895713,-122.172195915044,False,a8:3a:79:c7:7c:52,-70.0,3,-97.0,3
0159d9052393,17:36:05.960147,2026-05-11 17:36:05.960147-07:00,37.42750220838598,-122.17041602806115,False,failed to retrieve BSSID,,0,,0
0165f9a58782,15:34:53.619311,2026-04-30 15:34:53.619311-07:00,37.42850470588782,-122.17276920549956,True,bc:26:c7:5d:1a:ee,-60.0,3,-98.0,3
016edc6ab920,15:52:15.784883,2026-05-08 15:52:15.784883-07:00,37.428937377780336,-122.1715466024437,False,40:ce:24:8d:61:ee,-83.0,3,-95.66666666666669,3
0176b8594fae,18:11:39.337093,2026-05-11 18:11:39.337093-07:00,37.42858245152685,-122.17370898500754,False,cc:db:93:03:24:4e,-67.66666666666667,3,-96.0,3
01a4b2ce5bf1,17:41:14.221131,2026-05-11 17:41:14.221131-07:00,37.42774645027459,-122.17061749646884,False,a8:53:7d:8c:32:42,-67.0,3,-87.0,3
01a9079540f7,14:25:02.499047,2026-05-02 14:25:02.499047-07:00,37.42965425994773,-122.17171596161582,True,a8:3a:79:58:dd:92,-62.666666666666664,3,-97.0,3
01b8d983e029,17:33:57.817824,2026-05-11 17:33:57.817824-07:00,37.42744159996105,-122.17045991717536,False,6c:b2:ae:1d:ad:e1,-81.0,3,-97.0,3
01be4ef52f97,14:46:58.164174,2026-05-02 14:46:58.164174-07:00,37.42977044895713,-122.172195915044,False,a8:3a:79:c7:7c:52,-70.33333333333333,3,-97.0,3
01ce263fc3d8,17:46:10.482544,2026-05-11 17:46:10.482544-07:00,37.42789801441202,-122.17077623639597,False,failed to retrieve BSSID,,0,,0
01ce69283140,15:46:42.460332,2026-04-30 15:46:42.460332-07:00,37.42795115522767,-122.17280919289244,False,a8:3a:79:c7:6c:92,-76.0,3,,0
01e3770ef38e,16:15:11.401511,2026-04-30 16:15:11.401511-07:00,37.427379722494855,-122.17285378899226,True,bc:26:c7:55:c7:ee,-57.666666666666664,3,-96.0,3
01e5fc0e5c37,15:44:33.642857,2026-04-30 15:44:33.642857-07:00,37.42849960833211,-122.17247407394308,True,5c:5a:c7:10:01:4e,-73.66666666666667,3,-94.0,3
022261e6d095,18:03:12.645775,2026-05-11 18:03:12.645775-07:00,37.42717767318651,-122.17256345530753,False,6c:b2:ae:1d:b2:4e,-84.33333333333333,3,-96.66666666666669,3
022d4a9c4225,14:29:02.720341,2026-05-02 14:29:02.720341-07:00,37.4301742454488,-122.17206714879428,True,a8:3a:79:c5:7a:92,-72.33333333333333,3,-96.0,3
02430d09f565,14:24:46.511888,2026-05-02 14:24:46.511888-07:00,37.4297242004369,-122.17171003800648,True,a8:3a:79:ca:a4:12,-74.0,3,-97.0,3
024aeadbb208,15:38:45.247119,2026-05-08 15:38:45.247119-07:00,37.42989979521912,-122.17078745404928,False,00:f6:63:e6:50:d1,,0,,0
0278a10b4e3a,17:53:05.829697,2026-05-11 17:53:05.829697-07:00,37.42763938358682,-122.17004811957806,False,a8:53:7d:8c:32:42,-75.33333333333333,3,-98.0,3
028219d04f3c,18:02:52.619672,2026-05-11 18:02:52.619672-07:00,37.427302727774936,-122.172362616324,False,6c:b2:ae:1d:b2:4e,-75.66666666666667,3,-96.0,3
02906c819288,17:05:39.403137,2026-05-01 17:05:39.403137-07:00,37.428537309488995,-122.17046922055482,True,08:4f:a9:30:6b:ae,-59.666666666666664,3,-98.0,3
02c4457a2137,16:03:01.453367,2026-05-01 16:03:01.453367-07:00,37.42925261062511,-122.17322273650296,False,a0:3d:6f:9a:c1:4d,-76.66666666666667,3,-95.66666666666669,3
02d4f9939b2d,15:48:42.541509,2026-04-30 15:48:42.541509-07:00,37.42760343230791,-122.17254827100696,False,64:3a:ea:93:ec:6e,-85.33333333333333,3,-96.0,3
02f410bd6222,17:30:41.608849,2026-05-11 17:30:41.608849-07:00,37.42740751310528,-122.17075580482556,False,a8:53:7d:8c:1b:12,-90.0,3,-96.0,3
030ac21521ae,15:37:45.193192,2026-05-08 15:37:45.193192-07:00,37.430402138683,-122.1709476654067,False,00:f6:63:e6:4e:21,-76.0,3,-97.0,3
03212a6ea337,15:23:03.004527,2026-05-08 15:23:03.004527-07:00,37.43000636017571,-122.17271796659614,False,a8:3a:79:c7:d9:52,-53.666666666666664,3,-96.0,3
0342989eba66,14:42:52.236040,2026-05-02 14:42:52.236040-07:00,37.43012869743561,-122.17341260664404,True,ee:9e:28:db:0c:ab,-67.33333333333333,3,-86.0,3
0351a3b8d34f,18:13:23.432526,2026-05-11 18:13:23.432526-07:00,37.42941530479542,-122.17309498218133,False,90:77:ee:88:1e:8e,-68.66666666666667,3,-97.0,3
035474ced857,14:53:46.449234,2026-05-02 14:53:46.449234-07:00,37.43013689811695,-122.17120569806276,False,00:f6:63:28:19:01,-86.33333333333333,3,-97.0,3
037471e5a44f,16:11:46.254057,2026-04-30 16:11:46.254057-07:00,37.42761654494029,-122.1732310339992,True,bc:26:c7:c3:91:2e,-57.0,3,-97.0,1
0378ab1c5f12,15:20:22.902119,2026-04-30 15:20:22.902119-07:00,37.428357479793064,-122.1723882313932,False,a8:3a:79:ca:b9:12,-65.66666666666667,3,-96.0,3
03923bbf1779,15:34:29.585670,2026-04-30 15:34:29.585670-07:00,37.428606262655755,-122.17269870720357,True,5c:5a:c7:10:19:0e,-72.66666666666667,3,-97.0,3
0396bc109193,17:00:54.181818,2026-05-01 17:00:54.181818-07:00,37.42881559521206,-122.17130092819616,True,40:ce:24:92:83:ae,-68.33333333333333,3,-96.0,3
03a84c07d2db,14:44:42.052247,2026-05-02 14:44:42.052247-07:00,37.43009477579427,-122.1729182856008,False,90:77:ee:88:1e:8e,-65.33333333333333,3,-97.0,3
0426f9ef8f51,17:33:05.760691,2026-05-11 17:33:05.760691-07:00,37.42721807793267,-122.16992156626895,False,a8:3a:79:c5:9f:52,-84.0,3,-97.0,3
042c0866b1fa,18:14:07.474867,2026-05-11 18:14:07.474867-07:00,37.429545797187146,-122.17249574550162,False,54:33:c6:b6:47:82,-78.0,3,-95.0,3
0463281e36ce,15:26:43.220843,2026-05-08 15:26:43.220843-07:00,37.429685410428526,-122.17241727618536,False,a8:3a:79:c7:7c:52,-70.66666666666667,3,-97.0,3
046a379e5de2,14:53:18.439478,2026-05-02 14:53:18.439478-07:00,37.430223136237075,-122.17155131534916,False,00:f6:63:28:19:0e,-63.333333333333336,3,-93.0,3
0488a1fb0dd1,17:19:55.041510,2026-05-01 17:19:55.041510-07:00,37.42760018807118,-122.17130192461644,False,a8:53:7d:8c:1b:12,-88.66666666666667,3,-95.0,3
04908d92b824,17:26:35.285671,2026-05-01 17:26:35.285671-07:00,37.428730425877646,-122.17214751426742,True,a8:3a:79:c4:8b:52,-74.66666666666667,3,-97.0,3
04a0de15078f,17:46:38.526021,2026-05-11 17:46:38.526021-07:00,37.42799650172773,-122.17117383317316,False,failed to retrieve BSSID,,0,,0
04be3fb0e6d9,18:01:20.583233,2026-05-11 18:01:20.583233-07:00,37.42818855770692,-122.17173936310792,False,64:3a:ea:93:ec:6e,-65.66666666666667,3,-95.0,3
04cb31e198f9,17:23:21.309477,2026-05-11 17:23:21.309477-07:00,37.42721484618329,-122.17097546447846,True,00:6b:f1:9e:18:0e,-69.33333333333333,3,,0
04d5aca13cb1,15:43:43.356455,2026-05-08 15:43:43.356455-07:00,37.429415848274274,-122.16947044939349,False,08:4f:a9:5b:b5:6e,-90.0,3,-97.0,3
04de4bdb1464,17:40:22.223458,2026-05-11 17:40:22.223458-07:00,37.42756436449628,-122.17008860202066,False,70:61:7b:d7:4c:ee,-75.0,3,-97.0,3
04f13b1a3d96,14:49:14.275675,2026-05-02 14:49:14.275675-07:00,37.43004378012101,-122.17296335207912,False,a8:3a:79:c7:d9:52,-70.0,3,-97.0,3
04fcdd2c2983,15:39:57.614095,2026-04-30 15:39:57.614095-07:00,37.42836463634489,-122.17280483587878,True,a8:3a:79:d3:d9:92,-76.33333333333333,3,-98.0,3
050b3de9d8c3,17:20:23.397647,2026-04-27 17:20:23.397647-07:00,37.42886555448252,-122.17217151307942,True,a8:3a:79:c3:7d:52,-59.666666666666664,3,-92.0,2
05878a9cd0c8,15:30:52.718962,2026-05-08 15:30:52.718962-07:00,37.430261540958014,-122.17131928910376,False,54:33:c6:c6:64:52,-88.0,3,-96.0,3
05cec695fd43,16:01:36.401943,2026-05-01 16:01:36.401943-07:00,37.42932814374468,-122.17356403713168,True,a0:3d:6f:98:06:0d,-61.666666666666664,3,-97.0,3
0607c5d56e97,16:23:27.250978,2026-04-30 16:23:27.250978-07:00,37.42860444149796,-122.1720745509055,False,a8:3a:79:c3:e1:92,-75.33333333333333,3,-99.0,3
064d21d2e5ac,15:22:58.977624,2026-05-08 15:22:58.977624-07:00,37.42997699831827,-122.17273122176942,False,a8:3a:79:c7:d9:52,-57.333333333333336,3,-97.0,3
068529e40f5a,17:11:04.626712,2026-05-01 17:11:04.626712-07:00,37.428308451280785,-122.16959133580224,True,bc:26:c7:6d:a2:ce,-77.66666666666667,3,-97.0,3
06b8aff15727,14:28:46.723892,2026-05-02 14:28:46.723892-07:00,37.43021288256062,-122.17205022413664,True,a8:3a:79:c5:7a:92,-70.33333333333333,3,-96.0,3
06d5a1b5d501,15:26:08.059721,2026-04-30 15:26:08.059721-07:00,37.42826147348398,-122.1728422576402,True,a8:3a:79:d3:8a:d2,-63.0,3,-96.0,3
06d650e4de5e,17:44:50.434665,2026-05-11 17:44:50.434665-07:00,37.42764754392168,-122.16962106172264,False,c8:78:67:6e:a1:22,-88.0,2,,0
0708a3ec99d8,17:33:49.810334,2026-05-11 17:33:49.810334-07:00,37.42740783626465,-122.17042293266586,False,6c:b2:ae:1d:ad:e1,-73.66666666666667,3,-97.0,3
071bcb372a58,14:54:34.512068,2026-05-02 14:54:34.512068-07:00,37.4297516236556,-122.17126127481072,False,40:ce:24:8d:61:ee,-85.33333333333333,3,-98.0,3
071d4dc8a38c,17:35:53.956140,2026-05-11 17:35:53.956140-07:00,37.42753107102195,-122.17053903766816,False,failed to retrieve BSSID,,0,,0
0726932e0a5c,17:26:45.286103,2026-05-01 17:26:45.286103-07:00,37.428794719657496,-122.17209988679848,True,a8:3a:79:c4:91:d2,-63.666666666666664,3,,0
0729b99a632c,15:30:12.709979,2026-05-08 15:30:12.709979-07:00,37.43034373528044,-122.17186152329926,False,a8:3a:79:c7:c9:92,-71.66666666666667,3,,0
073043706a75,17:09:49.547777,2026-05-01 17:09:49.547777-07:00,37.42851415999065,-122.16956243455984,False,70:70:8b:59:32:8e,-80.33333333333333,3,-97.0,3
076cf3749a52,14:46:46.151844,2026-05-02 14:46:46.151844-07:00,37.42977044895713,-122.172195915044,False,a8:3a:79:c7:dc:52,-78.0,3,,0
0771ed14ee28,14:51:18.351066,2026-05-02 14:51:18.351066-07:00,37.42988712510461,-122.1724202112167,False,54:33:c6:b6:57:52,-66.33333333333333,3,-96.66666666666669,3
07a285043b8b,14:26:06.574093,2026-05-02 14:26:06.574093-07:00,37.42998850603991,-122.17148934786482,True,a8:3a:79:c5:74:92,-74.66666666666667,3,-98.0,3
07cb6f1e48a5,17:28:45.532034,2026-05-11 17:28:45.532034-07:00,37.4272276575183,-122.17055296300846,False,04:cd:c0:06:b2:52,-80.66666666666667,3,-95.0,3
07d6fa75def0,17:11:02.508330,2026-04-27 17:11:02.508330-07:00,37.42899203753183,-122.1719057467315,True,a8:3a:79:c7:75:12,-45.0,3,-97.0,3
0816d22463b7,17:33:33.810673,2026-05-11 17:33:33.810673-07:00,37.42732427600679,-122.17027918008677,False,00:6b:f1:9c:23:fe,-79.33333333333333,3,-97.0,3
0823b6e09f57,15:26:27.225183,2026-05-08 15:26:27.225183-07:00,37.429772630253154,-122.17280840958595,False,a8:3a:79:c7:70:62,-69.66666666666667,3,-96.0,3
084ec03b34ab,15:21:02.822863,2026-05-08 15:21:02.822863-07:00,37.429284144656705,-122.17256454410251,False,c8:78:67:36:40:52,-78.66666666666667,3,-96.0,3
0850510e2262,18:14:27.495913,2026-05-11 18:14:27.495913-07:00,37.42949841752525,-122.17224192708711,False,54:33:c6:b6:47:82,-77.0,3,-95.0,2
0856d1583fb4,17:34:05.834282,2026-05-11 17:34:05.834282-07:00,37.42749581353392,-122.17056817180836,False,a8:53:7d:8c:32:42,-77.66666666666667,3,-95.0,2
085cc0cbcff7,17:41:18.236011,2026-05-11 17:41:18.236011-07:00,37.42773247161264,-122.17065774426166,False,a8:53:7d:8c:32:42,-68.0,3,-94.0,3
088e215e56fd,17:58:32.391065,2026-05-11 17:58:32.391065-07:00,37.42799223976042,-122.1697441265974,False,70:70:8b:90:2b:8e,-85.33333333333333,3,-96.0,1
08bf0174573e,14:42:16.203281,2026-05-02 14:42:16.203281-07:00,37.430154912865326,-122.1736022996331,True,f6:cb:bc:8e:80:be,-86.0,3,-89.0,3
08c6914d3f22,14:25:06.515788,2026-05-02 14:25:06.515788-07:00,37.42965425994773,-122.17171596161582,True,a8:3a:79:58:dd:92,-60.0,3,-95.0,3
08d69026f91b,15:44:37.647827,2026-04-30 15:44:37.647827-07:00,37.42849960833211,-122.17247407394308,True,5c:5a:c7:10:01:4e,-75.66666666666667,3,-94.0,3
08da4b5a6e8d,14:54:14.967075,2026-05-01 14:54:14.967075-07:00,37.42911840399158,-122.17323815169549,False,a0:3d:6f:98:00:22,-76.66666666666667,3,,0
08de17ade3c7,17:45:38.472025,2026-05-11 17:45:38.472025-07:00,37.42779977847749,-122.17030456967166,False,failed to retrieve BSSID,,0,,0
09224daa7d9f,16:02:21.445884,2026-05-01 16:02:21.445884-07:00,37.42930220791045,-122.17348425895136,True,a0:3d:6f:98:06:0d,-70.66666666666667,3,-97.0,3
092537307343,14:41:44.183120,2026-05-02 14:41:44.183120-07:00,37.43018539812927,-122.17384033749352,True,f6:cb:bc:8e:80:be,-70.66666666666667,3,-89.66666666666667,3
092bfd600793,14:44:58.060602,2026-05-02 14:44:58.060602-07:00,37.43025172216919,-122.172843493265,False,90:77:ee:88:1e:8e,-67.66666666666667,3,-97.0,3
094dd2d5137e,17:42:10.279725,2026-05-11 17:42:10.279725-07:00,37.42786218830707,-122.17094538948696,False,a8:53:7d:8c:1b:12,-76.66666666666667,3,-99.0,3
099bc1d7d671,17:14:24.779604,2026-05-01 17:14:24.779604-07:00,37.427755990040005,-122.16973862325172,False,a8:3a:79:c9:37:e2,-84.33333333333333,3,-94.0,3
09ada9437ace,15:43:39.352290,2026-05-08 15:43:39.352290-07:00,37.42937813762413,-122.16948441736707,False,08:4f:a9:5b:b5:6e,-89.0,3,-97.0,3
09d66cab370d,17:00:34.177982,2026-05-01 17:00:34.177982-07:00,37.42876939914218,-122.17124375369698,True,f8:0b:cb:f0:80:1e,-60.333333333333336,3,-95.66666666666669,3
09f0cf522799,14:48:34.253914,2026-05-02 14:48:34.253914-07:00,37.43014709329616,-122.172661888349,False,a8:3a:79:c7:d9:52,-54.0,3,-96.0,3
09f8d73073bc,17:20:35.062937,2026-05-01 17:20:35.062937-07:00,37.42732781019293,-122.17152600883544,False,04:cd:c0:06:de:12,-65.0,3,-97.0,3
0a021166cdcb,16:05:46.585746,2026-05-01 16:05:46.585746-07:00,37.42853098982952,-122.17160253131756,False,70:db:98:33:49:71,-67.0,3,-92.0,3
0a74535322c8,16:13:01.296837,2026-04-30 16:13:01.296837-07:00,37.42741575943835,-122.17264183533422,True,bc:26:c7:5d:13:ce,-49.0,3,-94.0,3
0a8f254dc47f,17:16:41.836948,2026-04-27 17:16:41.836948-07:00,37.42867199409426,-122.17207150566082,False,a8:3a:79:c4:8b:52,-66.33333333333333,3,,0
0a905da1253d,14:49:54.309500,2026-05-02 14:49:54.309500-07:00,37.42968228123795,-122.172489901254,False,a8:3a:79:c7:7c:52,-55.0,3,-97.0,3
0a9bf25b9686,15:27:08.094204,2026-04-30 15:27:08.094204-07:00,37.42847417484504,-122.17275405031792,True,5c:5a:c7:10:01:4e,-38.0,3,,0
0aa5e3d1f91d,17:24:45.216468,2026-05-01 17:24:45.216468-07:00,37.42836326057801,-122.17157945151352,False,failed to retrieve BSSID,-78.0,2,,0
0ab2008d1e21,18:02:48.623138,2026-05-11 18:02:48.623138-07:00,37.42732799668321,-122.172345702924,False,6c:b2:ae:1d:b2:4e,-78.33333333333333,3,-96.0,3
0acadb72a784,14:58:02.923103,2026-05-02 14:58:02.923103-07:00,37.42915734247097,-122.17180013301612,False,54:33:c6:b6:47:62,-90.33333333333331,3,-98.0,2
0acc05990fb7,15:48:51.600256,2026-05-08 15:48:51.600256-07:00,37.429611128614226,-122.1697106054492,False,a8:53:7d:96:65:35,-90.66666666666669,3,-97.0,3
0ad3b009e626,15:39:49.365197,2026-05-08 15:39:49.365197-07:00,37.42976356370038,-122.1708796560344,False,00:f6:63:e6:50:d1,-88.66666666666667,3,-96.0,3
0ad9838beac0,14:53:38.467293,2026-05-02 14:53:38.467293-07:00,37.43017400576668,-122.17130823372484,False,00:f6:63:28:19:0e,-83.66666666666667,3,-97.0,2
0ae7184f73a6,17:38:34.096629,2026-05-11 17:38:34.096629-07:00,37.42733406137002,-122.16958540233816,False,a0:3d:6f:89:36:2e,-87.66666666666667,3,-96.0,3
0b3bf89242f5,17:54:17.882082,2026-05-11 17:54:17.882082-07:00,37.42790482521602,-122.17089894821024,False,a8:53:7d:8c:1b:12,-75.66666666666667,3,-95.0,3
0b40b1234483,17:34:09.815290,2026-05-11 17:34:09.815290-07:00,37.42749061276126,-122.17062405720957,False,a8:53:7d:8c:32:42,-76.33333333333333,3,-95.0,3
0b60f8f4c302,16:01:01.372970,2026-05-01 16:01:01.372970-07:00,37.42932811789992,-122.17356403087516,True,a0:3d:6f:98:06:0d,-35.0,3,-97.0,3
0b6e5c9937de,14:22:02.371807,2026-05-02 14:22:02.371807-07:00,37.42906882271327,-122.17263684339116,False,c8:78:67:36:40:52,-67.33333333333333,3,-96.0,3
0b7b8c461c32,17:09:09.553908,2026-05-01 17:09:09.553908-07:00,37.42855163318493,-122.16994660298045,False,failed to retrieve BSSID,,0,,0
0ba34f88e4ca,16:14:31.402385,2026-04-30 16:14:31.402385-07:00,37.42746159697836,-122.17320738583288,True,50:2f:a8:d3:57:0e,-53.666666666666664,3,-95.0,3
0bce905802c0,18:13:51.462914,2026-05-11 18:13:51.462914-07:00,37.4295937839251,-122.17273448511142,False,c8:78:67:36:40:62,-82.0,2,-90.0,2
0bdcfe903262,18:00:40.505861,2026-05-11 18:00:40.505861-07:00,37.42833614865265,-122.1712076967314,False,a0:b4:39:b4:0d:ee,-81.0,3,-97.0,3
0c104a8cae9c,17:10:34.608448,2026-05-01 17:10:34.608448-07:00,37.42842639114999,-122.16958667422932,True,70:70:8b:59:7e:6e,-72.0,3,-97.0,3
0c435741818b,14:43:04.260414,2026-05-02 14:43:04.260414-07:00,37.430199103612445,-122.1733702242741,True,ee:9e:28:db:0c:ab,-70.0,3,-86.0,3
0c68cf9b1bb2,14:52:26.388863,2026-05-02 14:52:26.388863-07:00,37.43031218855447,-122.1718215177128,False,54:33:c6:c6:7f:92,-53.333333333333336,3,,0
0c7d37978c73,16:22:22.192912,2026-04-30 16:22:22.192912-07:00,37.42829430756591,-122.17214874184872,False,64:3a:ea:93:fc:0e,-79.66666666666667,3,-96.0,3
0c8af9f780e2,15:29:08.636498,2026-05-08 15:29:08.636498-07:00,37.430229527560286,-122.17212679553045,False,a8:3a:79:c7:82:52,-75.33333333333333,3,-97.0,3
0cc07b09340f,14:51:46.740254,2026-05-01 14:51:46.740254-07:00,37.429122411177616,-122.17299993880027,True,3c:0e:23:7c:64:4f,-69.66666666666667,3,-91.0,3
0cd5e8e0fa2c,17:59:48.475501,2026-05-11 17:59:48.475501-07:00,37.42821250167211,-122.17052346996992,False,a8:3a:79:c9:3d:d2,-80.0,3,-96.0,3
0ce6a48d8a45,17:22:41.272718,2026-05-11 17:22:41.272718-07:00,37.4273350666026,-122.17129794929866,True,00:5d:73:7d:b2:2e,-53.333333333333336,3,-99.0,3
0cefcd0aa863,15:29:00.631006,2026-05-08 15:29:00.631006-07:00,37.430229527560286,-122.17212679553045,False,a8:3a:79:c7:82:52,-61.666666666666664,3,-97.0,3
0d13aebc18e3,15:21:06.790559,2026-05-08 15:21:06.790559-07:00,37.42934464001234,-122.17254816894882,False,c8:78:67:36:40:52,-77.0,3,-97.0,2
0d271c58afa1,17:51:41.760433,2026-05-11 17:51:41.760433-07:00,37.4276447727764,-122.16965320215424,False,a0:3d:6f:89:36:2e,-59.333333333333336,3,-96.0,3
0d2d704d4c55,16:23:37.254457,2026-04-30 16:23:37.254457-07:00,37.42868010698308,-122.1720726696102,False,a8:3a:79:c3:e1:92,-60.0,3,-99.0,3
0d408e2098ec,17:10:29.604207,2026-05-01 17:10:29.604207-07:00,37.42844477237784,-122.16946206338253,True,70:70:8b:59:7e:6e,-61.666666666666664,3,-97.0,3
0d46469903e4,15:43:17.569969,2026-04-30 15:43:17.569969-07:00,37.42863654040494,-122.17262860061358,True,5c:5a:c7:10:19:0e,-71.0,3,-96.0,3
0d4b167dafbc,16:06:50.294385,2026-04-30 16:06:50.294385-07:00,37.42739864004791,-122.17257001096534,True,bc:26:c7:bc:92:2e,-71.66666666666667,3,-97.0,2
0d6d8455eb74,14:30:30.802072,2026-05-02 14:30:30.802072-07:00,37.43006905849471,-122.171871744945,True,a8:3a:79:c5:ca:d2,-71.33333333333333,3,,0
0d81585c3982,18:09:55.232180,2026-05-11 18:09:55.232180-07:00,37.4279849605022,-122.17362533901375,False,a8:3a:79:7d:9b:22,-78.66666666666667,3,-97.0,3
0d9e755bf688,14:31:18.820460,2026-05-02 14:31:18.820460-07:00,37.42996893675881,-122.17180391502208,True,a8:3a:79:58:c4:d2,-67.66666666666667,3,-97.0,3
0db57a1846d8,15:22:22.990968,2026-05-08 15:22:22.990968-07:00,37.429819485341994,-122.17260462155352,True,a8:3a:79:c7:58:52,-51.666666666666664,3,-95.0,3
0ddbfe26b98d,15:51:51.779592,2026-05-08 15:51:51.779592-07:00,37.42916722772307,-122.17148147633787,False,40:ce:24:8d:61:ee,-82.33333333333333,3,-95.0,3
0de5718d5b2d,14:32:38.909278,2026-05-02 14:32:38.909278-07:00,37.429899447924406,-122.17197820385772,True,a8:3a:79:ca:ed:52,-74.33333333333333,3,-96.0,3
0de803dc8a0f,14:34:47.012320,2026-05-02 14:34:47.012320-07:00,37.42977549764271,-122.17219808595664,False,54:33:c6:c6:73:62,-77.0,3,-98.0,3
0e01d060e7e9,14:58:18.950131,2026-05-02 14:58:18.950131-07:00,37.42902220684937,-122.17193418139192,False,a8:3a:79:ca:fc:52,-81.66666666666667,3,-96.33333333333331,3
0e064f03ed83,17:06:14.436254,2026-05-01 17:06:14.436254-07:00,37.428368690316695,-122.170533926372,True,bc:26:c7:6d:c1:0e,-71.33333333333333,3,-96.0,2
0e0ab2a32ef2,14:54:42.530088,2026-05-02 14:54:42.530088-07:00,37.42966054869609,-122.17128976252091,False,40:ce:24:8d:61:ee,-86.0,3,-98.0,3
0e0b81736a21,15:40:25.355993,2026-05-08 15:40:25.355993-07:00,37.42970927477408,-122.1706586377358,False,a0:b4:39:78:a6:ee,-92.0,3,-96.0,3
0e2a264e20d6,17:19:33.137102,2026-05-11 17:19:33.137102-07:00,37.42846572779979,-122.17171519123094,False,64:3a:ea:93:fc:0e,-71.66666666666667,3,-97.0,1
0e4214ab452b,18:14:03.457729,2026-05-11 18:14:03.457729-07:00,37.42955803445257,-122.1725519817996,False,54:33:c6:b6:47:82,-76.66666666666667,3,-95.0,3
0e44c60cc0c1,17:51:01.709591,2026-05-11 17:51:01.709591-07:00,37.42776830739943,-122.17023322067116,False,a8:53:7d:8c:32:42,-83.66666666666667,3,-96.0,3
0e6fc252190f,18:12:15.369200,2026-05-11 18:12:15.369200-07:00,37.42866685538679,-122.1733757513304,False,3c:51:0e:f9:93:8e,-69.66666666666667,3,-97.0,3
0e71a9eb8db6,18:13:19.424874,2026-05-11 18:13:19.424874-07:00,37.429392479308326,-122.1731110519726,False,90:77:ee:88:1e:8e,-70.33333333333333,3,-97.0,3
0e88743dcc20,15:39:21.263680,2026-05-08 15:39:21.263680-07:00,37.42976976179607,-122.1708801462173,False,failed to retrieve BSSID,,0,,0
0e97e830f1f0,14:51:54.391352,2026-05-02 14:51:54.391352-07:00,37.43023220808029,-122.17210702997794,False,54:33:c6:c6:7a:82,-68.0,3,-96.66666666666669,3
0eb162d9cf5e,18:00:48.514324,2026-05-11 18:00:48.514324-07:00,37.42826425422898,-122.1713420964142,False,a0:b4:39:78:bb:ce,-85.0,3,,0
0ec0488c1e8b,17:04:39.352349,2026-05-01 17:04:39.352349-07:00,37.42873252396659,-122.17053650577228,False,08:4f:a9:5b:e9:ce,-74.33333333333333,3,-96.0,1
0efaf3210de7,17:50:41.705900,2026-05-11 17:50:41.705900-07:00,37.4278406069832,-122.17049182307596,False,a8:53:7d:8c:32:22,-76.33333333333333,3,-98.0,3
0f031e3e8849,18:15:19.554156,2026-05-11 18:15:19.554156-07:00,37.42916136019184,-122.1717753665494,False,54:33:c6:b6:47:82,-89.0,3,-96.0,3
0f072cef7f47,14:55:58.587547,2026-05-02 14:55:58.587547-07:00,37.42979797112831,-122.17125209076642,False,00:f6:63:28:19:01,-88.66666666666667,3,-93.0,3
0f24846a5076,17:06:49.468880,2026-05-01 17:06:49.468880-07:00,37.4283349040692,-122.17038174598476,True,08:4f:a9:3a:50:8e,-74.66666666666667,3,-96.0,2
0f2bc51c2958,16:22:57.231328,2026-04-30 16:22:57.231328-07:00,37.42846956552535,-122.17210598167571,False,64:3a:ea:93:fc:0e,-72.66666666666667,3,-96.0,3
0f42a17f6514,17:16:59.905090,2026-05-01 17:16:59.905090-07:00,37.42812029533686,-122.17095096663998,True,70:90:41:e0:4c:d2,-73.33333333333333,3,-98.0,3
0f56c3936527,17:46:54.540550,2026-05-11 17:46:54.540550-07:00,37.42796093940648,-122.17106176429786,False,failed to retrieve BSSID,,0,,0
0f5795ee8ba0,17:03:14.275121,2026-05-01 17:03:14.275121-07:00,37.42853623426619,-122.1708871756533,True,a0:b4:39:80:a7:6e,-74.0,3,-98.0,3
0f735215a28f,14:50:30.340682,2026-05-02 14:50:30.340682-07:00,37.42948989048922,-122.1724619657439,False,54:33:c6:c6:73:62,-78.33333333333333,3,-98.0,3
0fb1915b8fe1,17:24:35.228040,2026-05-01 17:24:35.228040-07:00,37.42829012941813,-122.17158658845172,False,64:3a:ea:93:ec:6e,-85.66666666666667,3,,0
0fb2db36987e,17:39:42.160901,2026-05-11 17:39:42.160901-07:00,37.42749003300289,-122.16978753714324,False,a0:3d:6f:89:36:2e,-85.0,3,-97.0,3
0fc42f530369,17:23:15.149878,2026-05-01 17:23:15.149878-07:00,37.427695097834395,-122.1718641791483,True,5c:5a:c7:1e:39:4e,-65.66666666666667,3,-97.0,1
0fd1f98e5bd9,15:48:31.601773,2026-05-08 15:48:31.601773-07:00,37.429783004286406,-122.16959984225127,False,a8:53:7d:96:48:35,-91.33333333333331,3,-97.0,2
0fed369b4797,18:15:11.539504,2026-05-11 18:15:11.539504-07:00,37.42926827106964,-122.17174669344132,False,54:33:c6:b6:47:82,-85.66666666666667,3,-96.0,3
101e718a4842,15:17:47.777983,2026-04-30 15:17:47.777983-07:00,37.42862548278407,-122.17220213479736,False,a8:3a:79:c4:8b:52,-65.66666666666667,3,-97.0,3
10629a33fd23,14:47:38.203290,2026-05-02 14:47:38.203290-07:00,37.429696936036585,-122.1723999481505,False,a8:3a:79:c7:7c:52,-67.66666666666667,3,-97.0,3
109dd6a1746e,14:36:27.112277,2026-05-02 14:36:27.112277-07:00,37.430349929419656,-122.172056775838,False,54:33:c6:c6:7a:82,-73.0,3,-96.0,3
10acae02039c,15:24:14.310383,2026-04-30 15:24:14.310383-07:00,37.428227889689026,-122.17219270232218,False,64:3a:ea:93:fc:0e,-62.0,3,-95.0,3
10dd2c560c42,15:19:07.836812,2026-04-30 15:19:07.836812-07:00,37.4286956317636,-122.17260852038036,False,5c:5a:c7:25:89:2e,-81.0,3,-95.0,3
110811b25cb9,17:06:54.463224,2026-05-01 17:06:54.463224-07:00,37.428403985616995,-122.17036644690369,True,08:4f:a9:3a:50:8e,-70.0,3,-95.33333333333331,3
110a99372628,18:06:12.838341,2026-05-11 18:06:12.838341-07:00,37.42779981784212,-122.17375460005852,False,a8:3a:79:83:4d:d2,-88.0,3,-96.0,3
112de167bea5,16:21:27.163534,2026-04-30 16:21:27.163534-07:00,37.42772746037867,-122.17231560333698,False,a8:3a:79:c7:5d:92,-84.33333333333333,3,-96.0,3
112f5f42b1af,17:44:54.445309,2026-05-11 17:44:54.445309-07:00,37.42765773226034,-122.16965855965395,False,failed to retrieve BSSID,,0,,0
114b8dcf87bb,17:13:16.660132,2026-04-27 17:13:16.660132-07:00,37.429398712778095,-122.17188636766126,False,54:33:c6:b6:47:82,-78.66666666666667,3,-90.0,3
11584199a5ff,18:00:20.514736,2026-05-11 18:00:20.514736-07:00,37.42828938342463,-122.17091877160392,False,a0:b4:39:b4:0b:ce,-82.33333333333333,3,-96.0,2
11876be2ef12,18:06:08.831406,2026-05-11 18:06:08.831406-07:00,37.42780956096977,-122.173773900126,False,a8:3a:79:83:4d:d2,-87.66666666666667,3,-96.0,3
118b6a04df7c,17:32:29.736708,2026-05-11 17:32:29.736708-07:00,37.42721125112438,-122.16943424404916,False,00:3e:73:a2:97:f2,-76.0,3,-95.0,3
11a7ba2b3ef9,17:39:30.128027,2026-05-11 17:39:30.128027-07:00,37.42751655845919,-122.16964036409466,False,a0:3d:6f:89:36:2e,-81.0,3,-97.0,3
11d581d23c27,15:42:01.763789,2026-04-30 15:42:01.763789-07:00,37.42867749575452,-122.17284678629773,True,5c:5a:c7:27:f0:ee,-50.666666666666664,3,,0
120095f1e944,17:06:29.445925,2026-05-01 17:06:29.445925-07:00,37.428349249734055,-122.1704301584677,True,bc:26:c7:6d:c1:0e,-48.333333333333336,3,-97.0,3
1216aa2cf16a,16:06:30.250977,2026-04-30 16:06:30.250977-07:00,37.42739886468809,-122.1725620345991,True,7c:ad:4f:67:6b:ae,-70.0,3,-96.0,3
121dbf36bcda,15:47:18.485475,2026-04-30 15:47:18.485475-07:00,37.4279592809196,-122.1725672350869,False,64:3a:ea:93:ec:6e,-70.33333333333333,3,-96.0,3
1229ba505efc,15:20:02.886164,2026-04-30 15:20:02.886164-07:00,37.42836538534659,-122.172180299959,False,5c:5a:c7:10:01:ce,-76.66666666666667,3,-95.0,3
12361e47697b,16:17:26.849422,2026-04-30 16:17:26.849422-07:00,37.42747328555611,-122.17260756866337,True,7c:ad:4f:67:6b:ae,-69.0,3,-96.0,3
1257a7abb4b5,15:40:17.637559,2026-04-30 15:40:17.637559-07:00,37.42857886506432,-122.17272740700628,True,78:bc:1a:2f:fa:ce,-63.333333333333336,3,-98.0,3
1267070f6d95,17:17:14.914718,2026-05-01 17:17:14.914718-07:00,37.42813156628905,-122.17103238003725,True,70:90:41:e0:4c:d2,-66.33333333333333,3,-98.0,3
1268f19f576e,14:28:30.703681,2026-05-02 14:28:30.703681-07:00,37.43025155775746,-122.17199287467896,True,a8:3a:79:c6:a8:92,-76.33333333333333,3,,0
12c5022a441e,18:14:47.506698,2026-05-11 18:14:47.506698-07:00,37.42943683741316,-122.171902436873,False,54:33:c6:b6:47:82,-76.0,3,-94.0,3
12d4f807d0fc,17:15:29.826451,2026-05-01 17:15:29.826451-07:00,37.427911872453926,-122.17052474335053,False,a8:3a:79:c9:bf:d2,-82.33333333333333,3,-97.0,2
12e5b669ce2c,14:45:02.053640,2026-05-02 14:45:02.053640-07:00,37.43025172216919,-122.172843493265,False,90:77:ee:88:1e:8e,-62.0,3,-97.0,3
12e683e86988,15:24:35.080510,2026-05-08 15:24:35.080510-07:00,37.43011873684086,-122.17276550058666,False,a8:3a:79:c6:81:92,-69.0,3,-95.0,2
12fa9cfc41a5,18:04:04.706433,2026-05-11 18:04:04.706433-07:00,37.42736560323268,-122.1732251020772,False,70:70:8b:80:d0:ee,-75.0,3,-96.0,1
1352021c7e51,17:30:13.608874,2026-05-11 17:30:13.608874-07:00,37.42760737992202,-122.17108600375175,False,a8:53:7d:8c:1b:12,-81.33333333333333,3,-96.0,3
1369dd6405d9,16:59:59.148189,2026-05-01 16:59:59.148189-07:00,37.42879840110815,-122.1711742756432,True,40:ce:24:9b:bf:6e,-72.66666666666667,3,-96.0,3
136bf2011e53,14:23:02.402839,2026-05-02 14:23:02.402839-07:00,37.429586416293205,-122.17226016261962,False,54:33:c6:b6:57:52,-73.66666666666667,3,-97.0,2
1391c949b7bc,17:13:01.652060,2026-04-27 17:13:01.652060-07:00,37.429356030630686,-122.17175032945414,False,54:33:c6:c6:79:e2,-76.66666666666667,3,-94.0,3
13c355e73173,16:15:01.406773,2026-04-30 16:15:01.406773-07:00,37.427379722494855,-122.17285378899226,True,bc:26:c7:6d:23:8e,-79.66666666666667,3,-97.0,3
13cc1f459d0d,16:15:48.409784,2026-04-30 16:15:48.409784-07:00,37.42741984501541,-122.17243771105528,False,bc:26:c7:bc:92:2e,-74.0,3,-98.0,3
13d6a3762094,15:24:39.308312,2026-04-30 15:24:39.308312-07:00,37.428171228548806,-122.17222012675916,False,64:3a:ea:93:fc:0e,-64.33333333333333,3,-97.0,3
13f15cfc8f06,14:48:18.231686,2026-05-02 14:48:18.231686-07:00,37.43001349308417,-122.1728503141036,False,a8:3a:79:c7:70:62,-72.33333333333333,3,-97.0,2
13f555a5ade8,17:53:37.864408,2026-05-11 17:53:37.864408-07:00,37.42755858091787,-122.17052708049977,False,64:3a:ea:93:ec:6e,-80.33333333333333,3,-97.0,3
13fe3fbaadb1,14:38:31.210830,2026-05-02 14:38:31.210830-07:00,37.43029777730481,-122.17316161964315,True,a8:3a:79:c5:a4:d2,-82.33333333333333,3,-97.0,1
140c16c3aef6,17:31:49.703732,2026-05-11 17:31:49.703732-07:00,37.42726144646246,-122.16985727097116,False,f8:6b:d9:e7:48:ae,-72.0,3,-99.0,3
1417b5f2797d,15:28:36.615177,2026-05-08 15:28:36.615177-07:00,37.42996206212936,-122.17231662900532,False,a8:3a:79:c7:d2:52,-73.66666666666667,3,-98.0,2
14206a32d06c,17:18:14.968672,2026-05-01 17:18:14.968672-07:00,37.42803411964339,-122.17103220927984,False,c8:78:67:70:6b:a2,-69.0,3,-89.0,3
143ff88d326b,16:18:31.886678,2026-04-30 16:18:31.886678-07:00,37.42783002983494,-122.1728824466121,True,a8:3a:79:c7:47:52,-66.0,3,-97.0,3
14435855aa17,14:53:14.441814,2026-05-02 14:53:14.441814-07:00,37.43022485271755,-122.17158785031144,False,00:f6:63:28:19:0e,-67.33333333333333,3,-93.0,3
148d3278d0dc,14:37:27.163043,2026-05-02 14:37:27.163043-07:00,37.430391155788335,-122.1727377637182,False,a8:3a:79:c7:b2:d2,-65.0,3,-95.0,3
14a94ad6ea0e,17:25:21.465215,2026-05-11 17:25:21.465215-07:00,37.42715745432334,-122.1704600519177,False,1c:6a:7a:83:2a:4e,-62.333333333333336,3,-96.0,3
14dbbe1bb1f9,14:44:38.054344,2026-05-02 14:44:38.054344-07:00,37.43009477579427,-122.1729182856008,False,90:77:ee:88:1e:8e,-68.66666666666667,3,-97.0,3
14fed3d2cec0,15:17:27.767740,2026-04-30 15:17:27.767740-07:00,37.42863703697792,-122.17199845365415,False,a8:3a:79:c4:5f:52,-77.33333333333333,3,-97.0,3
150783fb9a68,17:50:33.685859,2026-05-11 17:50:33.685859-07:00,37.42786203450428,-122.17059256702856,False,a8:53:7d:8c:32:22,-57.0,3,-98.0,3
152f0e330e29,17:26:17.454954,2026-05-11 17:26:17.454954-07:00,37.42709162883113,-122.17018691457218,False,00:6b:f1:9c:23:fe,-72.66666666666667,3,-97.0,3
154cefa83420,17:21:30.085972,2026-05-01 17:21:30.085972-07:00,37.42752792015192,-122.17181323812468,True,5c:5a:c7:0d:0a:6e,-67.0,3,-97.0,2
154e42a5d222,17:30:09.595073,2026-05-11 17:30:09.595073-07:00,37.427597091089574,-122.17112284699226,False,04:cd:c0:06:ef:52,-81.0,3,-97.66666666666669,3
155faa2b4ccb,16:04:06.509448,2026-05-01 16:04:06.509448-07:00,37.42919420643146,-122.17263564337036,False,c8:78:67:36:40:52,-63.0,3,-96.0,3
15ab35215db2,15:50:07.680440,2026-05-08 15:50:07.680440-07:00,37.42916562450765,-122.1703139724494,False,a0:b4:39:78:aa:6e,-76.0,3,-97.0,3
15b867c8c17c,15:42:14.447797,2026-05-08 15:42:14.447797-07:00,37.42910406127714,-122.1699027566371,False,08:4f:a9:5b:b5:61,-91.0,3,-97.0,3
15c60cfa1aad,17:28:13.506949,2026-05-11 17:28:13.506949-07:00,37.42719914884956,-122.1701724074936,False,a8:53:7d:8c:1b:12,-78.33333333333333,3,-97.0,3
15cd8e022d67,17:21:09.209813,2026-05-11 17:21:09.209813-07:00,37.42768478638931,-122.1712913256969,False,04:cd:c0:03:92:e2,-85.33333333333333,3,-97.0,2
15d2f039d252,17:43:30.366834,2026-05-11 17:43:30.366834-07:00,37.42763500855859,-122.16992705442766,False,70:61:7b:d7:4c:ee,-69.33333333333333,3,-99.0,3
15dd5b53d795,16:02:01.421521,2026-05-01 16:02:01.421521-07:00,37.429325905598155,-122.17351944624696,True,a0:3d:6f:98:06:0d,-54.333333333333336,3,-97.0,3
1609e7a4e216,15:42:26.455270,2026-05-08 15:42:26.455270-07:00,37.42907142297413,-122.16974255066567,False,08:4f:a9:5b:b5:61,-88.33333333333333,3,-93.0,3
160df623a9be,17:53:33.875684,2026-05-11 17:53:33.875684-07:00,37.4275328267189,-122.17048191316346,False,64:3a:ea:93:ec:6e,-79.33333333333333,3,-97.0,3
16332dbb2737,14:29:54.776054,2026-05-02 14:29:54.776054-07:00,37.43009917921983,-122.1719940328797,True,a8:3a:79:c5:ca:d2,-56.666666666666664,3,,0
16422ee50180,17:11:14.628250,2026-05-01 17:11:14.628250-07:00,37.42821341526068,-122.16962703308964,True,40:ce:24:d6:c7:ce,-71.0,3,-96.0,3
168d3e535366,17:44:46.433470,2026-05-11 17:44:46.433470-07:00,37.42763386142077,-122.16956314184704,False,c8:78:67:6e:a1:12,-89.0,3,-91.0,3
1696ee42ea01,15:27:47.267157,2026-05-08 15:27:47.267157-07:00,37.429835979704976,-122.17239644572186,True,a8:3a:79:c7:d2:52,-61.0,3,-98.0,3
16b596c5a9a2,14:52:56.794145,2026-05-01 14:52:56.794145-07:00,37.42913094793188,-122.17302127205848,True,50:1c:bf:d6:51:00,-62.666666666666664,3,-91.0,3
16e040f9cb66,17:18:19.963619,2026-05-01 17:18:19.963619-07:00,37.42806732691012,-122.17109351711376,False,c8:78:67:70:6b:a2,-78.0,3,-94.0,3
1700ad86e5f0,17:09:24.567719,2026-05-01 17:09:24.567719-07:00,37.42852044670656,-122.16979743717224,False,bc:26:c7:5b:83:0e,-87.0,3,-95.0,3
17333fa6923f,14:26:02.543348,2026-05-02 14:26:02.543348-07:00,37.42998850603991,-122.17148934786482,True,a8:3a:79:c5:74:92,-76.33333333333333,3,-98.0,3
174252ca4324,15:32:49.461898,2026-04-30 15:32:49.461898-07:00,37.428634950225394,-122.1726753331812,True,78:bc:1a:32:ba:8e,-67.0,3,-97.0,3
17471e7a1b4b,17:22:15.133614,2026-05-01 17:22:15.133614-07:00,37.427543230806094,-122.1716786508414,True,5c:5a:c7:27:f7:ce,-58.333333333333336,3,-97.0,3
1749034ac3ec,16:19:26.943202,2026-04-30 16:19:26.943202-07:00,37.42784879954315,-122.1729440609974,True,a8:3a:79:c9:b3:52,-64.0,3,-98.0,3
174ec5735221,18:02:00.554103,2026-05-11 18:02:00.554103-07:00,37.42781710694095,-122.17211305452412,False,64:3a:ea:93:ec:6e,-55.0,3,-96.0,3
17ba96279c2e,17:04:59.365297,2026-05-01 17:04:59.365297-07:00,37.42872377268138,-122.17045748508929,False,bc:26:c7:71:89:ae,-49.666666666666664,3,-97.0,3
17c6f3319aab,17:23:30.167074,2026-05-01 17:23:30.167074-07:00,37.42775843238676,-122.17184400849116,False,64:3a:ea:93:fc:0e,-75.66666666666667,3,-97.0,3
17c86106f620,14:52:58.413094,2026-05-02 14:52:58.413094-07:00,37.430191235034506,-122.17169966692325,False,54:33:c6:c6:7f:92,-68.66666666666667,3,-97.0,3
17df4be77bff,17:32:01.688102,2026-05-11 17:32:01.688102-07:00,37.42715159906234,-122.16970604407535,False,f8:6b:d9:e7:48:ae,-66.33333333333333,3,-99.0,3
17fb5f50bc12,15:25:15.127929,2026-05-08 15:25:15.127929-07:00,37.42976890471533,-122.17278854870378,False,a8:3a:79:c7:dc:52,-59.333333333333336,3,,0
180fc5e1f16a,17:38:26.090845,2026-05-11 17:38:26.090845-07:00,37.42735157874058,-122.16966656607536,False,a0:3d:6f:89:36:2e,-81.33333333333333,3,-96.0,3
18336bfafd34,17:12:34.707609,2026-05-01 17:12:34.707609-07:00,37.42851508821432,-122.16948601561285,False,bc:26:c7:65:5f:2e,-70.66666666666667,3,,0
1848dff217a8,17:25:20.236898,2026-05-01 17:25:20.236898-07:00,37.42847183958448,-122.17159852367824,False,64:3a:ea:93:fc:0e,-75.66666666666667,3,,0
18725edd9c5a,15:47:26.481521,2026-04-30 15:47:26.481521-07:00,37.42796668902224,-122.1724754857744,False,64:3a:ea:93:ec:6e,-64.0,3,-98.0,3
18859dc9c39f,14:32:50.916060,2026-05-02 14:32:50.916060-07:00,37.43002008822068,-122.17211188632324,True,a8:3a:79:ca:fb:12,-62.333333333333336,3,-95.0,3
1888e55a8edf,17:03:09.290022,2026-05-01 17:03:09.290022-07:00,37.42853623426619,-122.1708871756533,True,a0:b4:39:80:a7:6e,-71.66666666666667,3,-98.0,3
18a624005189,17:20:41.166436,2026-05-11 17:20:41.166436-07:00,37.42804791230328,-122.1711881291022,False,a8:3a:79:c8:96:22,-83.33333333333333,3,-82.0,3
18b1b2ab2b2f,17:20:48.421066,2026-04-27 17:20:48.421066-07:00,37.42903985360823,-122.17226509682928,True,a8:3a:79:c7:75:12,-71.66666666666667,3,,0
18dc646d78de,17:54:29.903387,2026-05-11 17:54:29.903387-07:00,37.42795500606078,-122.17081614666996,False,a8:3a:79:c8:86:92,-71.0,3,,0
196b488fedb7,17:51:17.769783,2026-05-11 17:51:17.769783-07:00,37.42772746758136,-122.17001348900506,False,70:61:7b:d7:4c:ee,-50.333333333333336,3,-97.66666666666669,3
197deb4e2de7,15:40:05.629100,2026-04-30 15:40:05.629100-07:00,37.428412442058445,-122.17279697820209,True,78:bc:1a:2f:fa:ce,-74.0,3,,0
198633088e14,15:49:10.594554,2026-04-30 15:49:10.594554-07:00,37.4276747569834,-122.17280727827082,False,50:2f:a8:d3:57:0e,-77.0,3,-96.0,2
19955161b2b5,17:53:53.834803,2026-05-11 17:53:53.834803-07:00,37.42768321815789,-122.17069911447396,False,a8:3a:79:c8:82:d2,-89.0,3,-97.0,3
19af224a474c,18:05:16.772259,2026-05-11 18:05:16.772259-07:00,37.42746236986606,-122.17378867856492,False,7c:ad:4f:75:2f:2e,-71.33333333333333,3,-97.0,3
19b19d5acc3a,17:58:44.399005,2026-05-11 17:58:44.399005-07:00,37.42807959958028,-122.16982294843692,False,70:70:8b:90:2b:8e,-88.0,3,-91.0,2
19e7be0addc5,17:43:38.351451,2026-05-11 17:43:38.351451-07:00,37.42758096106628,-122.16985230903155,False,a0:3d:6f:89:36:2e,-71.33333333333333,3,-96.0,1
1a3207675122,15:48:03.579887,2026-05-08 15:48:03.579887-07:00,37.429930499220106,-122.16945051170109,False,a8:53:7d:96:48:35,-88.0,2,,0
1a5974cc5863,18:04:00.695589,2026-05-11 18:04:00.695589-07:00,37.42736936757498,-122.1731584277094,False,70:70:8b:6a:fa:6e,-80.33333333333333,3,-97.0,2
1aab74c0602e,17:08:19.508378,2026-05-01 17:08:19.508378-07:00,37.42861983243995,-122.17027441285944,True,bc:26:c7:71:89:ae,-49.666666666666664,3,-97.0,3
1aad307cc4ee,15:32:03.914928,2026-05-08 15:32:03.914928-07:00,37.430520742926525,-122.17156308777577,True,cc:16:7e:ca:04:5e,-69.66666666666667,3,-96.0,3
1aaddbdddbb3,17:05:59.426593,2026-05-01 17:05:59.426593-07:00,37.42842576704616,-122.17052096166208,True,08:4f:a9:33:4c:ee,-74.33333333333333,3,-97.0,3
1ab4e318a5e0,15:34:41.603408,2026-04-30 15:34:41.603408-07:00,37.42852860804083,-122.17275740758204,True,bc:26:c7:5d:1a:ee,-60.0,3,-96.0,3
1ad650577332,16:08:15.343221,2026-04-30 16:08:15.343221-07:00,37.42747368845512,-122.17317071529278,True,ac:4a:67:d8:b9:ae,-66.33333333333333,3,-96.0,2
1b015feabbe8,17:04:34.374915,2026-05-01 17:04:34.374915-07:00,37.42874373447969,-122.17058797108336,False,a0:b4:39:b4:0c:0e,-82.33333333333333,3,-97.0,1
1b105dce605b,15:35:29.649826,2026-04-30 15:35:29.649826-07:00,37.428234101163994,-122.17273203630316,True,a8:3a:79:ca:fc:22,-59.333333333333336,3,-95.0,3
1b1daf4aeb4a,14:53:21.805953,2026-05-01 14:53:21.805953-07:00,37.429057958164115,-122.17310852364568,True,50:1c:bf:d6:51:00,-60.0,3,-92.0,3
1b32582b74ee,17:09:34.583160,2026-05-01 17:09:34.583160-07:00,37.42850908341221,-122.16965646199525,False,bc:26:c7:5b:83:0e,-87.0,3,-96.0,3
1b33ede5c034,17:42:18.297722,2026-05-11 17:42:18.297722-07:00,37.42779707088383,-122.17082331999195,False,a8:53:7d:8c:32:22,-74.33333333333333,3,-97.0,3
1b4b11a254e8,14:52:50.426189,2026-05-02 14:52:50.426189-07:00,37.430124146698695,-122.17172451661664,False,54:33:c6:c6:7f:92,-62.666666666666664,3,-96.0,3
1b618035b5a8,14:28:54.695213,2026-05-02 14:28:54.695213-07:00,37.4301742454488,-122.17206714879428,True,a8:3a:79:c5:7a:92,-69.66666666666667,3,-96.0,3
1b860764a27f,15:41:54.415866,2026-05-08 15:41:54.415866-07:00,37.42917705384834,-122.1701586325093,False,a0:b4:39:78:b1:e1,-90.0,3,,0
1b8b1567b8b6,14:28:06.700737,2026-05-02 14:28:06.700737-07:00,37.43021119363801,-122.17186964621764,True,a8:3a:79:c6:a8:92,-60.666666666666664,3,,0
1b9216c2fe8a,17:45:14.443403,2026-05-11 17:45:14.443403-07:00,37.42769728957641,-122.16992452899343,False,failed to retrieve BSSID,,0,,0
1b9ce739688e,17:52:21.793841,2026-05-11 17:52:21.793841-07:00,37.42737383942563,-122.16945698496576,False,a8:53:7d:8c:31:92,-78.33333333333333,3,-97.0,3
1bbb57f2e5ff,15:39:29.601284,2026-04-30 15:39:29.601284-07:00,37.42823858498532,-122.17282385777006,True,a8:3a:79:d3:d9:92,-50.333333333333336,3,-98.0,3
1c088de28bc9,14:54:06.496179,2026-05-02 14:54:06.496179-07:00,37.430009422429066,-122.17121499330791,False,00:f6:63:28:19:01,-83.0,3,-97.0,3
1c157531e843,15:25:31.146212,2026-05-08 15:25:31.146212-07:00,37.42967985003969,-122.17241333203503,False,a8:3a:79:c7:58:52,-66.0,3,-95.0,1
1c25c02293b1,18:01:56.577697,2026-05-11 18:01:56.577697-07:00,37.42786388343057,-122.17209462644392,False,64:3a:ea:93:ec:6e,-59.333333333333336,3,-96.0,3
1c3d49b037aa,15:59:51.320473,2026-05-01 15:59:51.320473-07:00,37.429124886673534,-122.17362413478592,True,a0:3d:6f:98:06:0d,-33.666666666666664,3,-97.0,3
1c65715fd99c,17:25:05.236387,2026-05-01 17:25:05.236387-07:00,37.428394001533526,-122.17151392863312,False,70:db:98:33:49:7e,-59.666666666666664,3,-97.0,3
1c866a17677f,14:44:08.310813,2026-05-02 14:44:08.310813-07:00,37.42993409382458,-122.17306367612802,False,failed to retrieve BSSID,-78.0,2,,0
1c91ca28e242,17:30:37.623030,2026-05-11 17:30:37.623030-07:00,37.42743479022313,-122.17078368106644,False,a8:53:7d:8c:1b:12,-90.0,3,-96.0,3
1cb716f5dd63,17:31:53.699664,2026-05-11 17:31:53.699664-07:00,37.42720433770491,-122.16978147634003,False,f8:6b:d9:e7:48:ae,-71.33333333333333,3,-99.0,3
1cb85a5777ae,14:52:42.413513,2026-05-02 14:52:42.413513-07:00,37.430126609960425,-122.17176265998938,False,54:33:c6:c6:7f:92,-64.33333333333333,3,-96.0,3
1cc68a5e2d05,14:42:40.222446,2026-05-02 14:42:40.222446-07:00,37.43012869743561,-122.17341260664404,True,ee:9e:28:db:0c:ab,-67.0,3,-86.0,3
1cda7d6700fd,17:46:22.503586,2026-05-11 17:46:22.503586-07:00,37.4279219849651,-122.17096479142596,False,failed to retrieve BSSID,,0,,0
1cf4843367c3,17:07:24.483104,2026-05-01 17:07:24.483104-07:00,37.42849050475728,-122.17033330512989,True,08:4f:a9:43:b0:4e,-71.66666666666667,3,-95.0,3
1d15fb81f9cf,15:48:43.631785,2026-05-08 15:48:43.631785-07:00,37.429683842524625,-122.1696847898504,False,failed to retrieve BSSID,,0,,0
1d23f36010da,17:19:57.145648,2026-05-11 17:19:57.145648-07:00,37.428163659362134,-122.17168693068048,False,64:3a:ea:93:fc:0e,-64.33333333333333,3,-97.0,3
1d3d8cd84da4,14:29:14.740056,2026-05-02 14:29:14.740056-07:00,37.43012399345705,-122.17209265386596,True,a8:3a:79:c5:7a:92,-72.66666666666667,3,-98.0,3
1d413ac46961,17:09:14.537969,2026-05-01 17:09:14.537969-07:00,37.42855163318493,-122.16994660298045,False,bc:26:c7:5b:83:0e,-81.0,3,-95.0,3
1d6969406c64,15:48:30.541084,2026-04-30 15:48:30.541084-07:00,37.4275134560186,-122.17243737828753,False,64:3a:ea:93:ec:6e,-73.66666666666667,3,-96.0,3
1d80cf969d16,14:34:31.014090,2026-05-02 14:34:31.014090-07:00,37.42975603442652,-122.17209172738605,False,54:33:c6:c6:73:62,-70.66666666666667,3,,0
1d90c416add0,18:14:59.526742,2026-05-11 18:14:59.526742-07:00,37.42940592621501,-122.17176330655872,False,54:33:c6:b6:47:82,-84.33333333333333,3,-96.0,3
1d90e8fa6097,15:23:15.032043,2026-05-08 15:23:15.032043-07:00,37.43010808737482,-122.17269257276568,False,a8:3a:79:c7:d9:52,-52.666666666666664,3,-96.0,3
1d96479cd290,15:49:26.594104,2026-04-30 15:49:26.594104-07:00,37.42765412155168,-122.17294948761744,False,50:2f:a8:d3:57:0e,-79.66666666666667,3,-98.0,3
1da31cf70db6,14:39:03.242474,2026-05-02 14:39:03.242474-07:00,37.430048993016875,-122.17318894725524,True,a8:3a:79:c7:bb:d2,-87.33333333333333,3,,0
1dafc90c7d20,14:35:39.078308,2026-05-02 14:35:39.078308-07:00,37.42994755703744,-122.17227197509284,False,a8:3a:79:c7:82:52,-61.0,3,-97.0,3
1db5d967ba77,14:33:14.941638,2026-05-02 14:33:14.941638-07:00,37.43006724885107,-122.17198640394746,True,a8:3a:79:c7:cd:52,-72.33333333333333,3,-97.0,3
1dd35d691959,17:19:43.355547,2026-04-27 17:19:43.355547-07:00,37.428812794744275,-122.17210332903932,True,a8:3a:79:c3:7d:52,-46.0,3,-96.0,3
1de3caf45122,15:40:37.653353,2026-04-30 15:40:37.653353-07:00,37.42861770821848,-122.17252165859428,True,bc:26:c7:77:1f:8e,-76.33333333333333,3,-96.0,2
1deefd3b9203,15:39:01.266379,2026-05-08 15:39:01.266379-07:00,37.42986039028521,-122.1708043169548,False,failed to retrieve BSSID,,0,,0
1e3a64ca5ec8,17:34:29.842165,2026-05-11 17:34:29.842165-07:00,37.42744154664504,-122.17089533869756,False,a8:53:7d:8c:32:42,-77.66666666666667,3,-97.0,3
1e5415815b89,15:24:09.294040,2026-04-30 15:24:09.294040-07:00,37.42823320371755,-122.17219677777418,False,64:3a:ea:93:fc:0e,-64.0,3,-97.0,3
1e676eae48e0,14:41:32.180025,2026-05-02 14:41:32.180025-07:00,37.43018539812927,-122.17384033749352,True,f6:cb:bc:8e:80:be,-65.33333333333333,3,-89.0,3
1e6fdbe4cc7d,17:40:06.206823,2026-05-11 17:40:06.206823-07:00,37.42750564926441,-122.17005390094155,False,64:3a:ea:93:ec:6e,-87.0,3,-97.0,3
1e9e144e2037,17:30:01.562038,2026-05-11 17:30:01.562038-07:00,37.42754808838482,-122.17118091650556,False,04:cd:c0:06:ef:52,-77.33333333333333,3,-98.0,3
1eb0b118bde8,15:44:21.617441,2026-04-30 15:44:21.617441-07:00,37.42852828282272,-122.17258058638,True,5c:5a:c7:10:01:4e,-67.66666666666667,3,-94.0,3
1eb667ec4aeb,15:18:33.616808,2026-04-30 15:18:33.616808-07:00,37.42877077323657,-122.17278561112045,False,failed to retrieve BSSID,,0,,0
1f0048a26254,16:19:41.944285,2026-04-30 16:19:41.944285-07:00,37.42788016760796,-122.1730294064284,True,a8:3a:79:c7:8f:d2,-62.333333333333336,3,,0
1f081c6851b1,16:20:46.990181,2026-04-30 16:20:46.990181-07:00,37.427779890737625,-122.17268433854431,True,a8:3a:79:c7:64:92,-64.33333333333333,3,-95.0,3
1f13f49914ef,14:51:26.361123,2026-05-02 14:51:26.361123-07:00,37.42986550037232,-122.1723881326325,False,54:33:c6:b6:57:52,-59.666666666666664,3,-96.66666666666669,3
1f1be8a32c8f,15:50:10.658439,2026-04-30 15:50:10.658439-07:00,37.42800232467804,-122.17322328327396,False,3c:51:0e:f9:93:8e,-63.0,3,-97.0,3
1f6b76445698,15:27:23.128196,2026-04-30 15:27:23.128196-07:00,37.428547496236085,-122.17272497779646,True,5c:5a:c7:10:01:4e,-46.666666666666664,3,-95.0,3
1f763ece9975,14:57:53.597161,2026-05-01 14:57:53.597161-07:00,37.42915050266002,-122.17351673894936,True,a0:3d:6f:a5:4d:ed,-58.0,3,-96.0,3
1f944867733b,18:01:52.555595,2026-05-11 18:01:52.555595-07:00,37.42789483622261,-122.17206980435972,False,64:3a:ea:93:ec:6e,-59.0,3,-96.0,3
1f9ac3c885b1,15:51:59.783514,2026-05-08 15:51:59.783514-07:00,37.429092508323784,-122.1715071102678,False,40:ce:24:8d:61:ee,-81.66666666666667,3,-97.0,3
1fa2d18a891a,17:22:53.259602,2026-05-11 17:22:53.259602-07:00,37.42733216388212,-122.17120937028896,False,00:5d:73:7d:b2:2e,-75.0,3,-99.0,3
1fa341868ef2,17:12:54.698583,2026-05-01 17:12:54.698583-07:00,37.428383497081015,-122.16967226532614,False,70:70:8b:59:32:8e,-83.33333333333333,3,-97.0,3
1faab27008c1,17:16:31.853957,2026-04-27 17:16:31.853957-07:00,37.428684116340726,-122.17226209136116,False,c8:78:67:35:ee:52,-88.66666666666667,3,-95.66666666666669,3
1fabb9832f0e,17:29:49.584675,2026-05-11 17:29:49.584675-07:00,37.42744583244429,-122.17131666572104,False,04:cd:c0:06:b2:52,-80.0,3,-97.0,3
1fc6e4f0113a,16:21:52.174469,2026-04-30 16:21:52.174469-07:00,37.4280035423647,-122.17219323019508,False,a8:3a:79:c7:9f:12,-89.0,3,,0
2031e6b12d5f,17:28:41.531102,2026-05-11 17:28:41.531102-07:00,37.42722059031126,-122.17050628514215,False,04:cd:c0:06:b2:52,-83.0,3,-95.0,3
20430605eefa,17:47:38.579723,2026-05-11 17:47:38.579723-07:00,37.42789582920639,-122.17073498305476,False,a8:3a:79:c8:86:a2,-73.0,3,-93.0,1
205dd9171033,17:52:57.829993,2026-05-11 17:52:57.829993-07:00,37.42763189733806,-122.16991046328415,False,a8:53:7d:8c:32:42,-73.33333333333333,3,-96.0,3
2086bfea3736,16:07:20.295249,2026-04-30 16:07:20.295249-07:00,37.427559548178714,-122.17286974475748,True,bc:26:c7:5d:13:ce,-65.66666666666667,3,-96.0,3
20947cdcbfbf,14:40:48.131752,2026-05-02 14:40:48.131752-07:00,37.43000918294843,-122.1736133277191,True,f6:cb:bc:8e:80:be,-82.66666666666667,3,-95.0,3
20b4391d0ad1,14:38:15.168797,2026-05-02 14:38:15.168797-07:00,37.43028961198715,-122.1730354940752,False,a8:3a:79:c7:b2:d2,-78.66666666666667,3,-96.0,2
20b94ff98ea9,17:36:38.020791,2026-05-11 17:36:38.020791-07:00,37.4274717290128,-122.17027312733217,False,64:3a:ea:93:ec:6e,-80.33333333333333,3,-97.0,3
20cfbfa0362f,16:06:11.595838,2026-05-01 16:06:11.595838-07:00,37.42862398744035,-122.17155808792998,False,70:db:98:2c:f2:1e,-59.333333333333336,3,-98.0,1
20e33563cbda,17:34:17.835521,2026-05-11 17:34:17.835521-07:00,37.42746916014958,-122.17075141425543,False,a8:53:7d:8c:32:42,-71.0,3,-97.0,3
212efea74478,14:43:16.246586,2026-05-02 14:43:16.246586-07:00,37.43023324294583,-122.17334608477502,True,ee:9e:28:db:0c:ab,-74.0,3,-86.0,3
214a594a0e23,15:38:57.254020,2026-05-08 15:38:57.254020-07:00,37.42988823260983,-122.1707925250498,False,failed to retrieve BSSID,-89.0,1,,0
215d16fa9729,16:19:56.967239,2026-04-30 16:19:56.967239-07:00,37.42788363488566,-122.17313186959495,True,a8:3a:79:c7:8f:d2,-55.0,3,,0
21694f83fd14,17:38:22.088168,2026-05-11 17:38:22.088168-07:00,37.42737190030923,-122.16974536312216,False,a0:3d:6f:89:36:2e,-79.0,3,-96.0,3
21e142955799,14:53:01.782243,2026-05-01 14:53:01.782243-07:00,37.42913094793188,-122.17302127205848,True,50:1c:bf:d6:51:00,-58.666666666666664,3,-90.33333333333331,3
22187c32eedb,14:48:10.228079,2026-05-02 14:48:10.228079-07:00,37.429953486675736,-122.1728635991646,False,a8:3a:79:c7:70:62,-74.66666666666667,3,-97.0,3
221b7d1d584b,16:12:31.290129,2026-04-30 16:12:31.290129-07:00,37.42748788629707,-122.17289237448044,True,68:9e:0b:87:01:4e,-77.66666666666667,3,-97.0,3
224faa5e9f4e,15:43:57.598764,2026-04-30 15:43:57.598764-07:00,37.42857007934295,-122.17278759647948,True,5c:5a:c7:10:01:4e,-64.66666666666667,3,-94.0,3
226b599b03c8,16:06:51.617990,2026-05-01 16:06:51.617990-07:00,37.42881884173876,-122.17141268229824,True,70:db:98:2c:f2:1e,-70.66666666666667,3,-98.0,3
2272381d31c0,15:29:44.675428,2026-05-08 15:29:44.675428-07:00,37.43053783520873,-122.17196501416636,False,90:77:ee:88:1e:8e,-77.0,3,-97.0,3
2274d032774e,16:07:15.286068,2026-04-30 16:07:15.286068-07:00,37.42751287195386,-122.1726641023585,True,bc:26:c7:5d:13:ce,-64.0,3,-96.0,3
227636beac9c,16:17:51.891615,2026-04-30 16:17:51.891615-07:00,37.42752335618883,-122.17267206120825,True,ac:7a:56:73:66:8e,-68.0,3,-97.0,3
2278247bf1d9,15:26:55.225541,2026-05-08 15:26:55.225541-07:00,37.429860362631175,-122.1723391713778,False,a8:3a:79:c7:7c:52,-65.33333333333333,3,-97.0,3
22ac8996fb81,17:08:39.505627,2026-05-01 17:08:39.505627-07:00,37.42863781087016,-122.17034111593806,True,bc:26:c7:71:89:ae,-55.666666666666664,3,-97.0,3
22b8b6d7af8b,17:49:25.654387,2026-05-11 17:49:25.654387-07:00,37.42793822564965,-122.17084962628836,False,a8:3a:79:c8:86:a2,-79.33333333333333,3,-95.0,3
22bed4c3a112,14:24:26.488039,2026-05-02 14:24:26.488039-07:00,37.42977707959581,-122.1717475423898,True,a8:3a:79:ca:ef:92,-65.66666666666667,3,-95.0,3
2335d66749f1,15:59:06.300126,2026-05-01 15:59:06.300126-07:00,37.42917609352933,-122.17361432113071,True,a0:3d:6f:98:06:0d,-42.0,3,-97.0,3
23676a6bb131,15:25:39.154561,2026-05-08 15:25:39.154561-07:00,37.42979739759438,-122.17243245522404,False,a8:3a:79:c7:58:52,-67.66666666666667,3,-95.0,3
23b4beff230f,15:27:33.152060,2026-04-30 15:27:33.152060-07:00,37.428547496236085,-122.17272497779646,True,5c:5a:c7:10:01:4e,-55.666666666666664,3,-95.0,3
23ce9a35db74,18:12:31.393410,2026-05-11 18:12:31.393410-07:00,37.42884888394558,-122.17330709258482,False,90:77:ee:88:1e:8e,-78.66666666666667,3,-97.0,3
23d331b94c24,15:24:23.075223,2026-05-08 15:24:23.075223-07:00,37.430144783259344,-122.1724604727244,True,a8:3a:79:c6:81:92,-60.333333333333336,3,-95.0,3
23da11594314,15:27:51.264475,2026-05-08 15:27:51.264475-07:00,37.429824031434165,-122.17243297149616,True,a8:3a:79:c7:d2:52,-58.0,3,-98.0,3
23f3e4e3ee29,18:10:03.239752,2026-05-11 18:10:03.239752-07:00,37.42808865965523,-122.17358126786868,False,3c:51:0e:f9:93:8e,-59.666666666666664,3,-97.0,3
24019dd2a56b,18:02:40.632013,2026-05-11 18:02:40.632013-07:00,37.4274285283334,-122.1722917200242,False,64:3a:ea:93:ec:6e,-81.0,3,-96.0,3
2421f7ddc941,15:37:41.197312,2026-05-08 15:37:41.197312-07:00,37.4304447366653,-122.1709315492544,False,00:f6:63:dd:61:c1,-86.66666666666667,3,-97.0,3
24438301cb6e,18:03:08.655041,2026-05-11 18:03:08.655041-07:00,37.42719106049733,-122.172510446192,False,64:3a:ea:93:ec:6e,-83.66666666666667,3,-96.0,3
244d16a1c2c7,17:34:25.844623,2026-05-11 17:34:25.844623-07:00,37.42744876784971,-122.17085302061584,False,a8:53:7d:8c:32:42,-74.66666666666667,3,-97.0,3
24d79b50bfc1,18:10:27.263033,2026-05-11 18:10:27.263033-07:00,37.428224132156046,-122.17379086950667,False,3c:51:0e:f9:93:8e,-71.66666666666667,3,-97.0,3
24e40c78efc2,16:04:31.517764,2026-05-01 16:04:31.517764-07:00,37.42884419504382,-122.17255826318672,False,5c:5a:c7:05:c0:ee,-61.333333333333336,3,-95.0,3
24e89e910773,17:11:34.625669,2026-05-01 17:11:34.625669-07:00,37.428185597820125,-122.16946319095776,True,70:70:8b:84:5b:ce,-61.333333333333336,3,-94.0,3
2501c9383414,14:38:23.191981,2026-05-02 14:38:23.191981-07:00,37.430311612100425,-122.1730616957291,False,a8:3a:79:c5:a4:d2,-73.66666666666667,3,-97.0,3
25127e751b5f,16:16:03.444448,2026-04-30 16:16:03.444448-07:00,37.427547412601726,-122.17240842884146,False,64:3a:ea:93:fc:0e,-75.0,3,-96.0,3
25190e0f731d,15:49:02.578143,2026-04-30 15:49:02.578143-07:00,37.42763997422801,-122.17273276940696,False,bc:26:c7:c3:91:2e,-74.0,3,-98.0,3
252200b37422,14:56:02.573044,2026-05-02 14:56:02.573044-07:00,37.42978196300364,-122.17127451553552,False,00:f6:63:28:19:01,-88.33333333333333,3,-94.33333333333331,3
25285156c452,14:22:26.401272,2026-05-02 14:22:26.401272-07:00,37.42927604564958,-122.17257017612252,False,c8:78:67:36:40:52,-79.33333333333333,3,-97.0,1
2555bb367a03,14:41:12.164748,2026-05-02 14:41:12.164748-07:00,37.43005081092592,-122.17384058357769,True,f6:cb:bc:8e:80:be,-68.33333333333333,3,-87.0,3
2556f313972d,14:23:10.422525,2026-05-02 14:23:10.422525-07:00,37.42963329932532,-122.1720881153856,False,54:33:c6:c6:79:c2,-77.0,3,-95.0,2
2558d66b4894,15:30:36.697645,2026-05-08 15:30:36.697645-07:00,37.43025850545441,-122.17157631251156,False,54:33:c6:c6:64:52,-67.0,3,-96.0,3
25663e2d3160,14:23:38.453458,2026-05-02 14:23:38.453458-07:00,37.429641825446,-122.17186909590008,False,54:33:c6:b6:45:b2,-54.0,3,-96.0,3
256eec7cb804,15:52:19.776126,2026-05-08 15:52:19.776126-07:00,37.42893627799359,-122.17160907087248,False,a8:3a:79:c4:86:a2,-77.66666666666667,3,-93.0,3
258d626eeef6,16:11:41.246697,2026-04-30 16:11:41.246697-07:00,37.42761654494029,-122.1732310339992,True,bc:26:c7:c3:91:2e,-72.0,3,-97.0,3
25a47ec37f1d,15:48:46.552245,2026-04-30 15:48:46.552245-07:00,37.42760890681185,-122.17257403782855,False,64:3a:ea:93:ec:6e,-85.66666666666667,3,-96.0,2
25e9c4a67ebf,14:23:54.470073,2026-05-02 14:23:54.470073-07:00,37.42994571754607,-122.1717458024638,False,54:33:c6:b6:45:b2,-71.33333333333333,3,-96.0,3
26126449b846,14:52:46.430579,2026-05-02 14:52:46.430579-07:00,37.43011291144136,-122.1717349714696,False,54:33:c6:c6:7f:92,-63.666666666666664,3,-96.0,3
262b6a9a8de8,15:27:23.243162,2026-05-08 15:27:23.243162-07:00,37.429850426356445,-122.1723402180775,True,a8:3a:79:c7:d2:52,-49.666666666666664,3,-98.0,3
262e12e876d2,18:14:43.513855,2026-05-11 18:14:43.513855-07:00,37.42944475288208,-122.17195833241412,False,54:33:c6:b6:47:82,-79.66666666666667,3,-95.0,3
263cc67d016b,17:28:33.520535,2026-05-11 17:28:33.520535-07:00,37.42719082498129,-122.17037543074716,False,04:cd:c0:06:b2:52,-82.0,3,,0
265ee8237433,17:32:13.706009,2026-05-11 17:32:13.706009-07:00,37.42710142574646,-122.16953846173696,False,00:3e:73:a2:97:f2,-67.0,3,-95.66666666666669,3
26744f0c7a79,15:22:46.991975,2026-05-08 15:22:46.991975-07:00,37.42984472750349,-122.172776161784,False,a8:3a:79:c7:ac:92,-68.0,3,-96.0,3
2679d87d1c9b,15:46:54.448694,2026-04-30 15:46:54.448694-07:00,37.427997988781314,-122.17279654378444,False,a8:3a:79:c7:6c:92,-83.66666666666667,3,-97.0,3
267b95e1bc1f,15:39:09.257962,2026-05-08 15:39:09.257962-07:00,37.429835342022336,-122.17083396745048,False,failed to retrieve BSSID,,0,,0
26941080a450,17:24:49.363685,2026-05-11 17:24:49.363685-07:00,37.42715260800748,-122.17046661722618,False,1c:6a:7a:83:2a:4e,-59.333333333333336,3,-95.33333333333331,3
269d85fc4018,16:07:05.297563,2026-04-30 16:07:05.297563-07:00,37.42747537853389,-122.17259132062584,True,bc:26:c7:5d:13:ce,-60.333333333333336,3,-96.0,3
26b9cf493f1a,17:14:56.758569,2026-04-27 17:14:56.758569-07:00,37.4289411445954,-122.17254791802496,False,a8:3a:79:c4:a8:12,-67.33333333333333,3,-97.0,3
26d46592c6ba,17:16:19.894159,2026-05-01 17:16:19.894159-07:00,37.42802557339498,-122.17095564681568,False,70:90:41:6b:d5:52,-38.0,3,-96.0,3
26dd178c5fb4,15:35:37.668927,2026-04-30 15:35:37.668927-07:00,37.42820535265057,-122.17256108243302,True,a8:3a:79:ca:fc:22,-72.0,3,-95.0,3
26fec8e3d980,16:12:21.282057,2026-04-30 16:12:21.282057-07:00,37.42748788629707,-122.17289237448044,True,ac:4a:67:d8:b9:ae,-74.0,3,-97.0,3
2706f81410e6,17:20:05.042419,2026-05-01 17:20:05.042419-07:00,37.42752817886418,-122.17130006721985,False,04:cd:c0:06:ef:52,-75.0,3,-97.0,3
27141a845840,14:40:24.113973,2026-05-02 14:40:24.113973-07:00,37.42998380516072,-122.17353673811516,True,ee:9e:38:db:0c:ab,-86.33333333333333,3,-99.0,3
272fe875f8b6,14:32:14.898378,2026-05-02 14:32:14.898378-07:00,37.42997086700328,-122.17183971929572,True,a8:3a:79:c8:a5:d2,-73.33333333333333,3,-99.0,3
27317bf77628,17:01:39.219996,2026-05-01 17:01:39.219996-07:00,37.42874911250639,-122.17084972647156,True,a0:b4:39:78:a6:ee,-42.666666666666664,3,-98.0,3
2735d3015e2e,17:14:29.770464,2026-05-01 17:14:29.770464-07:00,37.427755990040005,-122.16973862325172,False,a8:3a:79:c9:37:e2,-81.0,3,-96.0,3
274509d93584,17:52:41.793261,2026-05-11 17:52:41.793261-07:00,37.42750549501628,-122.16970808491266,False,00:3e:73:a2:98:12,-78.33333333333333,3,,0
2747625b3c7d,17:25:35.241663,2026-05-01 17:25:35.241663-07:00,37.42853524688521,-122.17175453697304,False,64:3a:ea:93:fc:0e,-78.0,3,-95.0,3
27686e5e34f9,17:46:06.493930,2026-05-11 17:46:06.493930-07:00,37.42789193636808,-122.17073439222536,False,failed to retrieve BSSID,,0,,0
278eddbc4b4f,17:19:45.144110,2026-05-11 17:19:45.144110-07:00,37.42825828034355,-122.1717331129448,False,64:3a:ea:93:fc:0e,-64.33333333333333,3,-97.0,3
2796b39ebe30,14:40:28.122781,2026-05-02 14:40:28.122781-07:00,37.42998380516072,-122.17353673811516,True,f6:cb:ac:90:70:5d,-88.0,3,,0
27a9d1d83ce3,15:21:42.895408,2026-05-08 15:21:42.895408-07:00,37.42974799851026,-122.17239848908582,False,54:33:c6:b6:47:62,-73.0,3,-98.0,1
27c73cb7d55d,17:37:10.001566,2026-05-11 17:37:10.001566-07:00,37.427558046004464,-122.17065201591195,False,64:3a:ea:93:fc:0e,-82.66666666666667,3,-96.33333333333331,3
27f65757bf3f,14:50:34.339145,2026-05-02 14:50:34.339145-07:00,37.42950926209441,-122.1724200780482,False,54:33:c6:c6:73:62,-74.66666666666667,3,-96.66666666666669,3
28bc097f4958,18:14:31.505061,2026-05-11 18:14:31.505061-07:00,37.42946674823447,-122.1721535659148,False,54:33:c6:b6:45:d2,-76.0,3,-91.0,3
28e55552a232,17:36:34.018696,2026-05-11 17:36:34.018696-07:00,37.42746085190473,-122.17023819670266,False,70:61:7b:d7:4c:ee,-84.33333333333333,3,-97.0,3
28e986d9370f,14:51:10.362911,2026-05-02 14:51:10.362911-07:00,37.429808120637944,-122.1724036801532,False,54:33:c6:b6:57:52,-58.333333333333336,3,-98.0,3
28f4e4037a7b,14:55:48.508931,2026-05-01 14:55:48.508931-07:00,37.429309757654224,-122.17386650772464,True,38:91:b7:79:19:0d,-71.0,3,-97.0,3
28ff7ba1413e,15:44:45.653655,2026-04-30 15:44:45.653655-07:00,37.42845117358883,-122.17227338721062,True,5c:5a:c7:10:01:4e,-77.66666666666667,3,-94.0,3
2909c9ef6153,17:42:42.300210,2026-05-11 17:42:42.300210-07:00,37.4276135627769,-122.17058583399476,False,a8:3a:79:c8:82:d2,-89.0,1,-97.0,1
291f79a2d158,17:22:35.117293,2026-05-01 17:22:35.117293-07:00,37.427576381762194,-122.17169705369815,True,5c:5a:c7:0a:cd:ae,-63.333333333333336,3,-97.0,3
29211a03ad65,15:18:37.826894,2026-04-30 15:18:37.826894-07:00,37.42876543034343,-122.17282911083166,False,5c:5a:c7:05:c0:ee,-79.66666666666667,3,,0
29256f75721e,17:53:41.857489,2026-05-11 17:53:41.857489-07:00,37.42758306434024,-122.17054569217224,False,64:3a:ea:93:ec:6e,-83.66666666666667,3,-97.0,3
2926ef4d4e34,15:41:57.744370,2026-04-30 15:41:57.744370-07:00,37.42867749575452,-122.17284678629773,True,78:bc:1a:32:ba:8e,-74.0,3,-97.0,3
293aa9476f18,15:42:46.487735,2026-05-08 15:42:46.487735-07:00,37.42911248151693,-122.1695742252904,False,70:70:8b:90:2e:2e,-90.0,3,-97.0,3
295205d0b510,15:40:49.353021,2026-05-08 15:40:49.353021-07:00,37.42951083304311,-122.1705384705721,False,a0:b4:39:78:a6:ee,-92.0,3,-97.33333333333331,3
29762bb653be,17:14:26.734464,2026-04-27 17:14:26.734464-07:00,37.429333392143626,-122.1725386965397,False,c8:78:67:36:40:52,-66.33333333333333,3,-96.0,3
297af1499568,18:12:43.396067,2026-05-11 18:12:43.396067-07:00,37.428970816381096,-122.17323863868512,False,90:77:ee:88:1e:8e,-74.33333333333333,3,-97.0,3
298b4549be8c,15:46:58.456076,2026-04-30 15:46:58.456076-07:00,37.427971995402,-122.1727668268614,False,a8:3a:79:c7:6c:92,-86.0,1,-97.0,1
2994180f2350,14:51:41.747306,2026-05-01 14:51:41.747306-07:00,37.429122411177616,-122.17299993880027,True,3c:0e:23:7c:64:40,-63.333333333333336,3,-87.0,3
29c2d4640477,14:33:34.942164,2026-05-02 14:33:34.942164-07:00,37.430007633303354,-122.17189821080407,True,a8:3a:79:c4:85:d2,-75.33333333333333,3,-97.0,2
29c6499a5034,17:05:54.425893,2026-05-01 17:05:54.425893-07:00,37.42848922576788,-122.17047983905354,True,08:4f:a9:33:4c:ee,-73.0,3,-97.0,3
29e16af6261a,14:54:38.513501,2026-05-02 14:54:38.513501-07:00,37.42969936869794,-122.17126932964102,False,40:ce:24:8d:61:ee,-84.0,3,-98.0,3
29e63a7aeeda,17:37:06.014174,2026-05-11 17:37:06.014174-07:00,37.42754830194981,-122.17063887041566,False,64:3a:ea:93:ec:6e,-82.33333333333333,3,-97.0,3
2a4b8dc48232,15:29:16.675966,2026-05-08 15:29:16.675966-07:00,37.4303567818965,-122.17205703191117,False,90:77:ee:88:1e:8e,-77.66666666666667,3,,0
2a78962326a2,14:34:55.026631,2026-05-02 14:34:55.026631-07:00,37.429813829476096,-122.1723304267505,False,a8:3a:79:c7:91:12,-79.33333333333333,3,-96.0,3
2a8c8dc26007,14:50:38.341434,2026-05-02 14:50:38.341434-07:00,37.42955172433592,-122.172408807798,False,54:33:c6:b6:57:52,-73.33333333333333,3,-96.66666666666669,3
2a9637ee5903,15:46:25.747733,2026-04-30 15:46:25.747733-07:00,37.42818317014179,-122.1728190492702,True,5c:5a:c7:10:01:4e,-74.66666666666667,3,-95.0,3
2a99b994b546,14:34:15.000111,2026-05-02 14:34:15.000111-07:00,37.42976511351473,-122.17194397744692,False,54:33:c6:b6:45:b2,-68.0,3,-97.0,3
2a9f806fa252,18:13:11.428128,2026-05-11 18:13:11.428128-07:00,37.42932565262956,-122.17315460414912,False,90:77:ee:88:1e:8e,-73.33333333333333,3,-97.0,3
2ac0a1773fff,14:37:07.122628,2026-05-02 14:37:07.122628-07:00,37.43052778521397,-122.1726289145662,False,a8:3a:79:c7:b2:d2,-54.333333333333336,3,-95.0,3
2ae151738b37,15:47:55.543499,2026-05-08 15:47:55.543499-07:00,37.42999257413299,-122.169575909457,False,a0:b4:39:78:b1:ee,-90.0,3,-99.0,3
2af31a5beb3a,14:32:42.913864,2026-05-02 14:32:42.913864-07:00,37.43002008822068,-122.17211188632324,True,a8:3a:79:ca:fb:12,-55.333333333333336,3,-95.0,1
2b1b3c9c5370,15:35:17.501695,2026-05-08 15:35:17.501695-07:00,37.430579826526966,-122.17144844513687,True,cc:16:7e:b0:39:2e,-59.333333333333336,3,-97.0,3
2b20b43d8203,15:41:21.699386,2026-04-30 15:41:21.699386-07:00,37.42860748535677,-122.1724528722204,True,5c:5a:c7:0c:88:4e,-67.66666666666667,3,-96.0,3
2b2bd34fb23b,15:44:41.653682,2026-04-30 15:44:41.653682-07:00,37.42849960833211,-122.17247407394308,True,5c:5a:c7:10:01:4e,-78.0,3,-94.0,3
2b377dfc68df,15:25:11.111413,2026-05-08 15:25:11.111413-07:00,37.42976890471533,-122.17278854870378,False,a8:3a:79:c7:dc:52,-68.0,3,,0
2b39d9a583a6,14:36:07.095104,2026-05-02 14:36:07.095104-07:00,37.43018995547024,-122.17218463690782,False,a8:3a:79:c7:82:52,-61.666666666666664,3,-97.0,3
2b55fc0e0f1a,16:20:36.979084,2026-04-30 16:20:36.979084-07:00,37.42778953751918,-122.17276755136538,True,a8:3a:79:c7:53:d2,-67.33333333333333,3,-97.0,3
2b5918e90414,15:41:26.391269,2026-05-08 15:41:26.391269-07:00,37.42936927197472,-122.1703868340134,False,a0:b4:39:80:a9:81,-92.33333333333331,3,-93.0,3
2b79a32acead,15:41:34.382070,2026-05-08 15:41:34.382070-07:00,37.42929243924841,-122.1703426288744,False,a0:b4:39:78:aa:6e,-85.33333333333333,3,-96.0,1
2b86094b3520,17:35:33.947868,2026-05-11 17:35:33.947868-07:00,37.42758011676494,-122.17078805539296,False,6c:b2:ae:1d:ad:ee,-73.33333333333333,3,,0
2b93ec2f928f,14:34:39.011510,2026-05-02 14:34:39.011510-07:00,37.42975795976106,-122.17215142505364,False,54:33:c6:c6:73:62,-73.66666666666667,3,-96.66666666666669,3
2bb8f047edff,14:30:06.769582,2026-05-02 14:30:06.769582-07:00,37.43020095233121,-122.1720245030254,True,a8:3a:79:c5:ca:d2,-63.0,3,,0
2bbcd3a4a295,17:45:54.460619,2026-05-11 17:45:54.460619-07:00,37.42784336251177,-122.17054081883386,False,failed to retrieve BSSID,,0,,0
2bbeead79895,15:23:59.317088,2026-04-30 15:23:59.317088-07:00,37.42831300280217,-122.17215770592948,False,5c:5a:c7:10:01:ce,-79.66666666666667,3,-96.66666666666669,3
2bd6ec03866d,14:44:26.036304,2026-05-02 14:44:26.036304-07:00,37.4299781961007,-122.17296401756492,False,a8:3a:79:c7:ac:e2,-82.66666666666667,3,-92.0,3
2bddf8637fcb,16:14:21.373765,2026-04-30 16:14:21.373765-07:00,37.42746159697836,-122.17320738583288,True,50:2f:a8:d3:57:0e,-59.0,3,-95.0,3
2c11c5253074,17:26:09.438010,2026-05-11 17:26:09.438010-07:00,37.42711414181976,-122.17024832988967,False,00:6b:f1:9c:23:fe,-51.666666666666664,3,-97.0,3
2c12bf6a1f6f,15:50:15.677676,2026-05-08 15:50:15.677676-07:00,37.42918357982267,-122.17044500988447,False,a0:b4:39:a7:ed:21,-88.33333333333333,3,-97.0,3
2c24a7f0475a,16:02:11.420827,2026-05-01 16:02:11.420827-07:00,37.429325905598155,-122.17351944624696,True,a0:3d:6f:98:06:0d,-61.0,3,-97.0,3
2c2eae0287f8,14:23:34.447461,2026-05-02 14:23:34.447461-07:00,37.429641825446,-122.17186909590008,False,54:33:c6:b6:45:b2,-54.666666666666664,3,-96.0,3
2c35b679cc82,15:41:22.393835,2026-05-08 15:41:22.393835-07:00,37.4294260405847,-122.1704085207842,False,a0:b4:39:80:a9:81,-92.0,3,-96.0,3
2c4395c28c29,16:01:26.397949,2026-05-01 16:01:26.397949-07:00,37.42932831772193,-122.17356407938668,True,a0:3d:6f:98:06:0d,-50.333333333333336,3,-97.0,3
2c4da7df7a9e,15:59:11.301079,2026-05-01 15:59:11.301079-07:00,37.42917609352933,-122.17361432113071,True,a0:3d:6f:98:06:0d,-41.0,3,-97.0,3
2c74b20a6200,17:35:37.939989,2026-05-11 17:35:37.939989-07:00,37.42756982056058,-122.17073384284517,False,6c:b2:ae:1d:ad:ee,-75.33333333333333,3,-97.0,2
2c80e970e807,15:44:25.637653,2026-04-30 15:44:25.637653-07:00,37.42852828282272,-122.17258058638,True,5c:5a:c7:10:01:4e,-68.0,3,-94.0,3
2cbae9cd486d,14:50:58.360875,2026-05-02 14:50:58.360875-07:00,37.42969288760189,-122.1724046327827,False,54:33:c6:b6:57:52,-66.66666666666667,3,-96.66666666666669,3
2cdc43b20747,15:32:37.484141,2026-04-30 15:32:37.484141-07:00,37.42864207779415,-122.172561694787,True,78:bc:1a:32:ba:8e,-73.0,3,-97.0,3
2cf8a834960e,16:20:51.967883,2026-04-30 16:20:51.967883-07:00,37.427779890737625,-122.17268433854431,True,a8:3a:79:c7:64:92,-75.33333333333333,3,-97.0,3
2d046cbc5ae2,17:00:49.208556,2026-05-01 17:00:49.208556-07:00,37.42877163290199,-122.17128408759432,True,40:ce:24:92:83:ae,-69.66666666666667,3,,0
2d0991b75624,16:18:06.868483,2026-04-30 16:18:06.868483-07:00,37.42760241159823,-122.17298228992996,True,68:9e:0b:92:74:0e,-67.66666666666667,3,-96.0,3
2d43591991b5,16:00:36.358285,2026-05-01 16:00:36.358285-07:00,37.42932832596864,-122.17356408470448,True,a0:3d:6f:98:06:0d,-36.0,3,-97.0,3
2d57d016ffe9,15:17:02.755558,2026-04-30 15:17:02.755558-07:00,37.4288729945977,-122.17190204256988,False,a8:3a:79:c7:75:12,-91.0,3,-98.0,3
2d776ce30a4b,17:22:57.271316,2026-05-11 17:22:57.271316-07:00,37.42733216388212,-122.17120937028896,False,00:5d:73:74:4c:ce,-67.66666666666667,3,,0
2dbef2b82fd4,17:42:34.361348,2026-05-11 17:42:34.361348-07:00,37.42766274231015,-122.17064934754646,False,a8:3a:79:c8:82:d2,-79.66666666666667,3,-97.0,3
2dd618896d40,15:38:13.226846,2026-05-08 15:38:13.226846-07:00,37.43013923776439,-122.1708482064384,False,00:f6:63:e6:50:d1,-87.0,3,-96.66666666666669,3
2dfac86c90ad,17:31:25.664352,2026-05-11 17:31:25.664352-07:00,37.42737875704456,-122.17014611912886,False,6c:b2:ae:1d:ad:ee,-77.0,3,-97.0,3
2e0ab88ef334,16:06:16.606976,2026-05-01 16:06:16.606976-07:00,37.428781284522806,-122.17149106935402,False,70:db:98:2c:f2:1e,-68.0,3,-98.0,3
2e10a312f057,15:33:33.541259,2026-04-30 15:33:33.541259-07:00,37.42863974091173,-122.17253106842152,True,5c:5a:c7:10:19:0e,-76.0,3,-97.0,3
2e22098d0eaa,17:52:45.786089,2026-05-11 17:52:45.786089-07:00,37.42756222720585,-122.16978581763746,False,a8:3a:79:c9:37:e2,-79.33333333333333,3,-92.0,3
2e2cc137a3c0,17:47:26.542070,2026-05-11 17:47:26.542070-07:00,37.42793747840001,-122.17070888882137,False,failed to retrieve BSSID,,0,,0
2e4f94b62c0e,14:38:27.206571,2026-05-02 14:38:27.206571-07:00,37.43030807618994,-122.17311047371388,False,a8:3a:79:c5:a4:d2,-77.0,3,-97.0,3
2e74329b52f2,14:52:26.729693,2026-05-01 14:52:26.729693-07:00,37.429050344256275,-122.17312479690663,True,50:1c:bf:d6:1e:90,-66.0,3,-89.0,3
2ec1561ce0ff,18:05:56.806655,2026-05-11 18:05:56.806655-07:00,37.42780255618302,-122.1738972376479,False,a8:3a:79:7d:9b:12,-84.0,3,-95.0,2
2ed391fffaf7,17:39:54.180193,2026-05-11 17:39:54.180193-07:00,37.42749718354221,-122.16999346741966,False,a0:3d:6f:89:36:2e,-86.33333333333333,3,-96.33333333333331,3
2ef7fc26e2b1,15:31:55.930039,2026-05-08 15:31:55.930039-07:00,37.430518478291,-122.17154574426908,True,cc:16:7e:ca:04:5e,-64.0,3,-96.0,3
2ef9e5298064,14:24:34.496174,2026-05-02 14:24:34.496174-07:00,37.42977707959581,-122.1717475423898,True,a8:3a:79:ca:a4:12,-72.33333333333333,3,-96.0,2
2f03bf09fb79,17:20:13.172433,2026-05-11 17:20:13.172433-07:00,37.42810457850443,-122.17142157878772,False,70:90:41:5e:d8:e2,-84.0,2,-96.0,2
2f27d08046bd,14:43:40.290798,2026-05-02 14:43:40.290798-07:00,37.43000990851574,-122.17342959872602,True,ee:9e:28:db:0c:ab,-75.0,3,-91.0,3
2f4c6b008754,14:53:50.475418,2026-05-02 14:53:50.475418-07:00,37.43011591474568,-122.17124868200852,False,00:f6:63:28:19:01,-86.66666666666667,3,-97.0,3
2f5eb8cb4503,17:05:09.397511,2026-05-01 17:05:09.397511-07:00,37.42864103948685,-122.1703829216414,True,bc:26:c7:71:89:ae,-48.333333333333336,3,-97.0,3
2fba18d3d9ed,17:17:54.944664,2026-05-01 17:17:54.944664-07:00,37.428068662456056,-122.17105039220888,True,7c:b6:8d:42:03:92,-77.66666666666667,3,-97.0,2
2fcb69df0135,15:50:42.684541,2026-04-30 15:50:42.684541-07:00,37.428011061822154,-122.17287120277578,False,a8:3a:79:c6:2c:12,-80.33333333333333,3,-97.0,3
2fd34c7e4ba6,18:01:28.576271,2026-05-11 18:01:28.576271-07:00,37.42811860613073,-122.17184865386722,False,64:3a:ea:93:ec:6e,-64.0,3,-96.0,3
2fecefa6cd20,17:22:50.124124,2026-05-01 17:22:50.124124-07:00,37.42760545689678,-122.17173885995108,True,5c:5a:c7:1e:39:4e,-57.333333333333336,3,-97.0,3
303d41dc3729,14:56:10.597727,2026-05-02 14:56:10.597727-07:00,37.42978810803336,-122.17135160083942,False,00:f6:63:28:19:01,-91.0,3,-97.0,3
304b82fd4ea2,14:44:54.059421,2026-05-02 14:44:54.059421-07:00,37.43022169357769,-122.1728594954619,False,90:77:ee:88:1e:8e,-68.66666666666667,3,-97.0,3
3063d5823554,15:24:04.338271,2026-04-30 15:24:04.338271-07:00,37.42831300280217,-122.17215770592948,False,failed to retrieve BSSID,,0,,0
306c55fe699d,18:05:04.766689,2026-05-11 18:05:04.766689-07:00,37.42731694468939,-122.17380286586732,False,7c:ad:4f:75:2f:2e,-70.0,3,,0
309010503a1e,17:50:09.657821,2026-05-11 17:50:09.657821-07:00,37.42793700227365,-122.17095109095966,False,a8:53:7d:8c:1b:12,-78.66666666666667,3,-92.0,3
309b3984bc85,15:27:03.089877,2026-04-30 15:27:03.089877-07:00,37.42847417484504,-122.17275405031792,True,failed to retrieve BSSID,,0,,0
30a87c73f7dc,16:05:11.552618,2026-05-01 16:05:11.552618-07:00,37.42854595451178,-122.17180032015332,False,a8:3a:79:c4:8b:52,-78.0,3,-96.0,3
30e343005ac7,15:19:27.862190,2026-04-30 15:19:27.862190-07:00,37.42866552641635,-122.17232915643064,False,a8:3a:79:c3:e1:92,-74.33333333333333,3,-98.0,3
30f27e78f48c,17:01:59.219741,2026-05-01 17:01:59.219741-07:00,37.42868993010685,-122.17089649206198,True,a0:b4:39:78:a6:ee,-60.666666666666664,3,-98.0,3
30f97193576a,16:00:26.352482,2026-05-01 16:00:26.352482-07:00,37.42932819726229,-122.17356424701975,True,a0:3d:6f:98:06:0d,-36.0,3,-97.0,3
3134efd1bcee,15:23:27.019891,2026-05-08 15:23:27.019891-07:00,37.43016512318449,-122.17266852275776,False,a8:3a:79:c7:d9:52,-48.666666666666664,3,-96.0,3
3152912a1162,15:32:09.440638,2026-04-30 15:32:09.440638-07:00,37.428609197593346,-122.1727069391841,True,5c:5a:c7:10:01:4e,-54.0,3,-96.0,3
31545be388ab,16:03:16.471129,2026-05-01 16:03:16.471129-07:00,37.42927851636902,-122.17306334226116,False,a0:3d:6f:9a:c1:4d,-85.33333333333333,3,-98.0,3
31711cf38e2e,15:51:07.716242,2026-05-08 15:51:07.716242-07:00,37.429323385515936,-122.1711320390002,False,a0:b4:39:78:b1:ee,-84.66666666666667,3,-96.0,3
3184892fc99c,16:08:25.330146,2026-04-30 16:08:25.330146-07:00,37.42747368845512,-122.17317071529278,True,ac:4a:67:d8:b9:ae,-76.66666666666667,3,-97.0,3
31af29bea232,17:58:36.411123,2026-05-11 17:58:36.411123-07:00,37.42800800570969,-122.1697954644836,False,70:70:8b:90:2b:8e,-85.66666666666667,3,-96.0,3
31d4c389c5b3,18:13:43.424519,2026-05-11 18:13:43.424519-07:00,37.4296017658191,-122.1728430847292,False,c8:78:67:36:40:62,-75.33333333333333,3,-90.0,3
31f5b9084dac,15:21:12.035669,2026-04-30 15:21:12.035669-07:00,37.428337166681615,-122.17244767169434,False,a8:3a:79:ca:b9:12,-66.66666666666667,3,-96.66666666666669,3
321b9e6db642,15:43:35.352189,2026-05-08 15:43:35.352189-07:00,37.42933808934306,-122.1694960838804,False,08:4f:a9:5b:b5:6e,-83.0,3,-97.0,3
321d54799f95,15:48:34.530091,2026-04-30 15:48:34.530091-07:00,37.42757663773555,-122.17250845517977,False,64:3a:ea:93:ec:6e,-77.33333333333333,3,-96.0,3
322c88727673,15:18:27.816041,2026-04-30 15:18:27.816041-07:00,37.428769195509346,-122.17268800596456,False,5c:5a:c7:05:c0:ee,-75.33333333333333,3,-96.0,3
3238809bf54c,16:23:32.253421,2026-04-30 16:23:32.253421-07:00,37.42863171036172,-122.17206749890752,False,a8:3a:79:c3:e1:92,-70.66666666666667,3,-99.0,3
3284e8bcfb03,14:56:42.632979,2026-05-02 14:56:42.632979-07:00,37.42947698362426,-122.17154137919292,False,40:ce:24:8d:61:ee,-91.0,3,-98.0,3
3286e451ab96,17:51:45.762962,2026-05-11 17:51:45.762962-07:00,37.42763597459172,-122.16961411822804,False,a0:3d:6f:89:36:2e,-68.33333333333333,3,-96.0,3
3291953d43f5,14:57:02.656744,2026-05-02 14:57:02.656744-07:00,37.42938247534684,-122.1716897519474,False,40:ce:24:8d:61:ee,-93.33333333333331,3,-98.0,3
32c5b23b302b,16:13:41.349966,2026-04-30 16:13:41.349966-07:00,37.42753280134024,-122.17290683997042,True,bc:26:c7:5d:13:ce,-77.0,3,-94.0,3
32c6c73006d3,17:16:44.895457,2026-05-01 17:16:44.895457-07:00,37.42811477080114,-122.17091485057291,True,70:90:41:6b:d5:52,-74.66666666666667,3,-95.0,2
32cb411047da,17:50:53.715394,2026-05-11 17:50:53.715394-07:00,37.42778286774507,-122.17031190840906,False,a8:53:7d:8c:32:22,-88.0,3,-98.0,3
32d397269ccb,15:49:46.598839,2026-04-30 15:49:46.598839-07:00,37.427742358734506,-122.17326858180854,False,a8:3a:79:c6:9f:52,-81.66666666666667,3,-98.0,1
32d9ada29d47,17:15:24.817882,2026-05-01 17:15:24.817882-07:00,37.427885530126865,-122.17035606796212,False,a8:3a:79:c8:84:92,-87.0,3,-95.0,2
32ea3f7141b4,15:43:51.362495,2026-05-08 15:43:51.362495-07:00,37.42954502143176,-122.1694377524268,False,08:4f:a9:5b:b5:6e,-81.33333333333333,3,-97.0,3
32fb1371a0c6,17:45:26.445795,2026-05-11 17:45:26.445795-07:00,37.42775131364757,-122.17012739502404,False,failed to retrieve BSSID,,0,,0
3301a966913f,15:23:31.022533,2026-05-08 15:23:31.022533-07:00,37.43016512318449,-122.17266852275776,False,a8:3a:79:c7:d9:52,-54.333333333333336,3,-96.0,3
3317545003cf,14:22:46.418989,2026-05-02 14:22:46.418989-07:00,37.42954687231691,-122.17242682409362,False,54:33:c6:c6:73:62,-73.66666666666667,3,-96.0,3
332c9d246308,14:52:18.401137,2026-05-02 14:52:18.401137-07:00,37.430344384776994,-122.17188370171291,False,54:33:c6:c6:7a:82,-69.33333333333333,3,-96.66666666666669,3
3347851afd4a,17:21:49.240108,2026-05-11 17:21:49.240108-07:00,37.42730344032831,-122.17119675648432,False,04:cd:c0:06:b2:62,-79.0,3,-97.0,3
3349e2be0a93,14:58:30.965887,2026-05-02 14:58:30.965887-07:00,37.4290066328524,-122.17197702699391,False,a8:3a:79:c7:75:12,-56.0,3,-97.0,3
336b71eee5bf,14:21:19.364334,2026-05-02 14:21:19.364334-07:00,37.429032232607874,-122.172412050346,True,a8:3a:79:ca:fa:d2,-58.0,3,,0
33704e9ee6c6,16:12:06.282941,2026-04-30 16:12:06.282941-07:00,37.42747607223324,-122.17326249190629,True,50:2f:a8:d3:57:0e,-72.0,3,-97.0,3
33a4ae4a930a,17:26:00.258617,2026-05-01 17:26:00.258617-07:00,37.42866882914653,-122.17203878217872,False,a8:3a:79:c4:8b:52,-62.0,3,-97.0,2
33bf0a84d10e,15:19:17.843504,2026-04-30 15:19:17.843504-07:00,37.428690771005776,-122.17247274341617,False,5c:5a:c7:25:89:2e,-76.33333333333333,3,-95.0,3
343a39d7d098,17:17:29.926152,2026-05-01 17:17:29.926152-07:00,37.4281070151786,-122.1710508780886,True,70:90:41:e0:4c:d2,-70.0,3,-98.0,3
3445df4dbe06,17:25:10.224897,2026-05-01 17:25:10.224897-07:00,37.428384873550385,-122.17152088187883,False,70:db:98:33:49:7e,-64.33333333333333,3,-97.0,3
3446c259ade7,17:32:09.697913,2026-05-11 17:32:09.697913-07:00,37.42709622530173,-122.16957612640816,False,f8:6b:d9:e7:48:ae,-78.33333333333333,3,-99.0,3
3450b360e3ae,17:47:22.572048,2026-05-11 17:47:22.572048-07:00,37.42793931452898,-122.17071020820735,False,failed to retrieve BSSID,,0,,0
3466d24fced2,15:39:49.603548,2026-04-30 15:39:49.603548-07:00,37.42831720081997,-122.17281536595902,True,a8:3a:79:d3:d9:92,-70.0,3,-98.0,3
34844f53ad71,17:39:18.143151,2026-05-11 17:39:18.143151-07:00,37.42754316008507,-122.16945831899966,False,a0:3d:6f:89:36:2e,-72.66666666666667,3,-97.0,3
3497c97cb49f,15:49:22.571634,2026-04-30 15:49:22.571634-07:00,37.42765631825879,-122.17293605422844,False,50:2f:a8:d3:57:0e,-78.33333333333333,3,-98.0,3
3497f437e0a1,15:40:09.635131,2026-04-30 15:40:09.635131-07:00,37.428412442058445,-122.17279697820209,True,78:bc:1a:2f:fa:ce,-69.0,3,-98.0,3
34c00401dea6,17:40:54.227232,2026-05-11 17:40:54.227232-07:00,37.427681720619184,-122.17032091448266,False,70:61:7b:d7:4c:ee,-73.33333333333333,3,-99.0,3
35139ba26e8e,14:56:58.636509,2026-05-02 14:56:58.636509-07:00,37.42940223942577,-122.17165891847772,False,40:ce:24:8d:61:ee,-93.66666666666669,3,-98.0,3
352167bc1211,15:20:37.915863,2026-04-30 15:20:37.915863-07:00,37.42838481310805,-122.17256814417352,False,a8:3a:79:ca:b9:12,-66.66666666666667,3,-96.0,3
3521b69df0a9,17:32:05.688377,2026-05-11 17:32:05.688377-07:00,37.42712482167259,-122.16965939583817,False,f8:6b:d9:e7:48:ae,-69.66666666666667,3,-99.0,3
3545374db8a3,14:30:10.786216,2026-05-02 14:30:10.786216-07:00,37.43020095233121,-122.1720245030254,True,a8:3a:79:c5:ca:d2,-58.666666666666664,3,,0
3591835c2196,17:53:25.855811,2026-05-11 17:53:25.855811-07:00,37.42757133250426,-122.17034856430357,False,70:61:7b:d7:4c:ee,-81.33333333333333,3,-97.0,1
35955fddd5bb,17:23:53.305549,2026-05-11 17:23:53.305549-07:00,37.427134734271206,-122.17092044173928,True,00:6b:f1:9c:40:2e,-59.333333333333336,3,-96.33333333333331,3
35b5e5f5057e,17:13:21.664230,2026-04-27 17:13:21.664230-07:00,37.42940872242489,-122.17196256542704,False,54:33:c6:b6:47:82,-78.66666666666667,3,-90.0,3
35b7245e6a68,14:52:10.395277,2026-05-02 14:52:10.395277-07:00,37.430364529612355,-122.17198951060854,False,54:33:c6:c6:7a:82,-59.333333333333336,3,-97.0,3
35be6410e2da,16:14:36.383855,2026-04-30 16:14:36.383855-07:00,37.427610550802726,-122.17314024345784,True,50:2f:a8:d3:57:0e,-61.333333333333336,3,-95.0,3
35d06e1f6551,16:59:39.196284,2026-05-01 16:59:39.196284-07:00,37.42879840110815,-122.1711742756432,True,40:ce:24:9b:bf:6e,-52.333333333333336,3,-96.0,3
35e1338c8995,14:51:50.398451,2026-05-02 14:51:50.398451-07:00,37.43018321402559,-122.17214958933394,False,54:33:c6:c6:7a:82,-63.333333333333336,3,,0
35ec7b030cea,14:22:18.388955,2026-05-02 14:22:18.388955-07:00,37.42918764013465,-122.17260110892732,False,c8:78:67:36:40:52,-68.0,3,-97.0,3
3605048208d0,14:57:03.570427,2026-05-01 14:57:03.570427-07:00,37.42909799429722,-122.17376361169715,True,a4:9b:cd:52:ea:cd,-72.0,3,-96.0,2
360697b97013,15:18:22.818898,2026-04-30 15:18:22.818898-07:00,37.42875666957952,-122.17265359709216,False,5c:5a:c7:05:c0:ee,-70.66666666666667,3,-96.0,3
364226666ffe,17:31:17.655036,2026-05-11 17:31:17.655036-07:00,37.4273582501722,-122.17028226730416,False,6c:b2:ae:1d:ad:ee,-76.66666666666667,3,-97.0,3
3659b6b75987,16:01:16.386829,2026-05-01 16:01:16.386829-07:00,37.429328092366966,-122.17356402465349,True,a0:3d:6f:98:06:0d,-38.333333333333336,3,-97.0,3
366ff12c4b62,15:50:46.698745,2026-04-30 15:50:46.698745-07:00,37.42798916010515,-122.17286619061936,False,a8:3a:79:c7:6c:92,-78.0,3,,0
367a02ea91a3,17:21:20.078777,2026-05-01 17:21:20.078777-07:00,37.42749509206408,-122.17184535916336,False,64:3a:ea:93:ec:6e,-74.0,3,-97.0,3
368254e49d09,15:29:28.660824,2026-05-08 15:29:28.660824-07:00,37.43045354945997,-122.17201624099675,False,90:77:ee:88:1e:8e,-72.66666666666667,3,-97.0,3
368682111649,14:53:54.481391,2026-05-02 14:53:54.481391-07:00,37.430103578624866,-122.17123423179432,False,00:f6:63:28:19:01,-84.0,3,-97.0,3
36b90dff6d7c,15:42:06.442661,2026-05-08 15:42:06.442661-07:00,37.42911972789124,-122.1699952984096,False,a0:b4:39:78:b1:e1,,0,,0
36f2fb1761ea,17:41:10.253202,2026-05-11 17:41:10.253202-07:00,37.42776491295284,-122.17052290555456,False,a8:53:7d:8c:32:42,-65.0,3,-81.0,3
3731e3cbd22c,17:08:34.532405,2026-05-01 17:08:34.532405-07:00,37.42863773389514,-122.17034110431476,True,bc:26:c7:71:89:ae,-54.0,3,-97.0,3
37386f3bf358,16:04:41.521988,2026-05-01 16:04:41.521988-07:00,37.428672709459654,-122.17226654343044,False,5c:5a:c7:05:c0:ee,-69.0,3,-97.0,3
3739d1d493c6,17:33:37.818753,2026-05-11 17:33:37.818753-07:00,37.42735091503089,-122.17031985584146,False,00:6b:f1:9c:23:fe,-84.0,1,-97.0,1
3749ae33bfff,15:48:10.518577,2026-04-30 15:48:10.518577-07:00,37.427644300426785,-122.1723765247215,False,64:3a:ea:93:ec:6e,-74.33333333333333,3,-98.0,3
374b268f06e3,16:01:51.409604,2026-05-01 16:01:51.409604-07:00,37.42932812222448,-122.17356403190496,True,a0:3d:6f:98:06:0d,-60.333333333333336,3,-97.0,3
3784293f1c09,15:47:59.562770,2026-05-08 15:47:59.562770-07:00,37.4299582238752,-122.1695494216569,False,a0:b4:39:78:b1:ee,-90.66666666666669,3,-99.0,3
37914aba01cd,14:35:23.047780,2026-05-02 14:35:23.047780-07:00,37.429886280495126,-122.17230100886606,False,a8:3a:79:c7:7c:52,-77.66666666666667,3,-97.0,3
379507e66021,17:03:04.282521,2026-05-01 17:03:04.282521-07:00,37.428477824316744,-122.17091699033637,True,a0:b4:39:80:a7:6e,-68.66666666666667,3,-98.0,3
37a29ec0486c,17:00:59.204297,2026-05-01 17:00:59.204297-07:00,37.42881559521206,-122.17130092819616,True,40:ce:24:92:83:ae,-74.33333333333333,3,-96.0,1
37bcb724b8ab,14:48:38.248924,2026-05-02 14:48:38.248924-07:00,37.43018559522505,-122.172635092755,False,a8:3a:79:c7:d9:52,-55.666666666666664,3,-96.33333333333331,3
37cc66b652b5,15:32:25.462835,2026-04-30 15:32:25.462835-07:00,37.42861466980824,-122.17266117774908,True,78:bc:1a:32:ba:8e,-68.0,3,-97.0,1
37e350198392,17:07:14.475113,2026-05-01 17:07:14.475113-07:00,37.428445999712,-122.17035313177914,True,08:4f:a9:33:53:ae,-67.33333333333333,3,,0
37f7658e1abd,17:32:41.702909,2026-05-11 17:32:41.702909-07:00,37.42730223189882,-122.16958110560896,False,64:3a:ea:93:ec:6e,-75.0,3,-96.0,3
381df511dd94,14:41:52.193632,2026-05-02 14:41:52.193632-07:00,37.430190984063856,-122.17376102226312,True,f6:cb:bc:8e:80:be,-78.33333333333333,3,-88.0,3
383b10d988a6,14:26:22.566521,2026-05-02 14:26:22.566521-07:00,37.430077869250425,-122.17144847853396,True,a8:3a:79:c5:74:92,-54.0,3,-98.0,3
3879ca1204fe,14:52:06.376067,2026-05-02 14:52:06.376067-07:00,37.43035786879843,-122.17204453910723,False,54:33:c6:c6:7a:82,-63.0,3,-97.0,3
3893e31327c5,14:45:14.071975,2026-05-02 14:45:14.071975-07:00,37.43025172216919,-122.172843493265,False,90:77:ee:88:1e:8e,-72.33333333333333,3,-97.0,3
38d97d6e32e2,15:49:55.685307,2026-05-08 15:49:55.685307-07:00,37.429130423474454,-122.170166302746,False,a0:b4:39:78:aa:6e,-87.0,3,-97.0,1
38df6c0bb636,18:05:44.816152,2026-05-11 18:05:44.816152-07:00,37.42776394432676,-122.1737936079532,False,a8:3a:79:7d:9b:12,-65.66666666666667,3,-95.0,3
39156e0c5101,18:05:12.755951,2026-05-11 18:05:12.755951-07:00,37.4274265739886,-122.1737975490334,False,7c:ad:4f:75:2f:2e,-66.66666666666667,3,-97.0,3
3940f72dabdc,15:46:21.745138,2026-04-30 15:46:21.745138-07:00,37.42818317014179,-122.1728190492702,True,5c:5a:c7:10:01:4e,-73.0,3,-95.0,3
394eda163cd6,14:32:02.864295,2026-05-02 14:32:02.864295-07:00,37.42983367168565,-122.17174460121971,True,a8:3a:79:c8:a5:d2,-65.0,3,-97.0,1
3960256d78ff,15:19:02.853326,2026-04-30 15:19:02.853326-07:00,37.42869696308577,-122.17263627297096,False,5c:5a:c7:25:89:2e,-84.0,3,-95.0,3
3975c70c920b,14:52:02.379124,2026-05-02 14:52:02.379124-07:00,37.43030268493236,-122.17209887454874,False,54:33:c6:c6:7a:82,-61.666666666666664,3,-96.0,3
39a3b32b5e46,17:20:33.179806,2026-05-11 17:20:33.179806-07:00,37.42804791230328,-122.1711881291022,False,a8:3a:79:d2:61:d2,-78.33333333333333,3,,0
39b0d11401ed,18:14:51.492609,2026-05-11 18:14:51.492609-07:00,37.42943058615838,-122.17185460269812,False,54:33:c6:b6:47:82,-75.0,3,-92.0,3
39bb05e3f602,14:51:51.723501,2026-05-01 14:51:51.723501-07:00,37.42911312052531,-122.17307171013422,True,3c:0e:23:7c:64:4f,-75.0,3,-92.0,3
39bd0b4aeda8,15:46:05.724600,2026-04-30 15:46:05.724600-07:00,37.42845211287353,-122.17277026332738,True,5c:5a:c7:10:01:4e,-71.33333333333333,3,-95.0,3
39d9f63fcabe,16:16:33.470441,2026-04-30 16:16:33.470441-07:00,37.42744538035587,-122.17244203084196,False,64:3a:ea:93:ec:6e,-72.0,3,-93.33333333333331,3
39dafc5a264f,17:19:09.078519,2026-05-11 17:19:09.078519-07:00,37.42864047405716,-122.17198615299615,False,a8:3a:79:c3:e1:92,-75.33333333333333,3,,0
39ebccdfdbfb,17:19:30.013382,2026-05-01 17:19:30.013382-07:00,37.42780306675389,-122.17126645453484,False,c8:78:67:72:78:d2,-78.33333333333333,3,-96.0,3
3a240ad13331,14:50:54.155842,2026-05-01 14:50:54.155842-07:00,37.42917127784121,-122.17265931938311,False,a8:3a:79:c4:aa:62,-77.0,3,-97.0,3
3a355907b352,14:28:22.679326,2026-05-02 14:28:22.679326-07:00,37.4302804447473,-122.1719324162317,True,a8:3a:79:c6:a8:92,-71.0,3,,0
3a385e5f5f30,17:45:22.464806,2026-05-11 17:45:22.464806-07:00,37.42773477076782,-122.17006750798336,False,failed to retrieve BSSID,,0,,0
3a53391eac5f,15:39:01.557708,2026-04-30 15:39:01.557708-07:00,37.42829134173728,-122.17290981798016,True,a8:3a:79:d3:d2:d2,-66.66666666666667,3,-96.0,3
3a537af4a170,15:38:33.228965,2026-05-08 15:38:33.228965-07:00,37.429961878214826,-122.1707485711043,False,54:33:c6:c6:7f:92,-91.0,2,-97.0,2
3a658b191095,14:47:02.161554,2026-05-02 14:47:02.161554-07:00,37.42977044895713,-122.172195915044,False,a8:3a:79:c7:7c:52,-70.33333333333333,3,-97.0,3
3a82347d90b6,17:10:44.617347,2026-05-01 17:10:44.617347-07:00,37.428342334751704,-122.16956800934668,True,70:70:8b:59:7e:6e,-69.33333333333333,3,-97.0,3
3ad091de106e,17:53:01.821495,2026-05-11 17:53:01.821495-07:00,37.42764910691854,-122.16999904213696,False,a8:53:7d:8c:32:42,-74.33333333333333,3,-96.0,3
3ade62d24239,16:07:00.286318,2026-04-30 16:07:00.286318-07:00,37.42747537853389,-122.17259132062584,True,bc:26:c7:5d:13:ce,-58.666666666666664,3,-96.0,3
3afd0c02d5a4,15:32:53.494358,2026-04-30 15:32:53.494358-07:00,37.428634950225394,-122.1726753331812,True,78:bc:1a:32:ba:8e,-64.0,3,-97.0,3
3b1695c04f40,17:09:44.570514,2026-05-01 17:09:44.570514-07:00,37.42851415999065,-122.16956243455984,False,70:70:8b:59:32:8e,-69.0,3,-97.0,1
3b2df747dd4e,15:24:55.074249,2026-05-08 15:24:55.074249-07:00,37.42999507215434,-122.17279821936046,False,a8:3a:79:c7:94:12,-76.0,3,-92.0,3
3b47075b7dca,15:34:13.572881,2026-04-30 15:34:13.572881-07:00,37.42860735788222,-122.17239305180716,True,5c:5a:c7:10:19:0e,-63.666666666666664,3,-97.0,3
3b4e992f08f1,17:25:45.387529,2026-05-11 17:25:45.387529-07:00,37.42712488740635,-122.17036066750748,False,70:90:41:6d:35:d2,-80.66666666666667,3,-95.33333333333331,3
3b8506cb41e9,17:12:31.629049,2026-04-27 17:12:31.629049-07:00,37.42916605335664,-122.1717942921395,False,a8:3a:79:c4:86:a2,-87.66666666666667,3,-93.0,3
3c0988b9e4c6,17:17:31.901713,2026-04-27 17:17:31.901713-07:00,37.42886796667393,-122.1719103733342,False,a8:3a:79:c4:86:92,-80.66666666666667,3,-96.66666666666669,3
3c0e6dc9cb5c,17:54:13.877402,2026-05-11 17:54:13.877402-07:00,37.42787203608299,-122.17087604931784,False,a8:53:7d:8c:1b:12,-72.0,3,-95.0,3
3c19e7e4254f,15:49:39.657676,2026-05-08 15:49:39.657676-07:00,37.42911087184774,-122.1699213273197,False,a8:53:7d:96:65:35,-90.0,3,-97.0,3
3c2406b0bbf5,15:43:47.362643,2026-05-08 15:43:47.362643-07:00,37.42945505184,-122.16946445715207,False,08:4f:a9:5b:b5:6e,-83.0,3,-97.0,3
3c39b5eec639,17:12:01.609415,2026-04-27 17:12:01.609415-07:00,37.42897700868392,-122.1719551265132,False,a8:3a:79:c4:a9:22,-78.0,3,-90.0,3
3c503805f3e9,15:27:28.123075,2026-04-30 15:27:28.123075-07:00,37.428547496236085,-122.17272497779646,True,5c:5a:c7:10:01:4e,-53.0,3,-95.0,3
3c52f1e4a8fa,15:51:55.789796,2026-05-08 15:51:55.789796-07:00,37.429125944776665,-122.17149257056528,False,40:ce:24:8d:61:ee,-81.0,3,-96.33333333333331,3
3c55096de3ac,15:21:18.918158,2026-05-08 15:21:18.918158-07:00,37.42948533439299,-122.17250285642052,False,54:33:c6:c6:73:62,-75.66666666666667,3,-97.0,3
3c63963e9af3,14:28:14.694510,2026-05-02 14:28:14.694510-07:00,37.4302804447473,-122.1719324162317,True,a8:3a:79:c6:a8:92,-60.666666666666664,3,,0
3c718b0dab9a,14:25:42.529677,2026-05-02 14:25:42.529677-07:00,37.4298997177613,-122.1715341393432,True,a8:3a:79:ca:ef:92,-72.33333333333333,3,-97.0,3
3c9960aff82e,15:28:28.615803,2026-05-08 15:28:28.615803-07:00,37.42980072975071,-122.17237192464216,False,a8:3a:79:c7:d2:52,-61.333333333333336,3,-98.0,3
3cbc17af1e2d,14:38:59.243241,2026-05-02 14:38:59.243241-07:00,37.4301086559748,-122.17321165184843,True,a8:3a:79:c7:b2:d2,-88.0,3,-96.0,3
3cc31511b47f,16:17:56.867693,2026-04-30 16:17:56.867693-07:00,37.42755514353805,-122.17279987628504,True,ac:7a:56:73:66:8e,-68.0,3,-97.0,3
3cc8cee9bb8a,15:17:52.788948,2026-04-30 15:17:52.788948-07:00,37.42865158221409,-122.17223343909076,False,a8:3a:79:c4:8b:52,-66.33333333333333,3,-97.0,3
3cd32bc344d9,14:44:18.012047,2026-05-02 14:44:18.012047-07:00,37.429962340367446,-122.17300429386692,False,a8:3a:79:c7:ac:e2,-76.66666666666667,3,-90.0,3
3d19a5a84c32,17:19:48.366428,2026-04-27 17:19:48.366428-07:00,37.428812794744275,-122.17210332903932,True,a8:3a:79:c3:7d:52,-47.333333333333336,3,-96.0,3
3d2f39746fae,14:26:42.584240,2026-05-02 14:26:42.584240-07:00,37.43012843304387,-122.17152200964355,True,a8:3a:79:c5:74:92,-63.666666666666664,3,-98.0,3
3d3d20270ad6,18:04:32.719897,2026-05-11 18:04:32.719897-07:00,37.42716538903174,-122.17347724673571,False,70:70:8b:35:98:4e,-74.0,3,,0
3d465013fcf0,17:21:33.187352,2026-05-11 17:21:33.187352-07:00,37.4274226227972,-122.1713581065598,False,04:cd:c0:06:b2:62,-59.666666666666664,3,,0
3d46f5c816d9,14:49:10.273865,2026-05-02 14:49:10.273865-07:00,37.430084606606925,-122.1728169294784,False,a8:3a:79:c7:d9:52,-69.0,3,-97.0,3
3d8c3ac25ead,17:00:09.158970,2026-05-01 17:00:09.158970-07:00,37.42879840110815,-122.1711742756432,True,40:ce:24:9b:bf:6e,-67.0,3,-96.0,2
3dad3a74707e,17:08:49.546970,2026-05-01 17:08:49.546970-07:00,37.4286714989531,-122.17025009322076,False,bc:26:c7:71:89:ae,-78.0,3,-97.0,3
3dd874f7fddd,17:42:38.288163,2026-05-11 17:42:38.288163-07:00,37.42763944231741,-122.17062521913086,False,a8:3a:79:c8:82:d2,-86.33333333333333,3,-97.0,3
3dfa543d3da1,17:38:18.088760,2026-05-11 17:38:18.088760-07:00,37.42738148944381,-122.16979347725396,False,a0:3d:6f:89:36:2e,-79.33333333333333,3,-91.0,3
3e230e138d04,17:32:17.697834,2026-05-11 17:32:17.697834-07:00,37.42710895374262,-122.16948705337695,False,00:3e:73:a2:97:f2,-66.0,3,-95.0,3
3e3cff97ac6b,15:33:57.553703,2026-04-30 15:33:57.553703-07:00,37.42861414128715,-122.17243711335824,True,5c:5a:c7:10:19:0e,-68.0,3,-97.0,3
3e5cfbbeafbb,17:24:15.203971,2026-05-01 17:24:15.203971-07:00,37.42811959767658,-122.17169718798472,False,70:90:41:5e:df:52,-77.0,3,-97.0,3
3e6b69898311,14:39:27.281288,2026-05-02 14:39:27.281288-07:00,37.43000406399045,-122.17319326241224,True,ee:9e:38:db:0c:ab,-70.66666666666667,3,-97.66666666666669,3
3e74f4b63628,17:16:11.821711,2026-04-27 17:16:11.821711-07:00,37.42873847765698,-122.1724793892246,False,5c:5a:c7:05:c0:ee,-72.33333333333333,3,-95.0,1
3e7677f12009,14:41:16.160358,2026-05-02 14:41:16.160358-07:00,37.43005081092592,-122.17384058357769,True,f6:cb:bc:8e:80:be,-62.0,3,-87.0,3
3e8f4ff820d2,17:18:40.007890,2026-05-01 17:18:40.007890-07:00,37.42801162710104,-122.17118823002014,True,a8:3a:79:d2:61:e2,-55.0,3,-92.0,3
3eb049b7071f,17:23:50.188626,2026-05-01 17:23:50.188626-07:00,37.42793444282662,-122.17173458564862,False,64:3a:ea:93:fc:0e,-78.0,3,-96.0,3
3eb6741188eb,17:25:01.446893,2026-05-11 17:25:01.446893-07:00,37.427153740397074,-122.17048769978156,False,1c:6a:7a:83:2a:4e,-60.666666666666664,3,-95.0,3
3ed724e01a20,17:43:50.374525,2026-05-11 17:43:50.374525-07:00,37.42748798512715,-122.16972983964584,False,a0:3d:6f:89:36:2e,-80.66666666666667,3,-96.0,3
3efb590091d9,15:40:45.666306,2026-04-30 15:40:45.666306-07:00,37.42859516433379,-122.17240038648237,True,5c:5a:c7:05:c0:ee,-77.33333333333333,3,-93.0,3
3f056fecccde,15:25:55.170289,2026-05-08 15:25:55.170289-07:00,37.429828679299355,-122.17264120229906,True,a8:3a:79:c7:58:52,-67.33333333333333,3,-95.0,3
3f07d1e15c8f,17:14:51.744616,2026-04-27 17:14:51.744616-07:00,37.4289411445954,-122.17254791802496,False,c8:78:67:36:40:52,-76.66666666666667,3,-96.0,2
3f1491d4e7d8,16:22:47.227347,2026-04-30 16:22:47.227347-07:00,37.42845962210418,-122.1721142906184,False,a8:3a:79:c4:8b:52,-74.33333333333333,3,-96.0,3
3f5a9bdc935a,17:33:17.811752,2026-05-11 17:33:17.811752-07:00,37.42719961688888,-122.17008797795243,False,a8:3a:79:c8:16:d2,-88.33333333333333,3,-97.0,3
3f91e2136f4a,18:01:32.556494,2026-05-11 18:01:32.556494-07:00,37.42810213156147,-122.1719172372394,False,64:3a:ea:93:ec:6e,-65.0,3,-96.0,3
3f96ffc86d0a,15:40:13.641850,2026-04-30 15:40:13.641850-07:00,37.428412442058445,-122.17279697820209,True,78:bc:1a:2f:fa:ce,-64.0,3,-98.0,3
3f9807e020cd,15:40:53.687653,2026-04-30 15:40:53.687653-07:00,37.42859516433379,-122.17240038648237,True,5c:5a:c7:0c:84:8e,-74.66666666666667,3,-97.0,2
3fb55ebfbd46,16:03:36.482904,2026-05-01 16:03:36.482904-07:00,37.42930300640949,-122.17280555035966,False,c8:78:67:36:40:52,-68.0,3,-96.0,3
3fbc57574e30,17:47:42.604422,2026-05-11 17:47:42.604422-07:00,37.42789582920639,-122.17073498305476,False,a8:3a:79:c8:86:a2,-73.0,3,-93.0,3
3fc212e903a2,17:58:04.380591,2026-05-11 17:58:04.380591-07:00,37.42806039701804,-122.16944723450791,False,bc:26:c7:65:5f:0e,-80.0,3,-96.0,3
3fd822a43bae,14:33:06.932672,2026-05-02 14:33:06.932672-07:00,37.43006724885107,-122.17198640394746,True,a8:3a:79:c7:cd:52,-64.0,3,,0
4047e8726189,17:30:49.628369,2026-05-11 17:30:49.628369-07:00,37.42733627647299,-122.17064032952324,False,6c:b2:ae:1d:ad:ee,-59.666666666666664,3,-97.0,3
405cec805c12,14:27:14.646158,2026-05-02 14:27:14.646158-07:00,37.43007602944604,-122.17163798549228,True,a8:3a:79:c5:72:92,-70.66666666666667,3,-97.0,3
40745fe7d3fb,15:26:07.183444,2026-05-08 15:26:07.183444-07:00,37.42985097460578,-122.17279810186984,True,a8:3a:79:c7:58:52,-76.66666666666667,3,-95.0,3
4074ccb65039,17:58:52.400665,2026-05-11 17:58:52.400665-07:00,37.42813887551643,-122.1698753351994,False,70:70:8b:90:2b:8e,-88.33333333333333,3,,0
407c8a391bcf,17:02:54.277646,2026-05-01 17:02:54.277646-07:00,37.428477824316744,-122.17091699033637,True,a0:b4:39:80:a7:6e,-40.333333333333336,3,-98.0,3
40828778c17b,17:14:44.789130,2026-05-01 17:14:44.789130-07:00,37.427829457205874,-122.16993175017272,False,70:70:8b:84:64:8e,-88.0,3,-88.33333333333333,3
40f819421f93,17:06:04.431920,2026-05-01 17:06:04.431920-07:00,37.42842576704616,-122.17052096166208,True,08:4f:a9:33:4c:ee,-77.66666666666667,3,-97.0,3
410c8f9971cb,15:37:57.205429,2026-05-08 15:37:57.205429-07:00,37.43027811076627,-122.170934535662,False,00:f6:63:e6:50:d1,-82.0,3,-94.0,1
412a492639e8,14:31:26.856724,2026-05-02 14:31:26.856724-07:00,37.42996893675881,-122.17180391502208,True,a8:3a:79:58:c4:d2,-64.0,3,-95.0,3
41534e37b4fb,17:05:04.393395,2026-05-01 17:05:04.393395-07:00,37.42872377268138,-122.17045748508929,True,bc:26:c7:71:89:ae,-47.666666666666664,3,-97.0,3
41cfbd64ad74,18:14:39.509791,2026-05-11 18:14:39.509791-07:00,37.42946057307496,-122.17205882567862,False,54:33:c6:b6:45:d2,-77.66666666666667,3,-89.0,3
41d850869844,16:12:01.261175,2026-04-30 16:12:01.261175-07:00,37.42747607223324,-122.17326249190629,True,50:2f:a8:d3:57:0e,-67.66666666666667,3,-97.0,3
423bab026a27,17:07:29.498883,2026-05-01 17:07:29.498883-07:00,37.42849050475728,-122.17033330512989,True,08:4f:a9:4e:f6:4e,-75.33333333333333,3,-96.0,1
4243f302efb1,15:43:15.340084,2026-05-08 15:43:15.340084-07:00,37.4291072879003,-122.16955543714828,False,08:4f:a9:5b:b5:6e,-87.33333333333333,3,-97.0,3
426210949fde,17:42:54.339933,2026-05-11 17:42:54.339933-07:00,37.42755683754135,-122.17043316569324,False,6c:b2:ae:1d:ad:ee,-82.33333333333333,3,-97.0,3
4284432e26e2,15:45:21.683317,2026-04-30 15:45:21.683317-07:00,37.42851735788667,-122.17251805869928,True,5c:5a:c7:10:01:4e,-45.333333333333336,3,-94.0,3
428e47ec521a,17:24:45.362504,2026-05-11 17:24:45.362504-07:00,37.42715260800748,-122.17046661722618,False,1c:6a:7a:83:2a:4e,-60.0,3,-94.0,3
42bbf5b28f14,17:03:34.313261,2026-05-01 17:03:34.313261-07:00,37.428704279375005,-122.1708059629598,True,a0:b4:39:80:a7:6e,-67.66666666666667,3,-98.0,2
42e40765a8cf,14:42:56.240825,2026-05-02 14:42:56.240825-07:00,37.430199103612445,-122.1733702242741,True,ee:9e:28:db:0c:ab,-75.0,3,-86.0,3
42fb07baae00,14:50:10.339900,2026-05-02 14:50:10.339900-07:00,37.42967348060385,-122.1724399393988,False,54:33:c6:b6:57:52,-71.66666666666667,3,-96.0,1
4316c927a6dd,17:56:28.305315,2026-05-11 17:56:28.305315-07:00,37.42773077514275,-122.1697241219584,False,70:70:8b:84:68:4e,-87.33333333333333,3,-96.0,3
4337d0d458c1,15:38:53.571652,2026-04-30 15:38:53.571652-07:00,37.42829318829311,-122.17297137926192,True,a8:3a:79:d3:d2:d2,-54.0,3,-97.0,3
433bae140003,16:13:56.354547,2026-04-30 16:13:56.354547-07:00,37.42739422762318,-122.17298968236032,True,bc:26:c7:55:c7:ee,-75.66666666666667,3,-95.0,3
43565ab01c61,15:22:26.987162,2026-05-08 15:22:26.987162-07:00,37.429819485341994,-122.17260462155352,True,a8:3a:79:c7:58:52,-64.33333333333333,3,-95.0,3
4358a8cacabf,17:50:05.673855,2026-05-11 17:50:05.673855-07:00,37.42794749098099,-122.17098796957886,False,a8:53:7d:8c:1b:12,-65.33333333333333,3,-92.0,3
436ac933cd71,14:24:50.512295,2026-05-02 14:24:50.512295-07:00,37.42964939044327,-122.1716695085202,True,a8:3a:79:ca:a4:12,-72.66666666666667,3,-97.0,3
4377980ada5e,15:16:57.757868,2026-04-30 15:16:57.757868-07:00,37.42894395121846,-122.17188621295436,False,a8:3a:79:c7:75:12,-87.66666666666667,3,-98.0,3
437f5fd1cfdc,14:26:58.605071,2026-05-02 14:26:58.605071-07:00,37.43013602677969,-122.17161199351249,True,a8:3a:79:c5:74:92,-78.33333333333333,3,-98.0,3
43b73f9c8ddb,14:47:14.171259,2026-05-02 14:47:14.171259-07:00,37.42977044895713,-122.172195915044,False,a8:3a:79:c7:7c:52,-72.0,3,-97.0,3
43bcf0d91d80,15:26:18.074601,2026-04-30 15:26:18.074601-07:00,37.42832435221902,-122.1728078263838,True,a8:3a:79:d3:8a:d2,-57.333333333333336,3,-96.0,3
43c69a6fc2da,15:29:24.664647,2026-05-08 15:29:24.664647-07:00,37.43045354945997,-122.17201624099675,False,90:77:ee:88:1e:8e,-76.0,3,-97.0,3
43c98a5fc2ae,15:22:14.952366,2026-05-08 15:22:14.952366-07:00,37.42980613466635,-122.1725398665762,True,a8:3a:79:c7:58:52,-44.0,3,-94.0,3
44320794b5d0,17:42:58.343359,2026-05-11 17:42:58.343359-07:00,37.42757557666213,-122.17040022145366,False,6c:b2:ae:1d:ad:ee,-71.0,3,-97.0,3
443b8e862f4a,14:30:58.826547,2026-05-02 14:30:58.826547-07:00,37.430010893829554,-122.1718490405809,True,a8:3a:79:c5:84:12,-81.0,3,-97.0,3
447078da4042,17:59:56.448852,2026-05-11 17:59:56.448852-07:00,37.42820273740777,-122.1705816305412,False,a8:3a:79:c9:3d:d2,-78.33333333333333,3,-96.0,3
447fc986fc02,17:24:21.331750,2026-05-11 17:24:21.331750-07:00,37.42719734001356,-122.17062675609904,False,00:6b:f1:9c:2e:be,-74.66666666666667,3,-97.0,3
44aa0994b703,17:18:29.973364,2026-05-01 17:18:29.973364-07:00,37.42796614698196,-122.17120845758336,False,a8:3a:79:d2:61:e2,-72.0,3,-94.0,3
44bd7676c124,17:12:29.685198,2026-05-01 17:12:29.685198-07:00,37.42851508821432,-122.16948601561285,False,70:70:8b:90:2e:2e,-80.66666666666667,3,,0
44cd38d7961f,17:19:17.094386,2026-05-11 17:19:17.094386-07:00,37.428571586737526,-122.17184130439216,False,a8:3a:79:c4:8b:52,-78.66666666666667,3,-95.0,3
44d060d70602,17:37:26.023346,2026-05-11 17:37:26.023346-07:00,37.42751128614015,-122.17047486165696,False,64:3a:ea:93:fc:0e,-85.66666666666667,3,-96.0,3
44e2eace5774,14:47:50.184509,2026-05-02 14:47:50.184509-07:00,37.429795734246895,-122.172656025008,False,a8:3a:79:c7:70:62,-47.666666666666664,3,-97.0,3
44f702f07a5d,14:30:38.811637,2026-05-02 14:30:38.811637-07:00,37.430039797028,-122.17186852528268,True,a8:3a:79:c5:ca:d2,-76.66666666666667,3,,0
4503721b6a5f,15:42:30.500063,2026-05-08 15:42:30.500063-07:00,37.429054133080946,-122.169651786425,False,failed to retrieve BSSID,-84.0,2,,0
45200dbe9528,18:09:51.229062,2026-05-11 18:09:51.229062-07:00,37.42795434056581,-122.17363235764267,False,a8:3a:79:7d:9b:22,-76.66666666666667,3,-97.0,3
4551f1b5921a,17:13:49.753402,2026-05-01 17:13:49.753402-07:00,37.42786613234244,-122.16983370025864,False,00:3e:73:42:7b:12,-88.33333333333333,3,,0
455eacaad68f,15:40:13.337390,2026-05-08 15:40:13.337390-07:00,37.42979090984672,-122.1707039374855,False,a0:b4:39:78:a6:ee,-92.0,3,-96.0,3
456ee65fad07,18:02:32.602023,2026-05-11 18:02:32.602023-07:00,37.427488164135816,-122.17225615445012,False,64:3a:ea:93:ec:6e,-71.0,3,-96.0,3
4581f818ae51,16:14:01.360461,2026-04-30 16:14:01.360461-07:00,37.42739422762318,-122.17298968236032,True,bc:26:c7:55:c7:ee,-71.66666666666667,3,-95.0,1
4587c2178c3b,14:51:31.727349,2026-05-01 14:51:31.727349-07:00,37.42916225419393,-122.17293073442234,True,c8:78:67:36:40:62,-82.66666666666667,3,-96.0,3
459bdb6487dc,17:02:49.273313,2026-05-01 17:02:49.273313-07:00,37.4283811323398,-122.1709002273232,True,a0:b4:39:80:a7:6e,-38.333333333333336,3,-98.0,3
45bafe0374f4,14:52:41.767535,2026-05-01 14:52:41.767535-07:00,37.429129941583525,-122.1730032908852,True,50:1c:bf:d6:1e:90,-76.0,3,-89.0,3
45ca9e333269,15:48:55.647404,2026-05-08 15:48:55.647404-07:00,37.429579811003286,-122.1697179619281,False,a8:53:7d:96:65:35,-91.66666666666669,3,-97.0,3
45f10d960cfb,15:19:52.881706,2026-04-30 15:19:52.881706-07:00,37.42845729020159,-122.17214031037236,False,a8:3a:79:c4:8b:52,-80.66666666666667,3,-97.0,3
460c1cf0d03d,15:19:42.873442,2026-04-30 15:19:42.873442-07:00,37.42855850331555,-122.17212066657324,False,a8:3a:79:c4:8b:52,-70.66666666666667,3,-97.0,3
4657ac9ebf4f,17:34:45.834480,2026-05-11 17:34:45.834480-07:00,37.42742546651429,-122.17111889586386,False,00:a7:42:d0:98:4e,-77.0,3,-98.33333333333331,3
4670af210c35,14:48:54.258353,2026-05-02 14:48:54.258353-07:00,37.43021103238635,-122.17262087786,False,a8:3a:79:c7:d9:52,-57.0,3,-97.0,3
468378e49b0e,17:21:55.100563,2026-05-01 17:21:55.100563-07:00,37.42750478298144,-122.17174995449682,True,5c:5a:c7:0d:0a:6e,-75.0,3,-97.0,3
4693265fbfbe,15:44:29.637116,2026-04-30 15:44:29.637116-07:00,37.42852828282272,-122.17258058638,True,5c:5a:c7:10:01:4e,-69.66666666666667,3,-94.0,3
46c512c84ca9,17:29:41.584897,2026-05-11 17:29:41.584897-07:00,37.42741589334709,-122.17134221510706,False,04:cd:c0:06:b2:52,-61.0,3,-97.0,3
46c6f3204930,17:42:22.301618,2026-05-11 17:42:22.301618-07:00,37.42776636929193,-122.17079529514126,False,a8:53:7d:8c:32:22,-74.66666666666667,3,-97.0,3
46e3d0b854ae,15:27:07.242167,2026-05-08 15:27:07.242167-07:00,37.42989624007633,-122.17238646145763,True,a8:3a:79:c7:d2:52,-46.666666666666664,3,-98.0,3
474dfd703875,17:43:18.378772,2026-05-11 17:43:18.378772-07:00,37.42764423187461,-122.17011672548855,False,70:61:7b:d7:4c:ee,-57.666666666666664,3,-97.0,3
47527157036e,17:21:15.076957,2026-05-01 17:21:15.076957-07:00,37.42748483967233,-122.17188047118124,False,64:3a:ea:93:ec:6e,-75.0,3,-96.33333333333331,3
476c50b32af5,15:35:25.650763,2026-04-30 15:35:25.650763-07:00,37.428234101163994,-122.17273203630316,True,a8:3a:79:ca:fc:22,-57.333333333333336,3,-95.0,3
47bcb410aec3,16:16:28.463688,2026-04-30 16:16:28.463688-07:00,37.42751000598022,-122.17242235754888,False,64:3a:ea:93:ec:6e,-79.0,3,-98.0,3
47feaf254910,14:25:18.531974,2026-05-02 14:25:18.531974-07:00,37.4297173025366,-122.17174286501562,True,a8:3a:79:58:dd:92,-75.33333333333333,3,-96.33333333333331,3
48316080134e,17:10:24.568535,2026-05-01 17:10:24.568535-07:00,37.42844477237784,-122.16946206338253,True,70:70:8b:59:7e:6e,-65.33333333333333,3,-97.0,3
4836b542da83,17:19:03.325410,2026-04-27 17:19:03.325410-07:00,37.42898017063234,-122.17201602526517,True,a8:3a:79:c7:75:12,-46.666666666666664,3,,0
48426ab762c5,17:26:05.454471,2026-05-11 17:26:05.454471-07:00,37.42711865880629,-122.1703105489488,False,00:6b:f1:9c:23:fe,-54.0,3,-97.0,2
486ec119f94f,17:24:33.358219,2026-05-11 17:24:33.358219-07:00,37.427161068873644,-122.1704730419391,False,failed to retrieve BSSID,-64.0,1,,0
4885fa245902,17:28:05.480637,2026-05-11 17:28:05.480637-07:00,37.42715994460841,-122.17006368473535,False,f8:6b:d9:e7:48:ae,-82.0,3,-99.0,3
48be82245f29,14:22:22.373000,2026-05-02 14:22:22.373000-07:00,37.429239086958525,-122.1725917410856,False,c8:78:67:36:40:52,-75.0,3,-97.0,3
48d4c4aa4eb8,14:22:54.413619,2026-05-02 14:22:54.413619-07:00,37.429578593333986,-122.17234774188653,False,54:33:c6:c6:73:62,-75.33333333333333,3,-95.0,3
490eaf753611,15:50:50.692776,2026-04-30 15:50:50.692776-07:00,37.42797677611997,-122.17287012643078,False,a8:3a:79:c7:6c:92,-73.33333333333333,3,-97.0,3
4930925d74d0,14:52:06.757665,2026-05-01 14:52:06.757665-07:00,37.429092302175505,-122.17309084397584,True,50:1c:bf:d6:1e:90,-71.33333333333333,3,-89.0,3
495af614f655,17:28:49.535861,2026-05-11 17:28:49.535861-07:00,37.42723378244293,-122.17059158758524,False,04:cd:c0:06:b2:52,-79.33333333333333,3,-97.0,3
49838cb8c124,18:04:12.703154,2026-05-11 18:04:12.703154-07:00,37.42738400967777,-122.1733357628138,False,68:9e:0b:5a:6e:8e,-71.33333333333333,3,-96.0,3
49a15ca65aaa,15:20:54.808034,2026-05-08 15:20:54.808034-07:00,37.42922795392653,-122.17258246152632,False,c8:78:67:36:40:52,-69.0,3,-96.0,2
49c3c23d0acc,16:00:31.360215,2026-05-01 16:00:31.360215-07:00,37.42932832596864,-122.17356408470448,True,a0:3d:6f:98:06:0d,-36.333333333333336,3,-97.0,3
49d13bc57881,14:24:42.488560,2026-05-02 14:24:42.488560-07:00,37.4297242004369,-122.17171003800648,True,a8:3a:79:ca:a4:12,-68.0,3,-96.0,3
49de594e1388,14:26:46.608857,2026-05-02 14:26:46.608857-07:00,37.43012843304387,-122.17152200964355,True,a8:3a:79:c5:74:92,-63.0,3,-98.0,3
49e24d0e7910,14:26:38.589618,2026-05-02 14:26:38.589618-07:00,37.43012843304387,-122.17152200964355,True,a8:3a:79:c5:74:92,-62.0,3,-98.0,3
49f88fde9d02,16:04:51.552497,2026-05-01 16:04:51.552497-07:00,37.42863800492109,-122.17209424544448,False,5c:5a:c7:05:c0:ee,-79.33333333333333,3,-97.0,2
49ff4425bbda,17:34:01.827995,2026-05-11 17:34:01.827995-07:00,37.42748865681941,-122.17051820996836,False,6c:b2:ae:1d:ad:e1,-75.66666666666667,3,,0
4a2f061468b4,17:14:59.798904,2026-05-01 17:14:59.798904-07:00,37.4278553792889,-122.17013378124356,False,70:61:7b:d7:4c:ee,-92.0,3,-97.0,3
4a35be8ab78d,17:59:08.433048,2026-05-11 17:59:08.433048-07:00,37.42819688629081,-122.17009110777302,False,08:4f:a9:68:4e:0e,-89.33333333333333,3,-98.0,3
4a4274fd5275,18:00:36.504928,2026-05-11 18:00:36.504928-07:00,37.42834059994022,-122.1711563153704,False,a0:b4:39:b4:0d:ee,-75.0,3,-97.0,3
4a43b18ad385,14:27:54.668805,2026-05-02 14:27:54.668805-07:00,37.43016208028764,-122.17184794240708,True,a8:3a:79:c6:a8:92,-56.0,3,,0
4a689936071f,15:50:03.671245,2026-05-08 15:50:03.671245-07:00,37.429153535477774,-122.170266258322,False,a0:b4:39:78:aa:6e,-80.0,3,-97.0,3
4a7033df17b0,16:06:56.623450,2026-05-01 16:06:56.623450-07:00,37.42847836327552,-122.17150610965058,True,70:db:98:2c:f2:1e,-72.33333333333333,3,-98.0,3
4a97d562745c,15:23:55.050387,2026-05-08 15:23:55.050387-07:00,37.43023445699061,-122.17250353107572,True,a8:3a:79:c7:d9:52,-76.0,3,-96.0,3
4a982057720b,17:17:49.936946,2026-05-01 17:17:49.936946-07:00,37.42808340515012,-122.17104931556956,True,7c:b6:8d:42:03:92,-65.0,3,-97.0,3
4ab9d4110ab3,17:37:42.075973,2026-05-11 17:37:42.075973-07:00,37.42747433754003,-122.17024130869126,False,64:3a:ea:93:ec:6e,-88.66666666666667,3,-97.0,3
4acf3e1b1ed4,14:24:18.459522,2026-05-02 14:24:18.459522-07:00,37.42985235316719,-122.1717241958534,True,a8:3a:79:ca:ef:92,-56.333333333333336,3,-95.0,1
4b07b39ce127,16:16:13.427307,2026-04-30 16:16:13.427307-07:00,37.42756951224493,-122.17239841890417,False,64:3a:ea:93:fc:0e,-79.66666666666667,3,-96.0,3
4b0f9f03967c,17:31:45.687153,2026-05-11 17:31:45.687153-07:00,37.42729571900828,-122.16989336708936,False,f8:6b:d9:e7:48:ae,-68.0,3,,0
4b1ed68de971,14:33:26.961056,2026-05-02 14:33:26.961056-07:00,37.43006197291395,-122.17192962031024,True,a8:3a:79:c7:e5:12,-76.0,3,-97.0,3
4b79a8656800,17:41:22.220598,2026-05-11 17:41:22.220598-07:00,37.42772352731969,-122.17071465312526,False,a8:53:7d:8c:32:42,-65.33333333333333,3,-95.33333333333331,3
4b86dbe58013,14:39:07.255477,2026-05-02 14:39:07.255477-07:00,37.430048993016875,-122.17318894725524,True,a8:3a:79:c7:bb:d2,-85.0,3,-97.0,1
4b8c94535fae,17:49:17.624331,2026-05-11 17:49:17.624331-07:00,37.42791324099174,-122.17083552984984,False,a8:3a:79:c8:86:a2,-53.666666666666664,3,-93.0,3
4b91bccc02e0,18:02:16.602739,2026-05-11 18:02:16.602739-07:00,37.4276385164232,-122.1721896832021,False,64:3a:ea:93:ec:6e,-69.0,3,-97.0,3
4b96fe6481f1,15:26:39.226542,2026-05-08 15:26:39.226542-07:00,37.429685410428526,-122.17241727618536,False,a8:3a:79:c7:7c:52,-66.66666666666667,3,-97.0,3
4b9b4a356954,15:29:20.660575,2026-05-08 15:29:20.660575-07:00,37.4303567818965,-122.17205703191117,False,90:77:ee:88:1e:8e,-78.0,3,-97.0,2
4b9c9c259375,17:11:09.628981,2026-05-01 17:11:09.628981-07:00,37.428308451280785,-122.16959133580224,True,40:ce:24:d6:c7:ce,-65.33333333333333,3,-91.0,3
4baaab188348,16:14:11.365237,2026-04-30 16:14:11.365237-07:00,37.42741989003139,-122.173042148955,True,bc:26:c7:b7:7f:2e,-74.66666666666667,3,-97.0,3
4bd0ee1bdaea,15:27:13.152929,2026-04-30 15:27:13.152929-07:00,37.42850481673938,-122.17273888289544,True,5c:5a:c7:10:01:4e,-38.0,3,-95.0,3
4bf0a6370ee7,15:45:13.683987,2026-04-30 15:45:13.683987-07:00,37.42851735788667,-122.17251805869928,True,5c:5a:c7:10:01:4e,-60.0,3,-94.0,3
4c00f381e9ff,15:32:21.477145,2026-04-30 15:32:21.477145-07:00,37.42861466980824,-122.17266117774908,True,5c:5a:c7:10:01:4e,-69.66666666666667,3,-96.0,1
4c0ab96c3f4a,15:39:13.254920,2026-05-08 15:39:13.254920-07:00,37.42981564267328,-122.1708473517408,False,failed to retrieve BSSID,,0,,0
4c0c36639769,18:12:51.404078,2026-05-11 18:12:51.404078-07:00,37.429088800679686,-122.17320352575013,False,90:77:ee:88:1e:8e,-78.66666666666667,3,-97.0,3
4c334d0c90e4,14:44:50.056010,2026-05-02 14:44:50.056010-07:00,37.43022169357769,-122.1728594954619,False,90:77:ee:88:1e:8e,-65.0,3,-97.0,3
4c49209acc04,14:53:59.982762,2026-05-01 14:53:59.982762-07:00,37.42906680469828,-122.17319202043628,False,a0:3d:6f:9a:c1:42,-75.0,3,-88.0,3
4c58c11a6510,15:20:50.796602,2026-05-08 15:20:50.796602-07:00,37.429172504731206,-122.17258130353,False,a8:3a:79:c4:aa:62,-75.66666666666667,3,-96.0,2
4c67e57d0e8a,14:23:18.444750,2026-05-02 14:23:18.444750-07:00,37.42959605288821,-122.1719625431919,False,54:33:c6:c6:79:c2,-77.33333333333333,3,-95.0,3
4c6be8a737af,17:24:00.187722,2026-05-01 17:24:00.187722-07:00,37.42794999232502,-122.17166184313712,False,70:90:41:5e:d8:d2,-76.66666666666667,3,-98.0,1
4c7976a4ddd2,14:36:03.076623,2026-05-02 14:36:03.076623-07:00,37.430099031814514,-122.17221531094808,False,a8:3a:79:c7:82:52,-45.0,3,-97.0,3
4c7a46ef2fa2,14:22:34.434512,2026-05-02 14:22:34.434512-07:00,37.42933944573329,-122.17253478093582,False,54:33:c6:c6:73:62,-69.0,3,-95.0,3
4c7fe8a51f32,17:20:25.054733,2026-05-01 17:20:25.054733-07:00,37.42739454270181,-122.17140427439156,False,04:cd:c0:06:b2:52,-78.33333333333333,3,-96.0,3
4c892ba1da1a,14:32:06.891524,2026-05-02 14:32:06.891524-07:00,37.42983367168565,-122.17174460121971,True,a8:3a:79:c8:a5:d2,-73.66666666666667,3,-97.0,3
4cc91dce8108,14:57:06.662237,2026-05-02 14:57:06.662237-07:00,37.42936308789771,-122.171715805023,False,40:ce:24:8d:61:ee,-93.0,3,-98.0,3
4cd1a2e14d83,16:21:22.162486,2026-04-30 16:21:22.162486-07:00,37.42769278750893,-122.17235808726198,False,a8:3a:79:c7:74:d2,-84.33333333333333,3,-98.0,3
4cf0c31c8f93,15:48:23.590091,2026-05-08 15:48:23.590091-07:00,37.429771218921545,-122.1695007062666,False,a8:53:7d:96:48:35,-92.0,3,-97.0,3
4d1dacdf83bd,17:17:04.903155,2026-05-01 17:17:04.903155-07:00,37.428154213570096,-122.17101031994486,True,70:90:41:e0:4c:d2,-74.0,3,-98.0,3
4d55a4807d88,14:30:22.776131,2026-05-02 14:30:22.776131-07:00,37.430096699824475,-122.1718717285164,True,a8:3a:79:c5:ca:d2,-69.33333333333333,3,,0
4d719a586063,16:07:11.620511,2026-05-01 16:07:11.620511-07:00,37.42845131621095,-122.1714038334036,True,70:db:98:2c:f2:1e,-59.0,3,-98.0,3
4d8ae40dd26a,14:54:54.502831,2026-05-02 14:54:54.502831-07:00,37.42961931375493,-122.17123964175222,False,40:ce:24:8d:61:ee,-90.33333333333331,3,-98.0,3
4d946aa27868,17:59:28.444281,2026-05-11 17:59:28.444281-07:00,37.42824180963987,-122.17026281512462,False,08:4f:a9:3a:50:8e,-86.66666666666667,3,-96.0,3
4dad4bfb486a,14:33:38.971551,2026-05-02 14:33:38.971551-07:00,37.430007633303354,-122.17189821080407,True,a8:3a:79:ca:fb:12,-68.66666666666667,3,-95.66666666666669,3
4db1e089033f,17:46:30.496519,2026-05-11 17:46:30.496519-07:00,37.4279513825936,-122.17105148219804,False,failed to retrieve BSSID,,0,,0
4dc3a06d16a9,16:21:42.174370,2026-04-30 16:21:42.174370-07:00,37.42791434329898,-122.17221989271768,False,a8:3a:79:c7:5d:92,-84.66666666666667,3,-96.0,3
4dfb7713dbda,14:38:47.233349,2026-05-02 14:38:47.233349-07:00,37.43016405036179,-122.17319298184688,True,a8:3a:79:c7:b2:d2,-85.0,3,-97.0,3
4e056f93f463,17:27:53.488883,2026-05-11 17:27:53.488883-07:00,37.427086024175544,-122.16987178508148,False,a8:3a:79:c8:a6:d2,-71.66666666666667,3,-99.0,2
4e19dd0ff8b4,15:31:12.718609,2026-05-08 15:31:12.718609-07:00,37.430488182029144,-122.17131012424616,False,00:f6:63:e6:50:d1,-74.66666666666667,3,-94.0,3
4e6bc77bb61e,17:28:01.480266,2026-05-11 17:28:01.480266-07:00,37.42715994460841,-122.17006368473535,False,f8:6b:d9:e7:48:ae,-75.0,3,-99.0,3
4e91d18240e2,17:07:59.507885,2026-05-01 17:07:59.507885-07:00,37.42859131855978,-122.1702893578007,True,bc:26:c7:71:89:ae,-66.33333333333333,3,-97.0,3
4ea7dc1a3a6e,17:16:01.800772,2026-04-27 17:16:01.800772-07:00,37.428779152371675,-122.17256884385309,False,5c:5a:c7:10:01:4e,-80.0,3,-95.0,2
4eff5c62362d,15:25:58.057934,2026-04-30 15:25:58.057934-07:00,37.42828296469506,-122.1729376518302,True,a8:3a:79:d3:8a:d2,-56.666666666666664,3,-96.0,3
4f075ae3deb8,14:30:46.804542,2026-05-02 14:30:46.804542-07:00,37.430039797028,-122.17186852528268,True,a8:3a:79:c5:84:12,-67.0,3,-97.0,3
4f4baa9629e9,18:15:15.559072,2026-05-11 18:15:15.559072-07:00,37.42923998050443,-122.1717615676816,False,54:33:c6:b6:47:82,-85.33333333333333,3,-96.0,3
4f5347077180,18:02:44.649162,2026-05-11 18:02:44.649162-07:00,37.42735467960122,-122.17232996073432,False,6c:b2:ae:1d:b2:4e,-81.33333333333333,3,-96.0,3
4f657ee90381,17:41:30.261655,2026-05-11 17:41:30.261655-07:00,37.42769597276311,-122.17084472486704,False,a8:53:7d:8c:32:42,-81.0,3,-94.66666666666669,3
4f9599143efe,15:25:18.006203,2026-04-30 15:25:18.006203-07:00,37.42815485255513,-122.17239425757391,True,a8:3a:79:d4:30:e2,-55.333333333333336,3,-95.0,3
4fa75d8ce143,15:49:35.653342,2026-05-08 15:49:35.653342-07:00,37.42916850153795,-122.1698683734866,False,a8:53:7d:96:65:35,-90.0,3,-97.0,3
4fa98c038d47,14:39:15.269647,2026-05-02 14:39:15.269647-07:00,37.430048993016875,-122.17318894725524,True,ee:9e:38:db:0c:ab,-69.66666666666667,3,-97.0,3
4faf0d63a3fc,17:53:17.815342,2026-05-11 17:53:17.815342-07:00,37.42758890271801,-122.17023693242216,False,a8:53:7d:8c:32:42,-78.0,3,-96.0,3
4fbdd16f9129,15:24:51.105581,2026-05-08 15:24:51.105581-07:00,37.42999507215434,-122.17279821936046,False,a8:3a:79:c7:94:12,-69.33333333333333,3,-92.0,3
4fc32c34dadb,17:37:38.044648,2026-05-11 17:37:38.044648-07:00,37.42748161707504,-122.17029438833823,False,64:3a:ea:93:ec:6e,-86.66666666666667,3,-97.0,3
4fcf02656f9a,15:28:44.619969,2026-05-08 15:28:44.619969-07:00,37.42996206212936,-122.17231662900532,False,a8:3a:79:c7:bf:d2,-71.66666666666667,3,-96.0,3
4fe14f1c0666,15:26:11.172806,2026-05-08 15:26:11.172806-07:00,37.42985097460578,-122.17279810186984,False,a8:3a:79:c7:70:62,-58.666666666666664,3,-95.0,3
4ff104dfa4ce,17:21:53.237409,2026-05-11 17:21:53.237409-07:00,37.42730344032831,-122.17119675648432,False,04:cd:c0:06:b2:62,-82.0,3,-97.0,3
500deedadc21,16:07:35.313207,2026-04-30 16:07:35.313207-07:00,37.427597932801774,-122.17296752969855,True,bc:26:c7:62:ce:ae,-64.33333333333333,3,,0
50237f2534e4,14:37:03.127047,2026-05-02 14:37:03.127047-07:00,37.430521837146856,-122.17259546041682,False,a8:3a:79:c7:b2:d2,-46.0,3,-95.0,3
5045288c43ca,16:13:11.325343,2026-04-30 16:13:11.325343-07:00,37.42741575943835,-122.17264183533422,True,bc:26:c7:5d:13:ce,-38.0,3,-94.0,3
5045fe63dae7,15:29:48.674657,2026-05-08 15:29:48.674657-07:00,37.43050998917986,-122.17198123972577,False,90:77:ee:88:1e:8e,-71.66666666666667,3,-98.0,1
5061836a8dc0,15:31:28.724488,2026-05-08 15:31:28.724488-07:00,37.4305128092299,-122.17138971429743,False,cc:16:7e:ca:04:5e,-61.0,3,-92.0,3
507d7f22882c,14:44:22.035064,2026-05-02 14:44:22.035064-07:00,37.429962340367446,-122.17300429386692,False,a8:3a:79:c7:ac:e2,-83.0,3,-92.0,3
50853c27afc5,14:33:54.991909,2026-05-02 14:33:54.991909-07:00,37.4299530140996,-122.1718162007832,False,a8:3a:79:ca:fb:12,-75.0,3,-97.0,2
50afbb003451,17:59:16.450376,2026-05-11 17:59:16.450376-07:00,37.42822803293704,-122.1702151133645,False,08:4f:a9:3a:50:8e,-83.0,3,-96.0,3
50b1e56c73e1,14:37:15.150839,2026-05-02 14:37:15.150839-07:00,37.43052866252055,-122.17268451861771,False,a8:3a:79:c7:b2:d2,-58.0,3,-95.0,3
50cee20ac097,14:53:30.453842,2026-05-02 14:53:30.453842-07:00,37.43018700351563,-122.17141526946696,False,00:f6:63:28:19:0e,-68.66666666666667,3,-95.0,3
50e2dad52be3,17:21:17.208798,2026-05-11 17:21:17.208798-07:00,37.42757487053249,-122.1713144230634,False,04:cd:c0:06:ef:62,-77.66666666666667,3,-95.0,3
50f509fbc63c,17:20:55.061243,2026-05-01 17:20:55.061243-07:00,37.42746762345553,-122.17177923755484,False,5c:5a:c7:25:76:2e,-86.33333333333333,3,-95.33333333333331,3
50fdd8529b73,17:24:57.513234,2026-05-11 17:24:57.513234-07:00,37.42715284316579,-122.17048242573678,False,1c:6a:7a:83:2a:4e,-57.666666666666664,3,-94.0,3
511a6f0bb341,17:33:45.805954,2026-05-11 17:33:45.805954-07:00,37.42741217863099,-122.17043074411016,False,6c:b2:ae:1d:ad:e1,-75.33333333333333,3,,0
5122fc9d5fa1,16:17:41.850637,2026-04-30 16:17:41.850637-07:00,37.42752335618883,-122.17267206120825,True,ac:7a:56:73:66:8e,-64.0,3,-97.0,3
513cafcfdf90,14:58:14.943801,2026-05-02 14:58:14.943801-07:00,37.429068919867696,-122.1718694160556,False,a8:3a:79:ca:fc:52,-83.66666666666667,3,-95.0,3
514c995ac0b3,17:11:51.602127,2026-04-27 17:11:51.602127-07:00,37.42899208106275,-122.1719053717519,False,a8:3a:79:c7:75:12,-67.0,3,-97.0,3
51a793d8756e,17:29:45.584753,2026-05-11 17:29:45.584753-07:00,37.42741944781033,-122.17131508831255,False,04:cd:c0:06:b2:52,-69.0,3,-97.0,3
521dc5a340fa,18:04:44.756457,2026-05-11 18:04:44.756457-07:00,37.4271534643842,-122.173622279979,False,70:70:8b:35:98:4e,-76.0,3,-98.0,3
523ddec06646,16:12:56.304798,2026-04-30 16:12:56.304798-07:00,37.42746548413967,-122.17270746639822,True,bc:26:c7:5d:13:ce,-37.0,3,-94.0,3
5245fa436436,17:44:10.385326,2026-05-11 17:44:10.385326-07:00,37.42736593452219,-122.16947889200236,False,a8:3a:79:c8:a6:d2,-89.66666666666667,3,-98.0,3
5249a445e955,16:07:40.313786,2026-04-30 16:07:40.313786-07:00,37.427597932801774,-122.17296752969855,True,bc:26:c7:62:ce:ae,-72.66666666666667,3,-95.0,3
525e825f2713,14:44:30.042676,2026-05-02 14:44:30.042676-07:00,37.4299781961007,-122.17296401756492,False,90:77:ee:88:1e:8e,-74.66666666666667,3,-91.0,3
5268343fde21,15:31:00.725631,2026-05-08 15:31:00.725631-07:00,37.43036492919442,-122.17126840287806,False,54:33:c6:c6:64:52,-86.66666666666667,3,-95.0,3
527f00b417c8,15:42:34.476725,2026-05-08 15:42:34.476725-07:00,37.42906130755728,-122.1696176838774,False,70:70:8b:90:2e:2e,-86.0,3,,0
52b251cd6fb3,17:19:13.089893,2026-05-11 17:19:13.089893-07:00,37.42859422382719,-122.17189639937104,False,a8:3a:79:c4:8b:52,-76.33333333333333,3,,0
52da4c72e64b,14:29:50.776780,2026-05-02 14:29:50.776780-07:00,37.43009917921983,-122.1719940328797,True,a8:3a:79:c5:ca:d2,-50.666666666666664,3,,0
52edb4e266b9,14:55:53.515227,2026-05-01 14:55:53.515227-07:00,37.429309757654224,-122.17386650772464,True,38:91:b7:79:19:0d,-75.33333333333333,3,-97.0,3
52f52e2a64d8,17:18:21.941368,2026-04-27 17:18:21.941368-07:00,37.42902129404358,-122.17191496114896,False,a8:3a:79:c7:75:12,-81.33333333333333,3,,0
53085373ae86,15:18:17.809714,2026-04-30 15:18:17.809714-07:00,37.42873992564947,-122.17257497325365,False,5c:5a:c7:05:c0:ee,-63.666666666666664,3,-96.0,3
5338ebaa643a,14:24:54.517998,2026-05-02 14:24:54.517998-07:00,37.42964939044327,-122.1716695085202,True,a8:3a:79:ca:a4:12,-69.33333333333333,3,-95.66666666666669,3
53b4e9272e96,16:06:26.605143,2026-05-01 16:06:26.605143-07:00,37.428781284522806,-122.17149106935402,True,70:db:98:2c:f2:1e,-51.666666666666664,3,-98.0,3
53bfa3bb63a8,15:52:07.792941,2026-05-08 15:52:07.792941-07:00,37.42899278304802,-122.17152195511328,False,40:ce:24:8d:61:ee,-80.0,3,-97.0,3
53cc059a7469,17:08:09.517706,2026-05-01 17:08:09.517706-07:00,37.42859131855978,-122.1702893578007,True,bc:26:c7:71:89:ae,-39.0,3,-97.0,3
53d676fc980a,18:02:04.578502,2026-05-11 18:02:04.578502-07:00,37.42778193099179,-122.17212362287272,False,64:3a:ea:93:ec:6e,-54.0,3,-96.0,3
53dfb95fdb46,16:03:41.482783,2026-05-01 16:03:41.482783-07:00,37.42925788192218,-122.17265841951436,False,c8:78:67:36:40:52,-64.0,3,-96.0,3
545f792716c9,15:17:32.777456,2026-04-30 15:17:32.777456-07:00,37.42863703697792,-122.17199845365415,False,a8:3a:79:c4:5f:52,-85.66666666666667,3,-97.0,3
54bf74b1ce7f,15:40:05.320312,2026-05-08 15:40:05.320312-07:00,37.42986249027308,-122.1707555226958,False,00:f6:63:e6:50:d1,-90.0,3,-96.0,3
54c020ff83d2,17:46:14.482473,2026-05-11 17:46:14.482473-07:00,37.42790721307873,-122.17081527659106,False,failed to retrieve BSSID,,0,,0
54e7de67d0a8,14:47:18.172438,2026-05-02 14:47:18.172438-07:00,37.42977768602839,-122.1722046844672,False,a8:3a:79:c7:7c:52,-58.666666666666664,3,-97.0,3
54ffceff62da,17:20:53.183250,2026-05-11 17:20:53.183250-07:00,37.427962984850296,-122.17120295095368,False,a8:3a:79:c8:96:22,-86.66666666666667,3,-95.0,3
551bd063522e,17:53:13.831744,2026-05-11 17:53:13.831744-07:00,37.42761395728413,-122.17015546008216,False,a8:53:7d:8c:32:42,-74.66666666666667,3,-97.33333333333331,3
552d8b5312ae,16:02:16.430675,2026-05-01 16:02:16.430675-07:00,37.42930220791045,-122.17348425895136,True,a0:3d:6f:98:06:0d,-65.33333333333333,3,-97.0,3
554e9115253b,15:29:40.675033,2026-05-08 15:29:40.675033-07:00,37.43057441045479,-122.17194901645976,False,90:77:ee:88:1e:8e,-76.0,3,-97.0,3
55507f7147c6,17:26:53.449319,2026-05-11 17:26:53.449319-07:00,37.42710129160708,-122.16993283219986,False,a8:3a:79:c9:37:d2,-80.0,3,,0
5573f9595cc6,17:21:41.246257,2026-05-11 17:21:41.246257-07:00,37.42733772671403,-122.17130246563735,False,04:cd:c0:06:b2:62,-66.66666666666667,3,-98.0,3
557516aed0d4,15:31:08.732452,2026-05-08 15:31:08.732452-07:00,37.43044476366874,-122.17124855775737,False,00:f6:63:e6:50:d1,-71.0,3,-94.0,3
5592895bb083,14:50:49.165089,2026-05-01 14:50:49.165089-07:00,37.42913980032355,-122.1725948874648,False,a8:3a:79:c4:aa:62,-71.66666666666667,3,-97.0,3
5597bbf0c376,18:11:31.323179,2026-05-11 18:11:31.323179-07:00,37.42859769470961,-122.17377107412015,False,c8:78:67:3e:c7:d2,-80.0,3,-97.0,1
559dabb99d4b,15:48:38.552019,2026-04-30 15:48:38.552019-07:00,37.42758984557754,-122.17252294549635,False,64:3a:ea:93:ec:6e,-73.0,3,-96.0,3
55b782600958,17:49:45.666766,2026-05-11 17:49:45.666766-07:00,37.42807345429679,-122.17108533593066,False,a8:3a:79:c8:96:22,-60.666666666666664,3,-93.0,2
55bba4955f6d,16:17:11.839701,2026-04-30 16:17:11.839701-07:00,37.42741077016347,-122.17257527763678,True,7c:ad:4f:67:6b:ae,-60.333333333333336,3,-96.0,3
56035af5561b,15:51:43.776325,2026-05-08 15:51:43.776325-07:00,37.4292793533602,-122.1714620827008,False,40:ce:24:92:83:ae,-90.33333333333331,3,,0
56047530a8b7,16:19:46.955044,2026-04-30 16:19:46.955044-07:00,37.42788016760796,-122.1730294064284,True,a8:3a:79:c7:8f:d2,-52.333333333333336,3,,0
560b4aa542ea,17:12:46.639636,2026-04-27 17:12:46.639636-07:00,37.4292891615771,-122.1717703803655,False,54:33:c6:c6:79:e2,-80.0,3,-94.0,3
560d5492868d,17:33:21.812136,2026-05-11 17:33:21.812136-07:00,37.42722346671427,-122.17014059655506,False,a8:3a:79:c8:16:d2,-91.0,3,-96.0,3
565129b5bc6b,17:13:54.740130,2026-05-01 17:13:54.740130-07:00,37.42786613234244,-122.16983370025864,False,00:3e:73:42:7b:12,-89.33333333333333,3,-95.0,3
565ce216f36a,14:44:34.023166,2026-05-02 14:44:34.023166-07:00,37.43009477579427,-122.1729182856008,False,90:77:ee:88:1e:8e,-74.33333333333333,3,-96.0,3
5668ef56df2c,15:51:03.743187,2026-05-08 15:51:03.743187-07:00,37.42931878613619,-122.1710969888946,False,a0:b4:39:78:b1:ee,-79.66666666666667,3,-96.0,3
566fcd093157,17:26:25.274113,2026-05-01 17:26:25.274113-07:00,37.42864841332147,-122.17217203379133,False,a8:3a:79:c4:8b:52,-37.0,3,-97.0,3
56749ccf94aa,15:34:45.601049,2026-04-30 15:34:45.601049-07:00,37.42852860804083,-122.17275740758204,True,bc:26:c7:5d:1a:ee,-55.333333333333336,3,-98.0,3
567f9ccefe43,17:06:09.425307,2026-05-01 17:06:09.425307-07:00,37.42842576704616,-122.17052096166208,True,bc:26:c7:77:1a:4e,-77.66666666666667,3,-97.0,3
5694630b5380,18:04:08.705082,2026-05-11 18:04:08.705082-07:00,37.42735455006604,-122.1732799057774,False,68:9e:0b:5a:6e:8e,-64.0,3,,0
56ab144a11fe,15:33:13.523105,2026-04-30 15:33:13.523105-07:00,37.4286454862442,-122.17260327787758,True,5c:5a:c7:10:19:0e,-70.0,3,-97.0,3
56ac2c3a2fd4,14:24:38.503061,2026-05-02 14:24:38.503061-07:00,37.4297242004369,-122.17171003800648,True,a8:3a:79:ca:a4:12,-69.66666666666667,3,-96.0,3
56bf81709ae9,17:25:25.397252,2026-05-11 17:25:25.397252-07:00,37.42714794690782,-122.17046148991312,False,1c:6a:7a:83:2a:4e,-60.333333333333336,3,-98.0,3
5708be3147cd,17:22:25.250268,2026-05-11 17:22:25.250268-07:00,37.4271993361754,-122.17132020546104,True,00:5d:73:70:64:ae,-66.0,3,-99.0,3
570b87736b20,17:37:54.045636,2026-05-11 17:37:54.045636-07:00,37.42744331988284,-122.17008223395815,False,64:3a:ea:93:ec:6e,-88.33333333333333,3,-97.0,3
573b755bf708,14:37:35.166618,2026-05-02 14:37:35.166618-07:00,37.4303383131472,-122.1727376347889,False,a8:3a:79:c7:b2:d2,-71.0,3,-95.0,3
57596923cdaa,17:21:50.095743,2026-05-01 17:21:50.095743-07:00,37.42750478298144,-122.17174995449682,True,5c:5a:c7:0d:0a:6e,-68.33333333333333,3,-97.0,3
576b4468d300,17:32:33.742786,2026-05-11 17:32:33.742786-07:00,37.42723683772056,-122.16945907295776,False,00:3e:73:a2:97:f2,-73.33333333333333,3,-98.0,3
576ded7dfde2,17:04:44.364303,2026-05-01 17:04:44.364303-07:00,37.42873252396659,-122.17053650577228,False,08:4f:a9:5b:b5:6e,-75.33333333333333,3,,0
577345609c40,18:12:35.366953,2026-05-11 18:12:35.366953-07:00,37.42891156472945,-122.17327575435932,False,90:77:ee:88:1e:8e,-79.33333333333333,3,-97.0,3
577da1d8ffa5,14:52:38.387209,2026-05-02 14:52:38.387209-07:00,37.43015203729804,-122.17176904998314,False,54:33:c6:c6:7f:92,-60.333333333333336,3,-96.0,3
57aebde3bc6e,14:53:49.960182,2026-05-01 14:53:49.960182-07:00,37.42906680469828,-122.17319202043628,False,50:1c:bf:d6:51:00,-76.66666666666667,3,-89.0,3
5807879a7a99,15:24:03.048429,2026-05-08 15:24:03.048429-07:00,37.430249716423845,-122.1724940245605,True,a8:3a:79:c6:81:92,-70.66666666666667,3,-95.0,3
583e87e6965b,15:52:31.824160,2026-05-08 15:52:31.824160-07:00,37.428958334585914,-122.1717664795694,False,a8:3a:79:c4:86:a2,-73.0,3,-91.66666666666669,3
584e7b4db546,15:23:47.041677,2026-05-08 15:23:47.041677-07:00,37.43023445699061,-122.17250353107572,True,a8:3a:79:c7:d9:52,-63.333333333333336,3,-96.0,3
5873eae14e3e,14:58:26.941289,2026-05-02 14:58:26.941289-07:00,37.42899925122693,-122.17200108994273,False,a8:3a:79:c7:75:12,-66.0,3,,0
58b4af1410fa,14:28:38.711378,2026-05-02 14:28:38.711378-07:00,37.43021288256062,-122.17205022413664,True,a8:3a:79:c6:a8:92,-71.33333333333333,3,,0
58bb5d2b29dd,17:25:25.241628,2026-05-01 17:25:25.241628-07:00,37.428490252513456,-122.17163197340165,False,64:3a:ea:93:fc:0e,-79.0,3,-96.0,3
58cd4eec0e6a,17:21:05.052791,2026-05-01 17:21:05.052791-07:00,37.42747126313214,-122.17187410413244,False,64:3a:ea:93:fc:0e,-73.33333333333333,3,-97.0,2
58dac72a566b,17:31:21.652194,2026-05-11 17:31:21.652194-07:00,37.42736816791744,-122.17018436771995,False,6c:b2:ae:1d:ad:ee,-79.66666666666667,3,-97.0,3
58ef69b39815,17:56:32.285864,2026-05-11 17:56:32.285864-07:00,37.42773077514275,-122.1697241219584,False,70:70:8b:97:36:ae,-84.33333333333333,3,,0
5966b792256e,17:06:44.462544,2026-05-01 17:06:44.462544-07:00,37.4283349040692,-122.17038174598476,True,bc:26:c7:6d:c1:0e,-71.33333333333333,3,-97.0,3
59cf48a16feb,16:14:56.384795,2026-04-30 16:14:56.384795-07:00,37.427451603553095,-122.17291431262146,True,bc:26:c7:6d:23:8e,-72.66666666666667,3,-97.0,3
59e330e4d54e,18:00:56.568000,2026-05-11 18:00:56.568000-07:00,37.42826286014402,-122.17142564562312,False,failed to retrieve BSSID,,0,,0
59faa2568d9f,15:24:39.087550,2026-05-08 15:24:39.087550-07:00,37.43005977036781,-122.17277779886425,False,a8:3a:79:c7:3f:92,-63.333333333333336,3,-97.0,3
5a0427b92ae1,17:19:33.349815,2026-04-27 17:19:33.349815-07:00,37.4287267520411,-122.17211439102364,True,a8:3a:79:c7:75:12,-64.33333333333333,3,,0
5a13e96d4936,14:31:58.880533,2026-05-02 14:31:58.880533-07:00,37.429835749769545,-122.1716954808186,True,a8:3a:79:58:c4:d2,-73.66666666666667,3,-98.0,2
5a347d7989ab,14:21:58.339670,2026-05-02 14:21:58.339670-07:00,37.42906424670299,-122.17252151739912,True,c8:78:67:36:40:52,-67.66666666666667,3,-96.0,3
5a5cdaf7b0ec,15:39:41.607478,2026-04-30 15:39:41.607478-07:00,37.42831720081997,-122.17281536595902,True,a8:3a:79:d3:d9:92,-57.666666666666664,3,-98.0,3
5a65106c5c69,18:01:44.573219,2026-05-11 18:01:44.573219-07:00,37.42797432634496,-122.17200916663631,False,64:3a:ea:93:ec:6e,-59.666666666666664,3,-96.0,3
5a7414a077df,14:52:22.393839,2026-05-02 14:52:22.393839-07:00,37.43033948397862,-122.17184731629128,False,54:33:c6:c6:7a:82,-72.33333333333333,3,-97.0,2
5a935b145555,17:15:56.828161,2026-04-27 17:15:56.828161-07:00,37.428844007753575,-122.17254517941656,False,c8:78:67:36:40:52,-78.66666666666667,3,-90.0,1
5a9b1b12a557,14:51:06.361038,2026-05-02 14:51:06.361038-07:00,37.42977847048417,-122.172388472933,False,54:33:c6:b6:57:52,-63.0,3,-98.0,3
5ab4f1b5bf2b,17:49:41.672048,2026-05-11 17:49:41.672048-07:00,37.42801583527058,-122.17101124652255,False,70:90:41:e0:4c:e2,-72.33333333333333,3,,0
5ab78e6e101f,15:34:25.584200,2026-04-30 15:34:25.584200-07:00,37.4286590746456,-122.17266835052403,True,5c:5a:c7:10:19:0e,-67.66666666666667,3,-97.0,3
5ada3a7c5eba,16:19:01.919409,2026-04-30 16:19:01.919409-07:00,37.42778898194979,-122.17283920258122,True,a8:3a:79:c9:b3:52,-74.66666666666667,3,-98.0,3
5afd1011ac21,17:59:20.507059,2026-05-11 17:59:20.507059-07:00,37.42824302266502,-122.1702717243953,False,08:4f:a9:3a:50:8e,-83.0,3,-96.0,3
5afef20c554f,17:24:05.195175,2026-05-01 17:24:05.195175-07:00,37.42794999232502,-122.17166184313712,False,70:90:41:5e:d8:d2,-73.33333333333333,3,-98.0,3
5b1ed2fb036a,15:26:23.080074,2026-04-30 15:26:23.080074-07:00,37.42832435221902,-122.1728078263838,True,a8:3a:79:d3:8a:d2,-61.333333333333336,3,-96.0,3
5b3079e0eb31,17:40:30.185136,2026-05-11 17:40:30.185136-07:00,37.427514603741,-122.17010082187416,False,70:61:7b:d7:4c:ee,-77.33333333333333,3,-99.0,3
5ba5f5f1759b,17:13:56.702473,2026-04-27 17:13:56.702473-07:00,37.429458015747706,-122.17219557594277,False,54:33:c6:c6:79:e2,-81.0,3,-90.0,3
5babad09b37b,16:05:36.563619,2026-05-01 16:05:36.563619-07:00,37.428461124328486,-122.17169359084356,False,a8:3a:79:c3:e1:a2,-77.66666666666667,3,-95.33333333333331,3
5bbcbd249a38,17:47:10.554358,2026-05-11 17:47:10.554358-07:00,37.42795463959133,-122.17080691342136,False,failed to retrieve BSSID,,0,,0
5bcef897c98e,17:58:12.369559,2026-05-11 17:58:12.369559-07:00,37.42807378307955,-122.1695497878408,False,bc:26:c7:62:df:ce,-71.66666666666667,3,-96.0,2
5bd28f31fc52,15:47:14.464808,2026-04-30 15:47:14.464808-07:00,37.4279483706261,-122.1726004460554,False,64:3a:ea:93:ec:6e,-66.66666666666667,3,-96.0,3
5bdaf6b526bb,15:43:31.351383,2026-05-08 15:43:31.351383-07:00,37.429247930412735,-122.1695224887332,False,08:4f:a9:5b:b5:6e,-83.33333333333333,3,-97.0,3
5c08b88fdb02,14:49:46.310238,2026-05-02 14:49:46.310238-07:00,37.42968228123795,-122.172489901254,False,a8:3a:79:c7:dc:52,-74.0,3,,0
5c0b73ae0593,18:00:08.481811,2026-05-11 18:00:08.481811-07:00,37.42824751186015,-122.17073802832172,False,a8:3a:79:c9:3d:d2,-78.0,3,-97.0,3
5c0cf3f9ff00,15:48:35.599588,2026-05-08 15:48:35.599588-07:00,37.42973269000086,-122.1696620779606,False,a8:53:7d:96:65:15,-89.0,3,-95.0,3
5c0dee1b5f66,14:55:13.493020,2026-05-01 14:55:13.493020-07:00,37.42919352552932,-122.17365391001266,True,a0:3d:6f:a5:12:4d,-67.0,3,-96.0,3
5c2ec3c3b6f1,15:26:28.068586,2026-04-30 15:26:28.068586-07:00,37.42832435221902,-122.1728078263838,True,a8:3a:79:d3:8a:d2,-61.333333333333336,3,-96.0,3
5c4460a71c57,17:20:43.405643,2026-04-27 17:20:43.405643-07:00,37.42903985360823,-122.17226509682928,True,a8:3a:79:c7:75:12,-69.66666666666667,3,,0
5c4c6e94c6df,14:29:42.744845,2026-05-02 14:29:42.744845-07:00,37.43010681643051,-122.1719604603774,True,a8:3a:79:c5:ca:d2,-42.666666666666664,3,,0
5c5aaf796c10,17:00:24.172726,2026-05-01 17:00:24.172726-07:00,37.428773456887534,-122.17118863253889,True,50:0f:80:5c:2a:8e,-78.0,3,-96.66666666666669,3
5c7a745ab30a,16:07:01.601117,2026-05-01 16:07:01.601117-07:00,37.42847836327552,-122.17150610965058,True,70:db:98:2c:f2:1e,-66.0,3,-98.0,3
5c8b75d89409,15:47:50.494198,2026-04-30 15:47:50.494198-07:00,37.42780174578198,-122.1723165250824,False,64:3a:ea:93:ec:6e,-75.0,3,-96.0,3
5c8c8ed209bc,17:35:09.881922,2026-05-11 17:35:09.881922-07:00,37.42763394714743,-122.17109148769516,False,70:90:41:6b:d5:52,-89.33333333333333,3,-95.0,3
5cbf84d0bf0c,16:20:56.992031,2026-04-30 16:20:56.992031-07:00,37.42775540937106,-122.17257168143678,True,a8:3a:79:c7:5d:92,-49.333333333333336,3,-95.0,3
5cd4221c6c76,14:57:58.607223,2026-05-01 14:57:58.607223-07:00,37.42915050266002,-122.17351673894936,True,a0:3d:6f:a5:4d:ed,-49.666666666666664,3,-96.0,3
5d3206e4cbdb,15:49:03.617983,2026-05-08 15:49:03.617983-07:00,37.42950544341944,-122.16975049453548,False,a8:53:7d:96:65:35,-91.0,3,-97.0,3
5d5120848c87,17:07:54.506791,2026-05-01 17:07:54.506791-07:00,37.42855815252205,-122.17030383688125,True,bc:26:c7:71:89:ae,-66.66666666666667,3,-97.0,3
5d5fd1eaf540,17:45:46.481926,2026-05-11 17:45:46.481926-07:00,37.42781393070445,-122.17039879836057,False,failed to retrieve BSSID,,0,,0
5d6a57a5eca9,17:19:45.001032,2026-05-01 17:19:45.001032-07:00,37.4277109997163,-122.17128713544884,False,a8:53:7d:8c:1b:12,-87.33333333333333,3,-95.0,3
5d8a156be105,14:47:26.181203,2026-05-02 14:47:26.181203-07:00,37.42977768602839,-122.1722046844672,False,a8:3a:79:c7:7c:52,-58.0,3,-97.0,3
5d8b8874442a,17:14:04.754571,2026-05-01 17:14:04.754571-07:00,37.42779010692568,-122.1698726456026,False,00:3e:73:42:7b:12,-86.66666666666667,3,-97.0,3
5d90060b0c4b,14:55:38.563481,2026-05-02 14:55:38.563481-07:00,37.4299479672581,-122.17113433272591,False,84:3d:c6:70:c1:61,-90.33333333333331,3,-97.0,3
5da65efbbd7d,17:52:25.794801,2026-05-11 17:52:25.794801-07:00,37.42737555952309,-122.16952039831486,False,a8:53:7d:8c:31:92,-87.33333333333333,3,-97.33333333333331,3
5dad412f5ac6,17:36:17.969585,2026-05-11 17:36:17.969585-07:00,37.42747584709326,-122.17026417233396,False,failed to retrieve BSSID,-76.0,1,,0
5df0126ffdf3,17:08:59.555007,2026-05-01 17:08:59.555007-07:00,37.4286458955237,-122.17012684118458,False,bc:26:c7:62:e5:ee,-70.0,3,-95.66666666666669,3
5df18b075ac8,15:26:59.235384,2026-05-08 15:26:59.235384-07:00,37.42989624007633,-122.17238646145763,True,a8:3a:79:c7:7c:52,-79.0,3,-97.0,3
5df9145a6daf,16:20:21.982091,2026-04-30 16:20:21.982091-07:00,37.42776598219414,-122.17290084343048,True,a8:3a:79:c7:8f:d2,-75.5,2,,0
5e16dc129993,14:51:36.744462,2026-05-01 14:51:36.744462-07:00,37.429122411177616,-122.17299993880027,True,3c:0e:23:7c:64:40,-52.333333333333336,3,-91.0,3
5e29981b964d,17:26:50.295299,2026-05-01 17:26:50.295299-07:00,37.428950063212945,-122.17205733177263,True,a8:3a:79:c4:91:d2,-70.0,3,,0
5e2a99429e8a,18:05:52.798933,2026-05-11 18:05:52.798933-07:00,37.42777749769115,-122.17385682839262,False,a8:3a:79:7d:9b:12,-66.33333333333333,3,-95.0,3
5e3b81e9ad60,16:07:21.647967,2026-05-01 16:07:21.647967-07:00,37.42875031319007,-122.17145033458418,True,70:db:98:2c:f2:1e,-58.333333333333336,3,-98.0,3
5e475f85ccb5,14:40:16.100364,2026-05-02 14:40:16.100364-07:00,37.429969923108494,-122.17343882491124,True,ee:9e:38:db:0c:ab,-80.66666666666667,3,-99.0,3
5e4eb86670ca,17:42:46.341547,2026-05-11 17:42:46.341547-07:00,37.42758822064446,-122.17055816830444,False,failed to retrieve BSSID,,0,,0
5e580f63cf10,15:25:33.026899,2026-04-30 15:25:33.026899-07:00,37.42817823711168,-122.17252780328256,True,a8:3a:79:d4:30:e2,-74.33333333333333,3,-96.33333333333331,3
5e5fcda26088,17:15:39.811805,2026-05-01 17:15:39.811805-07:00,37.427890660018335,-122.17051200539132,False,a8:53:7d:8c:32:22,-81.66666666666667,3,-96.0,3
5e8f4ad4c1fc,17:27:41.498012,2026-05-11 17:27:41.498012-07:00,37.42705202003412,-122.16971604436436,False,a8:3a:79:c8:a6:d2,-83.0,3,-98.0,3
5ebad1e76c75,14:30:34.808418,2026-05-02 14:30:34.808418-07:00,37.43006905849471,-122.171871744945,True,a8:3a:79:c5:ca:d2,-76.33333333333333,3,,0
5ecb17b6cfb8,14:55:06.534017,2026-05-02 14:55:06.534017-07:00,37.42968151844553,-122.17121764166322,False,40:ce:24:8d:61:ee,-94.0,3,-97.0,3
5ecb9f8c53a4,14:30:26.798713,2026-05-02 14:30:26.798713-07:00,37.43006905849471,-122.171871744945,True,a8:3a:79:c5:ca:d2,-71.33333333333333,3,,0
5ed2fe9fe92b,15:50:23.693797,2026-05-08 15:50:23.693797-07:00,37.429206347687725,-122.17055245616667,False,a0:b4:39:a7:ed:21,-88.0,3,-97.0,3
5ed9b7a745a1,14:53:10.444292,2026-05-02 14:53:10.444292-07:00,37.430230240453696,-122.17162652002104,False,00:f6:63:28:19:0e,-61.666666666666664,3,,0
5ee77785e003,14:44:00.296695,2026-05-02 14:44:00.296695-07:00,37.43002753953462,-122.17327453566784,True,a8:3a:79:c6:23:92,-82.33333333333333,3,,0
5ee86526943c,17:52:17.790085,2026-05-11 17:52:17.790085-07:00,37.42738952969658,-122.16942869676056,False,a8:53:7d:8c:31:92,-76.0,3,-97.0,3
5eec5ae3fe22,14:51:46.385669,2026-05-02 14:51:46.385669-07:00,37.43018321402559,-122.17214958933394,False,54:33:c6:b6:57:52,-75.0,3,-98.0,3
5ef1763bf4cf,14:49:02.247302,2026-05-02 14:49:02.247302-07:00,37.430130040286954,-122.1727837524535,False,a8:3a:79:c7:d9:52,-64.33333333333333,3,-97.0,3
5ef2ec83e13b,14:55:34.557315,2026-05-02 14:55:34.557315-07:00,37.42993096724915,-122.17112885446802,False,84:3d:c6:70:c1:61,-92.33333333333331,3,-95.66666666666669,3
5efed87f0dc5,14:51:14.359469,2026-05-02 14:51:14.359469-07:00,37.42984569346576,-122.17242656633972,False,54:33:c6:b6:57:52,-60.666666666666664,3,-96.0,3
5f20f94de4b9,14:54:43.461448,2026-05-01 14:54:43.461448-07:00,37.429330237108715,-122.17357608067373,True,f0:1d:2d:3f:48:a2,-47.333333333333336,3,-87.0,3
5f24329887d4,14:54:02.474635,2026-05-02 14:54:02.474635-07:00,37.43003012536344,-122.17122176954432,False,00:f6:63:28:19:01,-89.0,3,-97.0,3
5f30d946f0bc,14:50:24.150636,2026-05-01 14:50:24.150636-07:00,37.42895841563742,-122.1725854192286,False,70:90:41:60:07:12,-67.33333333333333,3,-97.0,3
5f3d4c47f2e7,17:59:12.431456,2026-05-11 17:59:12.431456-07:00,37.42821812322647,-122.17018090571172,False,08:4f:a9:68:4e:0e,-91.0,3,-97.33333333333331,3
5f4afd2d47db,15:32:41.482248,2026-04-30 15:32:41.482248-07:00,37.428634950225394,-122.1726753331812,True,78:bc:1a:32:ba:8e,-71.0,3,-97.0,3
5f7f1accfd08,17:29:53.581932,2026-05-11 17:29:53.581932-07:00,37.42746499936499,-122.17128148988046,False,04:cd:c0:06:ef:52,-79.33333333333333,3,-97.0,3
5f8a6a77e91f,18:10:35.244938,2026-05-11 18:10:35.244938-07:00,37.42827656961523,-122.17389361173488,False,3c:51:0e:f9:93:8e,-69.0,3,-97.0,3
5f8d5f79374d,14:52:16.754480,2026-05-01 14:52:16.754480-07:00,37.429050344256275,-122.17312479690663,True,50:1c:bf:d6:1e:90,-61.666666666666664,3,-89.0,3
5f93f5b90bc1,17:42:14.288617,2026-05-11 17:42:14.288617-07:00,37.42784456070126,-122.17090050938806,False,a8:53:7d:8c:1b:12,-79.0,3,-96.66666666666669,3
5f9a3e0791e4,17:20:49.192964,2026-05-11 17:20:49.192964-07:00,37.427962984850296,-122.17120295095368,False,a8:3a:79:c8:96:22,-85.0,3,-93.66666666666669,3
5fa09c613b3a,15:43:29.570289,2026-04-30 15:43:29.570289-07:00,37.42849578561957,-122.17272398665848,True,5c:5a:c7:10:01:4e,-50.333333333333336,3,-94.0,3
5fa1424ca565,15:20:07.899470,2026-04-30 15:20:07.899470-07:00,37.4283445824874,-122.17220257526722,False,5c:5a:c7:10:01:ce,-85.66666666666667,3,-97.0,3
5fc60572bb6c,14:34:27.001272,2026-05-02 14:34:27.001272-07:00,37.42975079573704,-122.17206616258132,False,54:33:c6:b6:45:b2,-74.33333333333333,3,-97.0,3
5fe4a859b3e1,14:35:11.050568,2026-05-02 14:35:11.050568-07:00,37.42981234469396,-122.1723109641117,False,a8:3a:79:c7:7c:52,-63.333333333333336,3,-97.0,3
5feec00f95ec,17:21:37.248591,2026-05-11 17:21:37.248591-07:00,37.4273925960015,-122.1713682676236,False,04:cd:c0:06:b2:62,-49.0,3,-98.0,3
5fef73203751,14:31:10.822448,2026-05-02 14:31:10.822448-07:00,37.429959811128896,-122.17180534426824,True,a8:3a:79:c8:98:52,-79.33333333333333,3,-96.0,3
5ff86a3c00db,17:55:01.905559,2026-05-11 17:55:01.905559-07:00,37.42787440642925,-122.17035834009216,False,a8:3a:79:c8:84:92,-87.0,3,-95.0,3
60031dcc5662,15:51:47.773962,2026-05-08 15:51:47.773962-07:00,37.429212050404274,-122.17146707776128,False,40:ce:24:92:83:ae,-92.0,3,-95.0,3
6008f25a2fdd,14:57:08.577988,2026-05-01 14:57:08.577988-07:00,37.42909799429722,-122.17376361169715,True,78:f1:c6:6e:30:8d,-68.66666666666667,3,-95.66666666666669,3
60197a33e14a,17:28:17.529866,2026-05-11 17:28:17.529866-07:00,37.42720838831442,-122.17022860403112,False,a8:53:7d:8c:1b:12,-88.66666666666667,3,-97.0,3
6030c100fd40,15:47:10.467705,2026-04-30 15:47:10.467705-07:00,37.42794902345472,-122.1726420342474,False,a8:3a:79:d4:2c:92,-76.33333333333333,3,-97.0,2
6035cab093fa,14:49:22.285251,2026-05-02 14:49:22.285251-07:00,37.43001156978256,-122.1731233823254,False,a8:3a:79:c7:d9:52,-71.66666666666667,3,-97.0,3
60459bcd4737,16:12:41.292162,2026-04-30 16:12:41.292162-07:00,37.42754914633207,-122.17288847154605,True,bc:26:c7:5d:13:ce,-54.333333333333336,3,-94.0,3
60556a829216,16:04:36.517844,2026-05-01 16:04:36.517844-07:00,37.42874508013484,-122.17243986096852,False,5c:5a:c7:05:c0:ee,-66.66666666666667,3,-97.0,3
60933e80ded4,15:59:16.305368,2026-05-01 15:59:16.305368-07:00,37.42917594812575,-122.17361428609765,True,a0:3d:6f:98:06:0d,-42.333333333333336,3,-97.0,3
60dff4aaf66d,17:28:09.526541,2026-05-11 17:28:09.526541-07:00,37.42718222634349,-122.17012763929904,False,a8:3a:79:c8:16:e2,-80.66666666666667,3,-94.0,3
60e3d7e2b1a5,16:06:31.608096,2026-05-01 16:06:31.608096-07:00,37.42884170826663,-122.17134035729484,True,70:db:98:2c:f2:1e,-45.0,3,-98.0,3
60fc82ad8627,17:51:49.763264,2026-05-11 17:51:49.763264-07:00,37.42763219273512,-122.16957629142895,False,a0:3d:6f:89:36:2e,-79.0,3,-96.0,3
6100fd769afc,17:13:39.735358,2026-05-01 17:13:39.735358-07:00,37.427955952848954,-122.16982108789124,False,a8:3a:79:c9:59:52,-89.33333333333333,3,-97.0,3
610fb0ac41d8,16:05:31.562351,2026-05-01 16:05:31.562351-07:00,37.4285108214098,-122.17174159851696,False,a8:3a:79:c3:e1:a2,-74.66666666666667,3,-97.0,3
615b41f7702c,17:17:21.879815,2026-04-27 17:17:21.879815-07:00,37.42883805511198,-122.17192487708115,False,a8:3a:79:c4:86:92,-76.0,3,-96.0,2
61a143e096db,14:34:35.011492,2026-05-02 14:34:35.011492-07:00,37.429760500310366,-122.17211913883384,False,54:33:c6:c6:73:62,-68.66666666666667,3,-97.33333333333331,3
61c6b64310ce,17:43:14.368568,2026-05-11 17:43:14.368568-07:00,37.42763674954824,-122.17015652280404,False,70:61:7b:d7:4c:ee,-70.33333333333333,3,-97.0,3
61ddb52322d4,14:47:46.187266,2026-05-02 14:47:46.187266-07:00,37.429762378160106,-122.1725869044142,False,a8:3a:79:c7:7c:52,-76.0,3,-97.0,3
61fb7cb429f8,15:47:39.552315,2026-05-08 15:47:39.552315-07:00,37.430166571433816,-122.1695179145751,False,a0:b4:39:78:b1:ee,-77.66666666666667,3,-94.33333333333331,3
61fbb92d5168,17:17:39.931353,2026-05-01 17:17:39.931353-07:00,37.4281070151786,-122.1710508780886,True,70:90:41:e0:4c:d2,-66.33333333333333,3,-98.0,1
621a012d6015,17:50:45.711642,2026-05-11 17:50:45.711642-07:00,37.42783312018194,-122.17045130625566,False,a8:53:7d:8c:32:22,-82.33333333333333,3,-98.0,3
622ec918edb3,17:54:53.919200,2026-05-11 17:54:53.919200-07:00,37.42784915327645,-122.17051646871116,False,a8:3a:79:c8:82:d2,-80.0,1,-94.66666666666669,3
62565822c3a0,14:55:54.583268,2026-05-02 14:55:54.583268-07:00,37.42984313523654,-122.17123910048662,False,00:f6:63:28:19:01,-82.0,3,-96.0,3
625d3ac58642,15:44:05.606306,2026-04-30 15:44:05.606306-07:00,37.428558540077425,-122.17272580242968,True,5c:5a:c7:10:01:4e,-42.333333333333336,3,-94.0,3
6267322d426c,18:05:40.771600,2026-05-11 18:05:40.771600-07:00,37.42772995774075,-122.17372332956892,False,a8:3a:79:7d:9b:12,-65.66666666666667,3,-95.0,3
62843fd4bf6e,15:33:37.544160,2026-04-30 15:33:37.544160-07:00,37.42861907431732,-122.17248601367812,True,5c:5a:c7:10:19:0e,-76.66666666666667,3,-97.0,3
6285493097db,14:43:28.261801,2026-05-02 14:43:28.261801-07:00,37.43030701264296,-122.17333360950988,True,ee:9e:28:db:0c:ab,-75.33333333333333,3,-89.0,3
628b14830ae8,17:15:26.766567,2026-04-27 17:15:26.766567-07:00,37.428816090448414,-122.17226760939772,False,bc:26:c7:5d:14:8e,-74.0,3,-97.0,3
62cabb8a79bd,17:55:25.918306,2026-05-11 17:55:25.918306-07:00,37.42780115380314,-122.17004390304456,False,70:70:8b:84:64:8e,-88.0,3,-97.0,3
62d4d29073f8,17:18:49.989235,2026-05-01 17:18:49.989235-07:00,37.428018878551285,-122.17128755831484,True,a8:3a:79:d2:61:e2,-63.333333333333336,3,-94.0,3
62f62d9219b6,14:24:10.478258,2026-05-02 14:24:10.478258-07:00,37.42985235316719,-122.1717241958534,True,a8:3a:79:c5:84:12,-72.66666666666667,3,-98.0,3
6332f93bfdbe,15:28:40.622954,2026-05-08 15:28:40.622954-07:00,37.42996206212936,-122.17231662900532,False,a8:3a:79:c7:bf:d2,-69.66666666666667,3,-96.0,3
63436fc73346,18:00:32.491294,2026-05-11 18:00:32.491294-07:00,37.4283353962933,-122.1711082211572,False,08:4f:a9:5b:9b:2e,-78.66666666666667,3,-96.0,2
634f642e3c78,17:20:40.068624,2026-05-01 17:20:40.068624-07:00,37.42739387686634,-122.17167744488825,False,5c:5a:c7:23:c1:8e,-88.0,3,-98.0,3
635f590c8d3c,15:52:39.830715,2026-05-08 15:52:39.830715-07:00,37.42894334172758,-122.1719111260659,False,a8:3a:79:c4:86:a2,-70.0,3,-95.0,3
637264b1eae4,17:03:59.329539,2026-05-01 17:03:59.329539-07:00,37.42879047097103,-122.1707904146826,False,a0:b4:39:78:bc:6e,-77.0,3,-95.0,2
63bb32a6b2e7,15:49:11.631192,2026-05-08 15:49:11.631192-07:00,37.42940957982481,-122.1697835899501,False,a8:53:7d:96:65:35,-90.0,3,-97.0,3
63c5225e7487,15:59:21.285718,2026-05-01 15:59:21.285718-07:00,37.42917594812579,-122.17361428609765,True,a0:3d:6f:98:06:0d,-40.666666666666664,3,-97.0,3
63d315321ed3,14:50:06.311532,2026-05-02 14:50:06.311532-07:00,37.42967348060385,-122.1724399393988,False,a8:3a:79:c7:7c:52,-80.0,3,-97.0,3
63d6d9e737e5,18:13:07.420172,2026-05-11 18:13:07.420172-07:00,37.42928578238356,-122.17316903491071,False,90:77:ee:88:1e:8e,-72.66666666666667,3,-97.0,3
6437b436638f,16:14:41.389155,2026-04-30 16:14:41.389155-07:00,37.427610550802726,-122.17314024345784,True,50:2f:a8:d3:57:0e,-64.33333333333333,3,-95.0,3
644b20be5f75,17:21:35.089299,2026-05-01 17:21:35.089299-07:00,37.42752792015192,-122.17181323812468,True,5c:5a:c7:0d:0a:6e,-61.666666666666664,3,-97.0,3
64a2efcf5309,14:26:50.619166,2026-05-02 14:26:50.619166-07:00,37.43013602677969,-122.17161199351249,True,a8:3a:79:c5:74:92,-74.0,3,-98.0,3
64b2187fd7ab,16:17:46.854042,2026-04-30 16:17:46.854042-07:00,37.42752335618883,-122.17267206120825,True,ac:7a:56:73:66:8e,-66.0,3,-97.0,3
64ccd3fb0bcb,15:32:57.513528,2026-04-30 15:32:57.513528-07:00,37.42863802486454,-122.1726605351893,True,78:bc:1a:32:ba:8e,-68.33333333333333,3,-97.0,3
64d057fdb4aa,15:32:17.459965,2026-04-30 15:32:17.459965-07:00,37.42861466980824,-122.17266117774908,True,5c:5a:c7:10:01:4e,-75.66666666666667,3,-96.0,3
64d76ac20ba7,16:07:55.316116,2026-04-30 16:07:55.316116-07:00,37.42760801665029,-122.17306197253892,True,50:2f:a8:d3:57:0e,-64.33333333333333,3,-97.0,3
64fe5b1d4ce5,14:54:19.970289,2026-05-01 14:54:19.970289-07:00,37.42914875403862,-122.17326610102867,False,a0:3d:6f:98:00:22,-72.0,3,-87.0,3
65021f93cfde,16:00:21.361022,2026-05-01 16:00:21.361022-07:00,37.42932819726229,-122.17356424701975,True,a0:3d:6f:98:06:0d,-37.333333333333336,3,-97.0,3
65057f15fc96,18:04:56.753091,2026-05-11 18:04:56.753091-07:00,37.42724120227206,-122.17380620668482,False,a8:53:7d:65:59:12,-78.33333333333333,3,-97.0,3
656cc3581ac1,15:40:29.644757,2026-04-30 15:40:29.644757-07:00,37.42857886506432,-122.17272740700628,True,78:bc:1a:2f:fa:ce,-74.66666666666667,3,-98.0,1
657f80044f76,17:15:34.828651,2026-05-01 17:15:34.828651-07:00,37.427911872453926,-122.17052474335053,False,a8:3a:79:c8:82:e2,-62.0,3,-96.0,3
658248d0ec96,17:24:25.346867,2026-05-11 17:24:25.346867-07:00,37.42719734001356,-122.17062675609904,False,00:6b:f1:9c:2e:be,-83.33333333333333,3,-93.0,3
658f57e82fb5,17:29:17.529902,2026-05-11 17:29:17.529902-07:00,37.427333668179934,-122.17101953170766,False,04:cd:c0:06:b2:52,-72.66666666666667,3,-97.0,3
65afa9fb1fc1,17:27:49.502191,2026-05-11 17:27:49.502191-07:00,37.427079548129754,-122.16984480283048,False,a8:3a:79:c8:a6:d2,-85.33333333333333,3,-99.0,3
65b1955f8c39,16:03:31.503841,2026-05-01 16:03:31.503841-07:00,37.42930300640949,-122.17280555035966,False,c8:78:67:36:40:52,-71.0,3,,0
65daafa6f4d6,14:36:15.098666,2026-05-02 14:36:15.098666-07:00,37.43018995547024,-122.17218463690782,False,a8:3a:79:c7:82:52,-67.0,3,-97.0,3
65e078d72446,17:05:29.410433,2026-05-01 17:05:29.410433-07:00,37.42859247440836,-122.1704416784762,True,08:4f:a9:30:6b:ae,-60.333333333333336,3,-98.0,3
65f3a1e2d3d8,17:00:04.160126,2026-05-01 17:00:04.160126-07:00,37.42879840110815,-122.1711742756432,True,40:ce:24:9b:bf:6e,-72.33333333333333,3,-96.0,3
66281492ce67,14:43:44.280866,2026-05-02 14:43:44.280866-07:00,37.43002112152495,-122.17334550097024,True,ee:9e:28:db:0c:ab,-75.66666666666667,3,-91.0,3
66383904a072,15:28:03.271264,2026-05-08 15:28:03.271264-07:00,37.4298232964914,-122.1724126198314,True,a8:3a:79:c7:d2:52,-55.666666666666664,3,-98.0,3
667c5f19c904,15:42:17.749412,2026-04-30 15:42:17.749412-07:00,37.42865731194847,-122.17268024588368,True,5c:5a:c7:27:f0:ee,-75.33333333333333,3,-97.0,3
66985ae7f65d,15:48:50.550538,2026-04-30 15:48:50.550538-07:00,37.42762471177792,-122.17261671614445,False,a8:3a:79:c1:31:92,-77.0,3,-98.0,2
66b923128a64,15:25:35.160464,2026-05-08 15:25:35.160464-07:00,37.42967985003969,-122.17241333203503,False,a8:3a:79:c7:58:52,-67.33333333333333,3,-95.0,3
66ca813ce01c,14:57:48.581564,2026-05-01 14:57:48.581564-07:00,37.42916418782114,-122.1735469955876,True,a0:3d:6f:a5:4d:ed,-57.666666666666664,3,-96.0,3
66f9f309ae4e,15:24:15.057937,2026-05-08 15:24:15.057937-07:00,37.430144783259344,-122.1724604727244,True,a8:3a:79:c6:81:92,-62.666666666666664,3,-95.0,3
6735e16d8913,17:22:00.101764,2026-05-01 17:22:00.101764-07:00,37.42749719090014,-122.1717035487726,True,5c:5a:c7:27:f7:ce,-68.33333333333333,3,-95.0,1
6774f6fd6251,15:27:59.267647,2026-05-08 15:27:59.267647-07:00,37.429824031434165,-122.17243297149616,True,a8:3a:79:c7:d2:52,-58.666666666666664,3,-98.0,3
6779445ffe94,15:28:24.604758,2026-05-08 15:28:24.604758-07:00,37.42980072975071,-122.17237192464216,False,a8:3a:79:c7:d2:52,-58.666666666666664,3,-98.0,3
6798f4b8a81d,15:17:57.770533,2026-04-30 15:17:57.770533-07:00,37.42868895483238,-122.17229809284235,False,a8:3a:79:c4:8b:52,-67.33333333333333,3,-97.0,3
67b14c208e6c,17:50:57.704745,2026-05-11 17:50:57.704745-07:00,37.427779742425344,-122.17027471351544,False,a8:53:7d:8c:32:42,-82.0,3,-96.0,3
67ca3ff90bd9,17:30:21.614853,2026-05-11 17:30:21.614853-07:00,37.42755492299493,-122.17095712233176,False,a8:53:7d:8c:1b:12,-89.66666666666667,3,-97.0,3
67e466e3d223,15:43:21.562930,2026-04-30 15:43:21.562930-07:00,37.42863654040494,-122.17262860061358,True,5c:5a:c7:10:19:0e,-83.0,3,-96.0,3
67f037043eeb,14:53:22.451270,2026-05-02 14:53:22.451270-07:00,37.43020955944991,-122.17151188683204,False,00:f6:63:28:19:0e,-59.0,3,-93.0,3
67f083bb9f69,14:24:02.459781,2026-05-02 14:24:02.459781-07:00,37.429909308567865,-122.17170270361984,True,a8:3a:79:c5:84:12,-67.33333333333333,3,,0
67f0dd9843c6,15:23:59.054768,2026-05-08 15:23:59.054768-07:00,37.430249716423845,-122.1724940245605,True,a8:3a:79:c6:81:92,-69.66666666666667,3,,0
68094af4d999,17:37:22.038658,2026-05-11 17:37:22.038658-07:00,37.42752135075565,-122.17049954884077,False,64:3a:ea:93:fc:0e,-86.66666666666667,3,-98.0,3
680f4bdfeb97,15:34:21.584028,2026-04-30 15:34:21.584028-07:00,37.4286590746456,-122.17266835052403,True,5c:5a:c7:10:19:0e,-56.333333333333336,3,-97.0,3
68172702d20a,15:41:49.733209,2026-04-30 15:41:49.733209-07:00,37.42868437203772,-122.17276645922458,True,78:bc:1a:32:ba:8e,-64.33333333333333,3,-95.0,3
681e343e8ce9,15:50:51.722427,2026-05-08 15:50:51.722427-07:00,37.429282551418886,-122.17096431807089,False,a0:b4:39:78:a6:ee,-82.33333333333333,3,-97.0,3
682d6930b777,14:29:18.749190,2026-05-02 14:29:18.749190-07:00,37.43018844868182,-122.1719936642488,True,a8:3a:79:c5:7a:92,-78.33333333333333,3,-97.0,3
6836faff647e,15:42:25.770377,2026-04-30 15:42:25.770377-07:00,37.42865731194847,-122.17268024588368,True,5c:5a:c7:10:19:0e,-67.33333333333333,3,,0
687bffcea27d,16:20:01.956110,2026-04-30 16:20:01.956110-07:00,37.42788363488566,-122.17313186959495,True,a8:3a:79:c7:8f:d2,-44.666666666666664,3,,0
689d8a272468,14:58:03.618770,2026-05-01 14:58:03.618770-07:00,37.42912920636372,-122.17348031181268,True,a0:3d:6f:a5:4d:ed,-59.0,3,-96.0,3
68a13eb4068c,14:22:10.382912,2026-05-02 14:22:10.382912-07:00,37.42918764013465,-122.17260110892732,False,c8:78:67:36:40:52,-59.0,3,-97.0,3
68a4e6062a1e,17:15:11.754273,2026-04-27 17:15:11.754273-07:00,37.42889977706693,-122.1722832853922,False,bc:26:c7:5d:14:8e,-81.33333333333333,3,-97.0,3
68d86bf7096f,17:21:25.202325,2026-05-11 17:21:25.202325-07:00,37.42750255333706,-122.17132989247844,False,04:cd:c0:06:ef:62,-56.666666666666664,3,-97.0,3
690bcf262bc8,17:49:13.612690,2026-05-11 17:49:13.612690-07:00,37.42796775953128,-122.17068996357206,False,a8:3a:79:c8:86:a2,-69.33333333333333,3,-95.0,3
690d9b35fb4a,14:55:18.489552,2026-05-01 14:55:18.489552-07:00,37.42920656030308,-122.17373447639604,True,a0:3d:6f:a5:12:4d,-66.66666666666667,3,-95.0,3
691211542231,18:03:00.640837,2026-05-11 18:03:00.640837-07:00,37.42722874331467,-122.1724357190355,False,6c:b2:ae:1d:b2:4e,-78.66666666666667,3,-96.0,3
693b2225a6f4,18:11:35.334216,2026-05-11 18:11:35.334216-07:00,37.42859769470961,-122.17377107412015,False,cc:db:93:05:fb:4e,-65.33333333333333,3,-97.0,1
693d06aa3fec,15:21:30.909134,2026-05-08 15:21:30.909134-07:00,37.42962886862391,-122.17243341739972,False,54:33:c6:b6:47:62,-67.0,3,-97.0,3
696bcb87521f,17:26:45.464230,2026-05-11 17:26:45.464230-07:00,37.42709246878678,-122.16993206130148,False,a8:3a:79:c8:a6:d2,-79.0,3,-97.0,3
6971d8de6c37,15:24:49.308618,2026-04-30 15:24:49.308618-07:00,37.428139735639064,-122.17231974292156,False,64:3a:ea:93:fc:0e,-80.66666666666667,3,-95.0,2
6973638acb89,17:25:30.240415,2026-05-01 17:25:30.240415-07:00,37.428504996247646,-122.17170945311632,False,64:3a:ea:93:fc:0e,-74.66666666666667,3,-96.0,3
69779c34eaf9,17:23:33.303589,2026-05-11 17:23:33.303589-07:00,37.42715958008524,-122.17099171408437,True,00:6b:f1:9e:18:0e,-69.66666666666667,3,,0
6990bd380dbe,14:45:10.070564,2026-05-02 14:45:10.070564-07:00,37.43025172216919,-122.172843493265,False,90:77:ee:88:1e:8e,-66.66666666666667,3,-97.0,3
69a76eddd7eb,18:15:27.560535,2026-05-11 18:15:27.560535-07:00,37.42908845074605,-122.17180855367592,False,a8:3a:79:c4:86:a2,-80.66666666666667,3,-95.0,2
69b55dd77ab3,15:34:17.579864,2026-04-30 15:34:17.579864-07:00,37.4286590746456,-122.17266835052403,True,5c:5a:c7:10:19:0e,-62.333333333333336,3,-97.0,3
69d817c67db9,18:11:27.303848,2026-05-11 18:11:27.303848-07:00,37.428612772233855,-122.1738228236546,False,c8:78:67:3e:c7:d2,-85.66666666666667,3,-96.33333333333331,3
6a05fba892c7,15:48:16.261236,2026-05-08 15:48:16.261236-07:00,37.42979376341496,-122.1694322149893,False,a8:53:7d:96:48:35,-90.33333333333331,3,-97.0,3
6a2ab73cf09f,14:45:18.076046,2026-05-02 14:45:18.076046-07:00,37.43025172216919,-122.172843493265,False,90:77:ee:88:1e:8e,-72.0,3,-97.0,3
6a2d223a7b9f,17:54:45.898535,2026-05-11 17:54:45.898535-07:00,37.42788781637758,-122.17061118438616,False,a8:3a:79:c8:82:d2,-73.33333333333333,3,-93.66666666666669,3
6a57fc2d0987,17:25:17.379630,2026-05-11 17:25:17.379630-07:00,37.42715745432334,-122.1704600519177,False,1c:6a:7a:83:2a:4e,-61.333333333333336,3,-96.0,3
6a7aa652ec4c,15:30:20.681643,2026-05-08 15:30:20.681643-07:00,37.4303009893066,-122.17179750833856,False,54:33:c6:c6:64:52,-68.33333333333333,3,-91.0,3
6a88b5f8ac00,17:15:46.791899,2026-04-27 17:15:46.791899-07:00,37.42881490100245,-122.17237038344138,False,a8:3a:79:c7:73:12,-82.33333333333333,3,-95.0,3
6a8b4e205a9d,16:05:06.552053,2026-05-01 16:05:06.552053-07:00,37.428555971318914,-122.17181753587616,False,a8:3a:79:c4:8b:52,-65.0,3,-96.0,3
6acbfe83de82,15:40:41.654616,2026-04-30 15:40:41.654616-07:00,37.42861770821848,-122.17252165859428,True,5c:5a:c7:05:c0:ee,-73.33333333333333,3,,0
6ace2ba7afd0,17:20:17.189198,2026-05-11 17:20:17.189198-07:00,37.428077270552656,-122.17133854520594,False,70:90:41:5e:cd:52,-86.33333333333333,3,-96.0,3
6ad48a48cd2f,14:35:27.091189,2026-05-02 14:35:27.091189-07:00,37.42994755703744,-122.17227197509284,False,a8:3a:79:c7:82:52,-63.666666666666664,3,,0
6ad4b0971b5d,15:49:14.587801,2026-04-30 15:49:14.587801-07:00,37.427648150133464,-122.17285062172142,False,50:2f:a8:d3:57:0e,-83.0,3,-96.66666666666669,3
6ae273ec5f97,17:34:53.855500,2026-05-11 17:34:53.855500-07:00,37.427509337206,-122.17120094055726,False,00:5d:73:7d:b2:2e,-77.33333333333333,3,-99.0,3
6ae916794252,15:27:35.258597,2026-05-08 15:27:35.258597-07:00,37.429850426356445,-122.1723402180775,False,a8:3a:79:c7:d2:52,-64.66666666666667,3,-98.0,3
6afb70ac5179,14:28:50.710007,2026-05-02 14:28:50.710007-07:00,37.4301742454488,-122.17206714879428,True,a8:3a:79:c5:7a:92,-75.66666666666667,3,-96.0,3
6b0a343ad6a3,15:45:17.682929,2026-04-30 15:45:17.682929-07:00,37.42851735788667,-122.17251805869928,True,5c:5a:c7:10:01:4e,-51.0,3,-94.0,3
6b397e962674,15:45:25.693894,2026-04-30 15:45:25.693894-07:00,37.428526253493864,-122.17272381913816,True,5c:5a:c7:10:01:4e,-46.0,3,-94.0,3
6b3b463329ac,14:22:14.383805,2026-05-02 14:22:14.383805-07:00,37.42918764013465,-122.17260110892732,False,c8:78:67:36:40:52,-71.0,3,-97.0,3
6b91d505aaed,17:45:34.490361,2026-05-11 17:45:34.490361-07:00,37.42777787223678,-122.17025180222844,False,failed to retrieve BSSID,,0,,0
6bb1af38a437,17:20:58.429680,2026-04-27 17:20:58.429680-07:00,37.42901070775838,-122.17245908092644,True,a8:3a:79:c7:75:12,-71.66666666666667,3,,0
6bd1f92a3012,14:43:08.253111,2026-05-02 14:43:08.253111-07:00,37.43023324294583,-122.17334608477502,True,ee:9e:28:db:0c:ab,-66.66666666666667,3,-86.0,3
6bdc005440b5,15:30:08.689360,2026-05-08 15:30:08.689360-07:00,37.430373259247254,-122.17189227535106,False,54:33:c6:c6:7a:82,-73.0,3,-98.0,3
6beaf654be8b,17:13:41.683060,2026-04-27 17:13:41.683060-07:00,37.42943827217714,-122.17211306520856,False,54:33:c6:c6:79:e2,-74.66666666666667,3,-90.0,3
6beb6bee625c,14:23:58.474032,2026-05-02 14:23:58.474032-07:00,37.42994571754607,-122.1717458024638,True,54:33:c6:b6:45:b2,-78.33333333333333,3,-98.0,3
6bedaca8243d,16:19:31.923419,2026-04-30 16:19:31.923419-07:00,37.42786445760528,-122.17303663880764,True,a8:3a:79:c9:b3:52,-75.0,3,-98.0,3
6c0931d445b0,16:03:26.482280,2026-05-01 16:03:26.482280-07:00,37.42928872725234,-122.17296043194824,False,failed to retrieve BSSID,,0,,0
6c3b5423712e,16:03:51.474710,2026-05-01 16:03:51.474710-07:00,37.42925788192218,-122.17265841951436,False,c8:78:67:36:40:52,-59.333333333333336,3,-96.0,3
6c3b8f7a8488,17:35:41.945648,2026-05-11 17:35:41.945648-07:00,37.42754822670562,-122.17067088009186,False,6c:b2:ae:1d:ad:ee,-85.0,1,-97.0,1
6c56de49f4a7,15:49:42.625254,2026-04-30 15:49:42.625254-07:00,37.427714406101735,-122.17320771643423,False,a8:3a:79:c7:59:92,-75.66666666666667,3,,0
6c8909472c53,16:22:12.202851,2026-04-30 16:22:12.202851-07:00,37.42818449696236,-122.1721923985834,False,64:3a:ea:93:fc:0e,-78.0,3,,0
6c8b1b83b351,17:01:19.228645,2026-05-01 17:01:19.228645-07:00,37.42887152416627,-122.17122255224518,False,a0:b4:39:78:a6:ee,-68.33333333333333,3,,0
6cb0a1d5886c,17:18:54.993885,2026-05-01 17:18:54.993885-07:00,37.428018878551285,-122.17128755831484,True,a8:3a:79:d2:61:e2,-72.66666666666667,3,-96.0,3
6cb7c30acc95,17:30:33.615604,2026-05-11 17:30:33.615604-07:00,37.42745775449053,-122.17081805968276,False,a8:53:7d:8c:1b:12,-89.0,3,-96.0,3
6cc8ad7bf34c,15:51:27.747089,2026-05-08 15:51:27.747089-07:00,37.429414272638354,-122.1713479067973,False,a0:b4:39:78:b1:ee,-85.33333333333333,3,-98.0,3
6cf7a7f551c9,16:05:56.599531,2026-05-01 16:05:56.599531-07:00,37.42853098982952,-122.17160253131756,False,40:ce:24:a8:d1:2e,-66.33333333333333,3,-97.0,3
6d04881f2b13,17:46:02.500628,2026-05-11 17:46:02.500628-07:00,37.42788030343644,-122.17067840299244,False,failed to retrieve BSSID,,0,,0
6d14e2329e1f,15:25:38.069440,2026-04-30 15:25:38.069440-07:00,37.42824863836152,-122.17278311583313,True,a8:3a:79:ca:fc:22,-58.0,3,-90.0,1
6d2eb642bca7,15:30:32.709107,2026-05-08 15:30:32.709107-07:00,37.43027192545466,-122.17164195269206,False,54:33:c6:c6:64:52,-70.0,3,-96.0,3
6d310428aebb,15:40:01.346772,2026-05-08 15:40:01.346772-07:00,37.42985728830228,-122.170794434722,False,00:f6:63:e6:50:d1,-89.33333333333333,3,-96.0,3
6d3a5e10743f,17:15:16.810412,2026-04-27 17:15:16.810412-07:00,37.428861892065086,-122.172248117888,False,bc:26:c7:5d:14:8e,-72.33333333333333,3,-97.0,3
6d450dd8217b,15:42:42.486442,2026-05-08 15:42:42.486442-07:00,37.42911004954221,-122.1695774555648,False,70:70:8b:90:2e:2e,-90.0,3,-95.0,3
6d4e6df3aa5b,16:10:56.216221,2026-04-30 16:10:56.216221-07:00,37.427544046982376,-122.17284669816443,True,7c:ad:4f:67:6b:ae,-66.33333333333333,3,-97.0,3
6d8c88572d32,14:30:14.791556,2026-05-02 14:30:14.791556-07:00,37.430096699824475,-122.1718717285164,True,a8:3a:79:c5:ca:d2,-68.66666666666667,3,,0
6d8fb59a753d,17:35:57.967162,2026-05-11 17:35:57.967162-07:00,37.4275219256669,-122.17050827744744,False,failed to retrieve BSSID,,0,,0
6d96d86bba9a,15:43:37.590487,2026-04-30 15:43:37.590487-07:00,37.42849578561957,-122.17272398665848,True,5c:5a:c7:10:01:4e,-68.33333333333333,3,-94.0,3
6db01d1b1fe6,15:50:35.708725,2026-05-08 15:50:35.708725-07:00,37.429254396535256,-122.17073963175947,False,a0:b4:39:80:a9:8e,-84.66666666666667,3,-98.0,1
6dc5d6e0c0b4,15:41:18.392568,2026-05-08 15:41:18.392568-07:00,37.42944945671418,-122.1704193975076,False,a0:b4:39:80:a9:81,-84.66666666666667,3,-96.0,3
6dcd3c80e73c,15:39:05.567945,2026-04-30 15:39:05.567945-07:00,37.42829134173728,-122.17290981798016,True,a8:3a:79:d3:d2:d2,-73.66666666666667,3,-96.33333333333331,3
6ddce43d1f52,17:31:09.640528,2026-05-11 17:31:09.640528-07:00,37.42733085188529,-122.17037495076906,False,6c:b2:ae:1d:ad:ee,-76.66666666666667,3,-99.0,3
6dfa8144f027,15:40:21.641794,2026-04-30 15:40:21.641794-07:00,37.42857886506432,-122.17272740700628,True,78:bc:1a:2f:fa:ce,-62.666666666666664,3,-96.0,3
6e306e4c8fe5,15:28:07.271168,2026-05-08 15:28:07.271168-07:00,37.4298232964914,-122.1724126198314,True,a8:3a:79:c7:d2:52,-50.666666666666664,3,-98.0,3
6e491cadbd33,18:01:04.542293,2026-05-11 18:01:04.542293-07:00,37.42822414091755,-122.1715574340026,False,64:3a:ea:93:ec:6e,-81.66666666666667,3,,0
6e726e8fc306,15:41:09.691047,2026-04-30 15:41:09.691047-07:00,37.42856005180174,-122.17224202042188,True,5c:5a:c7:0c:84:8e,-68.66666666666667,3,-96.33333333333331,3
6e8061729a5e,17:26:42.137425,2026-05-11 17:26:42.137425-07:00,37.42709246878678,-122.16993206130148,False,a8:3a:79:c8:a6:d2,-74.33333333333333,3,-97.0,3
6ea1440cedf3,17:39:50.166922,2026-05-11 17:39:50.166922-07:00,37.42749434583105,-122.16983041018916,False,a0:3d:6f:89:36:2e,-81.0,3,-97.0,3
6ea4977b8dae,15:24:07.083635,2026-05-08 15:24:07.083635-07:00,37.430249716423845,-122.1724940245605,True,a8:3a:79:c6:81:92,-71.0,3,-95.66666666666669,3
6eb1ba10f9e8,17:20:50.085259,2026-05-01 17:20:50.085259-07:00,37.42740893287469,-122.17173701561964,False,5c:5a:c7:25:76:2e,-74.66666666666667,3,-96.0,3
6eb1e7ee5701,17:50:25.694480,2026-05-11 17:50:25.694480-07:00,37.42787594641921,-122.17071209675116,False,a8:3a:79:c8:86:92,-82.0,3,,0
6ebaa187f3bd,15:42:10.441632,2026-05-08 15:42:10.441632-07:00,37.42910615312985,-122.1699598177453,False,08:4f:a9:5b:b5:61,-90.0,3,-91.0,3
6ec4d71760d8,14:54:10.497778,2026-05-02 14:54:10.497778-07:00,37.42997406147579,-122.17122646540902,False,00:f6:63:28:19:01,-82.33333333333333,3,-92.0,3
6edd0d673825,17:59:32.434429,2026-05-11 17:59:32.434429-07:00,37.4282343316189,-122.17032355627092,False,08:4f:a9:3a:50:8e,-85.0,3,-96.0,3
6eec590bf1a4,15:47:27.547374,2026-05-08 15:47:27.547374-07:00,37.430312058993835,-122.16947332789208,False,a0:b4:39:78:b1:ee,-82.33333333333333,3,-92.0,3
6ef256a759cd,18:14:11.468053,2026-05-11 18:14:11.468053-07:00,37.42953358048026,-122.17245138935291,False,54:33:c6:b6:47:82,-74.33333333333333,3,-95.0,3
6f066bcfa90d,16:12:36.305997,2026-04-30 16:12:36.305997-07:00,37.42754914633207,-122.17288847154605,True,10:06:ed:72:50:0e,-77.66666666666667,3,-97.0,3
6f0dac3c869a,15:41:05.926000,2026-05-08 15:41:05.926000-07:00,37.42945712041523,-122.1704888627463,False,a0:b4:39:80:a9:81,-86.33333333333333,3,-92.0,3
6f5ffdb6723c,14:22:50.410601,2026-05-02 14:22:50.410601-07:00,37.42957820507899,-122.17238054903352,False,54:33:c6:c6:73:62,-74.33333333333333,3,-95.33333333333331,3
6f739509098a,15:50:11.681541,2026-05-08 15:50:11.681541-07:00,37.429181029245,-122.1704003708511,False,a0:b4:39:78:aa:6e,-83.66666666666667,3,-97.0,3
6f9474e95f0b,15:22:02.939027,2026-05-08 15:22:02.939027-07:00,37.429796989183586,-122.17248206061936,True,a8:3a:79:c7:d2:52,-73.66666666666667,3,-97.0,2
6fbd620a4fa2,17:20:08.410222,2026-04-27 17:20:08.410222-07:00,37.4287905343412,-122.17217596871951,True,a8:3a:79:c3:7d:52,-61.333333333333336,3,-96.0,3
6fc4db57c324,17:06:39.439614,2026-05-01 17:06:39.439614-07:00,37.4283349040692,-122.17038174598476,True,bc:26:c7:6d:c1:0e,-52.666666666666664,3,-97.0,3
6fdff996a887,15:50:38.677265,2026-04-30 15:50:38.677265-07:00,37.42803395349964,-122.17297413954034,False,a8:3a:79:c6:2c:12,-78.33333333333333,3,-94.66666666666669,3
6ff61dde6977,14:27:58.699277,2026-05-02 14:27:58.699277-07:00,37.43021119363801,-122.17186964621764,True,a8:3a:79:c6:a8:92,-58.333333333333336,3,,0
6ff72292714b,14:33:02.908110,2026-05-02 14:33:02.908110-07:00,37.43006929978018,-122.17211287174644,True,a8:3a:79:ca:fb:12,-76.0,3,-95.0,3
7017f3d73cad,17:40:38.185574,2026-05-11 17:40:38.185574-07:00,37.42755340008297,-122.17013884653755,False,70:61:7b:d7:4c:ee,-75.33333333333333,3,-99.0,3
701dd87cd08d,16:18:11.858140,2026-04-30 16:18:11.858140-07:00,37.42765507511782,-122.17294531715814,True,68:9e:0b:92:74:0e,-70.33333333333333,3,-98.0,3
702a6f309d9e,14:41:28.188598,2026-05-02 14:41:28.188598-07:00,37.430126631850904,-122.17384635996945,True,f6:cb:bc:8e:80:be,-70.33333333333333,3,-93.0,3
703063d3b5c4,15:48:06.518564,2026-04-30 15:48:06.518564-07:00,37.42770275251778,-122.17236067905893,False,64:3a:ea:93:ec:6e,-73.33333333333333,3,-98.0,3
70359ab37014,14:42:44.219773,2026-05-02 14:42:44.219773-07:00,37.43012869743561,-122.17341260664404,True,ee:9e:28:db:0c:ab,-61.0,3,-86.0,3
704fe37d4952,17:06:24.444518,2026-05-01 17:06:24.444518-07:00,37.428368690316695,-122.170533926372,True,bc:26:c7:6d:c1:0e,-52.666666666666664,3,-96.66666666666669,3
705afe737bdb,14:32:58.927988,2026-05-02 14:32:58.927988-07:00,37.43006929978018,-122.17211287174644,True,a8:3a:79:ca:fb:12,-72.0,3,-95.0,3
7067569d3b34,17:41:06.238788,2026-05-11 17:41:06.238788-07:00,37.4277672816582,-122.17047966158484,False,70:61:7b:d7:4c:ee,-77.66666666666667,3,-92.33333333333331,3
7073373d744b,17:05:19.398668,2026-05-01 17:05:19.398668-07:00,37.42859247440836,-122.1704416784762,True,bc:26:c7:71:89:ae,-67.33333333333333,3,-96.0,3
70807968b7b2,17:58:08.384480,2026-05-11 17:58:08.384480-07:00,37.42807372881467,-122.1694940532848,False,a8:53:7d:96:59:12,-87.66666666666667,3,,0
709823cbd787,14:27:06.633816,2026-05-02 14:27:06.633816-07:00,37.43007602944604,-122.17163798549228,True,a8:3a:79:c5:72:92,-63.0,3,-97.0,3
709ec1b0eee5,16:06:35.267099,2026-04-30 16:06:35.267099-07:00,37.42739900070458,-122.17256285679608,True,7c:ad:4f:67:6b:ae,-75.0,3,-96.0,2
70c5a004af26,17:53:45.866623,2026-05-11 17:53:45.866623-07:00,37.42760877416486,-122.17057674985806,False,64:3a:ea:93:ec:6e,-85.0,3,-97.0,2
70c77129b74e,17:00:39.175490,2026-05-01 17:00:39.175490-07:00,37.42876939914218,-122.17124375369698,True,f8:0b:cb:f0:80:1e,-67.0,3,-97.0,3
70d1cac8ea00,15:31:59.938622,2026-05-08 15:31:59.938622-07:00,37.430520742926525,-122.17156308777577,True,cc:16:7e:ca:04:5e,-66.66666666666667,3,-96.0,3
70e99a5854a7,15:49:23.645771,2026-05-08 15:49:23.645771-07:00,37.42928721676565,-122.1698215195887,False,a8:53:7d:96:65:35,-86.33333333333333,3,-97.0,3
713116550dd0,15:33:09.511500,2026-04-30 15:33:09.511500-07:00,37.4286454862442,-122.17260327787758,True,5c:5a:c7:10:19:0e,-61.333333333333336,3,-97.0,3
714a34be8fde,17:37:50.075210,2026-05-11 17:37:50.075210-07:00,37.42745132665173,-122.17011350047706,False,64:3a:ea:93:ec:6e,-89.0,3,-97.0,3
714d63377b59,15:39:17.588037,2026-04-30 15:39:17.588037-07:00,37.42826145266952,-122.17274537082716,True,a8:3a:79:ca:ca:12,-53.5,2,-98.0,2
71a2e44cb2ab,14:53:42.456441,2026-05-02 14:53:42.456441-07:00,37.4301471268802,-122.17123178325036,False,00:f6:63:28:19:01,-85.66666666666667,3,-97.0,3
71b63cbf2ec0,17:05:44.420103,2026-05-01 17:05:44.420103-07:00,37.428537309488995,-122.17046922055482,True,08:4f:a9:30:6b:ae,-67.33333333333333,3,-97.0,3
71ca3a3b0900,16:17:36.850274,2026-04-30 16:17:36.850274-07:00,37.42747328555611,-122.17260756866337,True,ac:7a:56:73:66:8e,-62.0,3,-97.0,3
71cf18cbe2c5,14:57:54.931549,2026-05-02 14:57:54.931549-07:00,37.42925057545859,-122.171749442419,False,54:33:c6:b6:47:62,-85.0,3,-98.0,3
71d52cc517f8,17:17:01.872908,2026-04-27 17:17:01.872908-07:00,37.42871624654748,-122.17196691841262,False,a8:3a:79:c4:5f:52,-76.66666666666667,3,-97.0,3
71d7fd2aefd0,17:41:42.249692,2026-05-11 17:41:42.249692-07:00,37.42767862086897,-122.17098832299057,False,64:3a:ea:93:fc:0e,-84.0,3,-96.0,3
71fb552009a0,16:13:06.319696,2026-04-30 16:13:06.319696-07:00,37.42741575943835,-122.17264183533422,True,bc:26:c7:5d:13:ce,-54.0,3,-94.0,3
72005f4e0381,15:19:47.871574,2026-04-30 15:19:47.871574-07:00,37.4285153974289,-122.17212022255596,False,a8:3a:79:c4:8b:52,-73.33333333333333,3,-97.0,3
724e23f692ac,17:16:16.824533,2026-04-27 17:16:16.824533-07:00,37.42871174702355,-122.17237819033622,False,5c:5a:c7:05:c0:ee,-73.66666666666667,3,-95.0,3
7276466a2309,14:52:51.776138,2026-05-01 14:52:51.776138-07:00,37.429129941583525,-122.1730032908852,True,50:1c:bf:d6:51:00,-63.666666666666664,3,-90.66666666666669,3
727a7ea71825,14:36:47.124862,2026-05-02 14:36:47.124862-07:00,37.43049835849242,-122.1724361273785,False,a8:3a:79:c7:c9:92,-77.33333333333333,3,-98.0,2
727f73916125,17:11:29.646436,2026-05-01 17:11:29.646436-07:00,37.428185597820125,-122.16946319095776,True,70:70:8b:84:5b:ce,-65.33333333333333,3,-94.0,3
7297f25f3ec5,17:11:44.655706,2026-05-01 17:11:44.655706-07:00,37.42825633108226,-122.16954540750356,True,70:70:8b:84:5b:ce,-49.666666666666664,3,-94.0,3
72a11ddff09b,16:05:41.575441,2026-05-01 16:05:41.575441-07:00,37.428461124328486,-122.17169359084356,False,70:db:98:33:49:71,-64.33333333333333,3,,0
72bfb511ff78,15:35:09.635595,2026-04-30 15:35:09.635595-07:00,37.42826805337803,-122.17284463242056,True,bc:26:c7:5d:1a:ee,-75.0,3,-98.0,2
72de2e03fa28,17:07:04.463741,2026-05-01 17:07:04.463741-07:00,37.428403985616995,-122.17036644690369,True,08:4f:a9:33:53:ae,-36.0,3,,0
7349349cd8f7,15:39:13.583405,2026-04-30 15:39:13.583405-07:00,37.42826145266952,-122.17274537082716,True,a8:3a:79:ca:ca:12,-72.66666666666667,3,-96.66666666666669,3
736416583ae4,18:03:16.654647,2026-05-11 18:03:16.654647-07:00,37.42717289021058,-122.1726423505872,False,40:ce:24:9b:dc:4e,-67.66666666666667,3,,0
736572c83ba1,15:41:30.397886,2026-05-08 15:41:30.397886-07:00,37.42931088177584,-122.1703538705616,False,a0:b4:39:80:a9:81,-89.33333333333333,3,,0
737b3d4b2076,14:50:18.338669,2026-05-02 14:50:18.338669-07:00,37.42954633341314,-122.172457528018,False,54:33:c6:c6:73:62,-78.0,3,-96.66666666666669,3
7385c04bcc3f,16:22:02.187044,2026-04-30 16:22:02.187044-07:00,37.4280786213172,-122.172213685785,False,a8:3a:79:ca:f4:52,-74.66666666666667,3,-97.0,1
7390adad4efd,17:22:55.131212,2026-05-01 17:22:55.131212-07:00,37.42760545689678,-122.17173885995108,True,5c:5a:c7:1e:39:4e,-53.333333333333336,3,-97.0,3
739c40069454,15:49:54.622658,2026-04-30 15:49:54.622658-07:00,37.427832497940145,-122.17330138767863,False,a8:3a:79:c1:1e:92,-77.0,3,-98.0,3
73a965e1af77,15:43:25.574051,2026-04-30 15:43:25.574051-07:00,37.42849578561957,-122.17272398665848,True,5c:5a:c7:10:01:4e,-35.666666666666664,3,-94.0,1
73b9a4b03daa,14:50:34.145559,2026-05-01 14:50:34.145559-07:00,37.42915088752231,-122.172578509733,False,70:90:41:60:07:12,-72.66666666666667,3,-97.0,3
73ce51306298,15:49:51.696934,2026-05-08 15:49:51.696934-07:00,37.42912550551552,-122.1700683469304,False,08:4f:a9:5b:b5:6e,-90.66666666666669,3,-97.0,1
73ffb67328e6,17:14:19.779697,2026-05-01 17:14:19.779697-07:00,37.42775110955089,-122.16967323415425,False,a8:3a:79:c9:37:e2,-80.0,3,,0
7415f4e98383,14:28:42.691637,2026-05-02 14:28:42.691637-07:00,37.43021288256062,-122.17205022413664,True,a8:3a:79:c5:7a:92,-68.66666666666667,3,-95.33333333333331,3
741b9c873739,18:03:40.682161,2026-05-11 18:03:40.682161-07:00,37.42734139541458,-122.1728905656116,False,bc:26:c7:40:46:8e,-81.0,3,-97.0,3
746f3ae1df10,17:36:50.020741,2026-05-11 17:36:50.020741-07:00,37.42750913595209,-122.17042304306597,False,64:3a:ea:93:ec:6e,-77.66666666666667,3,-97.0,3
74a6e0560f56,15:47:54.501658,2026-04-30 15:47:54.501658-07:00,37.42778459836433,-122.1723313286123,False,64:3a:ea:93:ec:6e,-74.66666666666667,3,-96.0,3
74b8909d053f,17:32:37.723333,2026-05-11 17:32:37.723333-07:00,37.42726817082253,-122.16950168311456,False,00:3e:73:a2:97:f2,-85.0,3,-97.0,3
74ca2c37144c,15:47:47.560304,2026-05-08 15:47:47.560304-07:00,37.43005898616397,-122.1695596331062,False,a0:b4:39:78:b1:ee,-84.0,3,-99.0,3
74f2afb196ff,16:11:16.237284,2026-04-30 16:11:16.237284-07:00,37.42743625735411,-122.17314594836743,True,bc:26:c7:bc:92:2e,-76.66666666666667,3,-96.0,3
74f80e7922b6,15:28:48.639035,2026-05-08 15:28:48.639035-07:00,37.430078544651785,-122.17226203513636,False,a8:3a:79:c7:bf:d2,-82.5,2,-96.0,2
74f9db19aefc,17:47:18.570149,2026-05-11 17:47:18.570149-07:00,37.42793969696184,-122.17073210102816,False,failed to retrieve BSSID,,0,,0
75154037900d,14:41:08.151129,2026-05-02 14:41:08.151129-07:00,37.43005081092592,-122.17384058357769,True,f6:cb:bc:8e:80:be,-72.66666666666667,3,-88.33333333333333,3
751beb9b9cab,15:50:34.683092,2026-04-30 15:50:34.683092-07:00,37.428030734795264,-122.17300342798654,False,a8:3a:79:c6:2c:12,-77.0,3,-90.0,2
7525a6c6434a,16:06:36.586117,2026-05-01 16:06:36.586117-07:00,37.42884170826663,-122.17134035729484,True,70:db:98:2c:f2:1e,-56.0,3,-98.0,3
753f1d30d242,17:16:09.863536,2026-05-01 17:16:09.863536-07:00,37.42802557339498,-122.17095564681568,False,70:90:41:6b:d5:52,-53.0,3,-95.0,3
75757a8ed82e,17:07:34.501315,2026-05-01 17:07:34.501315-07:00,37.42853486437608,-122.17030730487984,True,08:4f:a9:4e:f6:4e,-76.0,3,-96.0,2
75931f93dadd,17:25:40.246365,2026-05-01 17:25:40.246365-07:00,37.42856321977937,-122.17182501900784,False,64:3a:ea:93:fc:0e,-80.33333333333333,3,-97.0,1
75a6a6e71292,14:41:40.187849,2026-05-02 14:41:40.187849-07:00,37.43018539812927,-122.17384033749352,True,f6:cb:bc:8e:80:be,-62.333333333333336,3,-91.0,3
75a9912a732b,15:50:30.655333,2026-04-30 15:50:30.655333-07:00,37.428038863101875,-122.17303890998316,False,a8:3a:79:d3:d2:d2,-69.33333333333333,3,-92.0,3
75ad99c4287a,16:10:51.185657,2026-04-30 16:10:51.185657-07:00,37.42753459948177,-122.17276860038706,True,7c:ad:4f:67:6b:ae,-80.66666666666667,3,-97.0,3
75b29ff861d7,17:26:55.290328,2026-05-01 17:26:55.290328-07:00,37.428950063212945,-122.17205733177263,True,a8:3a:79:c4:91:d2,-76.66666666666667,3,,0
75b8a3ba1545,17:02:04.245671,2026-05-01 17:02:04.245671-07:00,37.428637719084534,-122.17092531007587,True,a0:b4:39:78:a6:ee,-68.33333333333333,3,-98.0,3
75d4be1947d2,15:42:13.740981,2026-04-30 15:42:13.740981-07:00,37.4286775299191,-122.17277996310098,True,5c:5a:c7:27:f0:ee,-72.0,3,-97.0,3
75dc6cc08c50,14:28:18.699939,2026-05-02 14:28:18.699939-07:00,37.4302804447473,-122.1719324162317,True,a8:3a:79:c6:a8:92,-67.66666666666667,3,,0
75fcd0895933,14:33:58.999589,2026-05-02 14:33:58.999589-07:00,37.4299530140996,-122.1718162007832,False,54:33:c6:b6:45:b2,-69.0,3,-95.0,1
761b64e2ab2e,17:12:36.652022,2026-04-27 17:12:36.652022-07:00,37.42921357577473,-122.1717791205704,False,a8:3a:79:c4:86:a2,-87.0,3,-92.33333333333331,3
7642c456f6c5,16:01:31.395548,2026-05-01 16:01:31.395548-07:00,37.42932831772193,-122.17356407938668,True,a0:3d:6f:98:06:0d,-60.666666666666664,3,-97.0,3
765012ecc2e2,14:23:30.448670,2026-05-02 14:23:30.448670-07:00,37.42960484847569,-122.17187852984708,False,54:33:c6:c6:79:c2,-77.66666666666667,3,-95.0,3
7650f2303a56,17:40:26.198212,2026-05-11 17:40:26.198212-07:00,37.42756436449628,-122.17008860202066,False,70:61:7b:d7:4c:ee,-72.66666666666667,3,-99.0,3
765378f540c7,14:25:26.511675,2026-05-02 14:25:26.511675-07:00,37.4297173025366,-122.17174286501562,True,a8:3a:79:ca:ef:92,-49.666666666666664,3,-96.0,3
765d2f8c8d67,17:08:14.538911,2026-05-01 17:08:14.538911-07:00,37.42861983243995,-122.17027441285944,True,bc:26:c7:71:89:ae,-50.666666666666664,3,-97.0,3
768dc3bf6e68,15:27:31.257675,2026-05-08 15:27:31.257675-07:00,37.429850426356445,-122.1723402180775,False,a8:3a:79:c7:d2:52,-64.0,3,-98.0,3
76bbd6178890,15:32:29.471348,2026-04-30 15:32:29.471348-07:00,37.42864207779415,-122.172561694787,True,78:bc:1a:32:ba:8e,-70.66666666666667,3,-97.0,3
76c39135c9b9,14:55:18.549528,2026-05-02 14:55:18.549528-07:00,37.42980653808017,-122.17116955000822,False,84:3d:c6:70:c1:61,-87.33333333333333,3,-95.0,3
76e17c99349f,17:19:29.092819,2026-05-11 17:19:29.092819-07:00,37.4284863162071,-122.17171341892616,False,70:db:98:33:49:7e,-78.66666666666667,3,-98.0,2
76f32285b2a5,17:14:16.700708,2026-04-27 17:14:16.700708-07:00,37.42944005694011,-122.17248935719216,False,a8:3a:79:c3:bb:22,-79.66666666666667,3,-90.0,3
77015b84fbcd,14:42:36.225547,2026-05-02 14:42:36.225547-07:00,37.43014021747645,-122.1735230314533,True,ee:9e:28:db:0c:ab,-73.0,3,-86.0,3
77041de6ed8a,15:28:52.616400,2026-05-08 15:28:52.616400-07:00,37.430078544651785,-122.17226203513636,False,a8:3a:79:c7:82:52,-57.333333333333336,3,-95.0,3
7725acae3efe,17:44:38.416757,2026-05-11 17:44:38.416757-07:00,37.42758679770639,-122.16944530696904,False,a8:53:7d:8c:31:92,-81.33333333333333,3,-98.0,3
774f598affea,15:22:34.984451,2026-05-08 15:22:34.984451-07:00,37.42983084637359,-122.17269153194329,True,a8:3a:79:c7:58:52,-73.33333333333333,3,-97.0,3
775ba38a37b7,18:03:04.652658,2026-05-11 18:03:04.652658-07:00,37.42721022096323,-122.1724769479242,False,64:3a:ea:93:ec:6e,-71.0,3,-96.0,3
7769a19c863f,18:05:08.761046,2026-05-11 18:05:08.761046-07:00,37.427352576281066,-122.17379755510731,False,7c:ad:4f:75:2f:2e,-69.66666666666667,3,-97.0,3
7779af2a7022,17:13:11.659050,2026-04-27 17:13:11.659050-07:00,37.429398712778095,-122.17188636766126,False,54:33:c6:c6:79:e2,-78.66666666666667,3,-94.0,2
7790d5cf654d,18:04:48.739653,2026-05-11 18:04:48.739653-07:00,37.42716043474977,-122.17366057082542,False,70:70:8b:35:98:4e,-78.66666666666667,3,-98.0,3
77a1066413e2,17:33:41.799774,2026-05-11 17:33:41.799774-07:00,37.42737204760457,-122.17035764295557,False,failed to retrieve BSSID,,0,,0
77a211abe7e8,16:07:30.307779,2026-04-30 16:07:30.307779-07:00,37.427559548178714,-122.17286974475748,True,bc:26:c7:5d:13:ce,-65.0,3,-96.0,3
77a7ff9886c8,17:16:04.853861,2026-05-01 17:16:04.853861-07:00,37.427967137485055,-122.17070660325744,False,70:90:41:5e:5d:92,-74.33333333333333,3,-95.0,1
77b08d03c929,16:01:11.378890,2026-05-01 16:01:11.378890-07:00,37.429328092366966,-122.17356402465349,True,a0:3d:6f:98:06:0d,-37.0,3,-96.0,3
77ba6c4aae36,16:15:53.437164,2026-04-30 16:15:53.437164-07:00,37.42747408959861,-122.17241487201866,False,7c:ad:4f:67:6b:ae,-75.66666666666667,3,-91.0,3
77eb84e667de,17:40:18.221580,2026-05-11 17:40:18.221580-07:00,37.42756890077251,-122.17009121846546,False,70:61:7b:d7:4c:ee,-76.66666666666667,3,-97.0,3
780ee827618e,15:42:05.749489,2026-04-30 15:42:05.749489-07:00,37.4286775299191,-122.17277996310098,True,5c:5a:c7:27:f0:ee,-62.333333333333336,3,-97.0,3
7864851023d1,14:48:46.253433,2026-05-02 14:48:46.253433-07:00,37.43025238677978,-122.1726421263264,False,a8:3a:79:c7:d9:52,-49.666666666666664,3,-97.0,3
789329b6535d,14:53:02.405737,2026-05-02 14:53:02.405737-07:00,37.43021419643093,-122.17168637999836,False,54:33:c6:c6:7f:92,-69.66666666666667,3,-96.66666666666669,3
78b2e3d1da2d,16:21:47.174293,2026-04-30 16:21:47.174293-07:00,37.427943868585814,-122.17220717518018,False,a8:3a:79:c7:9f:12,-88.0,3,,0
78c11edb90eb,17:54:21.888503,2026-05-11 17:54:21.888503-07:00,37.42793970724848,-122.17090861339295,False,a8:53:7d:8c:1b:12,-81.0,3,-95.0,3
78c4672b53d0,17:24:37.397961,2026-05-11 17:24:37.397961-07:00,37.427161068873644,-122.1704730419391,False,1c:6a:7a:83:2a:4e,-58.666666666666664,3,,0
7902f47833ba,15:25:27.136830,2026-05-08 15:25:27.136830-07:00,37.42971336291069,-122.17260607501336,False,a8:3a:79:c7:dc:52,-69.66666666666667,3,,0
7908a95e12b2,17:46:42.536925,2026-05-11 17:46:42.536925-07:00,37.4280198213534,-122.17117937665036,False,failed to retrieve BSSID,,0,,0
791fa4195068,17:20:37.189908,2026-05-11 17:20:37.189908-07:00,37.42804791230328,-122.1711881291022,False,a8:3a:79:d2:61:d2,-85.0,3,-96.0,3
793e88fcfe14,15:49:59.309699,2026-04-30 15:49:59.309699-07:00,37.42791935874306,-122.17326576952004,False,failed to retrieve BSSID,,0,,0
794815c29df6,17:24:53.384536,2026-05-11 17:24:53.384536-07:00,37.42715284316579,-122.17048242573678,False,1c:6a:7a:83:2a:4e,-56.333333333333336,3,-95.33333333333331,3
79545ed06741,17:46:18.488643,2026-05-11 17:46:18.488643-07:00,37.42791371624174,-122.17086075958636,False,failed to retrieve BSSID,,0,,0
79de7b4f3f37,15:40:53.359573,2026-05-08 15:40:53.359573-07:00,37.42948296305434,-122.170513762818,False,failed to retrieve BSSID,,0,,0
7a174f414f1e,17:22:49.266887,2026-05-11 17:22:49.266887-07:00,37.4273350666026,-122.17129794929866,False,00:5d:73:7d:b2:2e,-53.666666666666664,3,-99.0,3
7a4e8a356944,15:27:55.271507,2026-05-08 15:27:55.271507-07:00,37.429824031434165,-122.17243297149616,True,a8:3a:79:c7:d2:52,-59.333333333333336,3,-98.0,3
7a6101d5c8ce,17:29:09.543757,2026-05-11 17:29:09.543757-07:00,37.42732004775475,-122.17091567648204,False,04:cd:c0:06:b2:52,-74.66666666666667,3,-97.0,3
7a6373909ec5,14:27:22.630377,2026-05-02 14:27:22.630377-07:00,37.42998543552306,-122.17177674249491,True,a8:3a:79:c5:72:92,-79.33333333333333,3,-97.0,3
7a83f13f9fe6,17:02:59.284533,2026-05-01 17:02:59.284533-07:00,37.428477824316744,-122.17091699033637,True,a0:b4:39:80:a7:6e,-58.666666666666664,3,-98.0,3
7a8896f1b716,15:38:37.260276,2026-05-08 15:38:37.260276-07:00,37.4299394777543,-122.1707594070557,False,failed to retrieve BSSID,,0,,0
7a8ed9b81818,14:42:28.222095,2026-05-02 14:42:28.222095-07:00,37.43014021747645,-122.1735230314533,True,f6:cb:ac:90:70:5d,-85.66666666666667,3,-95.0,3
7a90313fcc48,17:51:09.744377,2026-05-11 17:51:09.744377-07:00,37.427738957334974,-122.17009419818264,False,70:61:7b:d7:4c:ee,-63.333333333333336,3,-97.0,3
7a9d3707c835,14:42:12.199627,2026-05-02 14:42:12.199627-07:00,37.430171861159025,-122.17367673516242,True,f6:cb:bc:8e:80:be,-84.33333333333333,3,-89.0,3
7adc3b0c32e9,14:29:46.773027,2026-05-02 14:29:46.773027-07:00,37.43009917921983,-122.1719940328797,True,a8:3a:79:c5:ca:d2,-48.666666666666664,3,,0
7ae67e28a21c,17:09:29.567401,2026-05-01 17:09:29.567401-07:00,37.42850625305076,-122.16969599373816,False,bc:26:c7:5b:83:0e,-83.66666666666667,3,-96.0,3
7aed3089308d,14:25:50.565777,2026-05-02 14:25:50.565777-07:00,37.4298997177613,-122.1715341393432,True,a8:3a:79:c5:74:92,-69.33333333333333,3,-96.0,3
7b2b8f4a92be,15:51:39.766040,2026-05-08 15:51:39.766040-07:00,37.42931865569735,-122.171460482168,False,a0:b4:39:78:b1:ee,-88.33333333333333,3,-98.0,2
7b3b6e3721b7,15:49:30.595599,2026-04-30 15:49:30.595599-07:00,37.42767627027694,-122.17302609909112,False,50:2f:a8:d3:57:0e,-64.33333333333333,3,-92.66666666666669,3
7b6581fdec4c,15:16:26.277259,2026-04-30 15:16:26.277259-07:00,37.42898217043697,-122.17201477336636,True,a8:3a:79:c7:75:12,-72.66666666666667,3,-98.0,3
7b693c122c4c,18:00:00.489399,2026-05-11 18:00:00.489399-07:00,37.4282282118133,-122.1706524703706,False,a8:3a:79:c9:3d:d2,-69.66666666666667,3,-97.0,3
7b6c5c411200,17:08:04.513737,2026-05-01 17:08:04.513737-07:00,37.42859131855978,-122.1702893578007,True,bc:26:c7:71:89:ae,-48.333333333333336,3,-97.0,3
7b91b900c613,14:28:26.700876,2026-05-02 14:28:26.700876-07:00,37.43025155775746,-122.17199287467896,True,a8:3a:79:c6:a8:92,-73.66666666666667,3,,0
7b97284f2ac1,15:37:49.198450,2026-05-08 15:37:49.198450-07:00,37.43033464829508,-122.1709623918426,False,00:f6:63:e6:4e:21,-81.33333333333333,3,-97.0,3
7b9b3c5796aa,14:52:34.399412,2026-05-02 14:52:34.399412-07:00,37.43024513466153,-122.17178237348467,False,54:33:c6:c6:7f:92,-49.333333333333336,3,-97.0,3
7b9bbbff6f9c,14:54:58.472652,2026-05-01 14:54:58.472652-07:00,37.42925024010498,-122.17361579928922,True,f0:1d:2d:3f:48:a2,-64.0,3,-87.0,3
7bad417ceb20,18:12:27.384798,2026-05-11 18:12:27.384798-07:00,37.42881440432505,-122.17333073364352,False,90:77:ee:88:1e:8e,-78.66666666666667,3,,0
7bb985564eb2,14:26:34.609367,2026-05-02 14:26:34.609367-07:00,37.430077869250425,-122.17144847853396,True,a8:3a:79:c5:74:92,-61.333333333333336,3,-98.0,3
7be3d339c62c,17:21:05.234384,2026-05-11 17:21:05.234384-07:00,37.42768478638931,-122.1712913256969,False,04:cd:c0:03:92:e2,-80.0,3,-97.0,3
7beb3e50b66b,17:15:49.842393,2026-05-01 17:15:49.842393-07:00,37.42796261937311,-122.17066851693662,False,a8:3a:79:c8:86:92,-59.666666666666664,3,,0
7bff936d1397,14:34:51.019255,2026-05-02 14:34:51.019255-07:00,37.42979190965095,-122.17223592192774,False,a8:3a:79:c7:91:12,-70.0,3,-96.0,3
7c7579aecf6c,14:50:54.356433,2026-05-02 14:50:54.356433-07:00,37.42966081036999,-122.1724194157079,False,54:33:c6:b6:57:52,-66.33333333333333,3,-96.66666666666669,3
7c85bcfdd98a,14:49:30.306221,2026-05-02 14:49:30.306221-07:00,37.4298430616148,-122.17303798485892,False,a8:3a:79:c7:dc:52,-63.666666666666664,3,,0
7cb44b8db652,15:43:45.593772,2026-04-30 15:43:45.593772-07:00,37.42858343046215,-122.17284169042247,True,5c:5a:c7:10:01:4e,-74.33333333333333,3,-94.0,3
7cc8f2697781,15:32:01.433999,2026-04-30 15:32:01.433999-07:00,37.42864695653472,-122.1726940462176,True,5c:5a:c7:10:01:4e,-47.333333333333336,3,-96.0,3
7ccd347280b8,14:57:23.581029,2026-05-01 14:57:23.581029-07:00,37.429091731481776,-122.17368788553502,True,78:f1:c6:6e:30:8d,-66.33333333333333,3,-97.0,3
7cdab8f1b481,15:49:38.601237,2026-04-30 15:49:38.601237-07:00,37.427703839994905,-122.17314704003184,False,a8:3a:79:c7:59:92,-78.33333333333333,3,-96.0,3
7cf58b882e26,17:33:53.818681,2026-05-11 17:33:53.818681-07:00,37.4274142885646,-122.17042819065136,False,6c:b2:ae:1d:ad:e1,-73.66666666666667,3,-97.0,3
7cf715724d3c,17:41:02.249362,2026-05-11 17:41:02.249362-07:00,37.42774445841064,-122.17042348104444,False,70:61:7b:d7:4c:ee,-78.0,3,-99.0,3
7cff3c60d874,14:49:34.300366,2026-05-02 14:49:34.300366-07:00,37.42982271103131,-122.1728783688757,False,a8:3a:79:c7:dc:52,-59.666666666666664,3,,0
7d01a4ecbe0e,17:47:34.577766,2026-05-11 17:47:34.577766-07:00,37.42793631783682,-122.17070969884016,False,failed to retrieve BSSID,-74.0,2,,0
7d1d6d98f49a,14:31:54.888181,2026-05-02 14:31:54.888181-07:00,37.429835749769545,-122.1716954808186,True,a8:3a:79:58:c4:d2,-74.0,3,-97.0,3
7d1e254b5a22,17:37:14.009281,2026-05-11 17:37:14.009281-07:00,37.42755601780349,-122.17062231006597,False,64:3a:ea:93:ec:6e,-87.0,3,-96.66666666666669,3
7d2b724d3edb,17:18:58.324825,2026-04-27 17:18:58.324825-07:00,37.42898017063234,-122.17201602526517,True,a8:3a:79:c7:75:12,-44.333333333333336,3,,0
7d2e2f9912fe,16:02:26.439498,2026-05-01 16:02:26.439498-07:00,37.42930220791045,-122.17348425895136,True,a0:3d:6f:98:06:0d,-76.33333333333333,3,-97.0,3
7d421927d369,17:36:22.002700,2026-05-11 17:36:22.002700-07:00,37.427471947007334,-122.17023006315506,False,70:61:7b:d7:4c:ee,-77.33333333333333,3,,0
7d715efc3046,15:43:13.570927,2026-04-30 15:43:13.570927-07:00,37.42863654040494,-122.17262860061358,True,5c:5a:c7:10:19:0e,-68.0,3,-96.0,3
7dae044f22e3,18:13:47.453829,2026-05-11 18:13:47.453829-07:00,37.42959960978457,-122.17279632685302,False,c8:78:67:36:40:62,-79.0,3,-90.0,3
7dafe429d936,15:39:45.302726,2026-05-08 15:39:45.302726-07:00,37.42974000441711,-122.170907740272,False,failed to retrieve BSSID,,0,,0
7de3c2fadcee,17:07:44.499186,2026-05-01 17:07:44.499186-07:00,37.42853486437608,-122.17030730487984,True,bc:26:c7:71:89:ae,-65.33333333333333,3,-96.33333333333331,3
7e1e931891db,14:24:06.475265,2026-05-02 14:24:06.475265-07:00,37.429909308567865,-122.17170270361984,True,a8:3a:79:c5:84:12,-71.66666666666667,3,-96.0,3
7e2415a173a9,15:40:09.325886,2026-05-08 15:40:09.325886-07:00,37.42983389023542,-122.1707205075291,False,00:f6:63:e6:50:d1,-91.33333333333331,3,-95.33333333333331,3
7e2be67636ff,18:12:03.355209,2026-05-11 18:12:03.355209-07:00,37.4285928542538,-122.17340100121598,False,3c:51:0e:f9:93:8e,-66.66666666666667,3,-95.66666666666669,3
7e526a1c2320,15:27:43.263029,2026-05-08 15:27:43.263029-07:00,37.429835979704976,-122.17239644572186,True,a8:3a:79:c7:d2:52,-56.0,3,-98.0,3
7e5a423755e5,15:50:55.716046,2026-05-08 15:50:55.716046-07:00,37.42928923285379,-122.1709708168188,False,a0:b4:39:80:a9:8e,-82.66666666666667,3,-98.0,3
7e5b78b0eba2,14:31:46.868606,2026-05-02 14:31:46.868606-07:00,37.429835749769545,-122.1716954808186,True,a8:3a:79:58:c4:d2,-71.33333333333333,3,-98.0,3
7e5d2e969ca0,17:16:06.807178,2026-04-27 17:16:06.807178-07:00,37.428779152371675,-122.17256884385309,False,5c:5a:c7:10:01:4e,-77.33333333333333,3,-95.0,2
7e8adaad9158,15:26:35.205008,2026-05-08 15:26:35.205008-07:00,37.429685410428526,-122.17241727618536,False,a8:3a:79:c7:7c:52,-56.333333333333336,3,-97.0,3
7e8d37bdd4a5,14:22:30.393006,2026-05-02 14:22:30.393006-07:00,37.42928266342695,-122.17254679296822,False,a8:3a:79:c4:aa:52,-75.33333333333333,3,-93.0,1
7e8f4d671269,17:01:14.210921,2026-05-01 17:01:14.210921-07:00,37.42887152416627,-122.17122255224518,False,40:ce:24:92:83:ae,-78.66666666666667,3,-96.66666666666669,3
7ec363c9fc05,17:22:09.240484,2026-05-11 17:22:09.240484-07:00,37.42721047752837,-122.17120209117348,True,00:5d:73:7d:b2:21,-63.666666666666664,3,-95.0,3
7ee91539ea10,16:22:42.215980,2026-04-30 16:22:42.215980-07:00,37.4284635145915,-122.1721134450782,False,a8:3a:79:c4:8b:52,-71.33333333333333,3,-96.0,3
7ef136febcaf,17:13:24.730019,2026-05-01 17:13:24.730019-07:00,37.42815662932396,-122.16970127121223,False,a8:53:7d:96:6f:95,-90.0,3,,0
7f11d509094f,15:25:43.171580,2026-05-08 15:25:43.171580-07:00,37.42979739759438,-122.17243245522404,True,a8:3a:79:c7:58:52,-64.0,3,-95.0,3
7f4c8aa4cf6a,18:13:15.423140,2026-05-11 18:13:15.423140-07:00,37.42937279866253,-122.17312627218242,False,90:77:ee:88:1e:8e,-71.0,3,-97.0,3
7f56c454548a,15:50:18.676930,2026-04-30 15:50:18.676930-07:00,37.428044624549806,-122.17315230214857,False,3c:51:0e:f9:93:8e,-69.0,3,-96.66666666666669,3
7f60e2c3588a,17:01:34.227424,2026-05-01 17:01:34.227424-07:00,37.42874911250639,-122.17084972647156,True,a0:b4:39:78:a6:ee,-52.666666666666664,3,-96.0,3
7fc891c3cb3d,14:37:55.189188,2026-05-02 14:37:55.189188-07:00,37.43030218605979,-122.1728513413506,False,a8:3a:79:c7:b2:d2,-75.33333333333333,3,-95.0,3
7fc9210616cd,17:40:02.181613,2026-05-11 17:40:02.181613-07:00,37.42749693208511,-122.17002841995586,False,64:3a:ea:93:ec:6e,-86.33333333333333,3,-97.0,3
7ff3a4089507,14:57:50.926728,2026-05-02 14:57:50.926728-07:00,37.42928503542852,-122.17173554749992,False,54:33:c6:b6:47:62,-87.33333333333333,3,-98.0,3
7ff89aa23be9,17:20:33.427861,2026-04-27 17:20:33.427861-07:00,37.42897422234737,-122.17213087214182,True,a8:3a:79:c4:a9:12,-77.0,3,-96.0,3
802f81f0ee4b,15:59:56.305805,2026-05-01 15:59:56.305805-07:00,37.42923928503653,-122.17360868012028,True,a0:3d:6f:98:06:0d,-34.666666666666664,3,-97.0,3
802f8dc48d0d,17:43:06.335929,2026-05-11 17:43:06.335929-07:00,37.42761996797981,-122.17025580491097,False,6c:b2:ae:1d:ad:ee,-72.0,1,-97.0,1
806187205ea3,18:09:39.205121,2026-05-11 18:09:39.205121-07:00,37.42782012725675,-122.17370985695528,False,a8:3a:79:7d:9b:22,-68.66666666666667,3,-96.33333333333331,3
808b2bc89c04,17:25:09.388818,2026-05-11 17:25:09.388818-07:00,37.42715504149007,-122.17047275254338,False,1c:6a:7a:83:2a:4e,-62.666666666666664,3,-96.0,3
8091ab8f93c3,17:50:01.675450,2026-05-11 17:50:01.675450-07:00,37.42796121262941,-122.17101887300086,False,a8:53:7d:8c:1b:12,-59.333333333333336,3,-92.0,3
8093d0308a6d,16:20:11.969254,2026-04-30 16:20:11.969254-07:00,37.4278715751427,-122.17305445823636,True,a8:3a:79:c7:8f:d2,-61.666666666666664,3,,0
80aa5aad5438,14:32:30.909296,2026-05-02 14:32:30.909296-07:00,37.429899447924406,-122.17197820385772,True,a8:3a:79:ca:ed:52,-72.33333333333333,3,-95.0,3
80c09b15e3ae,14:31:02.810759,2026-05-02 14:31:02.810759-07:00,37.430010893829554,-122.1718490405809,True,a8:3a:79:c8:98:52,-71.0,3,-94.0,2
8126baccc1c9,14:39:23.245896,2026-05-02 14:39:23.245896-07:00,37.43000406399045,-122.17319326241224,True,ee:9e:38:db:0c:ab,-67.0,3,-97.0,3
8129de9d60bd,14:50:42.356485,2026-05-02 14:50:42.356485-07:00,37.42957182613957,-122.1724136491868,False,54:33:c6:b6:57:52,-63.666666666666664,3,-96.0,3
813d257ff2f7,17:56:24.282141,2026-05-11 17:56:24.282141-07:00,37.42773077514275,-122.1697241219584,False,70:70:8b:84:68:4e,-77.33333333333333,3,,0
814718a24ef6,17:30:57.631243,2026-05-11 17:30:57.631243-07:00,37.4273089771041,-122.17055646956916,False,6c:b2:ae:1d:ad:ee,-55.0,3,-99.0,3
81911432390a,17:11:24.640682,2026-05-01 17:11:24.640682-07:00,37.428185597820125,-122.16946319095776,True,70:70:8b:84:5b:ce,-76.66666666666667,3,-94.0,3
81a87bbacae8,14:33:50.990581,2026-05-02 14:33:50.990581-07:00,37.4299530140996,-122.1718162007832,True,a8:3a:79:ca:fb:12,-72.66666666666667,3,-97.0,3
81d02a893cb3,17:14:11.718644,2026-04-27 17:14:11.718644-07:00,37.42947483670547,-122.17227239481107,False,a8:3a:79:c3:bb:22,-79.0,3,-90.0,3
81e74ff9814e,17:10:54.619285,2026-05-01 17:10:54.619285-07:00,37.428342334751704,-122.16956800934668,True,bc:26:c7:6d:a2:ce,-58.0,3,-97.0,3
82141a09a0b6,17:37:46.055771,2026-05-11 17:37:46.055771-07:00,37.42746588589664,-122.17020072952626,False,64:3a:ea:93:ec:6e,-89.0,3,-97.0,3
821971b69517,15:24:29.303549,2026-04-30 15:24:29.303549-07:00,37.42820787608903,-122.17222230518148,False,64:3a:ea:93:fc:0e,-75.66666666666667,3,-97.0,3
821facd60b54,16:08:20.345341,2026-04-30 16:08:20.345341-07:00,37.42747368845512,-122.17317071529278,True,ac:4a:67:d8:b9:ae,-68.33333333333333,3,-97.0,3
825d2cb1e35a,17:11:07.470753,2026-04-27 17:11:07.470753-07:00,37.42899209113838,-122.1719056933483,True,a8:3a:79:c7:75:12,-44.333333333333336,3,-97.0,3
82719beed838,17:29:25.584163,2026-05-11 17:29:25.584163-07:00,37.42736205082951,-122.17113368567924,False,04:cd:c0:06:b2:52,-72.0,3,-97.0,3
82954a0c9e14,14:47:54.211820,2026-05-02 14:47:54.211820-07:00,37.429795734246895,-122.172656025008,False,a8:3a:79:c7:70:62,-59.333333333333336,3,-95.0,3
82c147a8ea3d,18:01:16.578805,2026-05-11 18:01:16.578805-07:00,37.42818942795335,-122.17167001548432,False,64:3a:ea:93:ec:6e,-67.66666666666667,3,-95.0,3
82d2a159b709,15:34:01.557980,2026-04-30 15:34:01.557980-07:00,37.42860735788222,-122.17239305180716,True,5c:5a:c7:10:19:0e,-63.666666666666664,3,-97.0,3
82d8693b8af1,17:46:26.511677,2026-05-11 17:46:26.511677-07:00,37.42793576794462,-122.17100961069517,False,failed to retrieve BSSID,,0,,0
82e233954587,17:22:20.111669,2026-05-01 17:22:20.111669-07:00,37.427543230806094,-122.1716786508414,True,5c:5a:c7:27:f7:ce,-64.66666666666667,3,-97.0,3
82eb1602e650,18:14:55.524356,2026-05-11 18:14:55.524356-07:00,37.429422657180126,-122.17180880166282,False,54:33:c6:b6:47:82,-77.0,3,-94.0,3
82fcc1d08608,17:38:42.111233,2026-05-11 17:38:42.111233-07:00,37.42733091338044,-122.16943804156084,False,a0:3d:6f:89:36:2e,-90.0,3,-97.0,3
831bc1922c1e,17:17:09.907972,2026-05-01 17:17:09.907972-07:00,37.428154213570096,-122.17101031994486,True,70:90:41:e0:4c:d2,-70.0,3,-98.0,3
8346658e2125,14:58:38.958292,2026-05-02 14:58:38.958292-07:00,37.42898623562596,-122.17202515258091,True,a8:3a:79:c7:75:12,-48.666666666666664,3,-97.0,3
83609601add1,16:10:06.065413,2026-04-30 16:10:06.065413-07:00,37.42741856072987,-122.1729362874041,False,1c:d1:e0:bf:22:8e,-89.66666666666667,3,-98.0,3
83794acb05b1,17:52:33.803683,2026-05-11 17:52:33.803683-07:00,37.42744069053713,-122.16963022953026,False,00:3e:73:a2:98:12,-83.66666666666667,3,-97.0,3
83a1ed0f2a15,17:12:51.643401,2026-04-27 17:12:51.643401-07:00,37.42931402341764,-122.1717444266137,False,54:33:c6:c6:79:e2,-77.0,3,-94.0,3
83b330802719,17:38:30.089878,2026-05-11 17:38:30.089878-07:00,37.4273454579811,-122.16961582783604,False,a0:3d:6f:89:36:2e,-83.0,3,-96.0,3
83d33ac0762d,15:42:18.445145,2026-05-08 15:42:18.445145-07:00,37.42908388005522,-122.1698272977364,False,08:4f:a9:5b:b5:61,-90.0,3,-95.0,3
83d8e7cb8ba6,15:51:11.738508,2026-05-08 15:51:11.738508-07:00,37.429328424212336,-122.1711747625906,False,a0:b4:39:78:b1:ee,-85.66666666666667,3,-98.0,3
83f433b51227,17:21:03.442684,2026-04-27 17:21:03.442684-07:00,37.42901070775838,-122.17245908092644,True,a8:3a:79:c7:75:12,-72.66666666666667,3,,0
83fc1df2df57,17:18:06.916578,2026-04-27 17:18:06.916578-07:00,37.42894598933473,-122.17191121535416,False,a8:3a:79:c7:75:12,-82.66666666666667,3,,0
840404d730a2,15:23:23.038217,2026-05-08 15:23:23.038217-07:00,37.43016512318449,-122.17266852275776,False,a8:3a:79:c7:d9:52,-54.333333333333336,3,-96.0,3
84519243b40b,17:08:24.553307,2026-05-01 17:08:24.553307-07:00,37.42863785057565,-122.17034084530157,True,bc:26:c7:71:89:ae,-52.0,3,-97.0,3
845828393aa2,15:43:33.588268,2026-04-30 15:43:33.588268-07:00,37.42849578561957,-122.17272398665848,True,5c:5a:c7:10:01:4e,-62.666666666666664,3,-94.0,3
84b468496973,14:52:54.411295,2026-05-02 14:52:54.411295-07:00,37.43014854704762,-122.17171272038824,False,54:33:c6:c6:7f:92,-64.0,3,-96.0,3
851e05106f75,18:12:39.420299,2026-05-11 18:12:39.420299-07:00,37.42894017894695,-122.1732524096,False,90:77:ee:88:1e:8e,-75.33333333333333,3,-97.0,3
854c51fb0745,17:36:09.972899,2026-05-11 17:36:09.972899-07:00,37.427494877158374,-122.17037699362966,False,failed to retrieve BSSID,,0,,0
85564d9eb820,15:17:12.802126,2026-04-30 15:17:12.802126-07:00,37.4288729945977,-122.17190204256988,False,a8:3a:79:c4:86:92,-81.66666666666667,3,-97.0,2
855fa0558c7f,16:04:56.556925,2026-05-01 16:04:56.556925-07:00,37.42860140132334,-122.17200867565326,False,a8:3a:79:c4:8b:52,-70.0,3,-96.0,3
856214c21f32,15:16:47.724625,2026-04-30 15:16:47.724625-07:00,37.42896527750935,-122.17191534314796,False,a8:3a:79:c7:75:12,-78.33333333333333,3,-98.0,3
8583445a5310,17:14:01.690080,2026-04-27 17:14:01.690080-07:00,37.429458015747706,-122.17219557594277,False,54:33:c6:c6:79:e2,-80.0,3,-90.0,3
859080d8aee6,18:02:36.626111,2026-05-11 18:02:36.626111-07:00,37.42746890711559,-122.17227670229693,False,64:3a:ea:93:ec:6e,-75.0,3,-96.0,3
85b3f79cb733,16:07:50.322015,2026-04-30 16:07:50.322015-07:00,37.42760801665029,-122.17306197253892,True,bc:26:c7:62:ce:ae,-75.66666666666667,3,-95.0,3
8602e09293f3,16:01:21.392787,2026-05-01 16:01:21.392787-07:00,37.42932831772193,-122.17356407938668,True,a0:3d:6f:98:06:0d,-39.666666666666664,3,-97.0,3
860cfd779fb2,17:33:01.761893,2026-05-11 17:33:01.761893-07:00,37.42723300623574,-122.16987286413676,False,a8:3a:79:c5:9f:52,-82.33333333333333,3,-97.0,3
86162bab6e71,16:15:26.429558,2026-04-30 16:15:26.429558-07:00,37.427390870162526,-122.17265263078085,True,bc:26:c7:5d:13:ce,-72.33333333333333,3,-94.0,3
863d93a08ac7,14:49:50.308177,2026-05-02 14:49:50.308177-07:00,37.42968228123795,-122.172489901254,False,a8:3a:79:c7:7c:52,-47.333333333333336,3,-97.0,2
8646c7989fdd,14:29:26.756393,2026-05-02 14:29:26.756393-07:00,37.43018844868182,-122.1719936642488,True,a8:3a:79:c5:ca:d2,-63.0,3,,0
864a7dd2ca79,14:22:38.412931,2026-05-02 14:22:38.412931-07:00,37.429394148190944,-122.17253290874042,False,54:33:c6:c6:73:62,-70.0,3,-95.0,3
867bc723e6bf,15:20:38.802850,2026-05-08 15:20:38.802850-07:00,37.42924258129629,-122.17261470706262,False,a8:3a:79:c4:aa:62,-55.666666666666664,3,-96.0,3
86887bbc2c47,14:53:58.487805,2026-05-02 14:53:58.487805-07:00,37.43007088579968,-122.1712269574938,False,00:f6:63:28:19:01,-84.33333333333333,3,-97.0,3
86b0fad38ca1,14:36:55.139616,2026-05-02 14:36:55.139616-07:00,37.43052366044111,-122.1725129485044,False,a8:3a:79:c7:b2:d2,-51.0,3,-95.0,3
86bd5d485a80,18:03:44.705064,2026-05-11 18:03:44.705064-07:00,37.42733896451807,-122.1729597616091,False,70:70:8b:6a:fa:6e,-63.333333333333336,3,-96.0,2
86cf3100870d,17:24:50.234085,2026-05-01 17:24:50.234085-07:00,37.4283888953872,-122.17156953422172,False,70:db:98:33:49:71,-72.0,3,-88.0,1
86d6b514e96c,16:20:16.963316,2026-04-30 16:20:16.963316-07:00,37.42783899167306,-122.17290382492078,True,a8:3a:79:c7:8f:d2,-70.33333333333333,3,,0
86d86edaef65,15:48:47.640800,2026-05-08 15:48:47.640800-07:00,37.42967224929343,-122.1696888734048,False,failed to retrieve BSSID,-91.5,2,-97.0,1
86ded7535302,14:53:26.794550,2026-05-01 14:53:26.794550-07:00,37.429057958164115,-122.17310852364568,True,50:1c:bf:d6:51:00,-62.333333333333336,3,-92.0,3
86e0693d9230,14:50:22.332367,2026-05-02 14:50:22.332367-07:00,37.429487390466385,-122.1724928655358,False,54:33:c6:c6:73:62,-76.0,3,-96.0,3
86efbcbda3fc,16:16:56.822718,2026-04-30 16:16:56.822718-07:00,37.42741180890463,-122.17254992383806,False,bc:26:c7:bc:92:2e,-76.33333333333333,3,-96.0,3
8702c47ce37c,14:50:46.338465,2026-05-02 14:50:46.338465-07:00,37.42959714096376,-122.1724308045725,False,54:33:c6:b6:57:52,-63.666666666666664,3,-96.66666666666669,3
87097864779f,17:30:29.592896,2026-05-11 17:30:29.592896-07:00,37.42751593989217,-122.17090048945144,False,a8:53:7d:8c:1b:12,-88.66666666666667,3,-96.0,3
871feac1e255,17:21:57.222654,2026-05-11 17:21:57.222654-07:00,37.427301408642975,-122.17120684113576,False,04:cd:c0:06:b2:62,-81.0,3,-97.0,3
874a6169be11,14:52:30.397271,2026-05-02 14:52:30.397271-07:00,37.43029085182712,-122.17180264086264,False,54:33:c6:c6:7f:92,-45.666666666666664,3,-94.0,3
87738704900e,18:12:19.372319,2026-05-11 18:12:19.372319-07:00,37.4287329270583,-122.1733582880982,False,3c:51:0e:f9:93:8e,-75.33333333333333,3,-97.0,3
877b5dab609d,15:51:23.741743,2026-05-08 15:51:23.741743-07:00,37.42943381579283,-122.1713086762867,False,a0:b4:39:78:b1:ee,-84.0,3,-98.0,3
8797ed5f0766,17:04:49.376118,2026-05-01 17:04:49.376118-07:00,37.42873252396659,-122.17053650577228,False,08:4f:a9:5b:b5:6e,-83.0,3,-97.0,3
879cb5b7ebda,18:04:16.723497,2026-05-11 18:04:16.723497-07:00,37.42737221020319,-122.1733831448468,False,68:9e:0b:5a:6e:8e,-84.0,3,-96.0,3
87f306e40a0c,17:17:11.878547,2026-04-27 17:17:11.878547-07:00,37.428757624794294,-122.17195544352862,False,a8:3a:79:c4:5f:52,-76.0,3,-95.0,3
87f6ad2291f9,14:55:03.469304,2026-05-01 14:55:03.469304-07:00,37.42925024010498,-122.17361579928922,True,f0:1d:2d:3f:48:a2,-67.0,3,-87.0,3
880f440c9946,15:41:53.737565,2026-04-30 15:41:53.737565-07:00,37.42867749575452,-122.17284678629773,True,78:bc:1a:32:ba:8e,-69.33333333333333,3,-96.33333333333331,3
882de7dee945,15:39:33.290230,2026-05-08 15:39:33.290230-07:00,37.429685565406686,-122.1709735129516,False,failed to retrieve BSSID,,0,,0
883539dce715,16:19:06.924034,2026-04-30 16:19:06.924034-07:00,37.42778898194979,-122.17283920258122,True,a8:3a:79:c9:b3:52,-73.33333333333333,3,-98.0,3
8857ec198355,15:38:49.270370,2026-05-08 15:38:49.270370-07:00,37.42988823260983,-122.1707925250498,False,failed to retrieve BSSID,,0,,0
886594a5644c,17:35:17.900681,2026-05-11 17:35:17.900681-07:00,37.42762313698629,-122.17101541849236,False,a8:53:7d:8c:32:22,-81.66666666666667,3,,0
887016c28596,16:16:23.439771,2026-04-30 16:16:23.439771-07:00,37.4275460866941,-122.17240004607709,False,64:3a:ea:93:ec:6e,-74.33333333333333,3,-96.0,3
8878bb887328,17:26:10.265748,2026-05-01 17:26:10.265748-07:00,37.42868708785796,-122.17214559317152,False,a8:3a:79:c4:8b:52,-61.0,3,-97.0,3
88b2d98e34ae,15:45:01.671133,2026-04-30 15:45:01.671133-07:00,37.428476214263085,-122.17236958594884,True,5c:5a:c7:10:01:4e,-69.0,3,-94.0,3
88c69d873a93,16:59:54.143422,2026-05-01 16:59:54.143422-07:00,37.42879840110815,-122.1711742756432,True,40:ce:24:9b:bf:6e,-65.0,3,-96.0,3
88d2fe29e227,14:39:19.268112,2026-05-02 14:39:19.268112-07:00,37.43000406399045,-122.17319326241224,True,ee:9e:38:db:0c:ab,-67.66666666666667,3,-97.0,3
88eb9d74ea0b,14:33:30.947958,2026-05-02 14:33:30.947958-07:00,37.43006197291395,-122.17192962031024,True,a8:3a:79:c7:e5:12,-71.66666666666667,3,-97.0,1
891d0c2bc995,15:22:11.015347,2026-05-08 15:22:11.015347-07:00,37.42980613466635,-122.1725398665762,True,a8:3a:79:c7:58:52,-45.666666666666664,3,-92.0,2
8925bc9d31c3,17:06:19.437546,2026-05-01 17:06:19.437546-07:00,37.428368690316695,-122.170533926372,True,bc:26:c7:6d:c1:0e,-55.333333333333336,3,-96.0,3
8936560bce9b,14:55:08.473478,2026-05-01 14:55:08.473478-07:00,37.42919352552932,-122.17365391001266,True,f0:1d:2d:3f:48:a2,-75.0,3,-87.0,3
895f0f671e32,14:55:33.509963,2026-05-01 14:55:33.509963-07:00,37.429283270898274,-122.17369094197004,True,a0:3d:6f:a5:12:4d,-69.33333333333333,3,-97.0,3
8977e040555b,17:37:01.993752,2026-05-11 17:37:01.993752-07:00,37.42754079683649,-122.17059495455304,False,64:3a:ea:93:ec:6e,-75.33333333333333,3,-97.0,3
89deb4ad9e08,15:19:22.883636,2026-04-30 15:19:22.883636-07:00,37.42867371223164,-122.17238785240116,False,a8:3a:79:c3:e1:92,-72.0,3,-98.0,3
89e6290f20f5,15:16:52.760910,2026-04-30 15:16:52.760910-07:00,37.4289613629767,-122.17191513380146,False,a8:3a:79:c7:75:12,-84.0,3,-98.0,3
89ed44609e0b,15:34:57.612118,2026-04-30 15:34:57.612118-07:00,37.42850470588782,-122.17276920549956,True,bc:26:c7:5d:1a:ee,-62.333333333333336,3,-98.0,3
8a20f3bbacfd,14:35:07.035828,2026-05-02 14:35:07.035828-07:00,37.42981234469396,-122.1723109641117,False,a8:3a:79:c7:7c:52,-61.333333333333336,3,-97.0,3
8a2c28555ac5,15:38:09.218739,2026-05-08 15:38:09.218739-07:00,37.43015694054874,-122.17085965566667,False,00:f6:63:e6:50:d1,-86.33333333333333,3,-98.0,3
8a30f13760ce,17:39:26.139160,2026-05-11 17:39:26.139160-07:00,37.42753798265151,-122.16955577540836,False,a0:3d:6f:89:36:2e,-75.33333333333333,3,-97.0,3
8a68cf06b35a,17:21:13.204560,2026-05-11 17:21:13.204560-07:00,37.42757487053249,-122.1713144230634,False,04:cd:c0:06:ef:62,-82.0,3,-96.0,3
8ad093808e8b,17:24:05.333982,2026-05-11 17:24:05.333982-07:00,37.42716316798819,-122.17077179949302,True,00:6b:f1:9c:2e:be,-32.333333333333336,3,-97.0,3
8ad504bc7388,17:22:40.112678,2026-05-01 17:22:40.112678-07:00,37.42753351005442,-122.17175450174128,True,5c:5a:c7:0a:cd:ae,-74.0,3,-97.0,3
8ae1eae8b3f1,16:04:46.543481,2026-05-01 16:04:46.543481-07:00,37.42865464769452,-122.17216129861704,False,5c:5a:c7:05:c0:ee,-71.0,3,-97.0,3
8ae2acfd8beb,15:24:43.084749,2026-05-08 15:24:43.084749-07:00,37.43005977036781,-122.17277779886425,False,a8:3a:79:c7:3f:92,-79.33333333333333,3,-97.0,3
8b022fa28a8b,17:17:36.911629,2026-04-27 17:17:36.911629-07:00,37.42886796667393,-122.1719103733342,False,a8:3a:79:c4:86:92,-81.66666666666667,3,-96.0,2
8b4c283f33ed,15:49:34.600334,2026-04-30 15:49:34.600334-07:00,37.427712020574674,-122.1730943923574,False,a8:3a:79:c7:59:92,-66.66666666666667,3,-90.0,3
8b7df7f60294,17:16:21.824741,2026-04-27 17:16:21.824741-07:00,37.42871174702355,-122.17237819033622,False,5c:5a:c7:05:c0:ee,-75.33333333333333,3,-95.0,3
8bb11fae2bbe,18:02:28.610064,2026-05-11 18:02:28.610064-07:00,37.42750998846199,-122.17225015677622,False,64:3a:ea:93:ec:6e,-71.33333333333333,3,-97.0,3
8bca1d8277e6,15:41:29.708758,2026-04-30 15:41:29.708758-07:00,37.42863537035117,-122.17258442625578,True,5c:5a:c7:0c:88:4e,-68.66666666666667,3,-96.0,3
8bd8f09d7610,15:43:49.600412,2026-04-30 15:43:49.600412-07:00,37.42858343046215,-122.17284169042247,True,5c:5a:c7:10:01:4e,-70.66666666666667,3,-94.0,3
8bde2a28da30,15:47:42.490623,2026-04-30 15:47:42.490623-07:00,37.42788444056374,-122.1723261732538,False,64:3a:ea:93:ec:6e,-59.0,3,-96.0,3
8c0cb31a5892,17:19:15.023135,2026-05-01 17:19:15.023135-07:00,37.42789828201056,-122.17132847415124,True,c8:78:67:72:78:d2,-59.666666666666664,3,-96.0,2
8c241c16038a,14:54:46.519141,2026-05-02 14:54:46.519141-07:00,37.42965780178178,-122.17128212689032,False,40:ce:24:8d:61:ee,-84.66666666666667,3,-98.0,3
8c3ff8ff54c3,15:48:27.599948,2026-05-08 15:48:27.599948-07:00,37.429786127037374,-122.1695425856316,False,a8:53:7d:96:48:35,-92.0,3,-97.0,3
8c442a86e06c,15:45:53.692817,2026-04-30 15:45:53.692817-07:00,37.428349140614785,-122.1727990107569,True,5c:5a:c7:10:01:4e,-67.66666666666667,3,-95.0,3
8c45b8329458,15:50:02.865015,2026-04-30 15:50:02.865015-07:00,37.42794398658032,-122.17325293989605,False,failed to retrieve BSSID,,0,,0
8c466f4634ba,14:34:22.985687,2026-05-02 14:34:22.985687-07:00,37.4297571450454,-122.17201680050516,False,54:33:c6:b6:45:b2,-73.0,3,-97.0,3
8c5268a08f08,16:16:38.468497,2026-04-30 16:16:38.468497-07:00,37.42740210664824,-122.17246170929457,False,7c:ad:4f:67:6b:ae,-70.33333333333333,3,-93.66666666666669,3
8c5ae61435af,17:44:42.413606,2026-05-11 17:44:42.413606-07:00,37.42760363852895,-122.16948430044496,False,c8:78:67:6e:b3:e2,-82.33333333333333,3,-85.66666666666667,3
8c6d2db16345,14:37:59.179524,2026-05-02 14:37:59.179524-07:00,37.43027486274523,-122.1728763864496,False,a8:3a:79:c7:b2:d2,-79.66666666666667,3,-95.0,3
8c949889c28c,17:29:33.563152,2026-05-11 17:29:33.563152-07:00,37.42738667657198,-122.17121136608723,False,04:cd:c0:06:b2:52,-72.66666666666667,3,-97.0,3
8c9e539f956e,15:46:29.740700,2026-04-30 15:46:29.740700-07:00,37.42818317014179,-122.1728190492702,True,5c:5a:c7:10:01:4e,-76.0,3,-95.0,3
8ca90aea3540,15:26:13.062370,2026-04-30 15:26:13.062370-07:00,37.42826147348398,-122.1728422576402,True,a8:3a:79:d3:8a:d2,-57.333333333333336,3,-96.0,3
8cbffa8f8232,15:21:37.065524,2026-04-30 15:21:37.065524-07:00,37.42840875100695,-122.17216828645044,False,5c:5a:c7:10:01:ce,-56.666666666666664,3,-98.0,2
8ccff29f0021,14:38:35.241173,2026-05-02 14:38:35.241173-07:00,37.43024308688834,-122.17317433519148,True,a8:3a:79:c5:a4:e2,-84.33333333333333,3,-95.66666666666669,3
8ce0534b4725,14:56:22.676300,2026-05-02 14:56:22.676300-07:00,37.429675396486736,-122.17145797912572,False,40:ce:24:8d:61:ee,-86.0,3,-98.0,3
8ce6b9542ea8,14:35:19.065985,2026-05-02 14:35:19.065985-07:00,37.429886280495126,-122.17230100886606,False,a8:3a:79:c7:7c:52,-64.66666666666667,3,-97.0,3
8cee1e7e5780,14:23:26.446430,2026-05-02 14:23:26.446430-07:00,37.42957802554484,-122.1718811279742,False,54:33:c6:c6:79:c2,-68.33333333333333,3,-95.0,3
8d04841a31ec,18:10:23.261646,2026-05-11 18:10:23.261646-07:00,37.42820872111976,-122.17374305899828,False,3c:51:0e:f9:93:8e,-65.66666666666667,3,-97.0,3
8d3c1fe359da,15:49:06.562824,2026-04-30 15:49:06.562824-07:00,37.42764699237455,-122.17276677168834,False,bc:26:c7:c3:91:2e,-77.66666666666667,3,-98.0,3
8d556773f808,16:19:51.951612,2026-04-30 16:19:51.951612-07:00,37.42788016760796,-122.1730294064284,True,a8:3a:79:c7:8f:d2,-46.666666666666664,3,,0
8d658ddc1b2f,14:55:46.575216,2026-05-02 14:55:46.575216-07:00,37.4299028121968,-122.17121466738293,False,84:3d:c6:70:c1:61,-90.33333333333331,3,-97.0,3
8d8288178676,15:47:35.551831,2026-05-08 15:47:35.551831-07:00,37.43019956017539,-122.1695066295505,False,a0:b4:39:78:b1:ee,-80.33333333333333,3,-92.0,3
8dab30d51fff,15:21:22.036631,2026-04-30 15:21:22.036631-07:00,37.428328255306155,-122.17230791193796,False,a8:3a:79:ca:b9:12,-67.0,3,-96.66666666666669,3
8df7b4a10a4d,15:39:25.285987,2026-05-08 15:39:25.285987-07:00,37.429732754327254,-122.1709318823448,False,failed to retrieve BSSID,,0,,0
8dfbf5b1f88e,15:32:07.953872,2026-05-08 15:32:07.953872-07:00,37.430520742926525,-122.17156308777577,True,cc:16:7e:ca:04:5e,-77.0,3,-97.0,3
8e09fe6a0daf,15:34:05.565388,2026-04-30 15:34:05.565388-07:00,37.42860735788222,-122.17239305180716,True,5c:5a:c7:10:19:0e,-64.66666666666667,3,-97.0,3
8e203ac8276b,16:17:06.826520,2026-04-30 16:17:06.826520-07:00,37.42741077016347,-122.17257527763678,True,7c:ad:4f:67:6b:ae,-67.0,3,-95.0,3
8e3215cd41bb,15:25:07.116924,2026-05-08 15:25:07.116924-07:00,37.42976890471533,-122.17278854870378,False,a8:3a:79:c7:ac:92,-78.33333333333333,3,-96.0,3
8e367fa41718,15:27:58.139586,2026-04-30 15:27:58.139586-07:00,37.428586194718555,-122.17270957248488,True,5c:5a:c7:10:01:4e,-50.0,3,-95.0,3
8e57d77170ca,16:12:26.284402,2026-04-30 16:12:26.284402-07:00,37.42748788629707,-122.17289237448044,True,68:9e:0b:87:01:4e,-73.33333333333333,3,,0
8e62415b9aad,17:43:10.320139,2026-05-11 17:43:10.320139-07:00,37.42762800928052,-122.17020298291057,False,70:61:7b:d7:4c:ee,-71.33333333333333,3,,0
8e627df18c06,16:18:36.915171,2026-04-30 16:18:36.915171-07:00,37.42783002983494,-122.1728824466121,True,a8:3a:79:c7:47:52,-72.0,3,-97.0,3
8e7a96f59b8a,14:41:36.182120,2026-05-02 14:41:36.182120-07:00,37.43018539812927,-122.17384033749352,True,f6:cb:bc:8e:80:be,-57.666666666666664,3,-91.0,3
8e7bdcf1b39a,16:15:21.406920,2026-04-30 16:15:21.406920-07:00,37.427390870162526,-122.17265263078085,True,bc:26:c7:71:83:0e,-76.0,3,,0
8ec2b14717a9,15:47:51.564789,2026-05-08 15:47:51.564789-07:00,37.43002634788454,-122.1695689190282,False,a0:b4:39:78:b1:ee,-85.66666666666667,3,-99.0,3
8eccf9c671ad,14:31:50.871601,2026-05-02 14:31:50.871601-07:00,37.429835749769545,-122.1716954808186,True,a8:3a:79:58:c4:d2,-74.0,3,-97.0,3
8eda3745c9d3,15:49:27.646339,2026-05-08 15:49:27.646339-07:00,37.42924454228432,-122.16983064180587,False,a8:53:7d:96:65:35,-86.66666666666667,3,-97.0,3
8edc9170332f,15:50:14.667168,2026-04-30 15:50:14.667168-07:00,37.42804824187263,-122.17320685966403,False,3c:51:0e:f9:93:8e,-64.66666666666667,3,-97.0,3
8eee7a8bfb3b,14:25:46.556792,2026-05-02 14:25:46.556792-07:00,37.4298997177613,-122.1715341393432,True,a8:3a:79:ca:ef:92,-76.66666666666667,3,-97.0,3
8ef087a5f5eb,15:45:09.674076,2026-04-30 15:45:09.674076-07:00,37.428476214263085,-122.17236958594884,True,5c:5a:c7:10:01:4e,-63.666666666666664,3,-94.0,3
8f0452157c2d,17:01:09.195576,2026-05-01 17:01:09.195576-07:00,37.42887152416627,-122.17122255224518,False,40:ce:24:92:83:ae,-72.0,3,-96.0,3
8f223ba6993f,15:28:32.600573,2026-05-08 15:28:32.600573-07:00,37.42996206212936,-122.17231662900532,False,a8:3a:79:c7:d2:52,-73.66666666666667,3,-98.0,3
8f41daa16edf,16:11:56.258540,2026-04-30 16:11:56.258540-07:00,37.42747607223324,-122.17326249190629,True,50:2f:a8:d3:57:0e,-64.0,3,-97.0,3
8f48fd0444e3,14:37:51.176177,2026-05-02 14:37:51.176177-07:00,37.43032021528367,-122.17284208831131,False,a8:3a:79:c7:b2:d2,-74.33333333333333,3,-95.0,3
8f73618f7bd6,17:04:24.334311,2026-05-01 17:04:24.334311-07:00,37.428760175005934,-122.17066947244192,False,08:4f:a9:33:4b:ae,-81.33333333333333,3,,0
8fd2ebf6b89e,17:36:54.014204,2026-05-11 17:36:54.014204-07:00,37.42751609189353,-122.17046475560916,False,64:3a:ea:93:ec:6e,-75.66666666666667,3,-97.0,3
8ff37b26ec40,17:36:41.992669,2026-05-11 17:36:41.992669-07:00,37.42748320221317,-122.17030385754744,False,64:3a:ea:93:ec:6e,-79.0,3,-97.0,3
9018c915a4ea,15:39:53.325793,2026-05-08 15:39:53.325793-07:00,37.42978390832037,-122.1708572222415,False,00:f6:63:e6:50:d1,-88.66666666666667,3,-96.0,3
901dd7965d3f,17:15:01.760176,2026-04-27 17:15:01.760176-07:00,37.428936162492434,-122.1724734510033,False,a8:3a:79:c4:a8:12,-80.66666666666667,3,-97.0,3
903eed6bb7a5,14:40:40.121300,2026-05-02 14:40:40.121300-07:00,37.43000918294843,-122.1736133277191,True,f6:cb:ac:90:70:5d,-89.0,3,-99.0,3
90435f10be66,17:02:14.267784,2026-05-01 17:02:14.267784-07:00,37.428561827113306,-122.17096114821864,True,a0:b4:39:78:a6:ee,-81.33333333333333,3,-98.0,3
904bdde70c57,16:22:07.190244,2026-04-30 16:22:07.190244-07:00,37.42812542865109,-122.1722188483303,False,a8:3a:79:ca:f4:52,-79.33333333333333,3,-95.0,3
905dd17c7803,17:47:14.541838,2026-05-11 17:47:14.541838-07:00,37.42793951658308,-122.17077287047177,False,failed to retrieve BSSID,,0,,0
9070276764de,14:55:10.556654,2026-05-02 14:55:10.556654-07:00,37.42971825984208,-122.17120348446912,False,84:3d:c6:70:c1:61,-91.0,3,,0
908ed04d7b5a,17:16:14.849155,2026-05-01 17:16:14.849155-07:00,37.42802557339498,-122.17095564681568,False,70:90:41:6b:d5:52,-40.666666666666664,3,-96.0,3
909eb7a82bc5,15:27:43.134300,2026-04-30 15:27:43.134300-07:00,37.42850044214534,-122.17268868071255,True,5c:5a:c7:10:01:4e,-55.333333333333336,3,-95.0,3
90b5ecad2798,16:20:41.986929,2026-04-30 16:20:41.986929-07:00,37.42778953751918,-122.17276755136538,True,a8:3a:79:c7:53:d2,-77.0,3,-97.0,3
90b8643863ab,17:43:02.366292,2026-05-11 17:43:02.366292-07:00,37.42758633589376,-122.17036011363506,False,6c:b2:ae:1d:ad:ee,-69.33333333333333,3,-97.0,3
90fa9b49d4fa,14:49:38.298156,2026-05-02 14:49:38.298156-07:00,37.42978974522227,-122.17277044903332,False,a8:3a:79:c7:dc:52,-60.333333333333336,3,,0
9105dc06d59d,17:17:34.932254,2026-05-01 17:17:34.932254-07:00,37.4281070151786,-122.1710508780886,True,70:90:41:e0:4c:d2,-75.66666666666667,3,-98.0,3
913015f867cd,14:57:46.925079,2026-05-02 14:57:46.925079-07:00,37.42932525699691,-122.17172740194052,False,54:33:c6:b6:47:62,-88.33333333333333,3,-98.0,3
913ecc35d8c3,17:51:37.758402,2026-05-11 17:51:37.758402-07:00,37.42766771257221,-122.16975206397156,False,a0:3d:6f:89:36:2e,-52.666666666666664,3,-96.0,3
91418ea8bba5,14:31:42.844939,2026-05-02 14:31:42.844939-07:00,37.42994925707634,-122.17181632983228,True,a8:3a:79:58:c4:d2,-69.33333333333333,3,-97.33333333333331,3
91784f6c6190,15:33:05.519128,2026-04-30 15:33:05.519128-07:00,37.42863802486454,-122.1726605351893,True,5c:5a:c7:10:19:0e,-58.666666666666664,3,,0
919af8ab6d4e,17:25:49.423164,2026-05-11 17:25:49.423164-07:00,37.42712488740635,-122.17036066750748,False,70:90:41:6d:35:d2,-79.66666666666667,3,-96.33333333333331,3
920d6a668ee4,18:00:16.500700,2026-05-11 18:00:16.500700-07:00,37.42827088390491,-122.17086543480062,False,08:4f:a9:33:4a:4e,-84.33333333333333,3,,0
92171a257075,18:00:04.475484,2026-05-11 18:00:04.475484-07:00,37.42823869715386,-122.17070076545902,False,a8:3a:79:c9:3d:d2,-70.33333333333333,3,-97.0,3
9217b2822624,17:15:14.826173,2026-05-01 17:15:14.826173-07:00,37.42788450554008,-122.17035098649772,False,a8:3a:79:c8:84:92,-81.33333333333333,3,,0
921e751aa298,16:59:49.140063,2026-05-01 16:59:49.140063-07:00,37.42879840110815,-122.1711742756432,True,40:ce:24:9b:bf:6e,-62.666666666666664,3,-96.0,3
92405121422d,15:39:25.591968,2026-04-30 15:39:25.591968-07:00,37.42823858498532,-122.17282385777006,True,a8:3a:79:d3:d9:92,-55.666666666666664,3,-98.0,3
9247b6ff6336,14:58:34.968158,2026-05-02 14:58:34.968158-07:00,37.42902756924977,-122.17198436814692,False,a8:3a:79:c7:75:12,-51.0,3,-97.0,3
9250acce73a8,14:50:26.335566,2026-05-02 14:50:26.335566-07:00,37.42948409927302,-122.1724888974556,False,54:33:c6:c6:73:62,-79.0,3,-97.33333333333331,3
9273e0c2d179,17:19:01.090366,2026-05-11 17:19:01.090366-07:00,37.42865787634491,-122.17201531164775,False,a8:3a:79:c3:e1:92,-72.33333333333333,3,,0
929062b87c66,17:20:15.059333,2026-05-01 17:20:15.059333-07:00,37.42743881013134,-122.17135086354824,False,04:cd:c0:06:b2:52,-64.0,3,-95.0,3
929d66842ecb,17:18:01.950869,2026-04-27 17:18:01.950869-07:00,37.42894598933473,-122.17191121535416,False,a8:3a:79:c7:75:12,-81.33333333333333,3,,0
92d7917c63fa,17:21:08.438468,2026-04-27 17:21:08.438468-07:00,37.42901070775838,-122.17245908092644,True,a8:3a:79:c7:75:12,-75.33333333333333,3,,0
92f6e644469a,17:36:30.015115,2026-05-11 17:36:30.015115-07:00,37.42746616311149,-122.17021479274786,False,70:61:7b:d7:4c:ee,-76.33333333333333,3,-97.0,3
930409e95b17,14:36:35.113662,2026-05-02 14:36:35.113662-07:00,37.43042613869425,-122.1722128163146,False,54:33:c6:c6:7a:82,-74.0,3,-98.0,3
930c13f99ecc,14:28:58.727435,2026-05-02 14:28:58.727435-07:00,37.4301742454488,-122.17206714879428,True,a8:3a:79:c5:7a:92,-69.66666666666667,3,-96.0,3
93279380c509,16:18:51.902662,2026-04-30 16:18:51.902662-07:00,37.427809222312376,-122.17289883700631,True,a8:3a:79:c9:b3:52,-75.66666666666667,3,-98.0,3
93373b842540,15:48:07.594912,2026-05-08 15:48:07.594912-07:00,37.42990282553103,-122.16941912536667,False,a8:53:7d:96:48:35,-90.66666666666669,3,-96.33333333333331,3
934215a58318,17:40:10.216973,2026-05-11 17:40:10.216973-07:00,37.42751767729547,-122.17008851820164,False,64:3a:ea:93:ec:6e,-83.33333333333333,3,-97.0,3
934462e889d5,15:52:27.813640,2026-05-08 15:52:27.813640-07:00,37.42895196315726,-122.171713277947,False,a8:3a:79:c4:86:a2,-74.33333333333333,3,-95.0,3
934bd6fbe49a,14:26:10.582643,2026-05-02 14:26:10.582643-07:00,37.43003588430168,-122.17147652099612,True,a8:3a:79:c5:74:92,-65.33333333333333,3,-98.0,3
93529aeb7822,15:31:43.924434,2026-05-08 15:31:43.924434-07:00,37.43054790814627,-122.17142088701983,True,cc:16:7e:ca:04:5e,-55.666666666666664,3,-97.0,3
938008c2502b,17:23:05.275228,2026-05-11 17:23:05.275228-07:00,37.4273012919167,-122.1711007907811,False,00:6b:f1:9e:18:0e,-79.33333333333333,3,,0
93ce51b759ba,17:54:25.892773,2026-05-11 17:54:25.892773-07:00,37.42795811799245,-122.17085943107683,False,a8:53:7d:8c:1b:12,-87.0,3,-97.0,3
93decae0ada9,15:21:02.033432,2026-04-30 15:21:02.033432-07:00,37.42835975958563,-122.17261527209936,False,a8:3a:79:ca:b9:12,-67.33333333333333,3,-96.0,3
93f0952c3bb6,16:08:00.326957,2026-04-30 16:08:00.326957-07:00,37.42747368845512,-122.17317071529278,True,50:2f:a8:d3:57:0e,-67.33333333333333,3,-97.0,3
93fcae77686c,15:30:44.714111,2026-05-08 15:30:44.714111-07:00,37.4302337353902,-122.17142412735264,False,54:33:c6:c6:64:52,-86.66666666666667,3,-96.0,3
94352adabcba,17:54:49.908063,2026-05-11 17:54:49.908063-07:00,37.42786134075141,-122.17057446224015,False,a8:3a:79:c8:82:d2,-88.33333333333333,3,-97.0,3
9435f8daa519,14:40:04.092179,2026-05-02 14:40:04.092179-07:00,37.4299628683784,-122.17340041947998,True,ee:9e:38:db:0c:ab,-72.0,3,-97.0,3
944e971db8d0,17:35:05.890619,2026-05-11 17:35:05.890619-07:00,37.42760284097047,-122.17118043508655,False,70:90:41:6b:d5:52,-84.66666666666667,3,-95.0,3
945393c6c653,16:20:26.976121,2026-04-30 16:20:26.976121-07:00,37.42776598219414,-122.17290084343048,True,a8:3a:79:c7:53:d2,-67.66666666666667,3,-97.0,3
94944f388c62,14:39:11.252216,2026-05-02 14:39:11.252216-07:00,37.430048993016875,-122.17318894725524,True,ee:9e:38:db:0c:ab,-77.33333333333333,3,-97.0,3
94949cd5d0f5,17:24:01.320020,2026-05-11 17:24:01.320020-07:00,37.42716316798819,-122.17077179949302,True,00:6b:f1:9c:2e:be,-36.333333333333336,3,,0
949aa55c0076,17:56:20.273874,2026-05-11 17:56:20.273874-07:00,37.42775731184421,-122.16980535354656,False,70:70:8b:66:af:6e,-86.33333333333333,3,,0
94a6769a49f5,15:39:05.268212,2026-05-08 15:39:05.268212-07:00,37.42986039028521,-122.1708043169548,False,failed to retrieve BSSID,,0,,0
94be0286b07b,17:13:51.688706,2026-04-27 17:13:51.688706-07:00,37.429458015747706,-122.17219557594277,False,54:33:c6:c6:79:e2,-79.66666666666667,3,-90.0,3
94e1e4f8f438,17:03:39.301720,2026-05-01 17:03:39.301720-07:00,37.428704279375005,-122.1708059629598,True,a0:b4:39:d2:19:2e,-53.333333333333336,3,-96.0,2
94ee5f2f513e,14:38:07.186917,2026-05-02 14:38:07.186917-07:00,37.43025780953605,-122.17293787700592,False,a8:3a:79:c7:b2:d2,-76.0,3,-95.33333333333331,3
94f3622976bb,15:46:13.726696,2026-04-30 15:46:13.726696-07:00,37.42845211287353,-122.17277026332738,True,5c:5a:c7:10:01:4e,-73.33333333333333,3,-95.0,3
952bc7a6ae69,14:55:50.576883,2026-05-02 14:55:50.576883-07:00,37.42987342598215,-122.17123066648752,False,84:3d:c6:70:c1:61,-92.0,3,-97.0,3
953a509a4b33,18:10:31.258890,2026-05-11 18:10:31.258890-07:00,37.42823488762307,-122.17384048268448,False,3c:51:0e:f9:93:8e,-73.66666666666667,3,-97.0,3
9561b7527a7d,17:13:26.670812,2026-04-27 17:13:26.670812-07:00,37.42940872242489,-122.17196256542704,False,54:33:c6:b6:47:82,-79.33333333333333,3,-90.0,3
957a25db3cfc,15:42:02.430355,2026-05-08 15:42:02.430355-07:00,37.429131540321805,-122.17003325100308,False,a0:b4:39:78:b1:e1,-92.0,2,-97.0,3
959c66e89d5b,17:28:37.518089,2026-05-11 17:28:37.518089-07:00,37.42721004794992,-122.17044825349896,False,04:cd:c0:06:b2:52,-82.66666666666667,3,-95.0,3
95ced5093da0,17:41:34.246911,2026-05-11 17:41:34.246911-07:00,37.42769838557521,-122.17090134443096,False,64:3a:ea:93:fc:0e,-85.66666666666667,3,-92.0,3
95d0a2ad918c,17:02:24.257643,2026-05-01 17:02:24.257643-07:00,37.428561827113306,-122.17096114821864,True,a0:b4:39:80:a7:6e,-72.0,3,-98.0,3
95d32efc1031,15:35:20.108168,2026-05-08 15:35:20.108168-07:00,37.430579826526966,-122.17144844513687,True,cc:16:7e:b0:39:2e,-58.666666666666664,3,-97.0,3
9652bfea7428,17:11:12.483688,2026-04-27 17:11:12.483688-07:00,37.42899209113926,-122.1719056933474,True,a8:3a:79:c7:75:12,-44.333333333333336,3,-97.0,3
9654be6e2e5a,14:53:26.449784,2026-05-02 14:53:26.449784-07:00,37.43019328631972,-122.17145902383184,False,00:f6:63:28:19:0e,-69.66666666666667,3,-97.0,3
96a2958d733d,15:38:01.201859,2026-05-08 15:38:01.201859-07:00,37.430244031529774,-122.1709198435395,False,00:f6:63:e6:50:d1,-84.66666666666667,3,-96.0,3
96b034995c04,15:32:13.443243,2026-04-30 15:32:13.443243-07:00,37.428609197593346,-122.1727069391841,True,5c:5a:c7:10:01:4e,-67.0,3,-96.0,3
96c7883f7ab7,15:20:17.908751,2026-04-30 15:20:17.908751-07:00,37.42833801280252,-122.1723157666376,False,a8:3a:79:ca:b9:12,-69.0,3,-96.0,3
96d1a21197b6,16:17:21.846715,2026-04-30 16:17:21.846715-07:00,37.42735326776235,-122.172637764781,True,7c:ad:4f:67:6b:ae,-57.666666666666664,3,-96.0,3
96def9d0296b,15:23:54.269604,2026-04-30 15:23:54.269604-07:00,37.42836382327523,-122.17215285956924,False,5c:5a:c7:10:01:ce,-74.0,3,-96.0,3
96e7a87b7726,15:31:51.917630,2026-05-08 15:31:51.917630-07:00,37.430518478291,-122.17154574426908,True,cc:16:7e:ca:04:5e,-67.66666666666667,3,-96.33333333333331,3
96fd2a70910e,17:51:05.716256,2026-05-11 17:51:05.716256-07:00,37.4277605691573,-122.17019209881236,False,a8:53:7d:8c:32:42,-87.0,3,-96.0,3
973bb6234135,18:14:23.492339,2026-05-11 18:14:23.492339-07:00,37.42950808529368,-122.17228364140202,False,54:33:c6:b6:47:82,-79.0,3,-95.0,3
973e84bc6d7f,17:55:21.942977,2026-05-11 17:55:21.942977-07:00,37.4278040601617,-122.17009018547346,False,70:70:8b:84:64:8e,-86.66666666666667,3,-97.0,3
97605f7c548b,15:30:16.701227,2026-05-08 15:30:16.701227-07:00,37.43033032856001,-122.17182788412744,False,a8:3a:79:c7:c9:92,-78.0,3,,0
976c209d6094,17:17:44.936217,2026-05-01 17:17:44.936217-07:00,37.42808340515012,-122.17104931556956,True,7c:b6:8d:42:03:92,-67.33333333333333,3,-97.0,2
977fbacea1fb,18:15:07.534852,2026-05-11 18:15:07.534852-07:00,37.42930444056031,-122.17174806421542,False,54:33:c6:b6:47:82,-82.66666666666667,3,-96.0,3
9781e3e71e65,14:27:38.663123,2026-05-02 14:27:38.663123-07:00,37.430095332514306,-122.1718448114429,True,a8:3a:79:c5:84:12,-70.33333333333333,3,-97.0,3
978e2be6588c,16:14:16.424390,2026-04-30 16:14:16.424390-07:00,37.42741989003139,-122.173042148955,True,50:2f:a8:d3:57:0e,-63.0,3,-95.0,3
979626dd6004,17:41:54.278420,2026-05-11 17:41:54.278420-07:00,37.42776370918961,-122.17112025709476,False,64:3a:ea:93:fc:0e,-78.0,3,-96.0,2
97b5b57b4334,17:13:06.652032,2026-04-27 17:13:06.652032-07:00,37.42937533726356,-122.17181410348776,False,54:33:c6:c6:79:e2,-72.66666666666667,3,-94.0,3
97c11eb14873,14:30:50.819873,2026-05-02 14:30:50.819873-07:00,37.430039797028,-122.17186852528268,True,a8:3a:79:c5:84:12,-67.0,3,-97.0,3
97d8b2c6c822,14:50:44.163659,2026-05-01 14:50:44.163659-07:00,37.42913980032355,-122.1725948874648,False,a8:3a:79:c4:aa:62,-57.666666666666664,3,-97.0,3
97f01768943f,15:28:11.276607,2026-05-08 15:28:11.276607-07:00,37.429825162328015,-122.1724607019882,True,a8:3a:79:c7:d2:52,-52.666666666666664,3,-98.0,3
9807739c7ccf,14:36:43.109244,2026-05-02 14:36:43.109244-07:00,37.43046440360885,-122.1723375284996,False,a8:3a:79:c7:c9:92,-74.0,3,-98.0,3
980a92163e8d,16:01:41.401204,2026-05-01 16:01:41.401204-07:00,37.42932814374468,-122.17356403713168,True,a0:3d:6f:98:06:0d,-62.333333333333336,3,-97.0,3
9810bc447aa1,16:00:11.344380,2026-05-01 16:00:11.344380-07:00,37.4293284952341,-122.17356594703938,True,a0:3d:6f:98:06:0d,-38.333333333333336,3,-97.0,3
98143b143ae7,15:23:51.049251,2026-05-08 15:23:51.049251-07:00,37.43023445699061,-122.17250353107572,True,a8:3a:79:c7:d9:52,-71.66666666666667,3,-96.0,3
983fc6f8158d,17:44:06.379693,2026-05-11 17:44:06.379693-07:00,37.42736630408293,-122.16952134831924,False,a8:3a:79:c8:a6:d2,-88.66666666666667,3,-98.0,3
984204144548,18:10:19.224002,2026-05-11 18:10:19.224002-07:00,37.42819629488317,-122.17365829137036,False,3c:51:0e:f9:93:8e,-65.66666666666667,3,-97.0,3
984ea26709c4,15:39:21.575709,2026-04-30 15:39:21.575709-07:00,37.42826145266952,-122.17274537082716,True,a8:3a:79:d3:d9:92,-57.0,3,-98.0,3
987690eaa61d,14:48:26.240080,2026-05-02 14:48:26.240080-07:00,37.43017060144147,-122.1729917605996,False,a8:3a:79:c7:d9:52,-57.0,3,-96.0,3
9880a10b18d3,17:56:01.708137,2026-05-11 17:56:01.708137-07:00,37.42776235797267,-122.16989516438736,False,failed to retrieve BSSID,-66.0,1,-97.0,1
98921dea75f9,17:49:49.669112,2026-05-11 17:49:49.669112-07:00,37.42807901873229,-122.17107879633366,False,a8:3a:79:c8:96:22,-84.33333333333333,3,-93.0,1
98a0e64b844b,14:51:34.370847,2026-05-02 14:51:34.370847-07:00,37.43003179557955,-122.1721907694598,False,54:33:c6:b6:57:52,-68.0,3,-97.33333333333331,3
98b9fb1f3211,14:48:14.230384,2026-05-02 14:48:14.230384-07:00,37.429983075045534,-122.1728319011077,False,a8:3a:79:c7:70:62,-77.33333333333333,3,-97.0,3
98dfa14dba05,17:16:51.860331,2026-04-27 17:16:51.860331-07:00,37.4286387983155,-122.17201102473678,False,a8:3a:79:c4:8b:52,-77.33333333333333,3,,0
98f4eb3233ca,15:52:03.790563,2026-05-08 15:52:03.790563-07:00,37.429021871613394,-122.17152281969,False,40:ce:24:8d:61:ee,-78.33333333333333,3,-97.0,3
98ffa6422948,17:34:33.838924,2026-05-11 17:34:33.838924-07:00,37.42742601115567,-122.17098412741235,False,00:a7:42:d0:98:4e,-66.33333333333333,3,-97.0,3
993069169aa2,17:18:11.920549,2026-04-27 17:18:11.920549-07:00,37.4290312956824,-122.17197591633706,False,a8:3a:79:c7:75:12,-84.0,3,,0
995c20492290,17:50:17.696143,2026-05-11 17:50:17.696143-07:00,37.42790156706296,-122.17081646171695,False,a8:3a:79:c8:86:92,-67.33333333333333,3,,0
99668d9ebfe6,17:23:29.316471,2026-05-11 17:23:29.316471-07:00,37.42715958008524,-122.17099171408437,True,00:6b:f1:9e:18:0e,-67.33333333333333,3,,0
997eb33b37f9,17:37:58.096903,2026-05-11 17:37:58.096903-07:00,37.42743591845654,-122.17004360600824,False,a8:53:7d:8c:32:22,-87.66666666666667,3,-97.0,3
999282b98bff,15:48:14.505302,2026-04-30 15:48:14.505302-07:00,37.42761430529856,-122.1723958047385,False,64:3a:ea:93:ec:6e,-75.0,3,-98.0,3
999885720cb7,16:22:37.200146,2026-04-30 16:22:37.200146-07:00,37.4284034701269,-122.1721286167504,False,a8:3a:79:c4:8b:52,-70.33333333333333,3,-96.0,3
99b465b5597b,17:05:49.425802,2026-05-01 17:05:49.425802-07:00,37.42848922576788,-122.17047983905354,True,08:4f:a9:30:6b:ae,-79.0,3,-97.0,3
9a338916bb79,18:00:44.503580,2026-05-11 18:00:44.503580-07:00,37.42829882407797,-122.17128522661493,False,a0:b4:39:b4:0d:ee,-84.33333333333333,3,-97.0,3
9a34a01d5c13,17:29:57.593505,2026-05-11 17:29:57.593505-07:00,37.42749107494718,-122.17126566126304,False,04:cd:c0:06:ef:52,-81.33333333333333,3,-98.0,3
9a56e92a33bd,15:50:27.694296,2026-05-08 15:50:27.694296-07:00,37.42923391307294,-122.1706364494812,False,a0:b4:39:a7:ed:21,-92.0,3,-97.0,3
9a77a80f1119,17:30:05.590876,2026-05-11 17:30:05.590876-07:00,37.42757441551428,-122.17114814171406,False,04:cd:c0:06:ef:52,-77.66666666666667,3,-98.0,3
9a7c9651488e,15:30:56.726534,2026-05-08 15:30:56.726534-07:00,37.4303335347252,-122.17128704810337,False,54:33:c6:c6:64:52,-89.0,3,-98.0,3
9a99e25710fa,17:56:40.327544,2026-05-11 17:56:40.327544-07:00,37.42770848925411,-122.16963861978029,False,c8:78:67:6e:a1:12,-63.333333333333336,3,,0
9ab220266b2c,18:13:39.418029,2026-05-11 18:13:39.418029-07:00,37.42958536853063,-122.17292127911762,False,c8:78:67:36:40:62,-73.0,3,-91.0,3
9acb24222c7b,14:32:26.897362,2026-05-02 14:32:26.897362-07:00,37.429899447924406,-122.17197820385772,True,a8:3a:79:ca:ed:52,-68.33333333333333,3,-95.0,3
9ae3925517f7,17:49:33.656619,2026-05-11 17:49:33.656619-07:00,37.42799240017606,-122.17096362542216,False,c8:78:67:72:2d:e2,-72.0,3,-93.0,1
9b110bca2298,17:23:13.302408,2026-05-11 17:23:13.302408-07:00,37.42724607354152,-122.1709592573028,False,00:6b:f1:9e:18:0e,-71.33333333333333,3,,0
9b20b8057f68,14:32:54.927626,2026-05-02 14:32:54.927626-07:00,37.43006929978018,-122.17211287174644,True,a8:3a:79:ca:fb:12,-67.66666666666667,3,-95.0,3
9b2d5a3b3c10,16:22:17.196147,2026-04-30 16:22:17.196147-07:00,37.42824265700318,-122.1721802159725,False,64:3a:ea:93:fc:0e,-79.0,3,-95.0,3
9b308792a11d,15:48:58.538139,2026-04-30 15:48:58.538139-07:00,37.42764112503113,-122.17269556192676,False,a8:3a:79:c1:31:92,-87.66666666666667,3,-98.0,3
9ba55e6f326f,14:54:29.975162,2026-05-01 14:54:29.975162-07:00,37.429209682917126,-122.17337980585908,False,a0:3d:6f:98:00:22,-73.66666666666667,3,-87.0,3
9bb12fa0389f,14:29:10.736996,2026-05-02 14:29:10.736996-07:00,37.43012399345705,-122.17209265386596,True,a8:3a:79:c5:7a:92,-69.66666666666667,3,-96.0,3
9bd2ec82d105,15:41:58.409671,2026-05-08 15:41:58.409671-07:00,37.429162003649424,-122.1701055004302,False,a0:b4:39:78:b1:e1,-92.0,3,-97.0,2
9be554f5c375,17:01:24.234434,2026-05-01 17:01:24.234434-07:00,37.428822036399566,-122.17100272954198,False,a0:b4:39:78:a6:ee,-76.33333333333333,3,-96.0,3
9bf374c08a7b,14:56:34.629028,2026-05-02 14:56:34.629028-07:00,37.42957866201626,-122.17150916445632,False,40:ce:24:8d:61:ee,-86.66666666666667,3,-97.33333333333331,3
9c5168e7079d,17:19:04.996415,2026-05-01 17:19:04.996415-07:00,37.42789828201056,-122.17132847415124,True,c8:78:67:72:6f:52,-74.66666666666667,3,-95.0,3
9c6a87d2d724,17:33:09.970471,2026-05-11 17:33:09.970471-07:00,37.4272128503416,-122.16997369919986,False,a8:3a:79:c9:4b:d2,-91.0,3,,0
9cc509efe670,18:04:52.737507,2026-05-11 18:04:52.737507-07:00,37.42720777196012,-122.17375901575492,False,a8:53:7d:65:59:12,-78.0,3,-97.0,3
9ce876d3164e,16:07:31.660609,2026-05-01 16:07:31.660609-07:00,37.42875031319007,-122.17145033458418,True,70:db:98:2c:f2:1e,-75.0,3,-98.0,3
9cea5d71fa7b,17:45:02.438901,2026-05-11 17:45:02.438901-07:00,37.42767670149357,-122.16976812581775,False,failed to retrieve BSSID,,0,,0
9d240a0d995c,17:17:46.901029,2026-04-27 17:17:46.901029-07:00,37.42888812526899,-122.17189990356108,False,a8:3a:79:c4:86:92,-79.33333333333333,3,-97.33333333333331,3
9d3ff58fb6d7,14:41:56.185291,2026-05-02 14:41:56.185291-07:00,37.430190984063856,-122.17376102226312,True,f6:cb:bc:8e:80:be,-80.33333333333333,3,-80.0,3
9d44482d6864,14:44:46.052219,2026-05-02 14:44:46.052219-07:00,37.43009477579427,-122.1729182856008,False,90:77:ee:88:1e:8e,-63.666666666666664,3,-97.0,3
9d4956a7b657,16:22:27.200456,2026-04-30 16:22:27.200456-07:00,37.42831359859535,-122.1721432348211,False,64:3a:ea:93:fc:0e,-80.33333333333333,3,-96.0,3
9d62ef7b22c7,14:52:14.395532,2026-05-02 14:52:14.395532-07:00,37.430360062276534,-122.17192572507884,False,54:33:c6:c6:7a:82,-67.33333333333333,3,-97.0,3
9d6dba03d88c,15:49:15.705988,2026-05-08 15:49:15.705988-07:00,37.42938041759973,-122.169801186059,False,a8:53:7d:96:65:35,-89.0,3,-97.0,3
9d6e5f432864,16:18:56.913438,2026-04-30 16:18:56.913438-07:00,37.42778898194979,-122.17283920258122,True,a8:3a:79:c9:b3:52,-78.0,3,-98.0,3
9d729ef5380c,15:17:07.763707,2026-04-30 15:17:07.763707-07:00,37.4288729945977,-122.17190204256988,False,a8:3a:79:c7:75:12,-93.0,3,-98.0,3
9d8c5ea2ad32,17:33:25.818333,2026-05-11 17:33:25.818333-07:00,37.42724146798766,-122.17017269481003,False,00:6b:f1:9c:23:fe,-77.33333333333333,3,-97.0,3
9da91f679b6f,16:00:41.357324,2026-05-01 16:00:41.357324-07:00,37.429328079171725,-122.17356402172976,True,a0:3d:6f:98:06:0d,-38.333333333333336,3,-97.0,3
9db3a3e2cc35,14:55:42.569728,2026-05-02 14:55:42.569728-07:00,37.42993924998453,-122.17120140948852,False,84:3d:c6:70:c1:61,-91.33333333333331,3,-97.0,3
9dc654596b54,17:15:31.769836,2026-04-27 17:15:31.769836-07:00,37.428816090448414,-122.17226760939772,False,bc:26:c7:5d:14:8e,-76.0,3,-97.0,1
9dc7582261e3,18:03:28.681176,2026-05-11 18:03:28.681176-07:00,37.42721009063573,-122.17271873802392,False,08:4f:a9:43:94:6e,-84.33333333333333,3,-96.0,2
9de5336b0425,18:09:31.214842,2026-05-11 18:09:31.214842-07:00,37.42780418848142,-122.17374375903208,False,a8:3a:79:7d:9b:22,-74.33333333333333,3,-97.0,3
9e0326eed989,15:34:09.575906,2026-04-30 15:34:09.575906-07:00,37.42860735788222,-122.17239305180716,True,5c:5a:c7:10:19:0e,-65.0,3,-97.0,3
9e0962fca3f1,14:24:22.464753,2026-05-02 14:24:22.464753-07:00,37.42977707959581,-122.1717475423898,True,a8:3a:79:ca:ef:92,-62.0,3,-95.0,3
9e354ae8a8ab,14:53:06.425247,2026-05-02 14:53:06.425247-07:00,37.430221370763,-122.17168580607223,False,54:33:c6:c6:7f:92,-73.66666666666667,3,-96.0,3
9e378c7ccdf8,17:22:05.096464,2026-05-01 17:22:05.096464-07:00,37.42749719090014,-122.1717035487726,True,5c:5a:c7:27:f7:ce,-55.666666666666664,3,-97.0,3
9e45ca32f00c,17:59:24.466594,2026-05-11 17:59:24.466594-07:00,37.42824180963987,-122.17026281512462,False,08:4f:a9:3a:50:8e,-84.66666666666667,3,-96.0,3
9e5597c40dbf,17:12:06.615769,2026-04-27 17:12:06.615769-07:00,37.42897700868392,-122.1719551265132,False,a8:3a:79:c4:a9:22,-76.66666666666667,3,-92.0,3
9e888289e697,17:16:29.879099,2026-05-01 17:16:29.879099-07:00,37.428069396182515,-122.17093031894764,True,70:90:41:6b:d5:52,-55.333333333333336,3,-96.0,3
9ea49d85cfd4,14:54:04.966181,2026-05-01 14:54:04.966181-07:00,37.429084234171846,-122.17318788952538,False,a0:3d:6f:9a:c1:42,-73.66666666666667,3,-88.0,3
9ee23bde9029,18:06:04.817485,2026-05-11 18:06:04.817485-07:00,37.4278162109198,-122.17381613578212,False,a8:3a:79:83:4d:d2,-78.66666666666667,3,-96.0,1
9ee3fe49af45,18:15:31.571972,2026-05-11 18:15:31.571972-07:00,37.42908845074605,-122.17180855367592,False,a8:3a:79:c4:86:a2,-79.0,3,-95.0,3
9ee7ccf39c4b,17:16:46.841650,2026-04-27 17:16:46.841650-07:00,37.4286387983155,-122.17201102473678,False,a8:3a:79:c4:8b:52,-68.66666666666667,3,,0
9ef1f6de4ff2,18:03:32.668325,2026-05-11 18:03:32.668325-07:00,37.42727132722102,-122.17279863554312,False,5c:a6:2d:70:7a:ae,-87.66666666666667,3,-96.0,3
9efe467f76c1,17:19:23.350276,2026-04-27 17:19:23.350276-07:00,37.428873271567895,-122.17208138937352,True,a8:3a:79:c7:75:12,-69.66666666666667,3,,0
9f1943a13b45,15:25:43.037555,2026-04-30 15:25:43.037555-07:00,37.42824863836152,-122.17278311583313,True,a8:3a:79:ca:fc:22,-59.666666666666664,3,-90.0,3
9f26a3eaff1f,17:22:29.260015,2026-05-11 17:22:29.260015-07:00,37.427238642670794,-122.17132878594784,True,00:5d:73:70:64:ae,-78.66666666666667,3,-99.0,3
9f29b8bf468d,15:24:34.307156,2026-04-30 15:24:34.307156-07:00,37.42820787608903,-122.17222230518148,False,64:3a:ea:93:fc:0e,-69.66666666666667,3,-97.0,3
9f2b091663e6,18:12:47.427421,2026-05-11 18:12:47.427421-07:00,37.42901171388972,-122.1732187256924,False,90:77:ee:88:1e:8e,-71.33333333333333,3,-97.0,3
9f3c84299222,15:21:15.305756,2026-05-08 15:21:15.305756-07:00,37.42942328172902,-122.17252767718232,False,54:33:c6:c6:73:62,-76.66666666666667,3,-97.0,3
9f4830a0f2c7,15:38:05.215384,2026-05-08 15:38:05.215384-07:00,37.430181170397745,-122.17087758258,False,00:f6:63:e6:50:d1,-83.66666666666667,3,-96.0,3
9f52f0d46486,17:17:19.918756,2026-05-01 17:17:19.918756-07:00,37.42813156628905,-122.17103238003725,True,70:90:41:e0:4c:d2,-72.0,3,-98.0,3
9f5f703a16f9,15:32:05.445201,2026-04-30 15:32:05.445201-07:00,37.428617177159346,-122.1727065338148,True,5c:5a:c7:10:01:4e,-49.0,3,-96.0,3
9f63d8c9216d,15:21:54.934810,2026-05-08 15:21:54.934810-07:00,37.429796989183586,-122.17248206061936,True,a8:3a:79:c7:82:52,-75.0,3,-96.66666666666669,3
9f6dd08061c5,17:49:37.660259,2026-05-11 17:49:37.660259-07:00,37.4280005543217,-122.17100773066556,False,7c:b6:8d:42:03:a2,-74.33333333333333,3,-89.66666666666667,3
9f7134aa1083,14:54:30.504524,2026-05-02 14:54:30.504524-07:00,37.42977779858052,-122.17125234444713,False,00:f6:63:28:19:01,-86.0,3,-92.0,3
9f9015d468de,14:40:56.121839,2026-05-02 14:40:56.121839-07:00,37.430010701833055,-122.17367818653128,True,f6:cb:bc:8e:80:be,-78.0,3,-91.0,3
9fa3dad4d85f,18:01:40.559643,2026-05-11 18:01:40.559643-07:00,37.42800255264924,-122.17199744002272,False,64:3a:ea:93:ec:6e,-62.666666666666664,3,-96.0,3
9fc0dfdda048,17:24:30.213321,2026-05-01 17:24:30.213321-07:00,37.428222368952866,-122.17160760630853,False,70:90:41:5e:df:52,-91.0,3,-97.0,3
9fdc0d259318,15:30:00.686464,2026-05-08 15:30:00.686464-07:00,37.43039775206016,-122.17202541142916,False,54:33:c6:c6:7a:82,-63.0,3,-98.0,3
9ff21e57cfff,14:54:26.503318,2026-05-02 14:54:26.503318-07:00,37.42980303385792,-122.17124111123832,False,00:f6:63:28:19:01,-89.0,3,-92.0,3
9ff5103935b0,15:41:17.695445,2026-04-30 15:41:17.695445-07:00,37.42860748535677,-122.1724528722204,True,5c:5a:c7:0c:88:4e,-66.0,3,-96.0,3
a0086e51b1d9,17:06:59.464635,2026-05-01 17:06:59.464635-07:00,37.428403985616995,-122.17036644690369,True,08:4f:a9:43:b0:4e,-75.66666666666667,3,-95.66666666666669,3
a014665b65f4,14:54:22.511238,2026-05-02 14:54:22.511238-07:00,37.429828025630606,-122.17123276210812,False,00:f6:63:28:19:01,-73.66666666666667,3,-93.33333333333331,3
a01ff547bb97,14:51:04.172973,2026-05-01 14:51:04.172973-07:00,37.42916928503751,-122.1726627397144,False,c8:78:67:36:40:52,-67.0,3,-98.0,3
a04687b4518d,17:59:00.416171,2026-05-11 17:59:00.416171-07:00,37.42817424290656,-122.1699921390019,False,70:70:8b:90:2b:8e,-89.33333333333333,3,-96.0,2
a04f3eb50d8d,15:51:15.743327,2026-05-08 15:51:15.743327-07:00,37.42938819258149,-122.1712266317956,False,a0:b4:39:78:b1:ee,-84.33333333333333,3,-98.0,3
a06057a17204,17:07:49.495134,2026-05-01 17:07:49.495134-07:00,37.42855815252205,-122.17030383688125,True,bc:26:c7:71:89:ae,-68.0,3,-97.0,3
a069d6606948,18:14:15.480705,2026-05-11 18:14:15.480705-07:00,37.42952312777141,-122.17236844853733,False,54:33:c6:b6:47:82,-75.0,3,-95.0,3
a08a95b49a16,15:26:48.084422,2026-04-30 15:26:48.084422-07:00,37.428470447847815,-122.1727528778202,True,a8:3a:79:d3:8a:d2,-72.0,3,-96.0,3
a08eaa61acbc,16:08:30.346901,2026-04-30 16:08:30.346901-07:00,37.42747368845512,-122.17317071529278,True,bc:26:c7:55:c7:ee,-70.33333333333333,3,-95.0,2
a0c97d551281,14:25:54.564772,2026-05-02 14:25:54.564772-07:00,37.4298997177613,-122.1715341393432,True,a8:3a:79:c5:74:92,-69.33333333333333,3,-96.0,3
a0d02e854200,17:29:01.545217,2026-05-11 17:29:01.545217-07:00,37.427281473898454,-122.17077866141396,False,04:cd:c0:06:b2:52,-71.0,3,-97.0,3
a0faaab9c4f6,15:27:48.155722,2026-04-30 15:27:48.155722-07:00,37.42850044214534,-122.17268868071255,True,5c:5a:c7:10:01:4e,-56.0,3,-95.0,3
a10111164bce,15:40:33.655783,2026-04-30 15:40:33.655783-07:00,37.42861770821848,-122.17252165859428,True,bc:26:c7:77:1f:8e,-76.0,3,,0
a113e8729138,15:47:19.544741,2026-05-08 15:47:19.544741-07:00,37.43037951071212,-122.16944206366428,False,a0:b4:39:78:b1:ee,-77.66666666666667,3,-94.33333333333331,3
a126b4158314,15:49:18.581321,2026-04-30 15:49:18.581321-07:00,37.42765692582112,-122.17292374183413,False,50:2f:a8:d3:57:0e,-74.33333333333333,3,-98.0,3
a134ecdcc97e,17:51:13.781660,2026-05-11 17:51:13.781660-07:00,37.42773233841246,-122.17005840349026,False,70:61:7b:d7:4c:ee,-55.333333333333336,3,-99.0,3
a1366846f9c6,17:37:34.030183,2026-05-11 17:37:34.030183-07:00,37.42748895325589,-122.17032884771196,False,64:3a:ea:93:fc:0e,-86.0,3,-97.66666666666669,3
a162f1384ebc,15:20:27.893152,2026-04-30 15:20:27.893152-07:00,37.42836802517313,-122.1724343769334,False,a8:3a:79:ca:b9:12,-67.33333333333333,3,-96.0,3
a1724a77d8c2,17:19:28.355969,2026-04-27 17:19:28.355969-07:00,37.4287267520411,-122.17211439102364,True,a8:3a:79:c7:75:12,-67.33333333333333,3,,0
a17f42446def,17:22:17.245602,2026-05-11 17:22:17.245602-07:00,37.4271959450909,-122.17123471408148,True,00:5d:73:7d:b2:21,-79.66666666666667,3,-95.0,3
a192e3c8e911,14:47:06.145397,2026-05-02 14:47:06.145397-07:00,37.42977044895713,-122.172195915044,False,a8:3a:79:c7:7c:52,-69.33333333333333,3,-97.0,3
a19c65bf0607,15:34:33.570524,2026-04-30 15:34:33.570524-07:00,37.428606262655755,-122.17269870720357,True,5c:5a:c7:10:19:0e,-76.0,3,-97.0,2
a1be971d9724,18:11:55.340426,2026-05-11 18:11:55.340426-07:00,37.428512502948216,-122.17349517016366,False,cc:db:93:06:2a:ee,-78.33333333333333,3,-96.33333333333331,3
a1cabe615fbb,16:11:26.232092,2026-04-30 16:11:26.232092-07:00,37.42743625735411,-122.17314594836743,True,bc:26:c7:c3:91:2e,-69.0,3,-97.0,3
a1cb139bf0c6,14:27:30.649511,2026-05-02 14:27:30.649511-07:00,37.430095332514306,-122.1718448114429,True,a8:3a:79:c5:84:12,-64.66666666666667,3,-97.0,1
a1cb75199b0c,14:30:42.793255,2026-05-02 14:30:42.793255-07:00,37.430039797028,-122.17186852528268,True,a8:3a:79:c5:84:12,-66.66666666666667,3,-97.0,2
a216daeb6192,17:50:13.661679,2026-05-11 17:50:13.661679-07:00,37.42792412163599,-122.17090978305106,False,a8:53:7d:8c:1b:12,-79.0,3,-93.33333333333331,3
a21ef646a847,18:04:36.733059,2026-05-11 18:04:36.733059-07:00,37.42713706877608,-122.1735274042734,False,70:70:8b:35:98:4e,-70.33333333333333,3,-96.0,3
a2271b42bb96,16:06:21.611563,2026-05-01 16:06:21.611563-07:00,37.428781284522806,-122.17149106935402,False,70:db:98:2c:f2:1e,-63.0,3,-98.0,3
a22d28f99e1c,15:41:14.398238,2026-05-08 15:41:14.398238-07:00,37.42945712041523,-122.1704888627463,False,a0:b4:39:80:a9:81,-85.0,3,-94.66666666666669,3
a23592eccec0,15:39:09.603483,2026-04-30 15:39:09.603483-07:00,37.42829134173728,-122.17290981798016,True,a8:3a:79:ca:ca:12,-67.33333333333333,3,,0
a23939ce4d42,17:56:36.310452,2026-05-11 17:56:36.310452-07:00,37.42770848925411,-122.16963861978029,False,00:3e:73:42:7b:12,-81.33333333333333,3,,0
a2417fc5d81e,15:35:01.610950,2026-04-30 15:35:01.610950-07:00,37.42850470588782,-122.17276920549956,True,bc:26:c7:5d:1a:ee,-73.0,3,-98.0,3
a277a66b612e,17:26:20.261945,2026-05-01 17:26:20.261945-07:00,37.428701267006126,-122.17218686728243,False,a8:3a:79:c4:8b:52,-38.666666666666664,3,-97.0,3
a28b14bb64ea,15:33:21.515881,2026-04-30 15:33:21.515881-07:00,37.42863974091173,-122.17253106842152,True,5c:5a:c7:10:19:0e,-73.0,3,-97.0,3
a295a6fd1d55,15:41:13.693437,2026-04-30 15:41:13.693437-07:00,37.42860748535677,-122.1724528722204,True,5c:5a:c7:0c:88:4e,-63.0,3,-96.0,3
a2a950686665,15:23:19.036796,2026-05-08 15:23:19.036796-07:00,37.43016512318449,-122.17266852275776,False,a8:3a:79:c7:d9:52,-52.0,3,-96.0,3
a2b8afadd846,15:27:38.137022,2026-04-30 15:27:38.137022-07:00,37.42850044214534,-122.17268868071255,True,5c:5a:c7:10:01:4e,-57.0,3,-95.0,3
a2c803d0aa4f,15:19:57.921075,2026-04-30 15:19:57.921075-07:00,37.42842420865998,-122.17216500826538,False,5c:5a:c7:10:01:ce,-68.0,3,-93.0,3
a2cf6f70b85a,17:37:30.067716,2026-05-11 17:37:30.067716-07:00,37.42749941622921,-122.17044227513864,False,64:3a:ea:93:fc:0e,-83.33333333333333,3,-97.33333333333331,3
a2d306fe923e,17:16:34.911048,2026-05-01 17:16:34.911048-07:00,37.42811477080114,-122.17091485057291,True,70:90:41:6b:d5:52,-74.66666666666667,3,-96.0,3
a2e9ac8916b4,15:33:25.515779,2026-04-30 15:33:25.515779-07:00,37.42863974091173,-122.17253106842152,True,5c:5a:c7:10:19:0e,-76.66666666666667,3,-97.0,3
a2f22767c3c8,17:50:49.715720,2026-05-11 17:50:49.715720-07:00,37.42780782635639,-122.17037053101166,False,a8:53:7d:8c:32:22,-85.0,3,-98.0,3
a3379266ef42,17:14:34.787348,2026-05-01 17:14:34.787348-07:00,37.42778374182116,-122.16979700738898,False,a8:3a:79:c9:37:e2,-84.66666666666667,3,-96.0,3
a339e0b6b0c2,14:35:35.067978,2026-05-02 14:35:35.067978-07:00,37.42994755703744,-122.17227197509284,False,a8:3a:79:c7:82:52,-59.333333333333336,3,-97.0,3
a3433835620f,16:01:56.390085,2026-05-01 16:01:56.390085-07:00,37.42932812222448,-122.17356403190496,True,a0:3d:6f:98:06:0d,-57.333333333333336,3,-98.0,3
a3475456b177,17:16:24.876109,2026-05-01 17:16:24.876109-07:00,37.428069396182515,-122.17093031894764,True,70:90:41:6b:d5:52,-55.0,3,-96.0,3
a34c97edc358,14:36:11.098483,2026-05-02 14:36:11.098483-07:00,37.43018995547024,-122.17218463690782,False,a8:3a:79:c7:82:52,-60.0,3,-97.0,3
a3613e8f71ce,17:36:13.980437,2026-05-11 17:36:13.980437-07:00,37.42748128970096,-122.17029147412046,False,failed to retrieve BSSID,,0,,0
a36b9a4e8b1c,17:15:10.339140,2026-05-01 17:15:10.339140-07:00,37.427878132227136,-122.1703016162393,False,failed to retrieve BSSID,,0,,0
a377b34b93de,17:17:59.939165,2026-05-01 17:17:59.939165-07:00,37.428068662456056,-122.17105039220888,True,70:90:41:6b:d5:52,-72.66666666666667,3,-96.0,2
a382f82eec60,15:52:23.796640,2026-05-08 15:52:23.796640-07:00,37.4289440994168,-122.1716640633966,False,a8:3a:79:c4:86:a2,-77.0,3,-95.0,3
a3831302e7e5,18:12:07.361656,2026-05-11 18:12:07.361656-07:00,37.42861002348005,-122.17338620249876,False,3c:51:0e:f9:93:8e,-64.0,3,-97.0,3
a3835c69ac9c,15:35:05.625727,2026-04-30 15:35:05.625727-07:00,37.42850470588782,-122.17276920549956,True,bc:26:c7:5d:1a:ee,-75.33333333333333,3,-98.0,3
a38bac2daf91,15:33:45.549221,2026-04-30 15:33:45.549221-07:00,37.42861907431732,-122.17248601367812,True,5c:5a:c7:10:19:0e,-75.0,3,-97.0,3
a3928263e497,15:41:41.726444,2026-04-30 15:41:41.726444-07:00,37.42868437203772,-122.17276645922458,True,5c:5a:c7:0c:88:4e,-73.33333333333333,3,-96.0,3
a3ce712c8f8e,15:39:33.598650,2026-04-30 15:39:33.598650-07:00,37.42823858498532,-122.17282385777006,True,a8:3a:79:d3:d9:92,-40.0,3,-98.0,3
a3f1b36e2b68,17:34:57.871227,2026-05-11 17:34:57.871227-07:00,37.427542116605274,-122.17120211951104,False,00:5d:73:7d:b2:2e,-83.33333333333333,3,-99.0,2
a4289798acf8,17:10:39.603371,2026-05-01 17:10:39.603371-07:00,37.42842639114999,-122.16958667422932,True,70:70:8b:59:7e:6e,-63.666666666666664,3,-97.0,3
a43320752ad8,14:56:06.595179,2026-05-02 14:56:06.595179-07:00,37.42978372836974,-122.17132162987812,False,00:f6:63:28:19:01,-90.66666666666669,3,-95.66666666666669,3
a474926ef89b,17:29:29.612753,2026-05-11 17:29:29.612753-07:00,37.42737196524527,-122.17117613037506,False,04:cd:c0:06:b2:52,-75.0,3,-97.0,3
a47980ee8de5,17:32:49.739392,2026-05-11 17:32:49.739392-07:00,37.42727928514959,-122.16966952781176,False,64:3a:ea:93:ec:6e,-84.0,3,-96.66666666666669,3
a4da95ae3eab,15:47:22.476774,2026-04-30 15:47:22.476774-07:00,37.42795775702381,-122.1725290489266,False,64:3a:ea:93:ec:6e,-68.33333333333333,3,-98.0,3
a50654b68c59,17:24:09.331110,2026-05-11 17:24:09.331110-07:00,37.427230596992274,-122.17073947313526,True,00:6b:f1:9c:2e:be,-36.333333333333336,3,-97.0,3
a50d81b27e47,15:27:11.226420,2026-05-08 15:27:11.226420-07:00,37.42991632604214,-122.1724254229645,True,a8:3a:79:c7:d2:52,-50.666666666666664,3,-98.0,3
a51f6ed4f3b2,15:47:38.488230,2026-04-30 15:47:38.488230-07:00,37.427912518749544,-122.17235278050792,False,64:3a:ea:93:ec:6e,-58.666666666666664,3,-96.0,3
a547b409c46a,14:29:34.771809,2026-05-02 14:29:34.771809-07:00,37.43010681643051,-122.1719604603774,True,a8:3a:79:c5:ca:d2,-55.333333333333336,3,,0
a5859f3fefa3,15:25:03.113523,2026-05-08 15:25:03.113523-07:00,37.42990930232639,-122.17282092051975,False,a8:3a:79:c7:ac:92,-70.0,3,-96.0,2
a5a27284664b,15:49:07.640497,2026-05-08 15:49:07.640497-07:00,37.42943916839462,-122.16977744654068,False,a8:53:7d:96:65:35,-91.0,3,-97.0,3
a5ae3ff0e2fe,18:11:47.354733,2026-05-11 18:11:47.354733-07:00,37.42853024353064,-122.17358538444344,False,cc:db:93:06:2a:ee,-63.0,3,,0
a5c05d479cd7,17:32:21.742196,2026-05-11 17:32:21.742196-07:00,37.4271229472889,-122.16943074150564,False,00:3e:73:a2:97:f2,-76.33333333333333,3,-95.0,3
a5dd2d2c7d80,15:21:34.897385,2026-05-08 15:21:34.897385-07:00,37.429656661170704,-122.17241052938353,False,54:33:c6:b6:47:62,-68.66666666666667,3,-97.0,3
a5def3fd20c7,16:14:06.362810,2026-04-30 16:14:06.362810-07:00,37.42739422762318,-122.17298968236032,True,bc:26:c7:b7:7f:2e,-73.0,3,-97.0,3
a5fb07e38f7c,14:45:22.068107,2026-05-02 14:45:22.068107-07:00,37.43025172216919,-122.172843493265,False,90:77:ee:88:1e:8e,-74.66666666666667,3,-97.0,3
a639e05f61fd,18:09:35.202151,2026-05-11 18:09:35.202151-07:00,37.42780837247,-122.17374068485276,False,a8:3a:79:7d:9b:22,-74.33333333333333,3,-97.0,3
a6539264dae4,17:23:09.296753,2026-05-11 17:23:09.296753-07:00,37.42724607354152,-122.1709592573028,False,00:6b:f1:9e:18:0e,-73.0,3,,0
a65cf031440b,15:17:22.748302,2026-04-30 15:17:22.748302-07:00,37.42875477043778,-122.17197944599856,False,a8:3a:79:c4:5f:52,-78.33333333333333,3,-97.0,3
a68659682efb,15:47:30.484847,2026-04-30 15:47:30.484847-07:00,37.42794591225343,-122.172419589425,False,64:3a:ea:93:ec:6e,-63.0,3,-97.33333333333331,3
a694a54fd6c9,17:24:13.337098,2026-05-11 17:24:13.337098-07:00,37.427230596992274,-122.17073947313526,False,00:6b:f1:9c:2e:be,-49.0,3,-97.0,3
a6bbda7e5008,14:35:15.054415,2026-05-02 14:35:15.054415-07:00,37.429886280495126,-122.17230100886606,False,a8:3a:79:c7:7c:52,-72.33333333333333,3,-97.0,3
a6c8008045ca,14:51:38.393307,2026-05-02 14:51:38.393307-07:00,37.43003179557955,-122.1721907694598,False,54:33:c6:b6:57:52,-67.66666666666667,3,-98.0,3
a6d9df65ffb1,15:37:26.636875,2026-05-08 15:37:26.636875-07:00,37.43058142430397,-122.1709078845576,False,00:f6:63:dd:61:c1,-72.33333333333333,3,-97.0,3
a6ea5b27d6f5,17:21:00.054124,2026-05-01 17:21:00.054124-07:00,37.42745212530514,-122.17182144566904,False,5c:5a:c7:25:76:2e,-89.66666666666667,3,-95.66666666666669,3
a71080cbed8f,17:52:37.805194,2026-05-11 17:52:37.805194-07:00,37.42747690706446,-122.16967374365257,False,00:3e:73:a2:98:12,-84.66666666666667,3,-97.0,3
a77c329374f4,14:35:59.085953,2026-05-02 14:35:59.085953-07:00,37.430099031814514,-122.17221531094808,False,a8:3a:79:c7:82:52,-48.333333333333336,3,-97.0,3
a797e092461b,16:05:16.556455,2026-05-01 16:05:16.556455-07:00,37.42852733101607,-122.17176005386878,False,a8:3a:79:c4:8b:52,-78.0,3,-94.33333333333331,3
a7aa86bd1a92,15:47:31.553512,2026-05-08 15:47:31.553512-07:00,37.43022997015753,-122.169496579935,False,a0:b4:39:78:b1:ee,-78.33333333333333,3,-92.0,3
a7aeb7c2dc0b,17:36:46.030387,2026-05-11 17:36:46.030387-07:00,37.42749846526485,-122.17037697658786,False,64:3a:ea:93:ec:6e,-80.33333333333333,3,-97.0,3
a7bcb87361bf,17:55:17.933554,2026-05-11 17:55:17.933554-07:00,37.4278093941092,-122.17013208568224,False,70:70:8b:84:64:8e,-88.0,3,-97.0,3
a7c13a0e547d,17:02:09.246800,2026-05-01 17:02:09.246800-07:00,37.428637719084534,-122.17092531007587,True,a0:b4:39:78:a6:ee,-73.66666666666667,3,-98.0,3
a7e1cdefb35f,17:03:54.329807,2026-05-01 17:03:54.329807-07:00,37.428725853692264,-122.1707941212718,True,a0:b4:39:d2:19:2e,-75.0,3,-98.0,2
a7e42354928c,15:51:35.731922,2026-05-08 15:51:35.731922-07:00,37.4293461132382,-122.1714448209284,False,a0:b4:39:78:b1:ee,-89.33333333333333,3,-98.0,3
a7eec225092b,14:27:50.675824,2026-05-02 14:27:50.675824-07:00,37.43016208028764,-122.17184794240708,True,a8:3a:79:c5:84:12,-79.66666666666667,3,-97.0,3
a7f8b708f0c0,17:18:09.955652,2026-05-01 17:18:09.955652-07:00,37.42802401233845,-122.17102925703634,False,c8:78:67:70:6b:a2,-70.66666666666667,3,-92.0,3
a83ce5af6866,17:23:00.134274,2026-05-01 17:23:00.134274-07:00,37.42760545689678,-122.17173885995108,True,5c:5a:c7:1e:39:4e,-57.333333333333336,3,-97.0,3
a86a1ee0ac27,15:40:41.371987,2026-05-08 15:40:41.371987-07:00,37.42957486503451,-122.17057069690428,False,a0:b4:39:78:a6:ee,-92.0,3,-98.0,3
a8762f4de9cf,15:26:38.055685,2026-04-30 15:26:38.055685-07:00,37.42838319103765,-122.17278598194164,True,a8:3a:79:d3:8a:d2,-65.33333333333333,3,-96.0,3
a8834f3f3b68,17:16:26.833910,2026-04-27 17:16:26.833910-07:00,37.428684116340726,-122.17226209136116,False,5c:5a:c7:05:c0:ee,-81.66666666666667,3,-95.0,3
a8aa3f029fc4,17:01:49.216781,2026-05-01 17:01:49.216781-07:00,37.42868993010685,-122.17089649206198,True,a0:b4:39:78:a6:ee,-55.666666666666664,3,-98.0,3
a8f09cc08d60,14:53:34.456168,2026-05-02 14:53:34.456168-07:00,37.43019077779492,-122.17135300101776,False,00:f6:63:28:19:0e,-81.0,3,-95.66666666666669,3
a8f443a62b5f,14:53:36.802922,2026-05-01 14:53:36.802922-07:00,37.429086866224935,-122.17307295730376,True,50:1c:bf:d6:51:00,-71.66666666666667,3,-90.0,3
a908bf434abb,15:26:47.222352,2026-05-08 15:26:47.222352-07:00,37.429860362631175,-122.1723391713778,False,a8:3a:79:c7:7c:52,-67.33333333333333,3,-97.0,3
a911d2798da1,17:38:14.103182,2026-05-11 17:38:14.103182-07:00,37.42739234916491,-122.16984060768944,False,a8:53:7d:8c:32:22,-92.0,3,-96.33333333333331,3
a921827d8e65,16:20:06.966126,2026-04-30 16:20:06.966126-07:00,37.42788363488566,-122.17313186959495,True,a8:3a:79:c7:8f:d2,-50.0,3,,0
a92f95f2a0e1,15:22:38.985103,2026-05-08 15:22:38.985103-07:00,37.42983084637359,-122.17269153194329,False,a8:3a:79:c7:58:52,-78.33333333333333,3,-97.0,3
a9348bf7503b,14:51:30.377022,2026-05-02 14:51:30.377022-07:00,37.43003179557955,-122.1721907694598,False,54:33:c6:b6:57:52,-64.33333333333333,3,-98.0,3
a94276f59f38,15:43:27.320222,2026-05-08 15:43:27.320222-07:00,37.429208387080976,-122.16953587843948,False,08:4f:a9:5b:b5:6e,-78.66666666666667,3,-97.0,3
a945cad875cb,15:40:33.363887,2026-05-08 15:40:33.363887-07:00,37.429625905915486,-122.1706105618314,False,a0:b4:39:78:a6:ee,-92.0,3,-98.0,3
a960780e919c,14:32:18.904656,2026-05-02 14:32:18.904656-07:00,37.42997086700328,-122.17183971929572,True,a8:3a:79:ca:ed:52,-65.33333333333333,3,-95.0,3
a966ce3c4313,17:49:09.644045,2026-05-11 17:49:09.644045-07:00,37.42796775953128,-122.17068996357206,False,a8:3a:79:c8:86:a2,-68.33333333333333,3,-95.66666666666669,3
a96daa0cfbef,17:23:55.184438,2026-05-01 17:23:55.184438-07:00,37.42796387612286,-122.17175267364584,False,64:3a:ea:93:fc:0e,-74.66666666666667,3,-96.0,2
a975bab0b8fd,16:23:42.265543,2026-04-30 16:23:42.265543-07:00,37.42869647656767,-122.1721173149547,False,a8:3a:79:c3:e1:92,-53.333333333333336,3,-99.0,3
a975d871fa2b,17:24:17.325314,2026-05-11 17:24:17.325314-07:00,37.427230596992274,-122.17073947313526,False,00:6b:f1:9c:2e:be,-69.33333333333333,3,-97.0,3
a9908b1dbbe4,17:55:57.207867,2026-05-11 17:55:57.207867-07:00,37.42776235797267,-122.16989516438736,False,1c:6a:7a:83:2a:41,-85.33333333333333,3,-93.0,3
a99c89c4136d,17:35:01.868368,2026-05-11 17:35:01.868368-07:00,37.42757772246436,-122.17120025779984,False,70:90:41:6b:d5:52,-80.66666666666667,3,-95.0,2
a99cc33b4c77,17:25:13.440510,2026-05-11 17:25:13.440510-07:00,37.42715504149007,-122.17047275254338,False,1c:6a:7a:83:2a:4e,-64.66666666666667,3,-96.0,3
a99fd5f000da,15:24:24.290304,2026-04-30 15:24:24.290304-07:00,37.42823319201526,-122.17220421949318,False,64:3a:ea:93:fc:0e,-77.33333333333333,3,-97.0,3
a9c2018196fb,18:15:23.545164,2026-05-11 18:15:23.545164-07:00,37.42912428375057,-122.1717927633722,False,a8:3a:79:c4:86:a2,-81.33333333333333,3,,0
a9e9c6423a61,14:35:47.079220,2026-05-02 14:35:47.079220-07:00,37.43004174679264,-122.17225517467712,False,a8:3a:79:c7:82:52,-54.666666666666664,3,-97.0,3
a9f2656379d8,17:46:34.521907,2026-05-11 17:46:34.521907-07:00,37.42796441072439,-122.17109238560204,False,failed to retrieve BSSID,,0,,0
aa0b6a27ab70,16:15:43.439555,2026-04-30 16:15:43.439555-07:00,37.42740268035496,-122.17246573386326,False,bc:26:c7:bc:92:2e,-79.33333333333333,3,-96.0,3
aa114c62aac0,16:21:17.162972,2026-04-30 16:21:17.162972-07:00,37.427727464499384,-122.17248534322528,False,a8:3a:79:c7:74:d2,-73.33333333333333,3,-98.0,3
aa1e90ddf48d,14:57:33.603552,2026-05-01 14:57:33.603552-07:00,37.429164138208534,-122.17365731294667,True,78:f1:c6:6e:30:8d,-72.33333333333333,3,-97.0,3
aa51421e2a56,17:01:04.203020,2026-05-01 17:01:04.203020-07:00,37.42881559521206,-122.17130092819616,True,40:ce:24:92:83:ae,-63.666666666666664,3,-96.0,3
aa81073ed4ed,16:07:45.301004,2026-04-30 16:07:45.301004-07:00,37.427597932801774,-122.17296752969855,True,bc:26:c7:62:ce:ae,-64.66666666666667,3,-95.0,3
aa8909899b01,17:08:29.532225,2026-05-01 17:08:29.532225-07:00,37.42863785057565,-122.17034084530157,True,bc:26:c7:71:89:ae,-52.333333333333336,3,-97.0,3
aa95660e0969,18:01:00.550777,2026-05-11 18:01:00.550777-07:00,37.42825605554243,-122.17146974244392,False,failed to retrieve BSSID,,0,,0
aa9955df3181,16:15:33.446826,2026-04-30 16:15:33.446826-07:00,37.42740781775896,-122.17254740092044,False,bc:26:c7:bc:92:2e,-84.66666666666667,3,-96.0,3
aaa470fcbdc2,17:53:49.846765,2026-05-11 17:53:49.846765-07:00,37.42763170620876,-122.17060718573984,False,a8:3a:79:c8:82:d2,-84.33333333333333,3,-97.0,1
aaa51b8559bf,15:43:41.606838,2026-04-30 15:43:41.606838-07:00,37.42858343046215,-122.17284169042247,True,5c:5a:c7:10:01:4e,-71.66666666666667,3,-94.0,3
aacd04eb7885,17:05:24.405045,2026-05-01 17:05:24.405045-07:00,37.42859247440836,-122.1704416784762,True,bc:26:c7:71:89:ae,-81.0,3,-96.0,3
aacfb1a0541c,17:12:21.623069,2026-04-27 17:12:21.623069-07:00,37.42908402033081,-122.1718245502747,False,a8:3a:79:c4:86:a2,-84.33333333333333,3,-93.66666666666669,3
aadb123430dd,17:47:02.567333,2026-05-11 17:47:02.567333-07:00,37.42799330705767,-122.17092738060744,False,failed to retrieve BSSID,,0,,0
aaf5de9ac39a,14:32:34.911913,2026-05-02 14:32:34.911913-07:00,37.429899447924406,-122.17197820385772,True,a8:3a:79:ca:ed:52,-74.66666666666667,3,-96.0,3
aafb7c7cf212,16:03:11.467899,2026-05-01 16:03:11.467899-07:00,37.42927874383387,-122.17310253968856,False,a0:3d:6f:9a:c1:4d,-82.33333333333333,3,-97.0,3
ab0457e7f74c,16:00:51.360393,2026-05-01 16:00:51.360393-07:00,37.429328079171725,-122.17356402172976,True,a0:3d:6f:98:06:0d,-37.666666666666664,3,-97.0,3
ab1d4bdd2ef3,15:26:53.123547,2026-04-30 15:26:53.123547-07:00,37.428470447847815,-122.1727528778202,True,a8:3a:79:d3:8a:d2,-73.33333333333333,3,-96.0,3
ab1e7e75879c,15:52:43.838444,2026-05-08 15:52:43.838444-07:00,37.42895319801196,-122.1719445551114,False,a8:3a:79:c4:86:a2,-75.0,3,-95.0,3
ab28004e8dc2,15:47:46.494585,2026-04-30 15:47:46.494585-07:00,37.42786135732234,-122.1723209803582,False,64:3a:ea:93:ec:6e,-70.33333333333333,3,-96.0,3
ab3091d0272c,15:20:57.032165,2026-04-30 15:20:57.032165-07:00,37.42835975958563,-122.17261527209936,False,a8:3a:79:ca:b9:12,-68.66666666666667,3,-96.66666666666669,3
ab3478c191b4,14:27:34.660083,2026-05-02 14:27:34.660083-07:00,37.430095332514306,-122.1718448114429,True,a8:3a:79:c5:84:12,-69.33333333333333,3,-97.0,3
ab40225f5884,15:44:49.650874,2026-04-30 15:44:49.650874-07:00,37.42845117358883,-122.17227338721062,True,5c:5a:c7:10:01:4e,-73.0,3,-94.0,3
ab58590e7d39,16:22:52.200461,2026-04-30 16:22:52.200461-07:00,37.42846956552535,-122.17210598167571,False,a8:3a:79:c4:8b:52,-75.0,3,-96.0,3
ab766697e323,15:40:21.370012,2026-05-08 15:40:21.370012-07:00,37.42973224577274,-122.1706640917254,False,a0:b4:39:78:a6:ee,-92.0,3,-96.0,3
ab777086cee5,17:39:38.160702,2026-05-11 17:39:38.160702-07:00,37.42749621933559,-122.16974394020797,False,a0:3d:6f:89:36:2e,-83.0,3,-97.0,3
ab7bac47752b,14:34:02.981267,2026-05-02 14:34:02.981267-07:00,37.42988861479424,-122.17183588210716,False,54:33:c6:b6:45:b2,-69.0,3,-96.0,3
ab8b99c75932,17:23:10.155833,2026-05-01 17:23:10.155833-07:00,37.42764237016584,-122.17173546551408,True,5c:5a:c7:1e:39:4e,-62.0,3,-97.0,3
abdb4799bb85,18:09:43.220320,2026-05-11 18:09:43.220320-07:00,37.427845346034246,-122.17367938524748,False,a8:3a:79:7d:9b:22,-68.33333333333333,3,-95.0,3
abe14010f788,17:14:06.700095,2026-04-27 17:14:06.700095-07:00,37.42947483670547,-122.17227239481107,False,a8:3a:79:c3:bb:22,-76.66666666666667,3,-90.0,3
ac6bd866bf17,17:21:45.093425,2026-05-01 17:21:45.093425-07:00,37.42750478298144,-122.17174995449682,True,5c:5a:c7:0d:0a:6e,-61.333333333333336,3,-97.0,3
ac73de6372ed,17:30:25.598222,2026-05-11 17:30:25.598222-07:00,37.42753806094321,-122.17092393276236,False,a8:53:7d:8c:1b:12,-87.66666666666667,3,-96.33333333333331,3
ac828f439546,14:54:58.529933,2026-05-02 14:54:58.529933-07:00,37.42963637299264,-122.1712289374902,False,40:ce:24:8d:61:ee,-93.0,3,-98.0,3
accf33dd7508,17:19:41.115414,2026-05-11 17:19:41.115414-07:00,37.42841845834014,-122.17167633342736,False,64:3a:ea:93:fc:0e,-56.333333333333336,3,-97.0,3
aceba60a3f69,15:24:19.068415,2026-05-08 15:24:19.068415-07:00,37.430144783259344,-122.1724604727244,True,a8:3a:79:c6:81:92,-59.333333333333336,3,-97.0,3
ad238a1ec98e,18:03:48.699786,2026-05-11 18:03:48.699786-07:00,37.427352753074366,-122.1730337943434,False,70:70:8b:6a:fa:6e,-61.333333333333336,3,-96.0,3
ad255e52e930,14:44:12.304682,2026-05-02 14:44:12.304682-07:00,37.42993409382458,-122.17306367612802,False,a8:3a:79:c7:ac:e2,-76.66666666666667,3,,0
ad2bf0093da5,15:49:31.673326,2026-05-08 15:49:31.673326-07:00,37.42920179003453,-122.1698490831066,False,a8:53:7d:96:65:35,-89.0,3,-97.0,3
ad565ba4760d,15:18:52.831310,2026-04-30 15:18:52.831310-07:00,37.42872296085741,-122.17273264457565,False,a8:3a:79:c3:e1:92,-86.0,3,-98.0,3
ad7136c32659,15:41:05.666171,2026-04-30 15:41:05.666171-07:00,37.42856005180174,-122.17224202042188,True,5c:5a:c7:0c:84:8e,-78.0,3,-97.0,3
ad8d16fd4360,14:55:22.552026,2026-05-02 14:55:22.552026-07:00,37.42983224028632,-122.17116617400232,False,84:3d:c6:70:c1:61,-86.0,3,-97.0,3
ad9f4b2acbf8,17:12:59.703027,2026-05-01 17:12:59.703027-07:00,37.428383497081015,-122.16967226532614,False,bc:26:c7:5b:83:0e,-74.66666666666667,3,,0
adaba5b6682f,18:00:12.477135,2026-05-11 18:00:12.477135-07:00,37.42825446955972,-122.1707838269938,False,a8:3a:79:c9:3d:d2,-87.66666666666667,3,-97.0,3
adae6cc0f7e5,17:21:01.182887,2026-05-11 17:21:01.182887-07:00,37.427776247306014,-122.1712632720868,False,a8:3a:79:c8:96:22,-90.0,3,-92.0,3
adb9286a3928,15:44:01.610848,2026-04-30 15:44:01.610848-07:00,37.42857007934295,-122.17278759647948,True,5c:5a:c7:10:01:4e,-61.333333333333336,3,-94.0,3
adf089595fad,15:33:49.556790,2026-04-30 15:33:49.556790-07:00,37.42861414128715,-122.17243711335824,True,5c:5a:c7:10:19:0e,-68.66666666666667,3,-97.0,3
ae4cdb444110,14:40:36.117264,2026-05-02 14:40:36.117264-07:00,37.42998380516072,-122.17353673811516,True,f6:cb:ac:90:70:5d,-89.0,3,-99.0,3
ae8a12aeb06f,15:26:58.119072,2026-04-30 15:26:58.119072-07:00,37.42847417484504,-122.17275405031792,True,a8:3a:79:d3:8a:d2,-77.33333333333333,3,-96.0,3
ae92a8bd3555,14:58:50.994092,2026-05-02 14:58:50.994092-07:00,37.428962693031615,-122.17207246328744,True,a8:3a:79:c7:75:12,-60.0,3,-97.0,3
ae9302635890,15:20:34.982581,2026-05-08 15:20:34.982581-07:00,37.42921770839691,-122.17261032677752,False,a8:3a:79:c4:aa:62,-42.333333333333336,3,-96.0,3
ae938762b1d5,17:56:05.222366,2026-05-11 17:56:05.222366-07:00,37.42776235797267,-122.16989516438736,False,70:70:8b:84:64:8e,-69.33333333333333,3,-97.0,3
ae951f5f1ed7,17:15:41.784202,2026-04-27 17:15:41.784202-07:00,37.42881490100245,-122.17237038344138,False,a8:3a:79:c7:73:12,-80.66666666666667,3,-95.33333333333331,3
ae99b25fdfdd,16:23:07.234443,2026-04-30 16:23:07.234443-07:00,37.42848586566198,-122.17210158580951,False,64:3a:ea:93:fc:0e,-74.33333333333333,3,-96.0,3
aeac070f34a6,17:12:11.610540,2026-04-27 17:12:11.610540-07:00,37.42905260436339,-122.1718079819594,False,a8:3a:79:c4:a9:22,-82.0,3,-94.0,1
aed103d834dd,15:24:47.097188,2026-05-08 15:24:47.097188-07:00,37.43005977036781,-122.17277779886425,False,a8:3a:79:c7:94:12,-53.666666666666664,3,-92.0,1
aeeb6ebb3a33,18:01:24.562065,2026-05-11 18:01:24.562065-07:00,37.42813709600991,-122.17179685691433,False,64:3a:ea:93:ec:6e,-65.66666666666667,3,-96.0,3
aef05eef6d6c,14:55:28.484046,2026-05-01 14:55:28.484046-07:00,37.42920656030308,-122.17373447639604,True,a0:3d:6f:a5:12:4d,-65.0,3,-97.0,3
aef49e98f01b,14:43:24.267485,2026-05-02 14:43:24.267485-07:00,37.43030701264296,-122.17333360950988,True,ee:9e:28:db:0c:ab,-77.66666666666667,3,-86.0,3
aefd3c2bc4ad,17:12:56.648439,2026-04-27 17:12:56.648439-07:00,37.429356030630686,-122.17175032945414,False,54:33:c6:c6:79:e2,-75.0,3,-94.0,3
af0690b27c96,14:32:10.895691,2026-05-02 14:32:10.895691-07:00,37.42983367168565,-122.17174460121971,True,a8:3a:79:c8:a5:d2,-71.33333333333333,3,-99.0,3
af0e8012f20a,17:44:58.457518,2026-05-11 17:44:58.457518-07:00,37.42766595146885,-122.16969749299486,False,failed to retrieve BSSID,,0,,0
af17c60f791b,17:28:25.530306,2026-05-11 17:28:25.530306-07:00,37.42721421049114,-122.17028918096356,False,a8:53:7d:8c:1b:12,-85.33333333333333,3,-95.66666666666669,3
af3297f7c796,17:59:40.452201,2026-05-11 17:59:40.452201-07:00,37.42822987386517,-122.17041457543051,False,08:4f:a9:3a:50:8e,-86.0,3,-96.0,3
af8d48a2cc4a,14:25:22.510400,2026-05-02 14:25:22.510400-07:00,37.4297173025366,-122.17174286501562,True,a8:3a:79:58:dd:92,-54.333333333333336,3,-96.33333333333331,3
af93b29e7d9c,17:43:58.371176,2026-05-11 17:43:58.371176-07:00,37.42740920164015,-122.16961553653516,False,a8:3a:79:c5:a1:22,-86.66666666666667,3,-98.0,3
af9fae341949,15:18:57.839807,2026-04-30 15:18:57.839807-07:00,37.42872312389873,-122.17269502765564,False,5c:5a:c7:25:89:2e,-83.0,3,,0
afb9c6e28829,14:35:51.068653,2026-05-02 14:35:51.068653-07:00,37.43004174679264,-122.17225517467712,False,a8:3a:79:c7:82:52,-52.0,3,-97.0,3
afe085d6ea81,17:13:59.756413,2026-05-01 17:13:59.756413-07:00,37.42778167641783,-122.16979968201254,False,00:3e:73:42:7b:12,-83.33333333333333,3,-97.0,3
affaede66de9,17:58:24.401463,2026-05-11 17:58:24.401463-07:00,37.42797013666517,-122.16965204690972,False,70:70:8b:90:39:2e,-82.66666666666667,3,-97.0,3
b01f2f18c362,14:33:42.954572,2026-05-02 14:33:42.954572-07:00,37.430007633303354,-122.17189821080407,True,a8:3a:79:ca:fb:12,-66.0,3,-97.0,3
b05f8d1eb521,15:47:58.506530,2026-04-30 15:47:58.506530-07:00,37.42775088527183,-122.1723478063712,False,64:3a:ea:93:ec:6e,-73.66666666666667,3,-98.0,3
b07934dee85f,17:19:37.151014,2026-05-11 17:19:37.151014-07:00,37.42841845834014,-122.17167633342736,False,64:3a:ea:93:fc:0e,-73.33333333333333,3,-97.0,3
b07d2be51bb2,16:59:44.121159,2026-05-01 16:59:44.121159-07:00,37.42879840110815,-122.1711742756432,True,40:ce:24:9b:bf:6e,-52.333333333333336,3,-96.0,3
b0818dd539a7,17:22:33.252017,2026-05-11 17:22:33.252017-07:00,37.427238642670794,-122.17132878594784,True,00:5d:73:7d:b2:2e,-56.666666666666664,3,-99.0,1
b093e54aa940,16:18:21.903500,2026-04-30 16:18:21.903500-07:00,37.42775569472808,-122.17292377015576,True,a8:3a:79:c7:47:52,-59.333333333333336,3,,0
b0970e158337,14:41:20.167988,2026-05-02 14:41:20.167988-07:00,37.430126631850904,-122.17384635996945,True,f6:cb:bc:8e:80:be,-64.33333333333333,3,-93.0,3
b0ae5e0d1b84,17:59:36.450513,2026-05-11 17:59:36.450513-07:00,37.42822931496807,-122.17036730054733,False,08:4f:a9:3a:50:8e,-85.66666666666667,3,-96.0,3
b0bbdd2b8b8d,14:39:31.301818,2026-05-02 14:39:31.301818-07:00,37.429944708404385,-122.17328709087283,True,ee:9e:38:db:0c:ab,-72.0,3,-99.0,3
b0cce726b15a,17:25:55.253369,2026-05-01 17:25:55.253369-07:00,37.428613947809545,-122.17199436773632,False,a8:3a:79:c4:5f:52,-71.33333333333333,3,-96.0,1
b0d4c00138fe,15:34:49.596956,2026-04-30 15:34:49.596956-07:00,37.42852860804083,-122.17275740758204,True,bc:26:c7:5d:1a:ee,-57.666666666666664,3,-98.0,3
b0fb4db9aa64,15:39:53.595186,2026-04-30 15:39:53.595186-07:00,37.42836463634489,-122.17280483587878,True,a8:3a:79:d3:d9:92,-75.0,3,-98.0,3
b0fd78b5795a,15:18:07.801987,2026-04-30 15:18:07.801987-07:00,37.42870568763895,-122.17244573810804,False,a8:3a:79:c4:8b:52,-80.66666666666667,3,-97.0,3
b1050f9c3407,17:55:13.945920,2026-05-11 17:55:13.945920-07:00,37.42781549813878,-122.17014994588476,False,70:70:8b:84:64:8e,-88.33333333333333,3,-97.0,3
b11018a5b10d,17:14:31.722975,2026-04-27 17:14:31.722975-07:00,37.429333392143626,-122.1725386965397,False,c8:78:67:36:40:52,-59.0,3,-96.0,3
b117a267823c,17:07:19.476841,2026-05-01 17:07:19.476841-07:00,37.42849050475728,-122.17033330512989,True,08:4f:a9:43:b0:4e,-69.0,3,-96.0,3
b12235747376,17:38:02.074076,2026-05-11 17:38:02.074076-07:00,37.42742540726849,-122.17000326022806,False,a8:53:7d:8c:32:22,-90.66666666666669,3,-96.0,3
b1282f9956e0,14:48:30.242224,2026-05-02 14:48:30.242224-07:00,37.43013732968487,-122.1729694600489,False,a8:3a:79:c7:d9:52,-60.333333333333336,3,-96.0,3
b1594bed2bd4,17:43:26.362984,2026-05-11 17:43:26.362984-07:00,37.42764679447126,-122.16996629339376,False,70:61:7b:d7:4c:ee,-67.66666666666667,3,-97.0,3
b169a4dce880,17:03:44.319895,2026-05-01 17:03:44.319895-07:00,37.428704279375005,-122.1708059629598,True,a0:b4:39:d2:19:2e,-56.666666666666664,3,-96.66666666666669,3
b1774b6d66f5,17:23:25.184862,2026-05-01 17:23:25.184862-07:00,37.427695097834395,-122.1718641791483,False,64:3a:ea:93:fc:0e,-76.33333333333333,3,-91.0,3
b17d2fa2f341,15:40:57.378347,2026-05-08 15:40:57.378347-07:00,37.42946081053499,-122.17049124987967,False,failed to retrieve BSSID,-85.5,2,,0
b181b6336bad,15:47:34.495617,2026-04-30 15:47:34.495617-07:00,37.4279291819355,-122.1723782282761,False,64:3a:ea:93:ec:6e,-59.666666666666664,3,-96.0,3
b1821d4663cf,16:04:01.503196,2026-05-01 16:04:01.503196-07:00,37.42922073799761,-122.17262036234746,False,c8:78:67:36:40:52,-64.0,3,-96.0,3
b18afa12cc9d,14:48:58.244438,2026-05-02 14:48:58.244438-07:00,37.430167416084046,-122.172689612487,False,a8:3a:79:c7:d9:52,-55.333333333333336,3,-97.0,3
b19046ec9fe9,17:40:34.187143,2026-05-11 17:40:34.187143-07:00,37.427514603741,-122.17010082187416,False,70:61:7b:d7:4c:ee,-70.33333333333333,3,-97.0,3
b1ec2ad9ef02,18:15:03.543475,2026-05-11 18:15:03.543475-07:00,37.42933681716316,-122.171733561803,False,54:33:c6:b6:47:82,-82.33333333333333,3,-96.0,3
b1f82dde53e4,14:33:46.983244,2026-05-02 14:33:46.983244-07:00,37.4299530140996,-122.1718162007832,True,a8:3a:79:ca:fb:12,-67.33333333333333,3,-97.0,3
b1fb0a09858d,17:41:38.281647,2026-05-11 17:41:38.281647-07:00,37.42769036341024,-122.17094822733036,False,64:3a:ea:93:fc:0e,-83.0,3,-96.0,3
b204c96c1c82,17:20:09.156012,2026-05-11 17:20:09.156012-07:00,37.42810457850443,-122.17142157878772,False,64:3a:ea:93:fc:0e,-83.66666666666667,3,-95.0,3
b22626ea2b4e,17:54:41.898755,2026-05-11 17:54:41.898755-07:00,37.42792221011942,-122.17064978361196,False,a8:3a:79:c8:86:92,-70.33333333333333,3,-92.0,2
b258b6750c7c,16:05:21.556851,2026-05-01 16:05:21.556851-07:00,37.42852733101607,-122.17176005386878,False,a8:3a:79:c3:e1:a2,-70.66666666666667,3,-93.0,3
b28760d2450b,15:49:50.610671,2026-04-30 15:49:50.610671-07:00,37.42779727038355,-122.17327922722176,False,a8:3a:79:c1:1e:92,-76.33333333333333,3,,0
b289ee737faf,14:42:08.188673,2026-05-02 14:42:08.188673-07:00,37.430171861159025,-122.17367673516242,True,f6:cb:bc:8e:80:be,-85.33333333333333,3,-91.0,3
b2ada2f66bf6,18:12:23.370961,2026-05-11 18:12:23.370961-07:00,37.42877845860066,-122.17333174160352,False,3c:51:0e:f9:93:8e,-79.66666666666667,3,-97.0,3
b2b6f8fd24e8,14:41:04.151723,2026-05-02 14:41:04.151723-07:00,37.430010701833055,-122.17367818653128,True,f6:cb:bc:8e:80:be,-69.66666666666667,3,-91.66666666666669,3
b2ba05e2d4d7,14:47:42.202590,2026-05-02 14:47:42.202590-07:00,37.429762378160106,-122.1725869044142,False,a8:3a:79:c7:7c:52,-72.66666666666667,3,-97.0,3
b2bcf13f2ecf,17:53:21.841618,2026-05-11 17:53:21.841618-07:00,37.42757168590668,-122.17029112008883,False,a8:53:7d:8c:32:42,-80.33333333333333,3,-93.0,3
b2d7e432384f,15:24:44.359710,2026-04-30 15:24:44.359710-07:00,37.42813544487417,-122.17228105893498,False,64:3a:ea:93:fc:0e,-76.33333333333333,3,-97.0,3
b2e9527a8014,14:33:22.928340,2026-05-02 14:33:22.928340-07:00,37.43006197291395,-122.17192962031024,True,a8:3a:79:c7:e5:12,-71.66666666666667,3,,0
b2fc2393d2d2,17:14:21.728573,2026-04-27 17:14:21.728573-07:00,37.42939298482197,-122.17250778528664,False,c8:78:67:36:40:52,-70.0,3,-96.0,3
b308a2a3db27,17:04:09.348500,2026-05-01 17:04:09.348500-07:00,37.42879047097103,-122.1707904146826,False,a0:b4:39:80:a9:8e,-57.333333333333336,3,-95.0,3
b32295e58d10,14:54:50.518542,2026-05-02 14:54:50.518542-07:00,37.42963272959692,-122.17126562124822,False,40:ce:24:8d:61:ee,-90.66666666666669,3,-98.0,3
b324d6675818,15:29:36.688041,2026-05-08 15:29:36.688041-07:00,37.4305670330916,-122.17196307418236,False,90:77:ee:88:1e:8e,-74.33333333333333,3,-97.0,3
b3463beb223f,15:50:39.709224,2026-05-08 15:50:39.709224-07:00,37.42925758383122,-122.1707875088043,False,a0:b4:39:78:a6:ee,-86.66666666666667,3,-97.0,2
b354dc948269,17:20:01.143117,2026-05-11 17:20:01.143117-07:00,37.428163659362134,-122.17168693068048,False,64:3a:ea:93:fc:0e,-70.0,3,-96.0,3
b367290f4453,14:26:26.598993,2026-05-02 14:26:26.598993-07:00,37.430077869250425,-122.17144847853396,True,a8:3a:79:c5:74:92,-45.0,3,-98.0,3
b380bfa33521,14:51:02.356143,2026-05-02 14:51:02.356143-07:00,37.42974543618958,-122.1723940990435,False,54:33:c6:b6:57:52,-62.666666666666664,3,-98.0,3
b382cce423ec,15:26:43.085216,2026-04-30 15:26:43.085216-07:00,37.42842908920797,-122.17277683947889,True,a8:3a:79:d3:8a:d2,-70.0,3,-96.0,3
b39b3d19acaa,15:44:17.611483,2026-04-30 15:44:17.611483-07:00,37.428558540077425,-122.17272580242968,True,5c:5a:c7:10:01:4e,-63.0,3,-94.0,3
b3ad078fd0f3,17:12:49.703247,2026-05-01 17:12:49.703247-07:00,37.42851500364262,-122.16949583597092,False,70:70:8b:59:32:8e,-79.66666666666667,3,-97.0,3
b3ba04dcdd3b,15:38:57.559688,2026-04-30 15:38:57.559688-07:00,37.42829134173728,-122.17290981798016,True,a8:3a:79:d3:d2:d2,-58.0,3,-95.0,3
b4075dfb93de,17:19:49.127713,2026-05-11 17:19:49.127713-07:00,37.42825828034355,-122.1717331129448,False,64:3a:ea:93:fc:0e,-64.0,3,-96.33333333333331,3
b40832d16576,14:43:56.300816,2026-05-02 14:43:56.300816-07:00,37.43001574238385,-122.17326755050662,True,a8:3a:79:c6:23:92,-78.66666666666667,3,,0
b429618ba484,14:27:42.648834,2026-05-02 14:27:42.648834-07:00,37.430095332514306,-122.1718448114429,True,a8:3a:79:c5:84:12,-74.0,3,-97.0,3
b455699b603a,15:47:15.573728,2026-05-08 15:47:15.573728-07:00,37.430406236988006,-122.1694386217327,False,a0:b4:39:78:aa:6e,-79.66666666666667,3,-98.33333333333331,3
b46d26de5309,15:30:04.688078,2026-05-08 15:30:04.688078-07:00,37.43038431525901,-122.17197241331606,False,54:33:c6:c6:7a:82,-62.666666666666664,3,-98.0,3
b4ce5cccc5a7,17:11:39.643915,2026-05-01 17:11:39.643915-07:00,37.42825633108226,-122.16954540750356,True,70:70:8b:84:5b:ce,-46.333333333333336,3,-94.0,3
b4e0022e1278,16:15:16.409599,2026-04-30 16:15:16.409599-07:00,37.427390870162526,-122.17265263078085,True,bc:26:c7:55:c7:ee,-77.0,3,-97.33333333333331,3
b5118a5406c2,17:46:46.536211,2026-05-11 17:46:46.536211-07:00,37.42803468057291,-122.17119322920936,False,failed to retrieve BSSID,,0,,0
b531e1bf60dd,14:51:58.371841,2026-05-02 14:51:58.371841-07:00,37.43026442715491,-122.17210214303644,False,54:33:c6:c6:7a:82,-62.666666666666664,3,-96.66666666666669,3
b546f6aaeb19,17:03:29.310455,2026-05-01 17:03:29.310455-07:00,37.42860400907295,-122.17085471770947,True,a0:b4:39:80:a7:6e,-73.33333333333333,3,-98.0,3
b5828e1a66ab,16:21:12.165625,2026-04-30 16:21:12.165625-07:00,37.427731658945085,-122.17247443043092,False,a8:3a:79:c7:5d:92,-75.66666666666667,3,-95.0,3
b596d2d74c93,17:22:10.107493,2026-05-01 17:22:10.107493-07:00,37.427543230806094,-122.1716786508414,True,5c:5a:c7:27:f7:ce,-67.66666666666667,3,-97.0,3
b5bf344ecd15,14:40:52.126989,2026-05-02 14:40:52.126989-07:00,37.430010701833055,-122.17367818653128,True,f6:cb:bc:8e:80:be,-81.33333333333333,3,-93.0,3
b60966965c1b,16:21:57.183989,2026-04-30 16:21:57.183989-07:00,37.428033880320555,-122.17216335695788,False,a8:3a:79:c7:9f:12,-89.66666666666667,3,,0
b61f72586f4e,17:11:19.648599,2026-05-01 17:11:19.648599-07:00,37.42821341526068,-122.16962703308964,True,70:70:8b:84:5b:ce,-68.0,3,,0
b6290f1e5aee,15:48:39.618830,2026-05-08 15:48:39.618830-07:00,37.4297082554293,-122.1696739039274,False,a8:53:7d:96:65:15,-89.0,2,-95.0,2
b64c7cf19e47,15:23:07.008694,2026-05-08 15:23:07.008694-07:00,37.43003545608671,-122.17271426322212,False,a8:3a:79:c7:d9:52,-52.0,3,-96.0,3
b65189d291c6,17:34:49.868191,2026-05-11 17:34:49.868191-07:00,37.42743853429021,-122.17114191303324,False,00:5d:73:7d:b2:2e,-69.0,3,,0
b68c7eae7942,15:22:06.955658,2026-05-08 15:22:06.955658-07:00,37.42980613466635,-122.1725398665762,True,a8:3a:79:c7:d2:52,-80.33333333333333,3,-97.0,3
b6a6fe409e66,17:35:29.958121,2026-05-11 17:35:29.958121-07:00,37.42758871319256,-122.17083052343226,False,a8:53:7d:8c:32:22,-85.0,3,-97.0,3
b6d1eceaacd6,15:33:17.521103,2026-04-30 15:33:17.521103-07:00,37.4286454862442,-122.17260327787758,True,5c:5a:c7:10:19:0e,-73.0,3,-97.0,3
b6e0690f8b39,18:15:35.567523,2026-05-11 18:15:35.567523-07:00,37.42908845074605,-122.17180855367592,False,a8:3a:79:c4:86:a2,-78.33333333333333,3,-97.0,3
b6fb6780ef7a,14:52:31.756581,2026-05-01 14:52:31.756581-07:00,37.429013676415074,-122.1731597031286,True,50:1c:bf:d6:1e:90,-67.0,3,-89.0,3
b70b5dbdaacc,18:01:12.590304,2026-05-11 18:01:12.590304-07:00,37.42820572856427,-122.17161129410071,False,64:3a:ea:93:ec:6e,-72.33333333333333,3,-95.0,3
b70d3b00d2b1,15:50:47.713943,2026-05-08 15:50:47.713943-07:00,37.42928876414982,-122.17094574059688,False,a0:b4:39:78:a6:ee,-79.33333333333333,3,-97.0,3
b7247cf15611,18:04:40.715470,2026-05-11 18:04:40.715470-07:00,37.42713483397348,-122.17356742768852,False,70:70:8b:35:98:4e,-72.66666666666667,3,-97.33333333333331,3
b72be3bb6489,15:40:01.620220,2026-04-30 15:40:01.620220-07:00,37.42836463634489,-122.17280483587878,True,a8:3a:79:d3:d9:92,-80.0,3,-98.0,3
b74e4e4caaae,18:12:55.407029,2026-05-11 18:12:55.407029-07:00,37.42913024878395,-122.17322274776852,False,90:77:ee:88:1e:8e,-72.66666666666667,3,-97.0,3
b76242f60621,17:59:52.453751,2026-05-11 17:59:52.453751-07:00,37.42820242385143,-122.17054540621672,False,a8:3a:79:c9:3d:d2,-80.33333333333333,3,-96.0,3
b7733cd5ef51,18:02:08.581602,2026-05-11 18:02:08.581602-07:00,37.42771684317154,-122.17215939837271,False,64:3a:ea:93:ec:6e,-58.666666666666664,3,-97.0,3
b7771786502d,17:54:37.907612,2026-05-11 17:54:37.907612-07:00,37.42793780597449,-122.17073752218263,False,a8:3a:79:c8:86:92,-83.0,3,,0
b7915d597e27,14:55:26.563378,2026-05-02 14:55:26.563378-07:00,37.42986951312062,-122.1711588952046,False,84:3d:c6:70:c1:61,-86.0,3,-97.0,3
b7962c0cd11a,17:17:41.891462,2026-04-27 17:17:41.891462-07:00,37.42886796667393,-122.1719103733342,False,a8:3a:79:c4:a9:12,-82.66666666666667,3,-96.0,2
b7978332fd86,17:36:26.002899,2026-05-11 17:36:26.002899-07:00,37.42746620244772,-122.17021541409986,False,70:61:7b:d7:4c:ee,-83.0,3,-97.0,3
b798af7124b3,17:16:56.871487,2026-04-27 17:16:56.871487-07:00,37.42867486827782,-122.17198457560188,False,a8:3a:79:c4:5f:52,-72.0,3,-97.0,2
b79e13b6e63f,17:26:40.287397,2026-05-01 17:26:40.287397-07:00,37.428794719657496,-122.17209988679848,True,a8:3a:79:c4:91:d2,-51.333333333333336,3,,0
b7ab9a8d10de,17:43:22.402451,2026-05-11 17:43:22.402451-07:00,37.42765243777722,-122.17007969826084,False,70:61:7b:d7:4c:ee,-58.333333333333336,3,-97.0,3
b7ae86913866,15:59:46.328870,2026-05-01 15:59:46.328870-07:00,37.42912536612937,-122.17356063567672,True,a0:3d:6f:98:06:0d,-33.666666666666664,3,-97.0,3
b7b4318cd11c,16:19:16.914092,2026-04-30 16:19:16.914092-07:00,37.42782290458163,-122.17286933325089,True,a8:3a:79:c9:b3:52,-61.0,3,-98.0,3
b7cf8b064ad1,18:05:28.783270,2026-05-11 18:05:28.783270-07:00,37.42761487983291,-122.17374900740371,False,a8:3a:79:7d:9b:22,-76.0,3,,0
b7e23bbe5ac7,14:37:47.176897,2026-05-02 14:37:47.176897-07:00,37.43037437647299,-122.172782222854,False,a8:3a:79:c7:b2:d2,-73.66666666666667,3,-95.0,3
b7ee20ddcbb6,15:52:35.817932,2026-05-08 15:52:35.817932-07:00,37.42895523851778,-122.1718505681448,False,a8:3a:79:c4:86:a2,-71.33333333333333,3,-90.0,3
b7f2c54d6526,14:40:44.129266,2026-05-02 14:40:44.129266-07:00,37.43000918294843,-122.1736133277191,True,f6:cb:ac:90:70:5d,-86.5,2,-97.66666666666669,3
b7fa3a61c40e,14:48:50.254146,2026-05-02 14:48:50.254146-07:00,37.43023407879905,-122.1726392231191,False,a8:3a:79:c7:d9:52,-46.666666666666664,3,-97.0,3
b8047bf44e17,15:48:26.535288,2026-04-30 15:48:26.535288-07:00,37.42752445781849,-122.1724215211414,False,64:3a:ea:93:ec:6e,-76.66666666666667,3,-96.0,3
b87c897e2355,14:41:24.169089,2026-05-02 14:41:24.169089-07:00,37.430126631850904,-122.17384635996945,True,f6:cb:bc:8e:80:be,-70.66666666666667,3,-93.0,3
b88049d19805,14:50:50.348787,2026-05-02 14:50:50.348787-07:00,37.42961939365522,-122.1724387774164,False,54:33:c6:b6:57:52,-64.0,3,-98.0,3
b88a643d2117,14:58:22.934634,2026-05-02 14:58:22.934634-07:00,37.42900236647995,-122.17197911661631,False,a8:3a:79:ca:fc:52,-81.0,3,-97.0,3
b89c954ba03c,14:25:38.555504,2026-05-02 14:25:38.555504-07:00,37.42992019978448,-122.17169574503964,True,a8:3a:79:ca:ef:92,-66.66666666666667,3,-97.0,3
b8a01c2a1e1b,15:46:50.436044,2026-04-30 15:46:50.436044-07:00,37.427989343569806,-122.17279377519552,False,a8:3a:79:c7:6c:92,-76.33333333333333,3,-97.0,3
b8a138daff3e,17:24:20.201552,2026-05-01 17:24:20.201552-07:00,37.42811959767658,-122.17169718798472,False,70:90:41:5e:df:52,-88.0,3,-99.0,3
b8cd2aa4e811,17:20:13.394450,2026-04-27 17:20:13.394450-07:00,37.42886555448252,-122.17217151307942,True,a8:3a:79:c3:7d:52,-62.666666666666664,3,-96.0,3
b8cf00c4b7f3,17:16:36.873185,2026-04-27 17:16:36.873185-07:00,37.428672138801424,-122.17216694472016,False,a8:3a:79:c4:8b:52,-72.66666666666667,3,-91.0,3
b8d4b7173c8b,17:32:45.739958,2026-05-11 17:32:45.739958-07:00,37.4272997020124,-122.16962542668904,False,64:3a:ea:93:ec:6e,-70.0,3,-96.0,3
b8e5d9c3f0a1,17:26:30.286746,2026-05-01 17:26:30.286746-07:00,37.428730425877646,-122.17214751426742,True,a8:3a:79:c4:8b:52,-68.33333333333333,3,-97.0,3
b8fc15cd8276,14:37:39.172798,2026-05-02 14:37:39.172798-07:00,37.43036391575785,-122.1727326541626,False,a8:3a:79:c7:b2:d2,-63.0,3,-95.0,3
b924d16067ef,16:02:36.464424,2026-05-01 16:02:36.464424-07:00,37.42924573395267,-122.17344854778166,False,a0:3d:6f:98:06:0d,-74.66666666666667,3,-97.0,3
b9332a9fbfab,16:03:46.503298,2026-05-01 16:03:46.503298-07:00,37.42925788192218,-122.17265841951436,False,c8:78:67:36:40:52,-67.0,3,-96.0,3
b93c0ae7bb9c,17:29:21.553491,2026-05-11 17:29:21.553491-07:00,37.42734916421586,-122.17105212485696,False,04:cd:c0:06:b2:52,-75.33333333333333,3,-97.0,3
b93dffe3ada5,15:26:51.222848,2026-05-08 15:26:51.222848-07:00,37.429860362631175,-122.1723391713778,False,a8:3a:79:c7:7c:52,-63.333333333333336,3,-97.0,3
b98c983bfaa7,16:15:38.431089,2026-04-30 16:15:38.431089-07:00,37.4273959004805,-122.17253774808825,False,bc:26:c7:bc:92:2e,-83.33333333333333,3,-95.0,3
b996366611fa,17:18:34.961992,2026-05-01 17:18:34.961992-07:00,37.42796614698196,-122.17120845758336,False,a8:3a:79:d2:61:e2,-61.0,3,-96.0,3
b9a2e92fb307,17:58:56.422598,2026-05-11 17:58:56.422598-07:00,37.42815966955968,-122.16995442513672,False,70:70:8b:90:2b:8e,-90.0,3,,0
b9a6aca6c9d3,17:27:57.506851,2026-05-11 17:27:57.506851-07:00,37.42712366281073,-122.16997095061804,False,f8:6b:d9:e7:48:ae,-65.33333333333333,3,-99.0,1
b9ab67549416,17:51:21.743319,2026-05-11 17:51:21.743319-07:00,37.42771746650452,-122.16997500175056,False,70:61:7b:d7:4c:ee,-67.33333333333333,3,-97.66666666666669,3
b9af72d2fbf0,17:12:24.688585,2026-05-01 17:12:24.688585-07:00,37.42836502153394,-122.16942568752214,True,70:70:8b:84:5b:ce,-71.33333333333333,3,-94.0,3
b9c61a789bb1,14:35:31.066119,2026-05-02 14:35:31.066119-07:00,37.42994755703744,-122.17227197509284,False,a8:3a:79:c7:82:52,-64.33333333333333,3,-97.0,2
b9f09ca50588,15:26:19.248057,2026-05-08 15:26:19.248057-07:00,37.429772630253154,-122.17280840958595,False,a8:3a:79:c7:70:62,-61.333333333333336,3,-97.0,3
b9fd0a1f5904,14:51:22.356494,2026-05-02 14:51:22.356494-07:00,37.42986550037232,-122.1723881326325,False,54:33:c6:b6:57:52,-64.66666666666667,3,-96.0,3
ba03120a3377,17:12:41.641339,2026-04-27 17:12:41.641339-07:00,37.42925188086912,-122.1717745837138,False,54:33:c6:c6:79:e2,-77.0,3,,0
ba5c3ca037c1,15:20:42.901359,2026-04-30 15:20:42.901359-07:00,37.4283915302213,-122.17260010326116,False,a8:3a:79:ca:b9:12,-71.66666666666667,3,-97.33333333333331,3
ba7477bf0b1d,15:21:07.038932,2026-04-30 15:21:07.038932-07:00,37.428337166681615,-122.17244767169434,False,a8:3a:79:ca:b9:12,-66.0,3,-97.33333333333331,3
ba88a046bfe9,14:52:36.764969,2026-05-01 14:52:36.764969-07:00,37.429013676415074,-122.1731597031286,True,50:1c:bf:d6:1e:90,-72.66666666666667,3,-89.0,3
baddb08183c9,18:10:07.243035,2026-05-11 18:10:07.243035-07:00,37.42812297244319,-122.17357817970108,False,3c:51:0e:f9:93:8e,-63.0,3,-97.0,3
bae07e9179bf,14:40:20.106307,2026-05-02 14:40:20.106307-07:00,37.429969923108494,-122.17343882491124,True,ee:9e:38:db:0c:ab,-83.66666666666667,3,-99.0,3
bae0c92c5df7,14:56:30.625449,2026-05-02 14:56:30.625449-07:00,37.42961631627251,-122.17148597136122,False,40:ce:24:8d:61:ee,-86.0,3,-96.0,3
bb02c74bfad9,17:20:29.142277,2026-05-11 17:20:29.142277-07:00,37.42804791230328,-122.1711881291022,False,a8:3a:79:c8:96:12,-81.66666666666667,3,,0
bb0e4997f0bf,17:03:19.307187,2026-05-01 17:03:19.307187-07:00,37.42860400907295,-122.17085471770947,True,a0:b4:39:80:a7:6e,-72.0,3,-98.0,3
bb150c42b7ae,15:25:51.163515,2026-05-08 15:25:51.163515-07:00,37.429828679299355,-122.17264120229906,True,a8:3a:79:c7:58:52,-54.333333333333336,3,-95.0,3
bb2427be3065,14:55:38.488237,2026-05-01 14:55:38.488237-07:00,37.429283270898274,-122.17369094197004,True,a0:3d:6f:a5:12:4d,-76.66666666666667,3,-97.0,3
bb6ec53bbf0d,14:58:46.987763,2026-05-02 14:58:46.987763-07:00,37.428962693031615,-122.17207246328744,True,a8:3a:79:c7:75:12,-57.666666666666664,3,-97.0,3
bb786a6db9f4,17:19:58.391843,2026-04-27 17:19:58.391843-07:00,37.4287905343412,-122.17217596871951,True,a8:3a:79:c3:7d:52,-50.666666666666664,3,-96.0,3
bb7a1016913f,15:50:26.670441,2026-04-30 15:50:26.670441-07:00,37.42803931467984,-122.17308243704024,False,3c:51:0e:f9:93:8e,-75.66666666666667,3,-96.0,3
bb9abd842310,16:03:21.473962,2026-05-01 16:03:21.473962-07:00,37.42928872725234,-122.17296043194824,False,failed to retrieve BSSID,,0,,0
bbb964811147,17:31:05.640916,2026-05-11 17:31:05.640916-07:00,37.42731720004857,-122.17041478703486,False,6c:b2:ae:1d:ad:ee,-70.66666666666667,3,-99.0,3
bbbaf59c0897,15:44:13.623272,2026-04-30 15:44:13.623272-07:00,37.428558540077425,-122.17272580242968,True,5c:5a:c7:10:01:4e,-56.666666666666664,3,-94.0,3
bbcae17dd4ca,14:24:30.502522,2026-05-02 14:24:30.502522-07:00,37.42977707959581,-122.1717475423898,True,a8:3a:79:ca:ef:92,-74.0,3,-97.0,3
bbd8e2b067b4,17:54:57.922247,2026-05-11 17:54:57.922247-07:00,37.42786759914384,-122.17041141661235,False,a8:3a:79:c9:59:62,-78.66666666666667,3,-95.0,3
bbfb238b9948,17:58:28.405015,2026-05-11 17:58:28.405015-07:00,37.42797077243841,-122.16969888485691,False,70:70:8b:90:39:2e,-88.0,3,-97.0,3
bbfb602469d2,17:43:46.361075,2026-05-11 17:43:46.361075-07:00,37.42751473549885,-122.16976057935084,False,a0:3d:6f:89:36:2e,-76.0,3,-96.0,3
bbfd41f3c318,14:37:43.156707,2026-05-02 14:37:43.156707-07:00,37.430385039938216,-122.1727391147224,False,a8:3a:79:c7:b2:d2,-68.33333333333333,3,-95.0,3
bc03167dd155,18:05:36.791280,2026-05-11 18:05:36.791280-07:00,37.42768371261424,-122.1737240322026,False,a8:3a:79:7d:9b:12,-81.0,3,-95.0,3
bc1771f52562,17:17:56.916453,2026-04-27 17:17:56.916453-07:00,37.42889873505368,-122.1719019441102,False,a8:3a:79:c4:86:92,-89.0,3,-96.0,3
bc1ecb819cb3,17:31:57.680302,2026-05-11 17:31:57.680302-07:00,37.42717825253949,-122.16974528061724,False,f8:6b:d9:e7:48:ae,-67.0,3,-99.0,3
bc3647d5a204,17:22:01.273171,2026-05-11 17:22:01.273171-07:00,37.427301408642975,-122.17120684113576,False,00:5d:73:7d:b2:21,-69.0,3,-95.0,2
bc39cc8e92c7,18:01:36.578407,2026-05-11 18:01:36.578407-07:00,37.42804138527961,-122.17198571240093,False,64:3a:ea:93:ec:6e,-56.333333333333336,3,-96.0,3
bc497327442b,16:18:16.869101,2026-04-30 16:18:16.869101-07:00,37.42771430540618,-122.17292763175544,True,68:9e:0b:92:74:0e,-73.66666666666667,3,-98.0,3
bc6131de1f25,14:23:22.422112,2026-05-02 14:23:22.422112-07:00,37.42956863227192,-122.171908887199,False,54:33:c6:c6:79:c2,-66.66666666666667,3,-95.0,3
bc6be576844f,17:15:19.809105,2026-05-01 17:15:19.809105-07:00,37.42788450554008,-122.17035098649772,False,a8:3a:79:c8:84:92,-69.33333333333333,3,-94.0,3
bc6f66c85c4f,15:39:17.252513,2026-05-08 15:39:17.252513-07:00,37.429784608318954,-122.1708700698766,False,failed to retrieve BSSID,,0,,0
bc993557387b,17:45:06.443298,2026-05-11 17:45:06.443298-07:00,37.42768600903579,-122.16982926818926,False,failed to retrieve BSSID,,0,,0
bcb316a2cbd5,15:46:17.732116,2026-04-30 15:46:17.732116-07:00,37.42845211287353,-122.17277026332738,True,5c:5a:c7:10:01:4e,-74.0,3,-95.0,3
bcc28012c9f3,16:03:56.498265,2026-05-01 16:03:56.498265-07:00,37.42922073799761,-122.17262036234746,False,c8:78:67:36:40:52,-58.666666666666664,3,-96.0,3
bcc56b598f8a,15:24:31.093102,2026-05-08 15:24:31.093102-07:00,37.43011873684086,-122.17276550058666,False,a8:3a:79:c6:81:92,-75.0,3,-97.0,3
bcc87a88fbbf,15:20:58.793925,2026-05-08 15:20:58.793925-07:00,37.42925088879635,-122.1725729688004,False,c8:78:67:36:40:52,-76.33333333333333,3,-96.0,3
bce72c1ff922,15:45:33.702460,2026-04-30 15:45:33.702460-07:00,37.428526253493864,-122.17272381913816,True,5c:5a:c7:10:01:4e,-60.666666666666664,3,-94.0,3
bcfa6c0117e6,15:38:53.253354,2026-05-08 15:38:53.253354-07:00,37.42988823260983,-122.1707925250498,False,failed to retrieve BSSID,,0,,0
bd0dabed238c,17:22:13.230435,2026-05-11 17:22:13.230435-07:00,37.4271959450909,-122.17123471408148,True,00:5d:73:7d:b2:21,-69.66666666666667,3,-95.0,3
bd1dc0af1fc9,15:31:47.932365,2026-05-08 15:31:47.932365-07:00,37.43050266333257,-122.17149442768188,True,cc:16:7e:ca:04:5e,-65.66666666666667,3,-97.0,3
bd2cdd4403c1,14:57:13.546977,2026-05-01 14:57:13.546977-07:00,37.42909799429722,-122.17376361169715,True,78:f1:c6:6e:30:8d,-64.0,3,-97.0,3
bd304154bb51,14:26:18.580863,2026-05-02 14:26:18.580863-07:00,37.43003588430168,-122.17147652099612,True,a8:3a:79:c5:74:92,-55.666666666666664,3,-98.0,3
bd31ea27b760,17:23:20.150810,2026-05-01 17:23:20.150810-07:00,37.427695097834395,-122.1718641791483,True,5c:5a:c7:23:bd:6e,-71.0,3,-96.0,3
bd328fc9b4f2,14:54:14.501080,2026-05-02 14:54:14.501080-07:00,37.42990932335072,-122.17123233172872,False,00:f6:63:28:19:01,-83.33333333333333,3,-94.0,3
bd411ce968ea,17:11:56.627246,2026-04-27 17:11:56.627246-07:00,37.42899194451216,-122.1719054077207,False,a8:3a:79:c7:75:12,-78.33333333333333,3,-97.0,3
bd67274d6b4d,17:19:25.123982,2026-05-11 17:19:25.123982-07:00,37.428528606093806,-122.17177962935315,False,70:db:98:33:49:7e,-75.0,3,-98.0,3
bd75d578c876,15:20:46.771026,2026-05-08 15:20:46.771026-07:00,37.4292582502103,-122.17259962112692,False,a8:3a:79:c4:aa:62,-72.66666666666667,3,-96.0,3
bd9b68aa93a5,16:23:12.224670,2026-04-30 16:23:12.224670-07:00,37.42848586566198,-122.17210158580951,False,64:3a:ea:93:fc:0e,-75.33333333333333,3,-96.0,3
bdce8a28aa0f,18:12:11.363338,2026-05-11 18:12:11.363338-07:00,37.42862894997226,-122.17339016152582,False,3c:51:0e:f9:93:8e,-73.33333333333333,3,-97.0,3
bde1caecdead,17:50:21.676583,2026-05-11 17:50:21.676583-07:00,37.42789166364395,-122.17077464084456,False,a8:3a:79:c8:86:92,-74.0,3,,0
be1669b51703,16:11:01.225067,2026-04-30 16:11:01.225067-07:00,37.427606728160185,-122.17302256638388,True,7c:ad:4f:67:6b:ae,-66.66666666666667,3,-97.0,3
be28df1ea91c,15:27:15.241936,2026-05-08 15:27:15.241936-07:00,37.42991632604214,-122.1724254229645,True,a8:3a:79:c7:d2:52,-48.0,3,-98.0,3
be489b5df65f,15:48:22.528904,2026-04-30 15:48:22.528904-07:00,37.427557543845495,-122.172402969188,False,64:3a:ea:93:ec:6e,-75.66666666666667,3,-96.0,3
be6a81f6ea35,15:20:32.895237,2026-04-30 15:20:32.895237-07:00,37.4283798286496,-122.17251681306442,False,a8:3a:79:ca:b9:12,-63.0,3,-96.66666666666669,3
be70a6c871c8,17:12:19.681488,2026-05-01 17:12:19.681488-07:00,37.42836502153394,-122.16942568752214,True,70:70:8b:84:5b:ce,-69.0,3,-94.0,3
be801ca05a3e,14:37:31.161595,2026-05-02 14:37:31.161595-07:00,37.43035619945671,-122.1727379385875,False,a8:3a:79:c7:b2:d2,-68.66666666666667,3,-95.0,3
bea1abea5540,15:49:43.667000,2026-05-08 15:49:43.667000-07:00,37.42912098838919,-122.16996654854547,False,08:4f:a9:5b:b5:6e,-85.33333333333333,3,,0
beaaa4b7b8d3,17:36:01.951705,2026-05-11 17:36:01.951705-07:00,37.42751946308536,-122.17047052537926,False,failed to retrieve BSSID,,0,,0
becc3d65de0e,17:42:06.284155,2026-05-11 17:42:06.284155-07:00,37.427870809489264,-122.17099502647544,False,a8:53:7d:8c:1b:12,-65.66666666666667,3,-99.0,3
bef43541d2f0,17:21:25.080047,2026-05-01 17:21:25.080047-07:00,37.42749509206408,-122.17184535916336,False,64:3a:ea:93:ec:6e,-78.33333333333333,3,-97.0,3
bf14beb8754b,17:45:18.453269,2026-05-11 17:45:18.453269-07:00,37.42772643633215,-122.17001595987826,False,failed to retrieve BSSID,,0,,0
bf30f52c732a,16:11:21.255473,2026-04-30 16:11:21.255473-07:00,37.42743625735411,-122.17314594836743,True,bc:26:c7:c3:91:2e,-72.33333333333333,3,,0
bf31b726f6e2,17:25:53.405339,2026-05-11 17:25:53.405339-07:00,37.42711865880629,-122.1703105489488,False,70:90:41:6d:35:d2,-82.66666666666667,3,-97.0,3
bf3d33b7e276,17:51:53.757536,2026-05-11 17:51:53.757536-07:00,37.4276198353994,-122.16951951961217,False,a0:3d:6f:89:36:2e,-84.66666666666667,3,-97.0,3
bf4dc39fc0e1,14:54:18.504992,2026-05-02 14:54:18.504992-07:00,37.42988001575216,-122.171235808479,False,00:f6:63:28:19:01,-87.0,3,-94.0,3
bfa91646f750,17:38:06.088054,2026-05-11 17:38:06.088054-07:00,37.42741391360683,-122.16996990182083,False,a8:53:7d:8c:32:22,-92.0,3,-96.0,3
bfbdd2d56ad6,15:30:24.698771,2026-05-08 15:30:24.698771-07:00,37.43028083385802,-122.17172985174116,False,54:33:c6:c6:64:52,-69.0,3,-94.33333333333331,3
bfdb0f730cf8,17:18:59.999133,2026-05-01 17:18:59.999133-07:00,37.428018878551285,-122.17128755831484,True,a8:3a:79:d2:61:e2,-60.0,2,-91.0,3
bfe7113bede7,14:36:51.129900,2026-05-02 14:36:51.129900-07:00,37.43051537947519,-122.1724726101345,False,a8:3a:79:c7:b2:d2,-55.666666666666664,3,,0
bff627618cac,17:16:54.898149,2026-05-01 17:16:54.898149-07:00,37.42812029533686,-122.17095096663998,True,70:90:41:e0:4c:d2,-65.66666666666667,3,-98.0,3
bff6c9da5732,16:23:22.226568,2026-04-30 16:23:22.226568-07:00,37.42850533174708,-122.1720783546184,False,a8:3a:79:c3:e1:92,-76.66666666666667,3,-97.0,3
bffb62822143,17:13:36.695260,2026-04-27 17:13:36.695260-07:00,37.42943008797406,-122.17204785943898,False,54:33:c6:c6:79:e2,-72.0,3,-90.0,3
c03c651b23e3,15:21:38.935078,2026-05-08 15:21:38.935078-07:00,37.42970695449294,-122.17238566679622,False,54:33:c6:b6:47:62,-70.33333333333333,3,-98.0,3
c04652d2fe73,17:01:54.257076,2026-05-01 17:01:54.257076-07:00,37.42868993010685,-122.17089649206198,True,a0:b4:39:78:a6:ee,-57.0,3,-98.0,3
c0847e521c40,14:34:42.995675,2026-05-02 14:34:42.995675-07:00,37.42976304568697,-122.17216964122574,False,54:33:c6:c6:73:62,-75.33333333333333,3,-98.0,3
c0ec95595157,17:49:21.637985,2026-05-11 17:49:21.637985-07:00,37.42791324099174,-122.17083552984984,False,a8:3a:79:c8:86:a2,-71.66666666666667,3,-91.0,3
c103fa7b71b0,17:30:45.627029,2026-05-11 17:30:45.627029-07:00,37.42738808119958,-122.17071486544975,False,a8:53:7d:8c:1b:12,-80.33333333333333,3,-96.66666666666669,3
c123a7ac4ea9,16:00:56.369329,2026-05-01 16:00:56.369329-07:00,37.42932811789992,-122.17356403087516,True,a0:3d:6f:98:06:0d,-35.0,3,-97.0,3
c135b46a9635,17:39:46.151055,2026-05-11 17:39:46.151055-07:00,37.42749434583105,-122.16983041018916,False,a0:3d:6f:89:36:2e,-82.66666666666667,3,-97.0,3
c1430906ae29,15:47:02.463548,2026-04-30 15:47:02.463548-07:00,37.4279701132303,-122.1727225754184,False,a8:3a:79:d4:2c:a2,-67.66666666666667,3,,0
c160c3bc59ee,17:19:38.353589,2026-04-27 17:19:38.353589-07:00,37.4287267520411,-122.17211439102364,True,a8:3a:79:c7:75:12,-69.33333333333333,3,,0
c162c4a7a7d7,16:06:55.290248,2026-04-30 16:06:55.290248-07:00,37.42747537853389,-122.17259132062584,True,bc:26:c7:5d:13:ce,-53.0,3,-96.0,3
c183435eea1d,17:21:29.209297,2026-05-11 17:21:29.209297-07:00,37.42750255333706,-122.17132989247844,False,04:cd:c0:06:ef:62,-77.66666666666667,3,-97.0,3
c18899f907d2,16:13:21.328253,2026-04-30 16:13:21.328253-07:00,37.4274782447043,-122.17276355698222,True,bc:26:c7:5d:13:ce,-53.0,3,-94.0,3
c1c3bd0dfe42,17:39:58.187982,2026-05-11 17:39:58.187982-07:00,37.42749718354221,-122.16999346741966,False,64:3a:ea:93:ec:6e,-84.33333333333333,3,,0
c1cce1b904bb,18:13:03.412171,2026-05-11 18:13:03.412171-07:00,37.42920768347761,-122.17320201062032,False,90:77:ee:88:1e:8e,-74.33333333333333,3,-97.0,3
c1e83ee0e469,15:24:27.087758,2026-05-08 15:24:27.087758-07:00,37.43011873684086,-122.17276550058666,True,a8:3a:79:c6:81:92,-64.66666666666667,3,-96.33333333333331,3
c20ed64b0d8c,17:23:17.290336,2026-05-11 17:23:17.290336-07:00,37.42721484618329,-122.17097546447846,False,00:6b:f1:9e:18:0e,-71.33333333333333,3,,0
c20f6c67dee7,17:31:01.636375,2026-05-11 17:31:01.636375-07:00,37.42730408822617,-122.17052503267726,False,6c:b2:ae:1d:ad:ee,-57.333333333333336,3,-99.0,3
c21c27b30472,17:19:53.156357,2026-05-11 17:19:53.156357-07:00,37.42825828034355,-122.1717331129448,False,64:3a:ea:93:fc:0e,-66.33333333333333,3,-96.0,3
c21d028e6e3b,17:40:14.222921,2026-05-11 17:40:14.222921-07:00,37.4275457217779,-122.17012338034615,False,64:3a:ea:93:ec:6e,-86.66666666666667,3,-97.0,3
c224bbfeb1f2,17:00:19.135265,2026-05-01 17:00:19.135265-07:00,37.428773456887534,-122.17118863253889,True,50:0f:80:5c:2a:8e,-68.66666666666667,3,-96.0,3
c23029113acc,15:25:23.012797,2026-04-30 15:25:23.012797-07:00,37.42815485255513,-122.17239425757391,True,a8:3a:79:d4:30:e2,-58.333333333333336,3,-95.0,3
c2437a65b959,15:43:19.346776,2026-05-08 15:43:19.346776-07:00,37.42914001424786,-122.1695495399506,False,08:4f:a9:5b:b5:6e,-87.0,3,-97.0,3
c26009588615,17:03:24.309866,2026-05-01 17:03:24.309866-07:00,37.42860400907295,-122.17085471770947,True,a0:b4:39:80:a7:6e,-68.33333333333333,3,-98.0,3
c296ce1273a9,17:12:39.686129,2026-05-01 17:12:39.686129-07:00,37.42851508821432,-122.16948601561285,False,bc:26:c7:65:5f:2e,-82.33333333333333,3,-96.0,1
c2b9949af8f0,14:34:06.996098,2026-05-02 14:34:06.996098-07:00,37.42988861479424,-122.17183588210716,False,54:33:c6:b6:45:b2,-68.33333333333333,3,-96.0,3
c2d5f3d712dd,17:25:33.418014,2026-05-11 17:25:33.418014-07:00,37.42713408917664,-122.17041138478235,False,1c:6a:7a:83:2a:4e,-60.0,3,-97.33333333333331,3
c2e2436aec12,16:17:16.846397,2026-04-30 16:17:16.846397-07:00,37.42735326776235,-122.172637764781,True,7c:ad:4f:67:6b:ae,-43.333333333333336,3,-96.0,3
c2e88035f8e5,17:26:15.264618,2026-05-01 17:26:15.264618-07:00,37.4287074886084,-122.17217167069973,False,a8:3a:79:c4:8b:52,-47.333333333333336,3,-97.0,3
c2f4279539fa,15:17:37.785156,2026-04-30 15:17:37.785156-07:00,37.428619612448486,-122.17206523391808,False,a8:3a:79:c4:8b:52,-64.33333333333333,3,-97.0,1
c2fe4803b35d,14:22:58.421730,2026-05-02 14:22:58.421730-07:00,37.42959188622352,-122.17229677696652,False,54:33:c6:b6:57:52,-72.66666666666667,3,,0
c3212c159eb8,15:40:57.678674,2026-04-30 15:40:57.678674-07:00,37.42856005180174,-122.17224202042188,True,5c:5a:c7:0c:84:8e,-68.66666666666667,3,-97.0,3
c35cee403439,14:43:00.246107,2026-05-02 14:43:00.246107-07:00,37.430199103612445,-122.1733702242741,True,ee:9e:28:db:0c:ab,-75.0,3,-86.0,3
c3686b77376c,14:56:50.650801,2026-05-02 14:56:50.650801-07:00,37.42944416725249,-122.17161426457211,False,40:ce:24:8d:61:ee,-93.0,3,-98.0,3
c38c6ac9a075,17:13:31.675040,2026-04-27 17:13:31.675040-07:00,37.42943008797406,-122.17204785943898,False,54:33:c6:b6:47:82,-77.33333333333333,3,-90.0,3
c3a848848ebb,15:21:27.055066,2026-04-30 15:21:27.055066-07:00,37.42833206072982,-122.17224824063896,False,a8:3a:79:ca:b9:12,-67.66666666666667,3,-96.0,3
c3dcfb22c7a0,15:35:17.634364,2026-04-30 15:35:17.634364-07:00,37.42826805337803,-122.17284463242056,True,a8:3a:79:ca:fc:22,-70.0,3,,0
c43115ddd110,18:05:48.850947,2026-05-11 18:05:48.850947-07:00,37.42776876058498,-122.173828251278,False,a8:3a:79:7d:9b:12,-66.33333333333333,3,-95.0,3
c4482c993d03,14:28:10.688577,2026-05-02 14:28:10.688577-07:00,37.4302804447473,-122.1719324162317,True,a8:3a:79:c6:a8:92,-56.666666666666664,3,,0
c44b8156f2f3,15:23:11.021185,2026-05-08 15:23:11.021185-07:00,37.43010808737482,-122.17269257276568,False,a8:3a:79:c7:d9:52,-52.0,3,-96.0,3
c463b6de6471,17:02:19.254125,2026-05-01 17:02:19.254125-07:00,37.428561827113306,-122.17096114821864,True,a0:b4:39:80:a7:6e,-51.0,3,-98.0,3
c490a60239c0,17:58:40.410974,2026-05-11 17:58:40.410974-07:00,37.42805109412743,-122.16982893731482,False,70:70:8b:90:2b:8e,-87.0,1,-91.0,1
c4a2e3b81370,14:42:32.225550,2026-05-02 14:42:32.225550-07:00,37.43014021747645,-122.1735230314533,True,ee:9e:28:db:0c:ab,-72.66666666666667,3,-90.0,2
c4b0cc4b3e28,17:55:53.267293,2026-05-11 17:55:53.267293-07:00,37.42777089588717,-122.16997825147476,False,1c:6a:7a:83:2a:41,-82.0,3,-95.0,3
c4b6076236ff,15:21:17.049564,2026-04-30 15:21:17.049564-07:00,37.42833330711642,-122.17239331300404,False,a8:3a:79:ca:b9:12,-67.33333333333333,3,-97.33333333333331,3
c4d0cba8382b,15:50:31.706794,2026-05-08 15:50:31.706794-07:00,37.42924051064208,-122.1706792304646,False,a0:b4:39:80:a9:8e,-80.0,3,-98.0,3
c4fc6f371856,18:11:43.342595,2026-05-11 18:11:43.342595-07:00,37.42855903389478,-122.17366365785313,False,cc:db:93:03:24:4e,-77.33333333333333,3,-96.0,3
c527777e965b,18:04:20.714574,2026-05-11 18:04:20.714574-07:00,37.42728242796195,-122.1734189054978,False,a8:53:7d:65:76:61,-85.0,3,-98.0,2
c53e6edf9a3b,15:32:15.963400,2026-05-08 15:32:15.963400-07:00,37.43057963597322,-122.17160894379737,True,cc:16:7e:b0:39:2e,-58.333333333333336,3,,0
c54a69f49e82,15:50:06.662309,2026-04-30 15:50:06.662309-07:00,37.427981660165145,-122.17323214677543,False,3c:51:0e:f9:93:8e,-65.66666666666667,3,,0
c55743462f62,17:23:45.308502,2026-05-11 17:23:45.308502-07:00,37.427134734271206,-122.17092044173928,True,00:6b:f1:9c:40:2e,-45.666666666666664,3,-96.0,3
c57d7485d8ba,17:17:06.908296,2026-04-27 17:17:06.908296-07:00,37.428757624794294,-122.17195544352862,False,a8:3a:79:c4:5f:52,-76.66666666666667,3,-97.0,3
c5813bd0198f,15:23:43.055022,2026-05-08 15:23:43.055022-07:00,37.43021294463176,-122.17257369976872,True,a8:3a:79:c7:d9:52,-63.666666666666664,3,-96.0,3
c58f5710443e,15:49:59.678224,2026-05-08 15:49:59.678224-07:00,37.42914331926237,-122.1702079447962,False,a0:b4:39:78:aa:6e,-87.33333333333333,3,-97.0,3
c5bcfae28a3d,14:51:26.724493,2026-05-01 14:51:26.724493-07:00,37.42916225419393,-122.17293073442234,True,c8:78:67:36:40:62,-84.0,3,-93.0,3
c5d9dfa097ed,14:50:29.144529,2026-05-01 14:50:29.144529-07:00,37.42895841563742,-122.1725854192286,False,70:90:41:60:07:12,-71.33333333333333,3,-97.0,3
c62c8be272e3,14:22:42.393266,2026-05-02 14:22:42.393266-07:00,37.42948273990233,-122.17250535670722,False,54:33:c6:c6:73:62,-72.0,3,-95.66666666666669,3
c6328e7c4f4c,14:36:23.090922,2026-05-02 14:36:23.090922-07:00,37.43026922781366,-122.17216302285372,False,a8:3a:79:c7:82:52,-77.66666666666667,3,-97.0,3
c634c84ccff8,16:07:26.653979,2026-05-01 16:07:26.653979-07:00,37.42875031319007,-122.17145033458418,True,70:db:98:2c:f2:1e,-70.33333333333333,3,-98.0,3
c63794739384,17:37:18.032061,2026-05-11 17:37:18.032061-07:00,37.42753428711435,-122.17054756018656,False,64:3a:ea:93:fc:0e,-88.0,3,-96.0,3
c652ab3a99a7,16:00:01.337970,2026-05-01 16:00:01.337970-07:00,37.4293284952341,-122.17356594703938,True,a0:3d:6f:98:06:0d,-35.666666666666664,3,-97.0,3
c662b4b1fe9b,16:18:01.878903,2026-04-30 16:18:01.878903-07:00,37.42755514353805,-122.17279987628504,True,68:9e:0b:92:74:0e,-60.0,3,,0
c697eb7870a1,16:02:46.444825,2026-05-01 16:02:46.444825-07:00,37.429270054458165,-122.17352479829744,False,a0:3d:6f:98:06:0d,-78.66666666666667,3,-99.0,3
c6aac16e37ae,15:51:19.742827,2026-05-08 15:51:19.742827-07:00,37.42941511885197,-122.1712671177293,False,a0:b4:39:78:b1:ee,-85.33333333333333,3,-98.0,3
c6c78e477419,17:20:45.205759,2026-05-11 17:20:45.205759-07:00,37.427962984850296,-122.17120295095368,False,a8:3a:79:c8:96:22,-85.33333333333333,3,-89.33333333333333,3
c6e602cbd4f9,14:53:16.770692,2026-05-01 14:53:16.770692-07:00,37.42908831709299,-122.17305579116903,True,50:1c:bf:d6:51:00,-40.333333333333336,3,-92.0,3
c6f9140ee3f0,14:29:30.754944,2026-05-02 14:29:30.754944-07:00,37.43010681643051,-122.1719604603774,True,a8:3a:79:c5:ca:d2,-63.333333333333336,3,,0
c74105676058,15:52:11.809104,2026-05-08 15:52:11.809104-07:00,37.428956090560526,-122.1715246241883,False,40:ce:24:8d:61:ee,-82.66666666666667,3,-97.0,3
c7550258fc07,15:21:26.932090,2026-05-08 15:21:26.932090-07:00,37.429595023232295,-122.17245081798852,False,54:33:c6:c6:73:62,-70.33333333333333,3,-97.0,1
c7602439a038,14:31:06.840856,2026-05-02 14:31:06.840856-07:00,37.429959811128896,-122.17180534426824,True,a8:3a:79:c8:98:52,-75.66666666666667,3,-94.66666666666669,3
c76b1423c5f3,16:06:40.264051,2026-04-30 16:06:40.264051-07:00,37.42739864004791,-122.17257001096534,True,bc:26:c7:bc:92:2e,-62.666666666666664,3,-96.33333333333331,3
c77c7e29012f,15:47:06.435429,2026-04-30 15:47:06.435429-07:00,37.42795650651363,-122.17268225595532,False,a8:3a:79:d4:2c:92,-64.66666666666667,3,-95.0,3
c7845804c866,14:35:03.014114,2026-05-02 14:35:03.014114-07:00,37.4298218084182,-122.1723156968071,False,a8:3a:79:c7:7c:52,-59.333333333333336,3,-97.0,3
c7ab27bbe8cc,17:20:28.395647,2026-04-27 17:20:28.395647-07:00,37.42897422234737,-122.17213087214182,True,a8:3a:79:c4:a9:12,-67.0,3,-94.66666666666669,3
c7ad5ba98c0d,14:38:39.225811,2026-05-02 14:38:39.225811-07:00,37.430200120464576,-122.17319424413286,True,a8:3a:79:c6:23:92,-78.66666666666667,3,,0
c809484c6a46,17:41:50.273679,2026-05-11 17:41:50.273679-07:00,37.42773526049159,-122.17109880290715,False,64:3a:ea:93:fc:0e,-82.66666666666667,3,-96.66666666666669,3
c84bca9fb120,17:58:20.396848,2026-05-11 17:58:20.396848-07:00,37.42797163003733,-122.16961200809271,False,70:70:8b:90:39:2e,-69.0,3,-95.0,3
c857400733f9,15:46:46.446082,2026-04-30 15:46:46.446082-07:00,37.427964220552305,-122.17280510465432,False,a8:3a:79:c7:6c:92,-79.66666666666667,3,-97.0,3
c8789b185a71,14:57:43.588410,2026-05-01 14:57:43.588410-07:00,37.42917413237555,-122.17357213193148,True,a0:3d:6f:a5:4d:ed,-59.666666666666664,3,-96.0,3
c8969e817547,15:32:45.470474,2026-04-30 15:32:45.470474-07:00,37.428634950225394,-122.1726753331812,True,78:bc:1a:32:ba:8e,-67.33333333333333,3,-97.0,3
c8bc3f5de045,17:07:39.486174,2026-05-01 17:07:39.486174-07:00,37.42853486437608,-122.17030730487984,True,bc:26:c7:71:89:ae,-65.33333333333333,3,-96.0,1
c8c3ad337240,14:31:30.864902,2026-05-02 14:31:30.864902-07:00,37.42996893675881,-122.17180391502208,True,a8:3a:79:58:c4:d2,-62.666666666666664,3,-95.0,3
c8c3cdc72d69,18:05:32.796919,2026-05-11 18:05:32.796919-07:00,37.42765000125508,-122.173737242574,False,a8:3a:79:7d:9b:22,-75.66666666666667,3,-92.0,2
c8d88d4b02fe,15:59:41.326655,2026-05-01 15:59:41.326655-07:00,37.429125435834365,-122.17356065246932,True,a0:3d:6f:98:06:0d,-34.666666666666664,3,-97.0,3
c91de1f5d1ae,17:25:57.433124,2026-05-11 17:25:57.433124-07:00,37.42711865880629,-122.1703105489488,False,70:90:41:6d:35:d2,-86.0,3,-97.0,3
c946c405e7d7,17:45:30.461817,2026-05-11 17:45:30.461817-07:00,37.42776264757617,-122.17017399638266,False,failed to retrieve BSSID,,0,,0
c94ddc8f9590,18:14:35.510710,2026-05-11 18:14:35.510710-07:00,37.42946028217106,-122.17209903128122,False,54:33:c6:b6:45:d2,-75.0,3,-89.0,3
c985cf96f0b5,17:15:51.804509,2026-04-27 17:15:51.804509-07:00,37.428844007753575,-122.17254517941656,False,a8:3a:79:c7:73:12,-82.66666666666667,3,-91.66666666666669,3
c98751994fda,16:15:58.438086,2026-04-30 16:15:58.438086-07:00,37.427489916784744,-122.17242242539577,False,64:3a:ea:93:fc:0e,-79.66666666666667,3,-96.0,3
c9a73d05cfe9,17:23:35.168664,2026-05-01 17:23:35.168664-07:00,37.42775843238676,-122.17184400849116,False,64:3a:ea:93:fc:0e,-72.33333333333333,3,-96.0,3
c9db44859f23,15:20:12.891023,2026-04-30 15:20:12.891023-07:00,37.42833470418528,-122.17228669882051,False,a8:3a:79:ca:b9:12,-69.33333333333333,3,-88.0,2
c9f2f34e161c,17:41:26.257849,2026-05-11 17:41:26.257849-07:00,37.4277191838918,-122.17075912875544,False,a8:53:7d:8c:32:42,-73.66666666666667,3,-96.0,3
c9f56b26d8a0,16:18:46.897249,2026-04-30 16:18:46.897249-07:00,37.427809222312376,-122.17289883700631,True,a8:3a:79:c9:b3:52,-66.66666666666667,3,-98.0,3
ca1b8c739628,17:51:33.734386,2026-05-11 17:51:33.734386-07:00,37.42768144216045,-122.16979188795904,False,a0:3d:6f:89:36:2e,-59.333333333333336,3,-96.0,3
ca2be0655a6a,17:46:58.551496,2026-05-11 17:46:58.551496-07:00,37.42799176129991,-122.17097759845886,False,failed to retrieve BSSID,,0,,0
ca429ceb225e,15:22:42.984782,2026-05-08 15:22:42.984782-07:00,37.42984472750349,-122.172776161784,False,a8:3a:79:c7:ac:92,-62.333333333333336,3,-96.0,3
ca449d6f9146,17:26:49.457235,2026-05-11 17:26:49.457235-07:00,37.42710129160708,-122.16993283219986,False,a8:3a:79:c8:a6:d2,-75.33333333333333,3,-97.0,3
ca5eab8b5b7b,15:59:01.293178,2026-05-01 15:59:01.293178-07:00,37.42917609352933,-122.17361432113071,True,a0:3d:6f:98:06:0d,-42.666666666666664,3,-97.0,3
ca664c0ab6fa,17:31:13.661837,2026-05-11 17:31:13.661837-07:00,37.42734352894183,-122.17032917897563,False,6c:b2:ae:1d:ad:ee,-75.33333333333333,3,-97.0,3
ca7a13de189d,15:31:20.749545,2026-05-08 15:31:20.749545-07:00,37.4305074670253,-122.17136506700756,False,00:f6:63:e6:50:d1,-75.33333333333333,3,-94.0,3
ca90b252d6ae,15:22:30.994237,2026-05-08 15:22:30.994237-07:00,37.42983084637359,-122.17269153194329,True,a8:3a:79:c7:58:52,-68.0,3,-97.0,3
caa7d79bec08,14:22:06.364088,2026-05-02 14:22:06.364088-07:00,37.42906882271327,-122.17263684339116,False,c8:78:67:36:40:52,-66.33333333333333,3,-96.0,3
caaeb8a9742c,17:02:34.255984,2026-05-01 17:02:34.255984-07:00,37.428407273705055,-122.17099235129578,True,a0:b4:39:80:a7:6e,-74.66666666666667,3,-98.0,3
cac3645e51b3,17:26:25.452888,2026-05-11 17:26:25.452888-07:00,37.42709137621027,-122.17017051424564,False,00:6b:f1:9c:23:fe,-79.0,3,-97.0,2
cacc39449e58,15:29:12.625483,2026-05-08 15:29:12.625483-07:00,37.4303567818965,-122.17205703191117,False,a8:3a:79:c7:82:52,-77.66666666666667,3,-97.0,3
cb0355034d7e,16:06:06.622210,2026-05-01 16:06:06.622210-07:00,37.42862398744035,-122.17155808792998,False,50:0f:80:5b:e3:ae,-83.33333333333333,3,-97.0,3
cb0bbcdb838d,17:25:50.254841,2026-05-01 17:25:50.254841-07:00,37.42859817496582,-122.17196601519645,False,40:ce:24:a8:d1:2e,-89.33333333333333,3,-96.0,3
cb21f0678edc,14:56:14.601182,2026-05-02 14:56:14.601182-07:00,37.429729652110666,-122.1714155524092,False,00:f6:63:28:19:01,-88.0,3,-97.0,3
cb2b7c5204e3,16:17:01.829267,2026-04-30 16:17:01.829267-07:00,37.42741077016347,-122.17257527763678,True,bc:26:c7:bc:92:2e,-77.66666666666667,3,-96.0,3
cb3af43146b7,17:52:53.821231,2026-05-11 17:52:53.821231-07:00,37.42761837909014,-122.16986597414636,False,a8:53:7d:8c:32:42,-75.66666666666667,3,-96.0,2
cb4e06318581,17:53:29.836798,2026-05-11 17:53:29.836798-07:00,37.4275360502583,-122.17038768637975,False,64:3a:ea:93:ec:6e,-78.33333333333333,3,-97.0,2
cb5b21cbd1d9,16:22:32.202977,2026-04-30 16:22:32.202977-07:00,37.42837558534094,-122.1721330201169,False,64:3a:ea:93:fc:0e,-80.0,3,-96.0,2
cb6b65332eb8,15:26:15.166643,2026-05-08 15:26:15.166643-07:00,37.42985097460578,-122.17279810186984,False,a8:3a:79:c7:70:62,-52.0,3,-95.0,3
cb8f252a6e95,15:27:03.234621,2026-05-08 15:27:03.234621-07:00,37.42989624007633,-122.17238646145763,True,a8:3a:79:c7:7c:52,-71.0,3,-97.33333333333331,3
cba913f995a3,15:18:12.803143,2026-04-30 15:18:12.803143-07:00,37.42872247516366,-122.17254061340276,False,5c:5a:c7:05:c0:ee,-58.666666666666664,3,-96.0,1
cba91c07f1a3,18:00:28.504622,2026-05-11 18:00:28.504622-07:00,37.42832533981974,-122.1710523992276,False,08:4f:a9:5b:9b:2e,-75.66666666666667,3,-96.0,3
cbfc3410e696,15:21:11.033339,2026-05-08 15:21:11.033339-07:00,37.42938189583575,-122.17254351452873,False,54:33:c6:c6:73:62,-72.66666666666667,3,-97.0,3
cbfd9beb7424,17:39:22.142123,2026-05-11 17:39:22.142123-07:00,37.42754549577336,-122.16951468043776,False,a0:3d:6f:89:36:2e,-78.33333333333333,3,-96.0,3
cc0f0a887f15,14:40:32.116588,2026-05-02 14:40:32.116588-07:00,37.42998380516072,-122.17353673811516,True,f6:cb:ac:90:70:5d,-88.66666666666667,3,-99.0,3
cc57f4fc1f96,14:25:14.523601,2026-05-02 14:25:14.523601-07:00,37.42965425994773,-122.17171596161582,True,a8:3a:79:58:dd:92,-67.0,3,-96.33333333333331,3
cc5c977824c3,17:33:13.811976,2026-05-11 17:33:13.811976-07:00,37.42719624504925,-122.17005357891276,False,a8:3a:79:c8:16:d2,-88.66666666666667,3,,0
cc6293152c92,14:56:54.649351,2026-05-02 14:56:54.649351-07:00,37.42942110579662,-122.17162969011092,False,40:ce:24:8d:61:ee,-91.0,3,-98.0,3
cc71778c9f5f,15:21:42.051235,2026-04-30 15:21:42.051235-07:00,37.428451137957545,-122.17217061749363,False,5c:5a:c7:10:01:ce,-65.66666666666667,3,-96.66666666666669,3
cc824a1fb281,16:13:36.322374,2026-04-30 16:13:36.322374-07:00,37.42752590795094,-122.17285404116993,True,bc:26:c7:5d:13:ce,-63.666666666666664,3,-94.0,3
cc91b4f18414,17:26:29.458779,2026-05-11 17:26:29.458779-07:00,37.42706947385584,-122.1700776553388,False,a8:3a:79:c8:16:e2,-82.66666666666667,3,-94.33333333333331,3
cc9684232b17,18:11:59.349301,2026-05-11 18:11:59.349301-07:00,37.428524526661946,-122.17343529532648,False,3c:51:0e:f9:93:8e,-71.0,3,-97.0,3
ccc153d94524,14:51:42.388694,2026-05-02 14:51:42.388694-07:00,37.43018321402559,-122.17214958933394,False,54:33:c6:b6:57:52,-71.0,3,-98.0,3
ccd5edf7b96f,14:54:53.463229,2026-05-01 14:54:53.463229-07:00,37.42925024010498,-122.17361579928922,True,f0:1d:2d:3f:48:a2,-63.333333333333336,3,-87.0,3
ccfaa03570ec,14:50:39.150003,2026-05-01 14:50:39.150003-07:00,37.42915088752231,-122.172578509733,False,70:90:41:60:07:12,-73.66666666666667,3,-97.0,3
cd182719c07f,15:29:32.663065,2026-05-08 15:29:32.663065-07:00,37.43049678509029,-122.17199933117806,False,90:77:ee:88:1e:8e,-74.0,3,-97.0,3
cd1bee5ca624,15:16:31.084396,2026-04-30 15:16:31.084396-07:00,37.42898372700367,-122.17204861537896,True,a8:3a:79:c7:75:12,-77.0,3,-98.0,3
cd2313609285,17:22:21.248355,2026-05-11 17:22:21.248355-07:00,37.4271993361754,-122.17132020546104,True,00:5d:73:70:64:ae,-63.333333333333336,3,-99.0,3
cd5310644e17,14:34:59.038861,2026-05-02 14:34:59.038861-07:00,37.4298218084182,-122.1723156968071,False,a8:3a:79:c7:7c:52,-60.666666666666664,3,,0
cd994d4655ec,17:26:05.259238,2026-05-01 17:26:05.259238-07:00,37.42868558600082,-122.17205100676571,False,a8:3a:79:c4:8b:52,-63.0,3,-97.0,3
cd9be376aef0,15:44:53.660959,2026-04-30 15:44:53.660959-07:00,37.42845117358883,-122.17227338721062,True,5c:5a:c7:10:01:4e,-72.33333333333333,3,-94.0,3
cdb3b2d6ea63,14:43:48.284276,2026-05-02 14:43:48.284276-07:00,37.43004067063902,-122.17315042213411,True,ee:9e:28:db:0c:ab,-77.0,3,-91.0,3
cdcf7ecc4064,17:26:13.463411,2026-05-11 17:26:13.463411-07:00,37.42711414181976,-122.17024832988967,False,00:6b:f1:9c:23:fe,-65.33333333333333,3,-97.0,3
cdcfabfcff48,15:47:23.546085,2026-05-08 15:47:23.546085-07:00,37.43034655988886,-122.1694520504066,False,a0:b4:39:78:b1:ee,-81.66666666666667,3,-92.0,3
ce21631896b9,16:06:41.615781,2026-05-01 16:06:41.615781-07:00,37.428831274629026,-122.17136726750014,True,70:db:98:2c:f2:1e,-63.333333333333336,3,-98.0,3
ce3721eaf236,17:14:36.741575,2026-04-27 17:14:36.741575-07:00,37.42929011655086,-122.17254665641236,False,c8:78:67:36:40:52,-66.66666666666667,3,-96.0,3
ce51b6c1125c,15:31:24.748873,2026-05-08 15:31:24.748873-07:00,37.430516154200355,-122.17138988638416,False,00:f6:63:e6:50:d1,-78.33333333333333,3,-94.0,3
ce6d254cfbcd,16:19:36.950791,2026-04-30 16:19:36.950791-07:00,37.42787790629194,-122.1731098258145,True,a8:3a:79:c9:b3:52,-71.33333333333333,3,-98.0,1
ce81ea416217,15:19:12.850354,2026-04-30 15:19:12.850354-07:00,37.42869349382343,-122.17252527340416,False,5c:5a:c7:25:89:2e,-74.33333333333333,3,-95.0,3
ce82fd5c18f5,14:57:18.583779,2026-05-01 14:57:18.583779-07:00,37.429091731481776,-122.17368788553502,True,78:f1:c6:6e:30:8d,-59.666666666666664,3,-97.0,3
cea06df40d90,14:29:22.731109,2026-05-02 14:29:22.731109-07:00,37.43018844868182,-122.1719936642488,True,a8:3a:79:c5:ca:d2,-63.0,3,,0
ceb7921f207d,17:50:37.703459,2026-05-11 17:50:37.703459-07:00,37.42784791170587,-122.17053267867936,False,a8:53:7d:8c:32:22,-71.33333333333333,3,-98.0,3
ced5948dcddb,16:13:51.370415,2026-04-30 16:13:51.370415-07:00,37.42753280134024,-122.17290683997042,True,bc:26:c7:c3:91:2e,-78.0,3,-98.0,3
cef29924dc8e,17:53:09.831994,2026-05-11 17:53:09.831994-07:00,37.42762314217158,-122.17011410277075,False,a8:53:7d:8c:32:42,-78.0,3,-98.0,3
cefd50c2daad,17:49:53.662047,2026-05-11 17:49:53.662047-07:00,37.42797518406049,-122.17115815741666,False,a8:3a:79:c8:96:12,-84.0,3,-95.0,1
cf281f21010d,17:49:29.637646,2026-05-11 17:49:29.637646-07:00,37.42796596841666,-122.17089193009356,False,c8:78:67:72:2d:e2,-76.66666666666667,3,,0
cf5227168c11,16:14:26.380749,2026-04-30 16:14:26.380749-07:00,37.42746159697836,-122.17320738583288,True,50:2f:a8:d3:57:0e,-46.0,3,-96.0,3
cf59ed562c19,15:40:17.330453,2026-05-08 15:40:17.330453-07:00,37.42976331913707,-122.1706822635372,False,a0:b4:39:78:a6:ee,-92.0,3,-96.0,3
cf61166997eb,14:48:02.216396,2026-05-02 14:48:02.216396-07:00,37.429881603722805,-122.17277255642352,False,a8:3a:79:c7:70:62,-70.33333333333333,3,-97.0,3
cf6b053a97e3,17:09:19.568229,2026-05-01 17:09:19.568229-07:00,37.428527156384355,-122.16984613270814,False,bc:26:c7:5b:83:0e,-87.0,3,-95.0,3
cfb230f5011f,15:41:38.407784,2026-05-08 15:41:38.407784-07:00,37.42927406125085,-122.1702942038355,False,a0:b4:39:78:aa:6e,-86.0,3,-96.0,3
cfb8a1c31016,16:07:06.633742,2026-05-01 16:07:06.633742-07:00,37.42845131621095,-122.1714038334036,True,70:db:98:2c:f2:1e,-64.0,3,-98.0,3
cfbca67f7d7a,17:58:48.405251,2026-05-11 17:58:48.405251-07:00,37.4281084594782,-122.1698254227602,False,70:70:8b:90:2b:8e,-85.66666666666667,3,,0
d00e2dbd1205,17:19:50.027791,2026-05-01 17:19:50.027791-07:00,37.42770789131736,-122.17127866676796,False,a8:53:7d:8c:1b:12,-89.0,3,-95.0,3
d0268eb69cac,18:05:00.759114,2026-05-11 18:05:00.759114-07:00,37.42727796963012,-122.17381474324392,False,a8:53:7d:65:59:12,-85.33333333333333,3,-97.66666666666669,3
d02bb5497e5a,14:57:10.660914,2026-05-02 14:57:10.660914-07:00,37.42936490635726,-122.17171279543992,False,40:ce:24:8d:61:ee,-93.66666666666669,3,-98.0,3
d0554a4aac53,17:21:40.092632,2026-05-01 17:21:40.092632-07:00,37.42752792015192,-122.17181323812468,True,5c:5a:c7:0d:0a:6e,-55.0,3,-97.0,3
d05617f2561a,14:34:19.004960,2026-05-02 14:34:19.004960-07:00,37.42974376137819,-122.17199367448694,False,54:33:c6:b6:45:b2,-69.0,3,-97.0,3
d05864cb7d7f,16:19:21.921439,2026-04-30 16:19:21.921439-07:00,37.42784879954315,-122.1729440609974,True,a8:3a:79:c9:b3:52,-58.333333333333336,3,-98.0,3
d06ca87c47b2,15:50:19.687684,2026-05-08 15:50:19.687684-07:00,37.4292000910098,-122.1705097341574,False,a0:b4:39:a7:ed:21,-86.0,3,-97.0,3
d0715ea975ed,14:38:43.222416,2026-05-02 14:38:43.222416-07:00,37.43016405036179,-122.17319298184688,True,a8:3a:79:c6:23:92,-80.0,3,,0
d07f11624860,16:05:01.544252,2026-05-01 16:05:01.544252-07:00,37.42857013095697,-122.17193035601824,False,a8:3a:79:c4:8b:52,-67.33333333333333,3,-96.0,3
d08d734cffb9,14:38:51.233120,2026-05-02 14:38:51.233120-07:00,37.4301086559748,-122.17321165184843,True,a8:3a:79:c7:b2:d2,-88.33333333333333,3,-96.0,3
d0d733ca4f14,14:23:42.449588,2026-05-02 14:23:42.449588-07:00,37.42970471509296,-122.17180848596328,False,54:33:c6:b6:45:b2,-63.0,3,-96.0,3
d0e50c189e89,15:39:41.292936,2026-05-08 15:39:41.292936-07:00,37.42972167037277,-122.1709269809176,False,failed to retrieve BSSID,,0,,0
d0eb162d603a,14:27:02.608661,2026-05-02 14:27:02.608661-07:00,37.43007602944604,-122.17163798549228,True,a8:3a:79:c5:72:92,-56.333333333333336,3,,0
d0f910b036f8,17:01:44.244071,2026-05-01 17:01:44.244071-07:00,37.42874911250639,-122.17084972647156,True,a0:b4:39:78:a6:ee,-48.0,3,-98.0,3
d100c3085498,18:03:20.659149,2026-05-11 18:03:20.659149-07:00,37.42717727176564,-122.17267718213633,False,40:ce:24:9b:dc:4e,-76.66666666666667,3,-96.0,3
d10595ff750b,15:29:52.670681,2026-05-08 15:29:52.670681-07:00,37.43044334327741,-122.17203160101016,False,54:33:c6:c6:7a:82,-63.0,3,-98.0,3
d1265e6a8de7,16:06:25.264667,2026-04-30 16:06:25.264667-07:00,37.42739858179703,-122.1725644646618,True,7c:ad:4f:67:6b:ae,-71.33333333333333,3,-96.0,3
d134d5414a60,15:33:53.556873,2026-04-30 15:33:53.556873-07:00,37.42861414128715,-122.17243711335824,True,5c:5a:c7:10:19:0e,-71.0,3,-97.0,3
d1874d7b4355,17:47:06.569871,2026-05-11 17:47:06.569871-07:00,37.42797704287734,-122.17087018680556,False,failed to retrieve BSSID,,0,,0
d19023100887,17:09:04.562278,2026-05-01 17:09:04.562278-07:00,37.4286458955237,-122.17012684118458,False,bc:26:c7:62:e5:ee,-88.0,3,-95.33333333333331,3
d1a4c4d2559a,17:23:25.304379,2026-05-11 17:23:25.304379-07:00,37.42721484618329,-122.17097546447846,True,00:6b:f1:9e:18:0e,-69.0,3,,0
d1d08fb2025b,17:18:24.981926,2026-05-01 17:18:24.981926-07:00,37.42801451690186,-122.17121871341074,False,a8:3a:79:d2:61:e2,-72.0,3,,0
d1da08d0b8e6,14:29:58.776757,2026-05-02 14:29:58.776757-07:00,37.43020095233121,-122.1720245030254,True,a8:3a:79:c5:ca:d2,-57.333333333333336,3,,0
d1ed91fb0f05,17:40:58.249350,2026-05-11 17:40:58.249350-07:00,37.42772476935822,-122.17038233501636,False,70:61:7b:d7:4c:ee,-74.66666666666667,3,-99.0,3
d1f4feefcd27,15:39:37.296382,2026-05-08 15:39:37.296382-07:00,37.42968105722361,-122.1709605573771,False,failed to retrieve BSSID,,0,,0
d1ff5941ae0d,17:35:25.947792,2026-05-11 17:35:25.947792-07:00,37.42759627202494,-122.17087124200135,False,a8:53:7d:8c:32:22,-85.0,3,-97.0,3
d20b58f5cc44,16:08:05.340230,2026-04-30 16:08:05.340230-07:00,37.42747368845512,-122.17317071529278,True,50:2f:a8:d3:57:0e,-73.0,3,-97.0,3
d213af1feb30,17:17:24.908299,2026-05-01 17:17:24.908299-07:00,37.42813156628905,-122.17103238003725,True,70:90:41:e0:4c:d2,-70.66666666666667,3,-98.0,3
d21633394c85,16:08:35.348764,2026-04-30 16:08:35.348764-07:00,37.42747368845512,-122.17317071529278,True,bc:26:c7:55:c7:ee,-68.66666666666667,3,-97.0,3
d22e4656baa9,15:41:33.716537,2026-04-30 15:41:33.716537-07:00,37.42863537035117,-122.17258442625578,True,5c:5a:c7:0c:88:4e,-72.33333333333333,3,-96.0,3
d23ec5088c4b,17:34:13.851287,2026-05-11 17:34:13.851287-07:00,37.42748158620314,-122.17066549278286,False,a8:53:7d:8c:32:42,-73.0,3,-97.0,3
d247c1b87fcb,15:59:36.333765,2026-05-01 15:59:36.333765-07:00,37.429125435834024,-122.17356065246922,True,a0:3d:6f:98:06:0d,-35.666666666666664,3,-97.0,3
d2521caab1be,17:14:49.798232,2026-05-01 17:14:49.798232-07:00,37.42783935878132,-122.16997928099896,False,70:61:7b:d7:4c:ee,-87.0,3,,0
d252ea95998b,15:25:23.155453,2026-05-08 15:25:23.155453-07:00,37.42971336291069,-122.17260607501336,False,a8:3a:79:c7:dc:52,-69.33333333333333,3,,0
d25f0468f9a8,14:52:21.756080,2026-05-01 14:52:21.756080-07:00,37.429050344256275,-122.17312479690663,True,50:1c:bf:d6:1e:90,-61.333333333333336,3,-89.0,3
d26b0ee0f03f,15:29:56.680631,2026-05-08 15:29:56.680631-07:00,37.430417327309144,-122.17204988749184,False,54:33:c6:c6:7a:82,-65.33333333333333,3,-98.0,3
d296d174cd15,17:45:58.485911,2026-05-11 17:45:58.485911-07:00,37.42785985807604,-122.17059083673276,False,failed to retrieve BSSID,,0,,0
d2ae44d6bae6,17:42:50.326980,2026-05-11 17:42:50.326980-07:00,37.42754959747938,-122.17048006712623,False,6c:b2:ae:1d:ad:ee,-82.33333333333333,3,,0
d2c6f9252bd2,17:00:29.178241,2026-05-01 17:00:29.178241-07:00,37.42876939914218,-122.17124375369698,True,50:0f:80:5c:2a:8e,-77.0,3,-96.5,2
d2e267988b18,14:25:34.549082,2026-05-02 14:25:34.549082-07:00,37.42992019978448,-122.17169574503964,True,a8:3a:79:ca:ef:92,-63.333333333333336,3,-97.0,3
d3172c884ae5,14:27:26.656002,2026-05-02 14:27:26.656002-07:00,37.42998543552306,-122.17177674249491,True,a8:3a:79:c5:72:92,-81.66666666666667,3,-96.33333333333331,3
d31c820ab4c6,14:37:19.155299,2026-05-02 14:37:19.155299-07:00,37.430449987853265,-122.1727178784304,False,a8:3a:79:c7:b2:d2,-56.666666666666664,3,-95.0,3
d31fcb3f3fe6,15:49:19.681829,2026-05-08 15:49:19.681829-07:00,37.429344392136265,-122.169801585524,False,a8:53:7d:96:65:35,-88.33333333333333,3,-97.0,3
d32f63bea817,15:37:29.181718,2026-05-08 15:37:29.181718-07:00,37.43058142430397,-122.1709078845576,False,00:f6:63:dd:61:c1,-76.33333333333333,3,-97.0,3
d33522479346,17:54:33.902233,2026-05-11 17:54:33.902233-07:00,37.42792696642427,-122.17078595502906,False,a8:3a:79:c8:86:92,-54.666666666666664,3,,0
d33ddbe44fbf,17:22:25.112572,2026-05-01 17:22:25.112572-07:00,37.427576381762194,-122.17169705369815,True,5c:5a:c7:27:f7:ce,-79.0,3,-97.0,3
d35d0bd1ee51,17:04:04.351471,2026-05-01 17:04:04.351471-07:00,37.42879047097103,-122.1707904146826,False,a0:b4:39:80:a9:8e,-58.0,3,-95.0,2
d37f2eaa85c6,17:21:21.190247,2026-05-11 17:21:21.190247-07:00,37.42757487053249,-122.1713144230634,False,04:cd:c0:06:ef:62,-55.0,3,-97.0,3
d390301786ff,14:23:06.402043,2026-05-02 14:23:06.402043-07:00,37.429600183550235,-122.17222010048792,False,54:33:c6:c6:79:c2,-73.66666666666667,3,,0
d39068a6e239,15:21:32.048180,2026-04-30 15:21:32.048180-07:00,37.42837738088045,-122.17218088215476,False,a8:3a:79:ca:b9:12,-73.66666666666667,3,-96.0,1
d3a1b47712f9,16:14:51.394101,2026-04-30 16:14:51.394101-07:00,37.427451603553095,-122.17291431262146,True,50:2f:a8:d3:57:0e,-72.66666666666667,3,-97.0,3
d3e1cbee857e,15:47:08.893238,2026-05-08 15:47:08.893238-07:00,37.43047807802606,-122.169417698767,False,a0:b4:39:78:aa:6e,-83.66666666666667,3,-97.0,3
d3efecf06ed0,15:17:17.767572,2026-04-30 15:17:17.767572-07:00,37.42875477043778,-122.17197944599856,False,a8:3a:79:c4:5f:52,-73.33333333333333,3,-97.0,2
d40e679d22ba,14:57:38.927923,2026-05-02 14:57:38.927923-07:00,37.42936490635726,-122.17171279543992,False,54:33:c6:b6:47:62,-84.33333333333333,3,-96.0,3
d4178e6913a4,17:31:41.730837,2026-05-11 17:31:41.730837-07:00,37.42731516764145,-122.16993047890617,False,00:3e:73:a2:97:f2,-77.66666666666667,3,-96.0,3
d46e654c9c60,17:25:37.431237,2026-05-11 17:25:37.431237-07:00,37.42713408917664,-122.17041138478235,False,1c:6a:7a:83:2a:4e,-73.66666666666667,3,-96.0,3
d46ff52e59de,17:35:21.925263,2026-05-11 17:35:21.925263-07:00,37.42761933505969,-122.17096471320475,False,a8:53:7d:8c:32:22,-83.66666666666667,3,-97.0,3
d47d6b0078fa,16:11:06.222450,2026-04-30 16:11:06.222450-07:00,37.427606728160185,-122.17302256638388,True,7c:ad:4f:67:6b:ae,-79.0,3,-97.0,3
d4a2ba0ef7a2,18:11:51.348398,2026-05-11 18:11:51.348398-07:00,37.42851787003202,-122.17353122920204,False,cc:db:93:06:2a:ee,-74.66666666666667,3,-96.0,3
d4a53eb6a537,15:45:57.718655,2026-04-30 15:45:57.718655-07:00,37.428349140614785,-122.1727990107569,True,5c:5a:c7:10:01:4e,-69.33333333333333,3,-95.0,3
d4b3f733efbb,17:23:05.146197,2026-05-01 17:23:05.146197-07:00,37.42764237016584,-122.17173546551408,True,5c:5a:c7:1e:39:4e,-57.0,3,-97.0,3
d4b635a3eba0,14:54:24.975756,2026-05-01 14:54:24.975756-07:00,37.429209682917126,-122.17337980585908,False,a0:3d:6f:98:00:22,-67.33333333333333,3,-87.0,3
d4cdbab6fa48,18:05:24.805814,2026-05-11 18:05:24.805814-07:00,37.42752948277438,-122.1737546396245,False,failed to retrieve BSSID,,0,,0
d4cf35d332c8,17:18:53.141913,2026-05-11 17:18:53.141913-07:00,37.42868293200677,-122.17211701031005,False,a8:3a:79:c3:e1:92,-61.0,3,,0
d5062f009bc6,14:53:11.797118,2026-05-01 14:53:11.797118-07:00,37.42908831709299,-122.17305579116903,True,50:1c:bf:d6:51:00,-41.0,3,-90.0,3
d508f8763ccb,15:35:33.661846,2026-04-30 15:35:33.661846-07:00,37.42820535265057,-122.17256108243302,True,a8:3a:79:ca:fc:22,-64.0,3,-95.0,3
d5272b84dc01,15:47:11.534616,2026-05-08 15:47:11.534616-07:00,37.43047807802606,-122.169417698767,False,a0:b4:39:78:aa:6e,-86.33333333333333,3,-97.0,3
d52955736861,15:23:35.022817,2026-05-08 15:23:35.022817-07:00,37.43021294463176,-122.17257369976872,False,a8:3a:79:c7:d9:52,-53.0,3,-96.0,3
d55033fe570d,14:34:10.998064,2026-05-02 14:34:10.998064-07:00,37.42980030434411,-122.17189651262586,False,54:33:c6:b6:45:b2,-63.666666666666664,3,-97.0,3
d56b5a1b717d,16:04:16.516440,2026-05-01 16:04:16.516440-07:00,37.428980645924845,-122.172552931857,False,c8:78:67:36:40:52,-74.0,3,-96.0,3
d5727a6482cf,15:24:11.085261,2026-05-08 15:24:11.085261-07:00,37.430144783259344,-122.1724604727244,True,a8:3a:79:c6:81:92,-62.333333333333336,3,-96.33333333333331,3
d5800005779a,15:22:50.989899,2026-05-08 15:22:50.989899-07:00,37.42986204660773,-122.1727652844734,False,a8:3a:79:c7:ac:92,-77.33333333333333,3,-97.0,3
d58d7fc2158e,14:38:19.227690,2026-05-02 14:38:19.227690-07:00,37.43030989373335,-122.1730637557682,False,a8:3a:79:c5:a4:d2,-75.66666666666667,3,-97.0,3
d5a824f040bc,15:41:45.733026,2026-04-30 15:41:45.733026-07:00,37.42868437203772,-122.17276645922458,True,5c:5a:c7:0c:88:4e,-76.33333333333333,3,-96.0,3
d5abd49e5b53,14:47:22.179241,2026-05-02 14:47:22.179241-07:00,37.42977768602839,-122.1722046844672,False,a8:3a:79:c7:7c:52,-53.0,3,-97.0,3
d5b5d9bb9a9f,17:19:20.009501,2026-05-01 17:19:20.009501-07:00,37.42787425949696,-122.17122157604224,False,c8:78:67:72:78:d2,-66.0,3,-96.0,3
d5d1d68fb724,15:46:09.729450,2026-04-30 15:46:09.729450-07:00,37.42845211287353,-122.17277026332738,True,5c:5a:c7:10:01:4e,-73.0,3,-95.0,3
d5e552a9b4f6,14:46:50.159461,2026-05-02 14:46:50.159461-07:00,37.42977044895713,-122.172195915044,False,a8:3a:79:c7:7c:52,-44.333333333333336,3,-96.0,3
d5e8308488eb,15:41:42.413215,2026-05-08 15:41:42.413215-07:00,37.42926269889363,-122.1702637795026,False,a0:b4:39:78:aa:6e,-86.33333333333333,3,-97.0,3
d60c768bfa8d,18:09:47.236269,2026-05-11 18:09:47.236269-07:00,37.42791570279368,-122.17363627224518,False,a8:3a:79:7d:9b:22,-77.0,3,-97.0,3
d60f41ca9e71,16:16:43.482640,2026-04-30 16:16:43.482640-07:00,37.427406055013904,-122.17253547341576,False,7c:ad:4f:67:6b:ae,-73.33333333333333,3,-95.0,3
d61db90745ac,15:41:09.361816,2026-05-08 15:41:09.361816-07:00,37.42945712041523,-122.1704888627463,False,a0:b4:39:80:a9:81,-86.66666666666667,3,-92.0,3
d634ae0ff345,17:27:45.497212,2026-05-11 17:27:45.497212-07:00,37.42706390417474,-122.16975903581006,False,a8:3a:79:c8:a6:d2,-83.0,3,-98.0,3
d64213b364cb,14:53:31.800208,2026-05-01 14:53:31.800208-07:00,37.429057958164115,-122.17310852364568,True,50:1c:bf:d6:51:00,-66.0,3,-91.33333333333331,3
d64e1e176ae7,16:12:46.306069,2026-04-30 16:12:46.306069-07:00,37.42754914633207,-122.17288847154605,True,bc:26:c7:5d:13:ce,-51.0,3,-94.0,3
d65d8c2917fb,17:24:40.203122,2026-05-01 17:24:40.203122-07:00,37.42831696291057,-122.17157226651412,False,failed to retrieve BSSID,,0,,0
d6638685a570,18:10:11.243518,2026-05-11 18:10:11.243518-07:00,37.42816140975732,-122.17357598344296,False,3c:51:0e:f9:93:8e,-59.333333333333336,3,-97.0,3
d67146af053c,17:20:38.417217,2026-04-27 17:20:38.417217-07:00,37.42897422234737,-122.17213087214182,True,a8:3a:79:c7:75:12,-66.33333333333333,3,,0
d696ce872451,15:50:43.712326,2026-05-08 15:50:43.712326-07:00,37.429275783356246,-122.170879408086,False,a0:b4:39:78:a6:ee,-85.0,3,-97.0,3
d69e32b6f0c3,17:00:44.193668,2026-05-01 17:00:44.193668-07:00,37.42877163290199,-122.17128408759432,True,f8:0b:cb:f0:80:1e,-76.0,3,-97.0,3
d6c5e74077c1,17:23:41.301763,2026-05-11 17:23:41.301763-07:00,37.427134734271206,-122.17092044173928,True,00:6b:f1:9c:40:2e,-35.0,3,-96.0,3
d6f9df92602c,17:55:09.939208,2026-05-11 17:55:09.939208-07:00,37.42785166356683,-122.17025965589616,False,70:70:8b:84:64:8e,-81.66666666666667,3,-97.0,3
d70c305900ff,18:03:52.704122,2026-05-11 18:03:52.704122-07:00,37.42736656348431,-122.17308003061471,False,70:70:8b:6a:fa:6e,-72.66666666666667,3,-96.0,3
d72072f1f292,17:06:34.446316,2026-05-01 17:06:34.446316-07:00,37.428349249734055,-122.1704301584677,True,bc:26:c7:6d:c1:0e,-35.0,3,-97.0,3
d72c1c43a16a,18:03:24.651084,2026-05-11 18:03:24.651084-07:00,37.42718120004666,-122.1727053410302,False,08:4f:a9:43:94:6e,-81.66666666666667,3,-96.0,2
d72d5305ebbf,15:25:59.179091,2026-05-08 15:25:59.179091-07:00,37.429828679299355,-122.17264120229906,True,a8:3a:79:c7:58:52,-67.33333333333333,3,-95.0,3
d738bdb309f6,14:28:34.709457,2026-05-02 14:28:34.709457-07:00,37.43025155775746,-122.17199287467896,True,a8:3a:79:c6:a8:92,-79.66666666666667,3,,0
d75a8bae453d,15:19:37.867414,2026-04-30 15:19:37.867414-07:00,37.42861771462663,-122.17220278026043,False,a8:3a:79:c4:8b:52,-64.66666666666667,3,-97.0,3
d7a2282a57fc,14:48:22.238008,2026-05-02 14:48:22.238008-07:00,37.43005793127013,-122.1728558125132,False,a8:3a:79:c7:d9:52,-60.666666666666664,3,-94.0,3
d7b991fa1c32,18:13:27.438766,2026-05-11 18:13:27.438766-07:00,37.4294872385415,-122.17303664612592,False,90:77:ee:88:1e:8e,-70.33333333333333,3,-97.0,3
d7ba6dfe2a96,18:13:59.474853,2026-05-11 18:13:59.474853-07:00,37.42957187523449,-122.17260349719751,False,54:33:c6:b6:47:82,-74.0,3,-95.0,3
d7ba9e16c582,14:55:02.527867,2026-05-02 14:55:02.527867-07:00,37.42965810878202,-122.17122047011472,False,40:ce:24:8d:61:ee,-94.0,3,-97.33333333333331,3
d7c5a5973512,15:43:53.599816,2026-04-30 15:43:53.599816-07:00,37.42857007934295,-122.17278759647948,True,5c:5a:c7:10:01:4e,-66.0,3,-94.0,3
d7c67b1dc207,16:16:18.452331,2026-04-30 16:16:18.452331-07:00,37.427567767439854,-122.17238894597808,False,64:3a:ea:93:ec:6e,-71.0,3,-96.0,3
d7cd8022198a,17:34:37.846420,2026-05-11 17:34:37.846420-07:00,37.42741403163634,-122.17103986230056,False,00:a7:42:d0:98:4e,-70.33333333333333,3,-97.0,3
d805aaa429a9,14:43:20.246352,2026-05-02 14:43:20.246352-07:00,37.43030701264296,-122.17333360950988,True,ee:9e:28:db:0c:ab,-73.66666666666667,3,-86.0,3
d80dee0ff15c,18:02:56.635878,2026-05-11 18:02:56.635878-07:00,37.42727443033863,-122.17238257809292,False,6c:b2:ae:1d:b2:4e,-70.66666666666667,3,-96.0,3
d84b56aa8d7a,15:21:50.942217,2026-05-08 15:21:50.942217-07:00,37.42978104906551,-122.17242664870474,False,a8:3a:79:c7:82:52,-73.33333333333333,3,-96.0,3
d85e78feed0d,17:05:14.377560,2026-05-01 17:05:14.377560-07:00,37.42864103948685,-122.1703829216414,True,bc:26:c7:71:89:ae,-47.666666666666664,3,-97.0,3
d87bc56f760a,17:25:15.231408,2026-05-01 17:25:15.231408-07:00,37.42841292586372,-122.17150491156872,False,70:db:98:33:49:7e,-77.33333333333333,3,-97.0,3
d894216b45a4,17:43:34.358102,2026-05-11 17:43:34.358102-07:00,37.42761736896111,-122.16989329247764,False,70:61:7b:d7:4c:ee,-74.66666666666667,3,-99.0,3
d8c33ca0d0f8,14:44:04.298651,2026-05-02 14:44:04.298651-07:00,37.4300502396502,-122.17333065593633,True,failed to retrieve BSSID,,0,,0
d8d8238ea630,17:04:29.360431,2026-05-01 17:04:29.360431-07:00,37.42874373447969,-122.17058797108336,False,a0:b4:39:a7:e7:2e,-78.0,3,,0
d8e3c52fd6d6,14:56:26.630066,2026-05-02 14:56:26.630066-07:00,37.42964577020386,-122.17147542526791,False,50:0f:80:5c:20:2e,-85.33333333333333,3,,0
d8ffe99d1433,15:59:26.314639,2026-05-01 15:59:26.314639-07:00,37.42917596128714,-122.17361428926924,True,a0:3d:6f:98:06:0d,-37.0,3,-97.0,3
d938bc21f7f6,14:24:58.508961,2026-05-02 14:24:58.508961-07:00,37.42964939044327,-122.1716695085202,True,a8:3a:79:58:dd:92,-63.0,3,-95.66666666666669,3
d9536d888090,15:25:48.045862,2026-04-30 15:25:48.045862-07:00,37.42824863836152,-122.17278311583313,True,a8:3a:79:ca:fc:22,-72.0,3,-90.0,3
d97f5c794173,14:29:38.772544,2026-05-02 14:29:38.772544-07:00,37.43010681643051,-122.1719604603774,True,a8:3a:79:c5:ca:d2,-47.666666666666664,3,,0
d9c0aaf137bc,14:57:38.593475,2026-05-01 14:57:38.593475-07:00,37.429164138208534,-122.17365731294667,True,a0:3d:6f:a5:4d:ed,-62.333333333333336,3,,0
d9e1d9df0470,14:27:46.659778,2026-05-02 14:27:46.659778-07:00,37.43016208028764,-122.17184794240708,True,a8:3a:79:c5:84:12,-77.33333333333333,3,-97.0,3
da0c044332c9,17:30:53.633634,2026-05-11 17:30:53.633634-07:00,37.42731440266814,-122.17059640245115,False,6c:b2:ae:1d:ad:ee,-59.666666666666664,3,-97.0,3
da36d2eeacc0,15:29:04.646182,2026-05-08 15:29:04.646182-07:00,37.430229527560286,-122.17212679553045,False,a8:3a:79:c7:82:52,-73.0,3,-97.0,3
da475ee35ad0,15:40:29.369755,2026-05-08 15:40:29.369755-07:00,37.4296499651084,-122.1706310394094,False,a0:b4:39:78:a6:ee,-92.33333333333331,3,-97.33333333333331,3
da5314afd8d3,14:31:34.861150,2026-05-02 14:31:34.861150-07:00,37.42994925707634,-122.17181632983228,True,a8:3a:79:58:c4:d2,-65.33333333333333,3,-95.66666666666669,3
da69ab422831,14:38:03.166877,2026-05-02 14:38:03.166877-07:00,37.43026070711413,-122.1728972041782,False,a8:3a:79:c7:b2:d2,-77.33333333333333,3,-95.0,3
da947a230bc7,17:20:00.038293,2026-05-01 17:20:00.038293-07:00,37.427573565333766,-122.17130192763284,False,04:cd:c0:06:ef:52,-67.66666666666667,3,-97.0,3
da9c81443ea6,16:00:46.362522,2026-05-01 16:00:46.362522-07:00,37.429328079171725,-122.17356402172976,True,a0:3d:6f:98:06:0d,-37.666666666666664,3,-97.0,3
da9eb05fcfda,17:19:13.334242,2026-04-27 17:19:13.334242-07:00,37.428873271567895,-122.17208138937352,True,a8:3a:79:c7:75:12,-64.66666666666667,3,,0
daa02d11ca97,14:48:42.251948,2026-05-02 14:48:42.251948-07:00,37.43023324160187,-122.1726409408547,False,a8:3a:79:c7:d9:52,-53.0,3,-97.0,3
daa3c43a0839,17:46:50.535084,2026-05-11 17:46:50.535084-07:00,37.42802859735767,-122.17119048435777,False,failed to retrieve BSSID,,0,,0
daa9c680ef60,17:00:14.158896,2026-05-01 17:00:14.158896-07:00,37.428773456887534,-122.17118863253889,True,50:0f:80:5c:2a:8e,-63.333333333333336,3,-96.0,3
dadf3a945b9a,14:33:18.947937,2026-05-02 14:33:18.947937-07:00,37.43006724885107,-122.17198640394746,True,a8:3a:79:c7:cd:52,-77.33333333333333,3,-97.0,3
daef11b94871,18:13:31.448830,2026-05-11 18:13:31.448830-07:00,37.42952437459485,-122.17300899654492,False,90:77:ee:88:1e:8e,-74.33333333333333,3,-97.0,3
db4faf2ec15e,16:07:25.297852,2026-04-30 16:07:25.297852-07:00,37.427559548178714,-122.17286974475748,True,bc:26:c7:5d:13:ce,-67.66666666666667,3,-96.0,3
db75b5172648,15:40:45.352450,2026-05-08 15:40:45.352450-07:00,37.42953245423208,-122.170551992164,False,a0:b4:39:78:a6:ee,-92.0,3,-98.0,3
db774be87d63,16:17:31.880127,2026-04-30 16:17:31.880127-07:00,37.42747328555611,-122.17260756866337,True,7c:ad:4f:67:6b:ae,-79.33333333333333,3,-96.0,3
db894c498775,15:30:48.709523,2026-05-08 15:30:48.709523-07:00,37.430232372556695,-122.17136909887655,False,54:33:c6:c6:64:52,-88.33333333333333,3,-96.0,3
db953c2c095f,15:30:40.707745,2026-05-08 15:30:40.707745-07:00,37.430237266296075,-122.17148191590276,False,54:33:c6:c6:64:52,-85.33333333333333,3,-96.0,3
dba8a7f2fc0a,14:30:02.752659,2026-05-02 14:30:02.752659-07:00,37.43020095233121,-122.1720245030254,True,a8:3a:79:c5:ca:d2,-56.0,3,,0
dbc0b4278fab,16:13:46.363550,2026-04-30 16:13:46.363550-07:00,37.42753280134024,-122.17290683997042,True,bc:26:c7:c3:91:2e,-73.66666666666667,3,-98.0,3
dbcd08db9980,16:05:26.565674,2026-05-01 16:05:26.565674-07:00,37.42851809265327,-122.17174692984568,False,a8:3a:79:c3:e1:a2,-71.66666666666667,3,-97.0,3
dbd6b134a8bd,17:31:37.663172,2026-05-11 17:31:37.663172-07:00,37.42733735073248,-122.16996664382926,False,00:3e:73:a2:97:f2,-82.66666666666667,3,-96.0,1
dbd86ba5bf31,15:35:24.107764,2026-05-08 15:35:24.107764-07:00,37.430579826526966,-122.17144844513687,True,cc:16:7e:b0:39:2e,-59.333333333333336,3,-97.0,3
dbe55fbb1bff,18:12:59.411500,2026-05-11 18:12:59.411500-07:00,37.42916647239609,-122.17321207107422,False,90:77:ee:88:1e:8e,-77.33333333333333,3,-97.0,3
dbe66f9607fc,15:46:01.719214,2026-04-30 15:46:01.719214-07:00,37.428349140614785,-122.1727990107569,True,5c:5a:c7:10:01:4e,-71.66666666666667,3,-95.0,3
dbe8981b9b00,17:59:44.476291,2026-05-11 17:59:44.476291-07:00,37.42824784607761,-122.17049818006882,False,08:4f:a9:3a:50:8e,-80.33333333333333,3,-96.0,3
dbf108503ad8,16:11:11.222433,2026-04-30 16:11:11.222433-07:00,37.427606728160185,-122.17302256638388,True,bc:26:c7:bc:92:2e,-71.66666666666667,3,-96.0,3
dc300a01499a,14:36:31.115418,2026-05-02 14:36:31.115418-07:00,37.430392370802245,-122.17213064673793,False,54:33:c6:c6:7a:82,-73.33333333333333,3,-96.66666666666669,3
dc3c1bc033a0,16:07:16.644093,2026-05-01 16:07:16.644093-07:00,37.42845131621095,-122.1714038334036,True,70:db:98:2c:f2:1e,-50.666666666666664,3,-98.0,3
dc4a550aeb59,17:21:45.255140,2026-05-11 17:21:45.255140-07:00,37.42733772671403,-122.17130246563735,False,04:cd:c0:06:b2:62,-73.33333333333333,3,-97.66666666666669,3
dc6a862545da,17:14:54.797221,2026-05-01 17:14:54.797221-07:00,37.42785055367529,-122.17008692434784,False,70:61:7b:d7:4c:ee,-91.0,3,-99.0,3
dc6bcd718f70,17:20:57.197154,2026-05-11 17:20:57.197154-07:00,37.42787120966366,-122.1712329488655,False,a8:3a:79:c8:96:22,-89.0,3,-92.0,3
dc79d38b6061,17:23:49.323832,2026-05-11 17:23:49.323832-07:00,37.427134734271206,-122.17092044173928,True,00:6b:f1:9c:40:2e,-54.666666666666664,3,-96.0,3
dc9b6dc99863,18:05:20.770042,2026-05-11 18:05:20.770042-07:00,37.42749555077435,-122.17377701423722,False,7c:ad:4f:75:2f:2e,-86.5,2,-97.0,2
dce3f57a8a60,17:38:10.088958,2026-05-11 17:38:10.088958-07:00,37.42740465840011,-122.16988097516976,False,a8:53:7d:8c:32:22,-91.33333333333331,3,-96.0,3
dce99c265856,16:01:06.376922,2026-05-01 16:01:06.376922-07:00,37.42932811789992,-122.17356403087516,True,a0:3d:6f:98:06:0d,-35.0,3,-95.0,3
dcfc702cf92c,16:11:31.239734,2026-04-30 16:11:31.239734-07:00,37.42751317424261,-122.1727710600829,True,bc:26:c7:c3:91:2e,-62.666666666666664,3,-97.0,3
dd09164c3385,15:26:03.176010,2026-05-08 15:26:03.176010-07:00,37.429828679299355,-122.17264120229906,True,a8:3a:79:c7:58:52,-74.0,3,-95.0,3
dd0c076e2395,14:52:11.760177,2026-05-01 14:52:11.760177-07:00,37.429092302175505,-122.17309084397584,True,50:1c:bf:d6:1e:90,-65.33333333333333,3,-89.0,3
dd5343d882df,14:56:46.644835,2026-05-02 14:56:46.644835-07:00,37.42946405708993,-122.17157973253512,False,40:ce:24:8d:61:ee,-90.66666666666669,3,-98.0,3
dd7ee84837e9,15:41:50.421810,2026-05-08 15:41:50.421810-07:00,37.429200042421634,-122.1701911628462,False,08:4f:a9:5b:b5:61,-91.0,3,-90.0,3
dd99a211665e,15:38:41.268958,2026-05-08 15:38:41.268958-07:00,37.42991498875903,-122.170768901303,False,failed to retrieve BSSID,,0,,0
ddb43306e035,15:26:31.199199,2026-05-08 15:26:31.199199-07:00,37.429685410428526,-122.17241727618536,False,a8:3a:79:c7:70:62,-61.333333333333336,3,-96.0,1
ddcf0fcd06a6,15:24:19.297855,2026-04-30 15:24:19.297855-07:00,37.42823335309984,-122.17219106803098,False,64:3a:ea:93:fc:0e,-69.33333333333333,3,-95.0,3
de006d47c1eb,17:29:05.549119,2026-05-11 17:29:05.549119-07:00,37.42729268770567,-122.17082534699476,False,04:cd:c0:06:b2:52,-77.0,3,-97.0,3
de0e97f3a174,15:48:59.635382,2026-05-08 15:48:59.635382-07:00,37.42953769183033,-122.16974005498408,False,a8:53:7d:96:65:35,-91.0,3,-97.0,3
de15a79ee1ff,18:03:56.698822,2026-05-11 18:03:56.698822-07:00,37.42736831665059,-122.17311785147012,False,70:70:8b:6a:fa:6e,-79.0,3,-96.0,3
de17db08c51d,15:38:21.194494,2026-05-08 15:38:21.194494-07:00,37.4300643306448,-122.1708059485019,False,54:33:c6:c6:7f:92,-90.33333333333331,3,-95.0,3
de3b8b889f76,16:04:26.514627,2026-05-01 16:04:26.514627-07:00,37.42888257618619,-122.17256629359152,False,5c:5a:c7:05:c0:ee,-61.666666666666664,3,-95.0,3
de42cf337ac2,14:51:56.758439,2026-05-01 14:51:56.758439-07:00,37.42911312052531,-122.17307171013422,True,3c:0e:23:7c:64:4f,-79.0,3,-92.0,3
deb5b301052f,17:29:37.582499,2026-05-11 17:29:37.582499-07:00,37.42740065847224,-122.17125543375504,False,04:cd:c0:06:b2:52,-69.0,3,-97.0,3
ded63557c3d0,14:54:48.464684,2026-05-01 14:54:48.464684-07:00,37.429330237108715,-122.17357608067373,True,f0:1d:2d:3f:48:a2,-58.666666666666664,3,-87.0,3
dee4423a755e,15:19:32.863658,2026-04-30 15:19:32.863658-07:00,37.4286377157219,-122.17225417501996,False,a8:3a:79:c3:e1:92,-73.33333333333333,3,-97.66666666666669,3
def37cd15ff4,17:45:50.485106,2026-05-11 17:45:50.485106-07:00,37.42783316160219,-122.17050156145716,False,failed to retrieve BSSID,,0,,0
df1289812b93,17:33:29.809507,2026-05-11 17:33:29.809507-07:00,37.42729011088362,-122.17024296321723,False,00:6b:f1:9c:23:fe,-78.0,3,-97.0,3
df2bbde67b95,15:27:27.251757,2026-05-08 15:27:27.251757-07:00,37.429850426356445,-122.1723402180775,True,a8:3a:79:c7:d2:52,-50.666666666666664,3,-98.0,3
df3ded01f9c1,16:00:16.323858,2026-05-01 16:00:16.323858-07:00,37.42932819726229,-122.17356424701975,True,a0:3d:6f:98:06:0d,-37.0,3,-97.0,3
df4a28affaf1,16:07:10.279819,2026-04-30 16:07:10.279819-07:00,37.42751287195386,-122.1726641023585,True,bc:26:c7:5d:13:ce,-61.666666666666664,3,-96.0,3
df50a981c42c,17:19:40.024913,2026-05-01 17:19:40.024913-07:00,37.4277109997163,-122.17128713544884,False,a8:53:7d:8c:32:42,-85.33333333333333,3,-94.0,3
df512bfbe5c9,17:54:01.879542,2026-05-11 17:54:01.879542-07:00,37.4277388675274,-122.17076035024944,False,a8:53:7d:8c:1b:12,-74.33333333333333,3,-95.0,3
df64ad773f7b,16:20:31.978226,2026-04-30 16:20:31.978226-07:00,37.42778953751918,-122.17276755136538,True,a8:3a:79:c7:53:d2,-56.333333333333336,3,-97.0,3
dffc2ef91de5,15:21:22.927022,2026-05-08 15:21:22.927022-07:00,37.42956211785483,-122.172480373214,False,54:33:c6:c6:73:62,-77.66666666666667,3,-97.0,3
dfff2f12e6f3,14:30:54.824194,2026-05-02 14:30:54.824194-07:00,37.430010893829554,-122.1718490405809,True,a8:3a:79:c5:84:12,-72.66666666666667,3,-97.0,3
e004a9337801,15:40:37.369608,2026-05-08 15:40:37.369608-07:00,37.42959518736728,-122.1705918929991,False,a0:b4:39:78:a6:ee,-92.0,3,-98.0,3
e01eec986f08,17:28:29.526760,2026-05-11 17:28:29.526760-07:00,37.42719711140867,-122.17033352123136,False,04:cd:c0:06:b2:52,-82.0,3,,0
e03c93026357,15:30:28.707156,2026-05-08 15:30:28.707156-07:00,37.43027578640092,-122.17168448786704,False,54:33:c6:c6:64:52,-66.66666666666667,3,-96.0,3
e049353e4234,17:16:49.888747,2026-05-01 17:16:49.888747-07:00,37.42812029533686,-122.17095096663998,True,7c:b6:8d:41:da:92,-77.66666666666667,3,-95.66666666666669,3
e057aa8390f2,17:22:05.262957,2026-05-11 17:22:05.262957-07:00,37.42724895242598,-122.1711921700527,True,00:5d:73:7d:b2:21,-60.333333333333336,3,-95.0,3
e094b7f5ac4c,14:52:01.757335,2026-05-01 14:52:01.757335-07:00,37.429092302175505,-122.17309084397584,True,3c:0e:23:7c:64:4f,-80.33333333333333,3,-95.0,3
e0d69ad4a3d2,16:21:37.166796,2026-04-30 16:21:37.166796-07:00,37.427839214974114,-122.17224600391958,False,a8:3a:79:c7:5d:92,-84.33333333333333,3,-96.0,3
e0d9ad05a76b,14:47:30.180086,2026-05-02 14:47:30.180086-07:00,37.429696936036585,-122.1723999481505,False,a8:3a:79:c7:7c:52,-63.0,3,-97.0,3
e0f8ce58357d,15:28:03.125627,2026-04-30 15:28:03.125627-07:00,37.42865514963113,-122.17268409773132,True,5c:5a:c7:10:01:4e,-50.333333333333336,3,-96.0,3
e0f9bd289f32,18:04:28.729142,2026-05-11 18:04:28.729142-07:00,37.42720022218022,-122.17346535725711,False,70:70:8b:33:87:ce,-77.0,3,-97.0,3
e10b51dd3c48,17:20:45.065507,2026-05-01 17:20:45.065507-07:00,37.42739387686634,-122.17167744488825,False,5c:5a:c7:23:c1:8e,-89.33333333333333,3,-98.0,3
e113615878bd,15:25:53.079127,2026-04-30 15:25:53.079127-07:00,37.42828296469506,-122.1729376518302,True,a8:3a:79:ca:fc:22,-67.0,3,-95.0,1
e11d94a1cd90,17:19:25.018267,2026-05-01 17:19:25.018267-07:00,37.42787425949696,-122.17122157604224,False,c8:78:67:72:78:d2,-78.33333333333333,3,-98.0,3
e15f91e76c4d,17:15:21.770242,2026-04-27 17:15:21.770242-07:00,37.428861892065086,-122.172248117888,False,bc:26:c7:5d:14:8e,-70.33333333333333,3,-97.0,3
e1647a05b78a,17:01:29.195630,2026-05-01 17:01:29.195630-07:00,37.428822036399566,-122.17100272954198,False,a0:b4:39:78:a6:ee,-66.0,3,-96.0,3
e1961b3a11dd,14:52:46.789834,2026-05-01 14:52:46.789834-07:00,37.429129941583525,-122.1730032908852,True,50:1c:bf:d6:51:00,-66.33333333333333,3,-90.0,2
e1a19b76542e,14:42:48.241375,2026-05-02 14:42:48.241375-07:00,37.43012869743561,-122.17341260664404,True,ee:9e:28:db:0c:ab,-70.0,3,-86.0,3
e1baed281f49,14:35:43.058217,2026-05-02 14:35:43.058217-07:00,37.43004174679264,-122.17225517467712,False,a8:3a:79:c7:82:52,-60.666666666666664,3,-97.0,3
e1c3c66f1b7b,17:10:59.602627,2026-05-01 17:10:59.602627-07:00,37.428308451280785,-122.16959133580224,True,bc:26:c7:6d:a2:ce,-67.0,3,-97.0,3
e1c42e2d79e9,14:50:59.166339,2026-05-01 14:50:59.166339-07:00,37.42917127784121,-122.17265931938311,False,c8:78:67:36:40:52,-61.666666666666664,3,-98.0,3
e1dcb57528f3,14:40:12.088475,2026-05-02 14:40:12.088475-07:00,37.429969923108494,-122.17343882491124,True,ee:9e:38:db:0c:ab,-74.66666666666667,3,-99.0,3
e1fea1c28db8,17:10:49.624668,2026-05-01 17:10:49.624668-07:00,37.428342334751704,-122.16956800934668,True,bc:26:c7:6d:a2:ce,-66.33333333333333,3,,0
e24c7f6e4826,17:34:41.858669,2026-05-11 17:34:41.858669-07:00,37.42741363539098,-122.17107976112544,False,00:a7:42:d0:98:4e,-74.33333333333333,3,-97.0,3
e27af31a156e,17:18:04.973475,2026-05-01 17:18:04.973475-07:00,37.428068662456056,-122.17105039220888,False,70:90:41:6b:d5:52,-75.33333333333333,3,-96.0,3
e28e6afcce2f,16:04:21.568053,2026-05-01 16:04:21.568053-07:00,37.42891652816552,-122.1725776447104,False,5c:5a:c7:05:c0:ee,-66.0,3,-95.0,3
e2a3145e24cd,17:19:08.329113,2026-04-27 17:19:08.329113-07:00,37.42898017063234,-122.17201602526517,True,a8:3a:79:c7:75:12,-57.333333333333336,3,,0
e2d78c30bbdf,16:12:51.304186,2026-04-30 16:12:51.304186-07:00,37.42746548413967,-122.17270746639822,True,bc:26:c7:5d:13:ce,-39.333333333333336,3,-94.0,3
e2d942d295d6,15:18:42.818121,2026-04-30 15:18:42.818121-07:00,37.42874195633853,-122.17283762176903,False,5c:5a:c7:05:c0:ee,-82.0,3,-95.0,3
e2eec8ec306e,17:13:29.735710,2026-05-01 17:13:29.735710-07:00,37.42802325200181,-122.16978535803244,False,a8:53:7d:96:6f:95,-90.66666666666669,3,,0
e2f7f6c5eb3a,16:01:46.421075,2026-05-01 16:01:46.421075-07:00,37.42932814374468,-122.17356403713168,True,a0:3d:6f:98:06:0d,-65.33333333333333,3,-97.0,3
e30b1883f597,17:13:04.711903,2026-05-01 17:13:04.711903-07:00,37.428271693384055,-122.16973276559696,False,bc:26:c7:5b:83:0e,-76.0,3,-95.0,3
e326d7d3f8a1,14:53:06.785117,2026-05-01 14:53:06.785117-07:00,37.42913094793188,-122.17302127205848,True,50:1c:bf:d6:51:00,-50.0,3,-91.0,3
e3432afb8f9b,15:50:22.659878,2026-04-30 15:50:22.659878-07:00,37.42803953875596,-122.17310589727576,False,3c:51:0e:f9:93:8e,-70.66666666666667,3,-96.0,3
e343c01ec006,17:36:58.014013,2026-05-11 17:36:58.014013-07:00,37.42751867976091,-122.17050400110575,False,64:3a:ea:93:ec:6e,-76.66666666666667,3,-97.0,3
e36087dfaaf3,15:18:47.835530,2026-04-30 15:18:47.835530-07:00,37.42873537337282,-122.17281115088296,False,a8:3a:79:c3:e1:92,-82.0,3,,0
e36f8fb798b6,16:02:31.436578,2026-05-01 16:02:31.436578-07:00,37.42924573395267,-122.17344854778166,False,78:f1:c6:6e:30:8d,-69.33333333333333,3,-95.0,2
e39aab0f46ba,15:48:02.510992,2026-04-30 15:48:02.510992-07:00,37.42772937382846,-122.1723574731296,False,64:3a:ea:93:ec:6e,-73.33333333333333,3,-98.0,3
e3b44fa31c7d,17:54:09.874123,2026-05-11 17:54:09.874123-07:00,37.42783961005973,-122.17085200645477,False,a8:53:7d:8c:1b:12,-71.33333333333333,3,-95.0,3
e3ea8776fe8a,17:03:49.304491,2026-05-01 17:03:49.304491-07:00,37.428725853692264,-122.1707941212718,True,a0:b4:39:d2:19:2e,-66.66666666666667,3,-98.0,3
e41fb7dd2856,15:41:25.703432,2026-04-30 15:41:25.703432-07:00,37.42863537035117,-122.17258442625578,True,5c:5a:c7:0c:88:4e,-67.33333333333333,3,-96.0,3
e4268575ac7a,17:41:58.279505,2026-05-11 17:41:58.279505-07:00,37.42779586679389,-122.17110294950524,False,a8:53:7d:8c:1b:12,-65.33333333333333,3,-97.0,3
e45bbe9693f1,16:00:06.338666,2026-05-01 16:00:06.338666-07:00,37.4293284952341,-122.17356594703938,True,a0:3d:6f:98:06:0d,-37.0,3,-97.0,3
e45cef8159d8,15:33:01.483504,2026-04-30 15:33:01.483504-07:00,37.42863802486454,-122.1726605351893,True,78:bc:1a:32:ba:8e,-75.0,3,-97.0,3
e45f1dad63d6,14:36:39.126750,2026-05-02 14:36:39.126750-07:00,37.43043726510639,-122.1722763221986,False,a8:3a:79:c7:c9:92,-65.33333333333333,3,,0
e4600c838f5d,17:11:17.500943,2026-04-27 17:11:17.500943-07:00,37.42899199963657,-122.171905703062,True,a8:3a:79:c7:75:12,-45.0,3,-97.0,3
e4631b295712,17:25:05.496288,2026-05-11 17:25:05.496288-07:00,37.42715504149007,-122.17047275254338,False,1c:6a:7a:83:2a:4e,-60.0,3,-96.0,3
e46679c61da2,15:22:55.008189,2026-05-08 15:22:55.008189-07:00,37.429943103632624,-122.17274147111895,False,a8:3a:79:c7:d9:52,-59.0,3,,0
e46ab8a3536a,14:42:04.178427,2026-05-02 14:42:04.178427-07:00,37.430171861159025,-122.17367673516242,True,f6:cb:bc:8e:80:be,-84.0,3,-91.0,3
e46bcecc04d0,17:20:05.150285,2026-05-11 17:20:05.150285-07:00,37.428126453492474,-122.1715394027248,False,64:3a:ea:93:fc:0e,-76.66666666666667,3,-96.66666666666669,3
e479de4f61bf,17:25:29.411314,2026-05-11 17:25:29.411314-07:00,37.42714794690782,-122.17046148991312,False,1c:6a:7a:83:2a:4e,-63.0,3,-98.0,3
e4826a9e46a3,15:41:37.717227,2026-04-30 15:41:37.717227-07:00,37.42868437203772,-122.17276645922458,True,5c:5a:c7:0c:88:4e,-73.33333333333333,3,-96.0,3
e4851e4bc1f3,14:36:19.095060,2026-05-02 14:36:19.095060-07:00,37.43018995547024,-122.17218463690782,False,a8:3a:79:c7:82:52,-71.0,3,-97.0,3
e48b628cc61d,17:34:21.839167,2026-05-11 17:34:21.839167-07:00,37.42746177443346,-122.17081152164866,False,a8:53:7d:8c:32:42,-70.66666666666667,3,-97.0,3
e4ceb8c03477,18:04:24.722984,2026-05-11 18:04:24.722984-07:00,37.42723955713609,-122.17346075455691,False,70:70:8b:33:87:ce,-69.0,3,-97.0,1
e4d92d481cca,16:18:26.884443,2026-04-30 16:18:26.884443-07:00,37.42775569472808,-122.17292377015576,True,a8:3a:79:c7:47:52,-63.333333333333336,3,-97.0,3
e4eb8a10dd17,15:22:18.977141,2026-05-08 15:22:18.977141-07:00,37.429819485341994,-122.17260462155352,True,a8:3a:79:c7:58:52,-51.0,3,-95.0,3
e4ef35c13cfb,17:31:29.671536,2026-05-11 17:31:29.671536-07:00,37.42738253106292,-122.17009688555004,False,failed to retrieve BSSID,,0,,0
e4fdba162aea,16:16:08.445904,2026-04-30 16:16:08.445904-07:00,37.42753378130649,-122.17240490911666,False,64:3a:ea:93:fc:0e,-78.0,3,-96.0,3
e5028b83bb0a,17:25:00.249974,2026-05-01 17:25:00.249974-07:00,37.42841451092319,-122.17158427138271,False,70:db:98:33:49:7e,-55.666666666666664,3,-97.0,3
e517dbfe182c,14:43:52.306058,2026-05-02 14:43:52.306058-07:00,37.430006807567395,-122.17316920912772,True,a8:3a:79:c6:23:92,-76.66666666666667,3,,0
e51c96f51d45,17:14:09.764790,2026-05-01 17:14:09.764790-07:00,37.42775118956981,-122.16965798957555,False,70:70:8b:97:36:ae,-85.66666666666667,3,,0
e5323e829b9d,17:19:53.377243,2026-04-27 17:19:53.377243-07:00,37.428812794744275,-122.17210332903932,True,a8:3a:79:c3:7d:52,-43.666666666666664,3,-96.0,3
e54aa6476e2a,14:26:54.620875,2026-05-02 14:26:54.620875-07:00,37.43013602677969,-122.17161199351249,True,a8:3a:79:c5:74:92,-77.33333333333333,3,-98.0,3
e570e2cb3e40,15:27:53.156158,2026-04-30 15:27:53.156158-07:00,37.428586194718555,-122.17270957248488,True,5c:5a:c7:10:01:4e,-55.0,3,-95.0,3
e5c01d433484,17:32:57.734019,2026-05-11 17:32:57.734019-07:00,37.42724238719654,-122.16981633626816,False,a8:3a:79:c5:9f:52,-81.66666666666667,3,-97.0,3
e639088383a8,17:19:18.342368,2026-04-27 17:19:18.342368-07:00,37.428873271567895,-122.17208138937352,True,a8:3a:79:c7:75:12,-68.33333333333333,3,,0
e6491a0a202c,14:31:22.833857,2026-05-02 14:31:22.833857-07:00,37.42996893675881,-122.17180391502208,True,a8:3a:79:58:c4:d2,-66.33333333333333,3,-96.33333333333331,3
e6550d96f60f,16:04:11.513927,2026-05-01 16:04:11.513927-07:00,37.42919420643146,-122.17263564337036,False,c8:78:67:36:40:52,-73.33333333333333,3,-96.0,3
e65e5cfab545,14:49:06.269704,2026-05-02 14:49:06.269704-07:00,37.4301049606271,-122.1728286273888,False,a8:3a:79:c7:d9:52,-67.66666666666667,3,-97.0,3
e66d8412b15b,14:33:10.935129,2026-05-02 14:33:10.935129-07:00,37.43006724885107,-122.17198640394746,True,a8:3a:79:c7:cd:52,-67.33333333333333,3,-97.0,3
e6923c6d9a07,15:37:37.178223,2026-05-08 15:37:37.178223-07:00,37.43048425377248,-122.1709311104044,False,00:f6:63:dd:61:c1,-82.0,3,-97.0,3
e69b6335b062,17:22:45.123689,2026-05-01 17:22:45.123689-07:00,37.42753351005442,-122.17175450174128,True,5c:5a:c7:1e:39:4e,-60.0,3,,0
e69b9bace6d5,17:28:21.518306,2026-05-11 17:28:21.518306-07:00,37.42721641340125,-122.17029816948086,False,a8:53:7d:8c:1b:12,-87.0,3,-97.0,3
e6b0891d2c86,18:06:00.817347,2026-05-11 18:06:00.817347-07:00,37.42778649681365,-122.17384938897833,False,a8:3a:79:7d:a7:52,-79.0,3,-95.0,1
e6c572840c2d,14:26:30.598947,2026-05-02 14:26:30.598947-07:00,37.430077869250425,-122.17144847853396,True,a8:3a:79:c5:74:92,-57.0,3,-98.0,3
e6e7f4252af4,14:45:06.062038,2026-05-02 14:45:06.062038-07:00,37.43025172216919,-122.172843493265,False,90:77:ee:88:1e:8e,-64.0,3,-97.0,3
e70a8a74f709,14:50:02.315760,2026-05-02 14:50:02.315760-07:00,37.42967348060385,-122.1724399393988,False,a8:3a:79:c7:7c:52,-77.66666666666667,3,-97.0,3
e727414f0434,16:12:11.266012,2026-04-30 16:12:11.266012-07:00,37.427389254042886,-122.17297740400112,True,50:2f:a8:d3:57:0e,-75.66666666666667,3,-97.0,3
e727a29b49e9,15:26:23.207516,2026-05-08 15:26:23.207516-07:00,37.429772630253154,-122.17280840958595,False,a8:3a:79:c7:70:62,-67.0,3,-96.66666666666669,3
e7568f2e7f23,15:39:45.604058,2026-04-30 15:39:45.604058-07:00,37.42831720081997,-122.17281536595902,True,a8:3a:79:d3:d9:92,-60.0,3,-98.0,3
e75903f7f489,16:08:10.329135,2026-04-30 16:08:10.329135-07:00,37.42747368845512,-122.17317071529278,True,50:2f:a8:d3:57:0e,-73.0,3,-96.0,3
e7c942c90149,17:05:34.417439,2026-05-01 17:05:34.417439-07:00,37.428537309488995,-122.17046922055482,True,08:4f:a9:30:6b:ae,-60.666666666666664,3,-98.0,3
e7dbc15b9256,14:43:32.268362,2026-05-02 14:43:32.268362-07:00,37.43034928472552,-122.1733180056618,True,ee:9e:28:db:0c:ab,-75.66666666666667,3,-91.0,3
e7f90e0fa7ad,17:20:21.178294,2026-05-11 17:20:21.178294-07:00,37.428077270552656,-122.17133854520594,False,70:90:41:5e:cd:62,-79.66666666666667,3,-91.0,3
e80029b6179e,17:24:41.350927,2026-05-11 17:24:41.350927-07:00,37.42715260800748,-122.17046661722618,False,1c:6a:7a:83:2a:4e,-58.0,3,-94.0,3
e83ce965196f,14:43:36.275065,2026-05-02 14:43:36.275065-07:00,37.43034928472552,-122.1733180056618,True,ee:9e:28:db:0c:ab,-72.0,3,-91.0,3
e84707b4bc92,17:49:57.670413,2026-05-11 17:49:57.670413-07:00,37.42796218396138,-122.17109536344395,False,c8:78:67:72:72:12,-74.66666666666667,3,-95.0,2
e84e60a16833,15:44:09.623657,2026-04-30 15:44:09.623657-07:00,37.428558540077425,-122.17272580242968,True,5c:5a:c7:10:01:4e,-41.0,3,-94.0,3
e859b6707ecb,15:23:49.262464,2026-04-30 15:23:49.262464-07:00,37.42836382327523,-122.17215285956924,False,5c:5a:c7:10:01:ce,-72.66666666666667,3,-98.0,3
e861b2a33035,17:02:44.272690,2026-05-01 17:02:44.272690-07:00,37.4283811323398,-122.1709002273232,True,a0:b4:39:80:a7:6e,-48.666666666666664,3,-98.0,3
e865ef51beef,17:15:06.751905,2026-04-27 17:15:06.751905-07:00,37.42889977706693,-122.1722832853922,False,bc:26:c7:5d:14:8e,-82.33333333333333,3,-97.0,2
e86638cfdf56,15:31:16.749253,2026-05-08 15:31:16.749253-07:00,37.43049909016833,-122.17134767215846,False,00:f6:63:e6:50:d1,-80.66666666666667,3,-94.0,3
e88969474886,17:31:33.673518,2026-05-11 17:31:33.673518-07:00,37.42737802593043,-122.17005132287277,False,failed to retrieve BSSID,-82.0,2,,0
e899f5dbd7f8,14:58:06.943099,2026-05-02 14:58:06.943099-07:00,37.429131581271896,-122.17180835772982,False,a8:3a:79:ca:fc:52,-84.33333333333333,3,,0
e8a2ce45412a,17:15:04.789950,2026-05-01 17:15:04.789950-07:00,37.427865830595536,-122.17028073239416,False,70:61:7b:d7:4c:ee,-92.0,3,-99.0,3
e8a5891cfbd1,18:02:20.602137,2026-05-11 18:02:20.602137-07:00,37.42760494354378,-122.17219497874092,False,64:3a:ea:93:ec:6e,-65.0,3,-97.0,3
e8de5748577d,17:51:57.775827,2026-05-11 17:51:57.775827-07:00,37.42759313853002,-122.16943930379226,False,c8:78:67:6e:a1:12,-78.0,3,-94.0,1
e8e7d510ee77,17:20:20.034165,2026-05-01 17:20:20.034165-07:00,37.42739454270181,-122.17140427439156,False,04:cd:c0:06:b2:52,-67.0,3,-95.0,3
e90a7451662e,16:19:11.926658,2026-04-30 16:19:11.926658-07:00,37.42782290458163,-122.17286933325089,True,a8:3a:79:c9:b3:52,-67.0,3,-98.0,3
e91b0f17c933,15:51:31.750425,2026-05-08 15:51:31.750425-07:00,37.429363641601206,-122.1714199698787,False,a0:b4:39:78:b1:ee,-88.66666666666667,3,-98.0,3
e94536a263f9,17:58:16.394383,2026-05-11 17:58:16.394383-07:00,37.42803910089049,-122.16956411965732,False,bc:26:c7:62:df:ce,-75.66666666666667,3,-95.5,2
e952fba38065,17:18:16.953691,2026-04-27 17:18:16.953691-07:00,37.42902129404358,-122.17191496114896,False,a8:3a:79:c7:75:12,-82.66666666666667,3,,0
e96319e02329,14:42:24.207855,2026-05-02 14:42:24.207855-07:00,37.430154912865326,-122.1736022996331,True,f6:cb:bc:8e:80:be,-86.0,3,-93.0,3
e96ac8cbc4a2,14:51:21.722295,2026-05-01 14:51:21.722295-07:00,37.42916225419393,-122.17293073442234,True,c8:78:67:36:40:62,-84.33333333333333,3,-91.0,3
e98d8411cf3d,17:23:45.182129,2026-05-01 17:23:45.182129-07:00,37.42790640610326,-122.17175264295572,False,64:3a:ea:93:fc:0e,-79.66666666666667,3,-96.0,3
e9a9af174470,15:41:01.660860,2026-04-30 15:41:01.660860-07:00,37.42856005180174,-122.17224202042188,True,5c:5a:c7:0c:84:8e,-74.33333333333333,3,-97.0,3
e9b8d98d5e3c,18:13:35.437958,2026-05-11 18:13:35.437958-07:00,37.429546248971306,-122.17297183364172,False,90:77:ee:88:1e:8e,-78.0,3,-97.0,3
e9c3fb45e0a1,16:13:31.363492,2026-04-30 16:13:31.363492-07:00,37.42752590795094,-122.17285404116993,True,bc:26:c7:5d:13:ce,-62.666666666666664,3,-94.0,3
e9dbaad13801,14:53:54.961251,2026-05-01 14:53:54.961251-07:00,37.42906680469828,-122.17319202043628,False,a0:3d:6f:9a:c1:42,-80.33333333333333,3,,0
e9e2429e4bc6,17:35:45.960964,2026-05-11 17:35:45.960964-07:00,37.42754236389361,-122.17062037710626,False,failed to retrieve BSSID,,0,,0
ea29d40af5ec,17:26:21.431664,2026-05-11 17:26:21.431664-07:00,37.42708297720347,-122.1701279738092,False,00:6b:f1:9c:23:fe,-79.0,3,-97.0,3
ea2ade4e21d0,17:44:02.355324,2026-05-11 17:44:02.355324-07:00,37.42738094887782,-122.16957882320186,False,a8:3a:79:c5:a1:22,-84.0,3,-98.0,3
ea2bc2664124,14:32:46.908251,2026-05-02 14:32:46.908251-07:00,37.43002008822068,-122.17211188632324,True,a8:3a:79:ca:fb:12,-57.333333333333336,3,-95.0,3
ea3a6af191aa,18:00:24.515414,2026-05-11 18:00:24.515414-07:00,37.42829338779519,-122.1709661878578,False,a0:b4:39:b4:0b:ce,-83.0,3,-96.0,2
ea45791df1a6,14:49:26.300220,2026-05-02 14:49:26.300220-07:00,37.43001089891556,-122.17314086818072,False,a8:3a:79:c7:d9:52,-75.33333333333333,3,-97.0,3
ea58296eb50b,17:26:01.440045,2026-05-11 17:26:01.440045-07:00,37.42711865880629,-122.1703105489488,False,70:90:41:6d:35:d2,-86.0,3,-97.0,2
ea5cbaae3bdc,17:21:10.066641,2026-05-01 17:21:10.066641-07:00,37.42748483967233,-122.17188047118124,False,64:3a:ea:93:fc:0e,-77.33333333333333,3,-95.66666666666669,3
ea5cf628573d,14:46:54.171387,2026-05-02 14:46:54.171387-07:00,37.42977044895713,-122.172195915044,False,a8:3a:79:c7:7c:52,-63.666666666666664,3,-96.66666666666669,3
ea66d951ca35,15:23:39.041699,2026-05-08 15:23:39.041699-07:00,37.43021294463176,-122.17257369976872,True,a8:3a:79:c7:d9:52,-58.0,3,-96.0,3
ea67c3ee8f82,18:00:52.507821,2026-05-11 18:00:52.507821-07:00,37.42826098730701,-122.1713773242352,False,a0:b4:39:78:bb:ce,-80.66666666666667,3,-96.0,3
eabc7c87b361,15:48:18.526832,2026-04-30 15:48:18.526832-07:00,37.427586255822646,-122.1723970241547,False,64:3a:ea:93:ec:6e,-76.66666666666667,3,-98.0,3
ead4a50607f2,15:25:28.007572,2026-04-30 15:25:28.007572-07:00,37.42817823711168,-122.17252780328256,True,a8:3a:79:d4:30:e2,-65.66666666666667,3,-95.66666666666669,3
eadc571f6a6d,14:26:14.586893,2026-05-02 14:26:14.586893-07:00,37.43003588430168,-122.17147652099612,True,a8:3a:79:c5:74:92,-60.666666666666664,3,-98.0,3
eaeae7197c36,18:13:55.458558,2026-05-11 18:13:55.458558-07:00,37.42958880046127,-122.1726879431762,False,54:33:c6:b6:47:82,-79.66666666666667,3,-94.0,3
eb03aa11ef72,16:23:17.250104,2026-04-30 16:23:17.250104-07:00,37.42850533174708,-122.1720783546184,False,a8:3a:79:c3:e1:92,-71.0,3,,0
eb0f2d45f0fd,15:38:25.225348,2026-05-08 15:38:25.225348-07:00,37.430039826084574,-122.17079363507108,False,54:33:c6:c6:7f:92,-90.66666666666669,3,-95.0,3
eb14b209729a,17:19:09.980603,2026-05-01 17:19:09.980603-07:00,37.42789828201056,-122.17132847415124,True,c8:78:67:72:6f:52,-82.66666666666667,3,-97.0,3
eb529e1c8dea,17:17:16.893446,2026-04-27 17:17:16.893446-07:00,37.428801970685825,-122.1719441108603,False,a8:3a:79:c3:d1:92,-79.33333333333333,3,-96.0,1
eb5ca8103065,14:49:58.307435,2026-05-02 14:49:58.307435-07:00,37.42968228123795,-122.172489901254,False,a8:3a:79:c7:7c:52,-71.0,3,-97.0,3
eb7592a5686c,14:37:11.146806,2026-05-02 14:37:11.146806-07:00,37.430537883050576,-122.1726390584334,False,a8:3a:79:c7:b2:d2,-54.0,3,-95.0,3
eb912c5d5315,17:19:05.082427,2026-05-11 17:19:05.082427-07:00,37.42865787634491,-122.17201531164775,False,a8:3a:79:c3:e1:92,-73.33333333333333,3,,0
ec02dd4e7ef2,17:09:39.567203,2026-05-01 17:09:39.567203-07:00,37.42851120862691,-122.16960699239324,False,bc:26:c7:5b:83:0e,-89.0,3,-96.0,3
ec034dd9dca4,17:55:05.898435,2026-05-11 17:55:05.898435-07:00,37.42787590694244,-122.17034850219557,False,a8:3a:79:c8:84:92,-87.0,3,-95.0,3
ec16ffd7cee7,17:23:57.322004,2026-05-11 17:23:57.322004-07:00,37.42716316798819,-122.17077179949302,True,00:6b:f1:9c:40:2e,-73.33333333333333,3,-97.0,3
ec58fcef7638,15:42:21.762384,2026-04-30 15:42:21.762384-07:00,37.42865731194847,-122.17268024588368,True,5c:5a:c7:0c:88:4e,-71.33333333333333,3,-96.0,3
ecb555aaa6ca,15:42:09.736677,2026-04-30 15:42:09.736677-07:00,37.4286775299191,-122.17277996310098,True,5c:5a:c7:27:f0:ee,-67.0,3,-97.0,3
ecb5e3cd8fee,14:23:46.474531,2026-05-02 14:23:46.474531-07:00,37.42976842136336,-122.17180461311152,False,54:33:c6:b6:45:b2,-67.66666666666667,3,-96.0,3
ecbdc849a5f3,17:42:30.308185,2026-05-11 17:42:30.308185-07:00,37.42771966379724,-122.17072257273026,False,a8:53:7d:8c:32:42,-68.0,3,-91.0,3
ecece00a983c,14:54:09.947552,2026-05-01 14:54:09.947552-07:00,37.429084234171846,-122.17318788952538,False,a0:3d:6f:9a:c1:42,-77.0,3,-88.0,3
ecf8a88bfa24,16:02:06.419742,2026-05-01 16:02:06.419742-07:00,37.429325905598155,-122.17351944624696,True,a0:3d:6f:98:06:0d,-59.0,3,-97.0,3
ed0cce45b38d,15:40:25.642181,2026-04-30 15:40:25.642181-07:00,37.42857886506432,-122.17272740700628,True,78:bc:1a:2f:fa:ce,-72.66666666666667,3,-96.0,3
ed4f2b5cf9bf,14:31:14.827293,2026-05-02 14:31:14.827293-07:00,37.429959811128896,-122.17180534426824,True,a8:3a:79:c8:98:52,-73.33333333333333,3,-95.33333333333331,3
ed64fb265761,17:22:30.111464,2026-05-01 17:22:30.111464-07:00,37.427576381762194,-122.17169705369815,True,5c:5a:c7:0a:cd:ae,-61.333333333333336,3,,0
ed7db1354fdf,15:21:58.930060,2026-05-08 15:21:58.930060-07:00,37.429796989183586,-122.17248206061936,True,a8:3a:79:c7:d2:52,-73.0,3,,0
edbb3374d0d7,16:11:51.239901,2026-04-30 16:11:51.239901-07:00,37.42761654494029,-122.1732310339992,True,50:2f:a8:d3:57:0e,-57.333333333333336,3,-96.66666666666669,3
edcaab60ab87,17:52:49.810749,2026-05-11 17:52:49.810749-07:00,37.42758572689165,-122.16982477035164,False,a8:53:7d:8c:32:42,-80.33333333333333,3,,0
edd369e1f50c,14:27:18.654630,2026-05-02 14:27:18.654630-07:00,37.42998543552306,-122.17177674249491,True,a8:3a:79:c5:72:92,-75.66666666666667,3,-97.0,3
ee18ddceecd9,15:45:49.706717,2026-04-30 15:45:49.706717-07:00,37.42850654734049,-122.17274985303628,True,5c:5a:c7:10:01:4e,-64.66666666666667,3,-95.0,3
ee23df81adfd,17:04:19.358938,2026-05-01 17:04:19.358938-07:00,37.428760175005934,-122.17066947244192,False,a0:b4:39:80:a9:8e,-80.0,3,-95.66666666666669,3
ee667ff708c3,17:43:54.376357,2026-05-11 17:43:54.376357-07:00,37.42745625515771,-122.16968048143386,False,a0:3d:6f:89:36:2e,-84.0,3,-95.66666666666669,3
ee9e1d025eda,14:38:55.238020,2026-05-02 14:38:55.238020-07:00,37.4301086559748,-122.17321165184843,True,a8:3a:79:c7:b2:d2,-88.33333333333333,3,-96.0,3
eea8379be719,15:31:04.738478,2026-05-08 15:31:04.738478-07:00,37.430404047061025,-122.17126745852646,False,00:f6:63:e6:50:d1,-76.0,3,,0
eec5d19ef302,18:03:36.674959,2026-05-11 18:03:36.674959-07:00,37.42731231669682,-122.1728343754723,False,bc:26:c7:40:46:8e,-74.66666666666667,3,-97.0,3
ef01aa4589e6,14:57:42.906456,2026-05-02 14:57:42.906456-07:00,37.42939613601683,-122.17170156257862,False,54:33:c6:b6:47:62,-84.66666666666667,3,-96.0,3
ef301169f834,16:02:51.450123,2026-05-01 16:02:51.450123-07:00,37.42922715737176,-122.17338764269846,False,a0:3d:6f:98:06:0d,-84.0,3,-98.0,3
ef8e8cacfa2a,15:32:33.483296,2026-04-30 15:32:33.483296-07:00,37.42864207779415,-122.172561694787,True,78:bc:1a:32:ba:8e,-75.33333333333333,3,-97.0,3
ef8f7de350ef,15:35:41.654236,2026-04-30 15:35:41.654236-07:00,37.42820535265057,-122.17256108243302,True,a8:3a:79:ca:fc:22,-74.33333333333333,3,-95.0,3
ef94ec6c4eeb,15:39:29.282327,2026-05-08 15:39:29.282327-07:00,37.42970072535471,-122.1709411046942,False,failed to retrieve BSSID,,0,,0
ef96659549e4,15:18:02.800218,2026-04-30 15:18:02.800218-07:00,37.42869247837768,-122.17238091618935,False,a8:3a:79:c4:8b:52,-76.33333333333333,3,-97.0,3
ef9b45d3e7ec,17:53:57.871067,2026-05-11 17:53:57.871067-07:00,37.42770995852259,-122.17073131225486,False,a8:3a:79:c8:82:d2,-92.0,3,-97.0,3
efa3499b2103,18:01:48.568775,2026-05-11 18:01:48.568775-07:00,37.42794039736576,-122.1720363937553,False,64:3a:ea:93:ec:6e,-61.666666666666664,3,-96.0,3
efa9568bf9ae,18:01:08.549927,2026-05-11 18:01:08.549927-07:00,37.42820303241382,-122.1715957733144,False,64:3a:ea:93:ec:6e,-69.0,3,-95.0,3
efb0792b3a5d,17:35:13.921250,2026-05-11 17:35:13.921250-07:00,37.42762898450006,-122.17104977182446,False,70:90:41:6b:d5:52,-89.0,3,-96.33333333333331,3
efc280838d8b,14:47:34.195376,2026-05-02 14:47:34.195376-07:00,37.429696936036585,-122.1723999481505,False,a8:3a:79:c7:7c:52,-63.333333333333336,3,-97.0,3
efc8a2720e6b,16:06:01.568953,2026-05-01 16:06:01.568953-07:00,37.42862398744035,-122.17155808792998,False,40:ce:24:a8:d1:2e,-76.0,3,-97.0,2
efe23d425ab9,17:04:54.378435,2026-05-01 17:04:54.378435-07:00,37.42872377268138,-122.17045748508929,False,bc:26:c7:71:89:ae,-58.0,3,-95.0,1
efed454654f3,14:58:42.974897,2026-05-02 14:58:42.974897-07:00,37.42896802995273,-122.17206262341064,True,a8:3a:79:c7:75:12,-47.666666666666664,3,-97.0,3
f08412f1e0cf,16:15:06.405224,2026-04-30 16:15:06.405224-07:00,37.427379722494855,-122.17285378899226,True,bc:26:c7:55:c7:ee,-61.0,3,-94.66666666666669,3
f092b4e7a919,15:45:37.712299,2026-04-30 15:45:37.712299-07:00,37.428526253493864,-122.17272381913816,True,5c:5a:c7:10:01:4e,-62.666666666666664,3,-94.0,3
f0daf6ef6784,16:14:46.407775,2026-04-30 16:14:46.407775-07:00,37.427610550802726,-122.17314024345784,True,50:2f:a8:d3:57:0e,-72.66666666666667,3,-95.0,3
f0dc395b1aff,17:38:38.105151,2026-05-11 17:38:38.105151-07:00,37.42732917951397,-122.16952271702606,False,a0:3d:6f:89:36:2e,-90.0,3,-97.0,3
f0e9dc4976f2,15:41:46.415088,2026-05-08 15:41:46.415088-07:00,37.42922035282877,-122.17021847649008,False,a0:b4:39:78:aa:6e,-89.0,3,-97.0,1
f0f97566e98b,15:33:29.533692,2026-04-30 15:33:29.533692-07:00,37.42863974091173,-122.17253106842152,True,5c:5a:c7:10:19:0e,-75.33333333333333,3,-97.0,3
f10584d37cd5,17:20:18.391141,2026-04-27 17:20:18.391141-07:00,37.42886555448252,-122.17217151307942,True,a8:3a:79:c3:7d:52,-74.0,3,-97.0,3
f133a022c484,17:18:44.986045,2026-05-01 17:18:44.986045-07:00,37.42801162710104,-122.17118823002014,True,a8:3a:79:d2:61:e2,-43.0,3,-90.0,3
f13ade5f000f,14:41:48.186430,2026-05-02 14:41:48.186430-07:00,37.430190984063856,-122.17376102226312,True,f6:cb:bc:8e:80:be,-74.0,3,-90.0,3
f14be0e3f2a6,14:38:11.189346,2026-05-02 14:38:11.189346-07:00,37.43027282086292,-122.1729830174558,False,a8:3a:79:c7:b2:d2,-74.0,3,-96.0,3
f16ff697acbe,17:15:54.846531,2026-05-01 17:15:54.846531-07:00,37.42796261937311,-122.17066851693662,False,a8:3a:79:c8:86:92,-79.0,3,,0
f1a5f2f2c8a9,17:12:16.608213,2026-04-27 17:12:16.608213-07:00,37.42905260436339,-122.1718079819594,False,a8:3a:79:c4:86:a2,-81.33333333333333,3,-93.0,2
f1adf8b7cfd9,14:41:00.155452,2026-05-02 14:41:00.155452-07:00,37.430010701833055,-122.17367818653128,True,f6:cb:bc:8e:80:be,-74.0,3,-91.0,3
f1bed38a647a,17:39:14.147031,2026-05-11 17:39:14.147031-07:00,37.42753324016123,-122.16941930567816,False,a0:3d:6f:89:36:2e,-76.66666666666667,3,-97.0,3
f1ce0c134365,17:04:14.348209,2026-05-01 17:04:14.348209-07:00,37.428760175005934,-122.17066947244192,False,a0:b4:39:80:a9:8e,-72.66666666666667,3,-95.0,3
f202464d007d,17:30:17.605886,2026-05-11 17:30:17.605886-07:00,37.42758164510527,-122.17099089697876,False,a8:53:7d:8c:1b:12,-85.33333333333333,3,-96.0,3
f23ca5e5b0b2,18:09:59.211506,2026-05-11 18:09:59.211506-07:00,37.428013076193736,-122.17360888923407,False,3c:51:0e:f9:93:8e,-68.33333333333333,3,-92.0,3
f26548543fbf,16:18:41.881070,2026-04-30 16:18:41.881070-07:00,37.427809222312376,-122.17289883700631,True,a8:3a:79:c7:47:52,-72.33333333333333,3,-97.0,1
f266e73df72c,16:02:41.438521,2026-05-01 16:02:41.438521-07:00,37.42925765313625,-122.17351628202796,False,a0:3d:6f:98:06:0d,-76.0,3,-97.0,3
f274d0a88722,17:51:25.755531,2026-05-11 17:51:25.755531-07:00,37.42770168149693,-122.16987561620984,False,70:61:7b:d7:4c:ee,-73.66666666666667,3,-99.0,3
f299930bfb76,15:40:49.674370,2026-04-30 15:40:49.674370-07:00,37.42859516433379,-122.17240038648237,True,5c:5a:c7:05:c0:ee,-79.66666666666667,3,-93.0,1
f2a1e484d1d4,17:25:41.419753,2026-05-11 17:25:41.419753-07:00,37.42712488740635,-122.17036066750748,False,1c:6a:7a:83:2a:4e,-85.0,3,-98.0,3
f2b33e5a14b4,15:48:19.582827,2026-05-08 15:48:19.582827-07:00,37.429772837420714,-122.16946466652948,False,a8:53:7d:96:48:35,-91.66666666666669,3,-97.0,3
f2bd728d6ae2,17:08:54.548864,2026-05-01 17:08:54.548864-07:00,37.4286714989531,-122.17025009322076,False,bc:26:c7:71:89:ae,-77.33333333333333,3,-97.0,1
f2c3915dd5e4,17:54:05.877650,2026-05-11 17:54:05.877650-07:00,37.42776407813025,-122.17079389486236,False,a8:53:7d:8c:1b:12,-74.66666666666667,3,-95.0,3
f2dada193095,15:35:28.101459,2026-05-08 15:35:28.101459-07:00,37.430579826526966,-122.17144844513687,True,cc:16:7e:b0:39:2e,-63.666666666666664,3,-97.0,3
f31aef0948fb,17:29:13.545078,2026-05-11 17:29:13.545078-07:00,37.42732718744702,-122.17096911820336,False,04:cd:c0:06:b2:52,-71.33333333333333,3,-97.0,3
f3219beb1cc8,16:06:45.253713,2026-04-30 16:06:45.253713-07:00,37.42739864004791,-122.17257001096534,True,bc:26:c7:bc:92:2e,-73.0,3,-97.0,3
f328cd81d7cc,15:50:59.726773,2026-05-08 15:50:59.726773-07:00,37.42930694045483,-122.17104170188468,False,a0:b4:39:80:a9:8e,-87.33333333333333,3,-97.0,2
f34cbf67dd11,17:15:59.854028,2026-05-01 17:15:59.854028-07:00,37.427967137485055,-122.17070660325744,False,70:90:41:5e:5d:92,-84.0,3,-95.0,3
f34dde44d8b8,17:20:25.180214,2026-05-11 17:20:25.180214-07:00,37.428077270552656,-122.17133854520594,False,a8:3a:79:c8:96:12,-76.0,3,-91.0,3
f360d85b9386,15:37:53.190641,2026-05-08 15:37:53.190641-07:00,37.4303120164667,-122.170951700787,False,00:f6:63:e6:4e:21,-78.0,3,,0
f367b7007d07,17:52:29.790887,2026-05-11 17:52:29.790887-07:00,37.42741134788014,-122.16959264648636,False,a8:53:7d:8c:31:92,-84.66666666666667,3,-97.33333333333331,3
f37f97336eb2,15:27:19.224840,2026-05-08 15:27:19.224840-07:00,37.42991632604214,-122.1724254229645,True,a8:3a:79:c7:d2:52,-45.333333333333336,3,-98.0,3
f380ec99c77b,17:17:51.897335,2026-04-27 17:17:51.897335-07:00,37.42889873505368,-122.1719019441102,False,a8:3a:79:c4:86:92,-86.66666666666667,3,-96.66666666666669,3
f383560e6dda,17:25:45.259096,2026-05-01 17:25:45.259096-07:00,37.42857551559107,-122.17188865895282,False,40:ce:24:a8:d1:2e,-86.66666666666667,3,-96.0,3
f3952ab69c46,17:18:57.074966,2026-05-11 17:18:57.074966-07:00,37.42866694786424,-122.17207182238155,False,a8:3a:79:c3:e1:92,-69.0,3,,0
f3b674e41fb0,14:47:58.221989,2026-05-02 14:47:58.221989-07:00,37.42985828845538,-122.1727803752037,False,a8:3a:79:c7:70:62,-67.66666666666667,3,-96.33333333333331,3
f3bea6adc378,14:48:06.228506,2026-05-02 14:48:06.228506-07:00,37.42992568939034,-122.1729190522578,False,a8:3a:79:c7:70:62,-73.33333333333333,3,-97.0,3
f3db1449a458,17:40:42.222302,2026-05-11 17:40:42.222302-07:00,37.42760109291984,-122.17019453362396,False,70:61:7b:d7:4c:ee,-78.66666666666667,3,-97.0,3
f42a7e986d41,17:02:29.253833,2026-05-01 17:02:29.253833-07:00,37.428407273705055,-122.17099235129578,True,a0:b4:39:80:a7:6e,-74.33333333333333,3,-98.0,3
f46d2251d654,17:13:46.687913,2026-04-27 17:13:46.687913-07:00,37.42943827217714,-122.17211306520856,False,54:33:c6:c6:79:e2,-76.66666666666667,3,-90.0,3
f47a294c8a38,15:37:33.183035,2026-05-08 15:37:33.183035-07:00,37.4305143102953,-122.1709243152086,False,00:f6:63:dd:61:c1,-79.33333333333333,3,-97.0,3
f47a4a626d1d,17:17:26.885160,2026-04-27 17:17:26.885160-07:00,37.42883805511198,-122.17192487708115,False,a8:3a:79:c4:86:92,-70.0,3,-96.66666666666669,3
f485a976c418,17:39:34.158008,2026-05-11 17:39:34.158008-07:00,37.42750253409439,-122.16969812656336,False,a0:3d:6f:89:36:2e,-79.66666666666667,3,-97.0,3
f486f9d9ff97,17:13:19.732190,2026-05-01 17:13:19.732190-07:00,37.42815662932396,-122.16970127121223,False,a8:53:7d:96:6f:95,-89.33333333333333,3,,0
f4947432af62,14:29:06.735898,2026-05-02 14:29:06.735898-07:00,37.43012399345705,-122.17209265386596,True,a8:3a:79:c5:7a:92,-72.33333333333333,3,-96.0,3
f4a013ac3e1e,17:20:10.047105,2026-05-01 17:20:10.047105-07:00,37.42743881013134,-122.17135086354824,False,04:cd:c0:06:ef:52,-78.33333333333333,3,-97.0,3
f4a5340787f5,14:42:00.196171,2026-05-02 14:42:00.196171-07:00,37.430171861159025,-122.17367673516242,True,f6:cb:bc:8e:80:be,-81.33333333333333,3,-91.0,3
f4c0027d5a16,14:50:14.331270,2026-05-02 14:50:14.331270-07:00,37.42954633341314,-122.172457528018,False,54:33:c6:c6:73:62,-73.33333333333333,3,,0
f4df1e83cd19,14:49:18.280424,2026-05-02 14:49:18.280424-07:00,37.43002612680672,-122.1730424733952,False,a8:3a:79:c7:d9:52,-72.33333333333333,3,-97.0,3
f4f35e9aacd8,15:33:41.545283,2026-04-30 15:33:41.545283-07:00,37.42861907431732,-122.17248601367812,True,5c:5a:c7:10:19:0e,-76.66666666666667,3,-97.0,3
f515627cdf7f,17:07:09.471915,2026-05-01 17:07:09.471915-07:00,37.428445999712,-122.17035313177914,True,08:4f:a9:33:53:ae,-43.666666666666664,3,,0
f536bf56b770,17:13:09.714194,2026-05-01 17:13:09.714194-07:00,37.428271693384055,-122.16973276559696,False,bc:26:c7:5b:83:0e,-84.33333333333333,3,-95.0,3
f566f9f334ef,17:10:19.594524,2026-05-01 17:10:19.594524-07:00,37.42844477237784,-122.16946206338253,True,70:70:8b:59:7e:6e,-65.66666666666667,3,-97.0,3
f57f833b1d4e,15:45:41.697580,2026-04-30 15:45:41.697580-07:00,37.42850654734049,-122.17274985303628,True,5c:5a:c7:10:01:4e,-63.333333333333336,3,-95.0,3
f5990867dc76,17:12:26.621994,2026-04-27 17:12:26.621994-07:00,37.42913037925236,-122.1718128678235,False,a8:3a:79:c4:86:a2,-87.33333333333333,3,-93.66666666666669,3
f5b7b46bd0dd,15:38:17.212352,2026-05-08 15:38:17.212352-07:00,37.430082945214046,-122.17081735544048,False,00:f6:63:e6:50:d1,-88.0,1,-95.66666666666669,3
f5bf0995f559,14:31:38.865269,2026-05-02 14:31:38.865269-07:00,37.42994925707634,-122.17181632983228,True,a8:3a:79:58:c4:d2,-68.33333333333333,3,-97.0,3
f5caa5f6ca4d,17:56:16.309697,2026-05-11 17:56:16.309697-07:00,37.42775731184421,-122.16980535354656,False,70:70:8b:84:64:8e,-86.33333333333333,3,-97.0,2
f5f1249305ac,14:39:35.268020,2026-05-02 14:39:35.268020-07:00,37.429944708404385,-122.17328709087283,True,ee:9e:38:db:0c:ab,-72.0,3,-97.0,3
f60c0554a1c6,17:32:53.730445,2026-05-11 17:32:53.730445-07:00,37.42726274038737,-122.16973432813796,False,a8:3a:79:c5:9f:52,-77.0,3,,0
f632dd021ebb,17:13:14.716197,2026-05-01 17:13:14.716197-07:00,37.428271693384055,-122.16973276559696,False,bc:26:c7:5b:83:0e,-87.0,3,-95.0,3
f65e0ff5142c,16:13:16.332628,2026-04-30 16:13:16.332628-07:00,37.4274782447043,-122.17276355698222,True,bc:26:c7:5d:13:ce,-43.0,3,-94.0,3
f6b2573ba1b2,17:19:35.018385,2026-05-01 17:19:35.018385-07:00,37.42780306675389,-122.17126645453484,False,a8:53:7d:8c:32:42,-85.66666666666667,3,-93.0,3
f6c7218d38c1,17:42:26.301764,2026-05-11 17:42:26.301764-07:00,37.4277414144011,-122.17076123896416,False,a8:3a:79:c8:86:92,-85.0,3,,0
f6ddcbbfc031,17:18:26.934878,2026-04-27 17:18:26.934878-07:00,37.42900689337044,-122.17187329373296,False,a8:3a:79:c7:75:12,-89.0,3,,0
f6e9ced5e8ac,17:59:04.439261,2026-05-11 17:59:04.439261-07:00,37.42818587708075,-122.17005313313972,False,08:4f:a9:68:4e:0e,-83.0,3,,0
f718406f8228,17:13:34.737176,2026-05-01 17:13:34.737176-07:00,37.42800392642672,-122.16980278709065,False,a8:53:7d:96:6f:95,-90.33333333333331,3,-97.0,1
f730eb34e06d,14:57:28.584255,2026-05-01 14:57:28.584255-07:00,37.429091731481776,-122.17368788553502,True,78:f1:c6:6e:30:8d,-70.33333333333333,3,-97.0,3
f74612343038,17:15:36.783924,2026-04-27 17:15:36.783924-07:00,37.42881490100245,-122.17237038344138,False,a8:3a:79:c7:73:12,-78.33333333333333,3,-96.0,2
f75d82b08c52,17:13:44.764251,2026-05-01 17:13:44.764251-07:00,37.42790984786933,-122.16983108724985,False,a8:3a:79:c9:59:52,-89.66666666666667,3,-97.0,3
f787fd8a441e,15:25:47.184387,2026-05-08 15:25:47.184387-07:00,37.42979739759438,-122.17243245522404,True,a8:3a:79:c7:58:52,-50.666666666666664,3,-95.0,3
f79208275056,15:44:57.660821,2026-04-30 15:44:57.660821-07:00,37.42845117358883,-122.17227338721062,True,5c:5a:c7:10:01:4e,-69.66666666666667,3,-94.0,3
f7b3d7f32c18,18:11:23.985949,2026-05-11 18:11:23.985949-07:00,37.428630774842,-122.17387206998325,False,c8:78:67:3e:c7:d2,-78.33333333333333,3,-97.0,3
f7b931aeb1e8,14:24:14.470534,2026-05-02 14:24:14.470534-07:00,37.42985235316719,-122.1717241958534,True,a8:3a:79:c5:84:12,-76.33333333333333,3,-98.0,3
f7b9b5798146,15:21:46.924599,2026-05-08 15:21:46.924599-07:00,37.42976045608451,-122.17234423363612,False,a8:3a:79:c7:82:52,-72.0,3,-96.0,3
f7cac8cb9dc1,17:24:25.199263,2026-05-01 17:24:25.199263-07:00,37.428222368952866,-122.17160760630853,False,70:90:41:5e:df:52,-87.0,3,-98.33333333333331,3
f812295de8cf,17:43:42.360423,2026-05-11 17:43:42.360423-07:00,37.4275393996494,-122.16979402088646,False,a0:3d:6f:89:36:2e,-75.33333333333333,3,-96.0,3
f8149cdf8b49,17:22:45.271908,2026-05-11 17:22:45.271908-07:00,37.4273350666026,-122.17129794929866,False,00:5d:73:7d:b2:2e,-72.0,3,-99.0,3
f81567e37f67,15:39:37.594600,2026-04-30 15:39:37.594600-07:00,37.42831720081997,-122.17281536595902,True,a8:3a:79:d3:d9:92,-51.0,3,-98.0,3
f8537a8b463b,17:15:44.845967,2026-05-01 17:15:44.845967-07:00,37.427890660018335,-122.17051200539132,False,a8:53:7d:8c:32:22,-90.33333333333331,3,-96.0,3
f857625cabd7,17:23:37.317895,2026-05-11 17:23:37.317895-07:00,37.42715958008524,-122.17099171408437,True,00:6b:f1:9e:18:0e,-75.33333333333333,3,,0
f8703c3dcfc4,15:43:23.340150,2026-05-08 15:43:23.340150-07:00,37.42916979423272,-122.1695390769932,False,08:4f:a9:5b:b5:6e,-82.0,3,-97.0,3
f882e101aa3c,16:05:51.644270,2026-05-01 16:05:51.644270-07:00,37.42853098982952,-122.17160253131756,False,70:db:98:33:49:71,-74.0,3,-93.66666666666669,3
f8ac9ef30c4e,17:23:40.178012,2026-05-01 17:23:40.178012-07:00,37.42786618524776,-122.17177035359364,False,64:3a:ea:93:fc:0e,-71.33333333333333,3,-96.0,3
f8c1035dd00b,17:56:12.348125,2026-05-11 17:56:12.348125-07:00,37.42775731184421,-122.16980535354656,False,70:70:8b:84:64:8e,-77.0,3,-97.0,3
f8c397a2f5d5,14:55:23.495568,2026-05-01 14:55:23.495568-07:00,37.42920656030308,-122.17373447639604,True,a0:3d:6f:a5:12:4d,-65.33333333333333,3,-97.0,3
f8cde8d78cc7,17:08:44.527211,2026-05-01 17:08:44.527211-07:00,37.4286714989531,-122.17025009322076,False,bc:26:c7:71:89:ae,-75.66666666666667,3,-97.0,3
f8da0d882b2d,17:22:37.250139,2026-05-11 17:22:37.250139-07:00,37.427238642670794,-122.17132878594784,True,00:5d:73:7d:b2:2e,-49.333333333333336,3,-99.0,3
f8f5f5670501,18:02:24.592767,2026-05-11 18:02:24.592767-07:00,37.42754118015514,-122.17222805825632,False,64:3a:ea:93:ec:6e,-67.0,3,-97.0,3
f911f9ec84f5,17:28:53.541395,2026-05-11 17:28:53.541395-07:00,37.42725047037794,-122.17067924041524,False,04:cd:c0:06:b2:52,-75.66666666666667,3,-97.0,3
f92c2f523aa8,14:43:12.252249,2026-05-02 14:43:12.252249-07:00,37.43023324294583,-122.17334608477502,True,ee:9e:28:db:0c:ab,-71.66666666666667,3,-86.0,3
f93b52ba7859,17:45:42.480266,2026-05-11 17:45:42.480266-07:00,37.42780130687223,-122.17034976489936,False,failed to retrieve BSSID,,0,,0
f942527b042e,15:48:54.557100,2026-04-30 15:48:54.557100-07:00,37.42763614997592,-122.17263996877377,False,a8:3a:79:c1:31:92,-75.66666666666667,3,-96.0,3
f94b2cd2ebed,16:03:06.458006,2026-05-01 16:03:06.458006-07:00,37.429254429179544,-122.17318014567886,False,a0:3d:6f:9a:c1:4d,-78.33333333333333,3,-98.0,3
f950a85a1084,15:28:56.640770,2026-05-08 15:28:56.640770-07:00,37.430078544651785,-122.17226203513636,False,a8:3a:79:c7:82:52,-55.666666666666664,3,-96.0,3
f96d5b032feb,15:35:21.645709,2026-04-30 15:35:21.645709-07:00,37.428234101163994,-122.17273203630316,True,a8:3a:79:ca:fc:22,-63.0,3,-95.0,3
f97dcf07186f,15:35:13.649038,2026-04-30 15:35:13.649038-07:00,37.42826805337803,-122.17284463242056,True,5c:5a:c7:10:01:4e,-75.33333333333333,3,,0
f9a39ef77f30,15:26:33.090981,2026-04-30 15:26:33.090981-07:00,37.42838319103765,-122.17278598194164,True,a8:3a:79:d3:8a:d2,-62.666666666666664,3,-96.0,3
f9bf88eeefb6,18:10:15.244050,2026-05-11 18:10:15.244050-07:00,37.42818087412529,-122.17360220135568,False,3c:51:0e:f9:93:8e,-59.333333333333336,3,-97.0,3
f9c2d25f06e3,17:28:57.546770,2026-05-11 17:28:57.546770-07:00,37.42727469808805,-122.17073562619524,False,04:cd:c0:06:b2:52,-73.66666666666667,3,-97.0,3
f9d63a02d28d,15:45:45.699441,2026-04-30 15:45:45.699441-07:00,37.42850654734049,-122.17274985303628,True,5c:5a:c7:10:01:4e,-65.0,3,-95.0,3
f9e543541d66,16:23:02.220882,2026-04-30 16:23:02.220882-07:00,37.42848586566198,-122.17210158580951,False,64:3a:ea:93:fc:0e,-75.0,3,-96.0,3
f9e707a997d4,17:23:01.291142,2026-05-11 17:23:01.291142-07:00,37.42733216388212,-122.17120937028896,False,00:5d:73:74:4c:ce,-80.66666666666667,3,-99.0,1
fa3b978ead37,15:43:55.381525,2026-05-08 15:43:55.381525-07:00,37.429582518026734,-122.1694257905381,False,a0:b4:39:78:b1:ee,-85.33333333333333,3,-98.0,1
faab172d3549,14:56:18.630812,2026-05-02 14:56:18.630812-07:00,37.42969920213882,-122.1714400373466,False,40:ce:24:8d:61:ee,-83.0,3,-97.33333333333331,3
faf7c6e6c387,15:17:42.777526,2026-04-30 15:17:42.777526-07:00,37.428607990318866,-122.17209377842936,False,a8:3a:79:c4:8b:52,-65.66666666666667,3,-97.0,3
fb5e61ae7bae,15:25:19.152292,2026-05-08 15:25:19.152292-07:00,37.42976890471533,-122.17278854870378,False,a8:3a:79:c7:dc:52,-62.666666666666664,3,,0
fb6819405858,15:34:37.595961,2026-04-30 15:34:37.595961-07:00,37.428606262655755,-122.17269870720357,True,bc:26:c7:5d:1a:ee,-63.333333333333336,3,,0
fb9256d7416d,17:16:39.880481,2026-05-01 17:16:39.880481-07:00,37.42811477080114,-122.17091485057291,True,70:90:41:6b:d5:52,-72.33333333333333,3,-96.0,3
fbc3c4e7a2e9,17:19:21.095183,2026-05-11 17:19:21.095183-07:00,37.42855066907769,-122.17180481022385,False,a8:3a:79:c4:8b:52,-83.33333333333333,3,-95.0,3
fbc46fa08d1a,16:06:46.636251,2026-05-01 16:06:46.636251-07:00,37.42881884173876,-122.17141268229824,True,70:db:98:2c:f2:1e,-66.0,3,-98.0,3
fbeb5c1fe334,15:41:01.352496,2026-05-08 15:41:01.352496-07:00,37.42945712041523,-122.1704888627463,False,a0:b4:39:80:a9:81,-84.0,3,,0
fbed9f54f8fe,15:24:54.322050,2026-04-30 15:24:54.322050-07:00,37.42814114493836,-122.1723259313384,False,a8:3a:79:d4:30:e2,-73.0,3,-96.33333333333331,3
fbfdcef24fbb,14:55:30.555403,2026-05-02 14:55:30.555403-07:00,37.42989598236017,-122.17113939967,False,84:3d:c6:70:c1:61,-90.66666666666669,3,-95.0,3
fc092ce35bd0,17:51:29.733533,2026-05-11 17:51:29.733533-07:00,37.42769534662091,-122.16983600917506,False,a0:3d:6f:89:36:2e,-62.333333333333336,3,,0
fc1d0df9f77b,17:12:44.688932,2026-05-01 17:12:44.688932-07:00,37.42851500364262,-122.16949583597092,False,70:70:8b:59:32:8e,-82.33333333333333,3,,0
fc29fd750738,15:59:31.313876,2026-05-01 15:59:31.313876-07:00,37.429175961287314,-122.17361428926924,True,a0:3d:6f:98:06:0d,-35.333333333333336,3,-97.0,3
fc30739e6c08,17:24:10.193397,2026-05-01 17:24:10.193397-07:00,37.42794999232502,-122.17166184313712,False,70:90:41:5e:d8:d2,-78.0,3,-97.33333333333331,3
fc3e9fa34d1b,14:25:10.523987,2026-05-02 14:25:10.523987-07:00,37.42965425994773,-122.17171596161582,True,a8:3a:79:58:dd:92,-59.666666666666664,3,-95.0,3
fc4f1b2ebb12,14:57:58.939443,2026-05-02 14:57:58.939443-07:00,37.42921052583028,-122.171771645145,False,54:33:c6:b6:47:62,-90.0,3,-98.0,3
fc6d28414fe5,14:42:20.202806,2026-05-02 14:42:20.202806-07:00,37.430154912865326,-122.1736022996331,True,f6:cb:bc:8e:80:be,-86.66666666666667,3,-91.0,3
fc7218bda082,15:26:03.041806,2026-04-30 15:26:03.041806-07:00,37.42828296469506,-122.1729376518302,True,a8:3a:79:d3:8a:d2,-56.666666666666664,3,-96.0,3
fc8eec260403,14:49:42.302760,2026-05-02 14:49:42.302760-07:00,37.42978974522227,-122.17277044903332,False,a8:3a:79:c7:dc:52,-68.0,3,,0
fccf8c48d075,15:27:18.111043,2026-04-30 15:27:18.111043-07:00,37.42850481673938,-122.17273888289544,True,5c:5a:c7:10:01:4e,-36.333333333333336,3,-95.0,3
fccface76a9d,15:49:47.670420,2026-05-08 15:49:47.670420-07:00,37.429121728305766,-122.17002889035729,False,08:4f:a9:5b:b5:6e,-87.66666666666667,3,-97.0,3
fcdb791cbcae,17:14:41.746101,2026-04-27 17:14:41.746101-07:00,37.42918262792425,-122.17258669604703,False,c8:78:67:36:40:52,-69.33333333333333,3,-96.0,3
fce3a7db043f,17:24:29.950869,2026-05-11 17:24:29.950869-07:00,37.42718030707634,-122.17055217914782,False,failed to retrieve BSSID,,0,,0
fce67f1e5028,15:45:29.677104,2026-04-30 15:45:29.677104-07:00,37.428526253493864,-122.17272381913816,True,5c:5a:c7:10:01:4e,-54.333333333333336,3,-94.0,3
fcf853c7b0d3,15:24:59.114536,2026-05-08 15:24:59.114536-07:00,37.42990930232639,-122.17282092051975,False,a8:3a:79:c7:94:12,-63.333333333333336,3,-95.0,1
fd053f02326b,14:35:55.051228,2026-05-02 14:35:55.051228-07:00,37.430099031814514,-122.17221531094808,False,a8:3a:79:c7:82:52,-50.0,3,-97.0,3
fd205d2e9908,15:47:43.553157,2026-05-08 15:47:43.553157-07:00,37.4301316468349,-122.1695311378699,False,a0:b4:39:78:b1:ee,-82.33333333333333,3,-99.0,3
fd44226eebbb,15:32:11.951981,2026-05-08 15:32:11.951981-07:00,37.430526717909245,-122.17162655144438,True,cc:16:7e:ca:04:5e,-73.33333333333333,3,-97.0,2
fd4875d72b24,16:21:32.159879,2026-04-30 16:21:32.159879-07:00,37.42780396179299,-122.17226012579168,False,a8:3a:79:c7:5d:92,-83.66666666666667,3,-96.0,3
fd62a6ac9234,14:27:10.643657,2026-05-02 14:27:10.643657-07:00,37.43007602944604,-122.17163798549228,True,a8:3a:79:c5:72:92,-67.33333333333333,3,-97.0,3
fd7ec3547562,18:14:19.485785,2026-05-11 18:14:19.485785-07:00,37.42951840964395,-122.17232309402192,False,54:33:c6:b6:47:82,-78.0,3,-95.0,3
fd94ac510bd1,15:42:22.453004,2026-05-08 15:42:22.453004-07:00,37.4290776000323,-122.1697868518108,False,08:4f:a9:5b:b5:61,-90.66666666666669,3,-94.0,3
fdae076e8700,17:14:39.780972,2026-05-01 17:14:39.780972-07:00,37.427829457205874,-122.16993175017272,False,a8:3a:79:c9:37:e2,-87.0,3,-94.33333333333331,3
fdaea84f7599,17:14:46.745071,2026-04-27 17:14:46.745071-07:00,37.429082556405056,-122.172524532936,False,c8:78:67:36:40:52,-67.0,3,-96.0,3
fdb4468b5e1c,17:20:30.051148,2026-05-01 17:20:30.051148-07:00,37.42732781019293,-122.17152600883544,False,04:cd:c0:06:b2:52,-84.0,3,-95.0,3
fdc64ccd30fa,16:12:16.280358,2026-04-30 16:12:16.280358-07:00,37.427389254042886,-122.17297740400112,True,ac:4a:67:d8:b9:ae,-66.0,3,-97.0,3
fdf85142c18d,15:27:39.262655,2026-05-08 15:27:39.262655-07:00,37.429835979704976,-122.17239644572186,True,a8:3a:79:c7:d2:52,-56.666666666666664,3,-98.0,3
fe4c861a85c2,17:02:39.236278,2026-05-01 17:02:39.236278-07:00,37.428407273705055,-122.17099235129578,True,a0:b4:39:80:a7:6e,-64.33333333333333,3,-98.0,3
fe6498f82a17,17:14:14.767731,2026-05-01 17:14:14.767731-07:00,37.42775118956981,-122.16965798957555,False,70:70:8b:97:36:ae,-88.0,3,-97.0,3
fe78181d93e6,18:02:12.565595,2026-05-11 18:02:12.565595-07:00,37.42767065826001,-122.1721778521342,False,64:3a:ea:93:ec:6e,-58.333333333333336,3,-97.0,3
fe8999a03216,14:55:43.501627,2026-05-01 14:55:43.501627-07:00,37.429309757654224,-122.17386650772464,True,38:91:b7:79:19:0d,-71.0,3,-97.0,2
fe902dbb6e73,17:20:53.411713,2026-04-27 17:20:53.411713-07:00,37.42903985360823,-122.17226509682928,True,a8:3a:79:c7:75:12,-73.0,3,,0
fea4a5005f8e,17:45:10.438147,2026-05-11 17:45:10.438147-07:00,37.42769077681195,-122.16987510648576,False,failed to retrieve BSSID,,0,,0
fea68baad537,17:40:50.244229,2026-05-11 17:40:50.244229-07:00,37.42766468396225,-122.17029619596926,False,70:61:7b:d7:4c:ee,-72.33333333333333,3,-99.0,3
feaa2d6d7f5e,16:21:02.052161,2026-04-30 16:21:02.052161-07:00,37.42775540937106,-122.17257168143678,True,a8:3a:79:c7:5d:92,-52.666666666666664,3,-95.0,3
feb8b4b49d99,14:30:18.774779,2026-05-02 14:30:18.774779-07:00,37.430096699824475,-122.1718717285164,True,a8:3a:79:c5:ca:d2,-68.66666666666667,3,,0
fedf7a971c68,14:32:22.879689,2026-05-02 14:32:22.879689-07:00,37.42997086700328,-122.17183971929572,True,a8:3a:79:ca:ed:52,-65.0,3,-95.0,3
feeaa3c3b605,17:20:03.378771,2026-04-27 17:20:03.378771-07:00,37.4287905343412,-122.17217596871951,True,a8:3a:79:c3:7d:52,-61.0,3,-96.0,3
fefc6512e74f,14:28:02.669145,2026-05-02 14:28:02.669145-07:00,37.43021119363801,-122.17186964621764,True,a8:3a:79:c6:a8:92,-58.666666666666664,3,,0
ff11a702dee8,16:13:26.344408,2026-04-30 16:13:26.344408-07:00,37.4274782447043,-122.17276355698222,True,bc:26:c7:5d:13:ce,-57.666666666666664,3,-94.0,3
ff1dd8a4cf23,14:55:14.541402,2026-05-02 14:55:14.541402-07:00,37.42977401774392,-122.17118893901451,False,84:3d:c6:70:c1:61,-90.33333333333331,3,-95.0,1
ff339c21f284,15:45:05.674989,2026-04-30 15:45:05.674989-07:00,37.428476214263085,-122.17236958594884,True,5c:5a:c7:10:01:4e,-62.666666666666664,3,-94.0,3
ff52b0710cc9,17:50:29.694619,2026-05-11 17:50:29.694619-07:00,37.42787018509379,-122.17066886193577,False,a8:3a:79:c8:86:92,-72.66666666666667,3,-98.0,1
ff6d7fdab43e,14:23:50.467633,2026-05-02 14:23:50.467633-07:00,37.42976842136336,-122.17180461311152,False,54:33:c6:b6:45:b2,-71.66666666666667,3,-96.0,3
ff8fde9f4241,14:25:58.570302,2026-05-02 14:25:58.570302-07:00,37.42998850603991,-122.17148934786482,True,a8:3a:79:c5:74:92,-71.33333333333333,3,-97.33333333333331,3
ffa94039de36,15:42:38.470339,2026-05-08 15:42:38.470339-07:00,37.42909009940978,-122.1695924665371,False,70:70:8b:90:2e:2e,-85.33333333333333,3,-95.0,3
ffbc680d30bb,14:23:14.442723,2026-05-02 14:23:14.442723-07:00,37.42960344596535,-122.1720136349562,False,54:33:c6:c6:79:c2,-73.33333333333333,3,-95.0,3
ffc853f9e846,16:02:56.451164,2026-05-01 16:02:56.451164-07:00,37.42924748706386,-122.17333820413164,False,a0:3d:6f:9a:c1:4d,-75.33333333333333,3,-95.0,2
ffdbe80bdb4f,14:58:10.941130,2026-05-02 14:58:10.941130-07:00,37.42908931057144,-122.17183406184031,False,a8:3a:79:ca:fc:52,-83.0,3,-97.0,3
fff371bbb46a,17:24:55.244496,2026-05-01 17:24:55.244496-07:00,37.42840215422155,-122.17159303618332,False,70:db:98:33:49:71,-72.33333333333333,3,-90.0,3
fff905b14359,17:47:30.579504,2026-05-11 17:47:30.579504-07:00,37.42793631783682,-122.17070969884016,False,failed to retrieve BSSID,,0,,0
